Workbook

Sheet About
A1: CRSW Cement Overhaul Shareweight
A3: Sources: | B3: U.S. kiln fleet age
B4: Princeton University, Net-Zero America project
B5: Net-Zero America, Annex K (Cement industry), p. 22
B6: 2021
B7: https://netzeroamerica.princeton.edu/img/NZA%20Annex%20K%20-%20Cement%20industry.pdf
B8: The unretired U.S. kiln fleet averaged 36 years old in 2018, built from the Portland Cement Association's 2016 Plant Information Summary and EPA greenhouse gas reporting data (92 kilns from before 2000, average install or modernization year 1972; 38 kilns since 2000, average 2005). Weighted by capacity instead of kiln count, the average is about 30 years.
B10: Kiln counts and closures over time
B11: U.S. Geological Survey
B12: Minerals Yearbook, Cement chapters (2000, 2005, 2010, 2022)
B13: 2024
B14: https://www.usgs.gov/centers/national-minerals-information-center/cement-statistics-and-information
B15: U.S. kilns fell from 199 in 2000 to 185 (2005), 153 (2010) and 126 (2022) while capacity stayed roughly flat, which reflects consolidation and the retirement of wet and long dry kilns. From 2000 to 2018, older kilns left the fleet at roughly 3.3% of capacity a year.
B17: Plant ages today
B18: Global Energy Monitor
B19: Global Cement and Concrete Tracker (July 2026 public map data)
B20: 2026
B21: https://globalenergymonitor.org/projects/global-cement-and-concrete-tracker/
B22: 58% of U.S. operating capacity is at sites more than 50 years old (64 of 96 plants). These are site start years, not kiln years, so they show that U.S. sites keep running through brownfield replacement lines.
B24: Campaign length used in the calibration
B25: EPS input file
B26: CPPL, Cement Pathway Campaign Length (another EPS input file)
B27: 2026
B28: InputData/indst/_cement/CPPL (EPS input file)
B29: A campaign length of 25 years, the average time between overhaul decisions. The mean retirement age that the weight produces depends on this value.
A32: Notes:
A33: Purpose and layout | B33: When a kiln reaches an overhaul-or-replace decision, the EPS cement module compares the annualized cost of overhauling it with the annualized cost of building a new kiln, and splits the decision between the two using a cost-based share. This file multiplies the overhaul side of that split by a calibration weight. It stands in for reasons existing kilns stay in service that costs alone do not capture: the plant's integration with its site, its location next to a limestone quarry, and the permitting difficulty of a replacement. A smaller weight favors replacement; a larger one favors overhaul. The 'Derivation' tab holds the weight and the calibration target and result; it is the one place to change the value. The 'CRSW' tab has one row per pathway, each reading the weight by formula, and is what gets exported to CRSW.csv.
A34: U.S. values | B34: The weight is 0.097704, the same for all four pathways and every year. It is a calibration setting, not a market observation. We chose it so that, in the business-as-usual run, the average overhaul share of dry kiln capacity reaching a decision over 2026-2050 is 0.485 (the model result is 0.4848). With 25-year campaigns that means kilns retire at a mean age of about 49 years, and a fleet in steady state with that retirement pattern has an average age of about 36 years, which matches the Net-Zero America figure. Other ways of reading the data give overhaul shares of 0.41-0.57, so 0.40-0.60 is a reasonable range.
A35: Keeping it in step with other inputs | B35: The right weight depends on the cost comparison it multiplies, so it should be re-solved whenever the capital costs of new kilns or overhauls (the CPCaOC file), the campaign length (CPPL), or the fuel and technology choice settings change. The other three pathways use the same weight as the dry kiln; the calibration only constrains the dry kiln, so that is our judgment. The 2026-2050 decisions fall mostly on kilns that will then be 50-75 years old; if real retirement odds rise with age, a single weight will retire too few of them. Buying the Portland Cement Association's Plant Information Summary (kiln-age and retired-facility tables) would allow a direct estimate.
A36: Electric kiln with CCS | B36: The electric kiln with CCS is the electric kiln with a capture unit on its nearly pure CO2 stream, so it uses the electric kiln's value here (same kiln). Its capture is added through CCF (95 percent of calcination CO2 captured) and the CDSC capture inputs.

Sheet Derivation
A1: Calibration weight (flat time series)
A3: Cement Overhaul Shareweight (all pathways and years; calibrated value) | B3: 0.097704
A5: Calibration target: average overhaul share of dry-kiln capacity reaching a decision, 2026-2050, in the BAU run (target 0.485; result at this weight) | B5: 0.4848

Sheet CRSW
A1: Unit: dimensionless | B1: 2021 | C1: 2022 | D1: 2023 | E1: 2024 | F1: 2025 | G1: 2026 | H1: 2027 | I1: 2028 | J1: 2029 | K1: 2030 | L1: 2031 | M1: 2032 | N1: 2033 | O1: 2034 | P1: 2035 | Q1: 2036 | R1: 2037 | S1: 2038 | T1: 2039 | U1: 2040 | V1: 2041 | W1: 2042 | X1: 2043 | Y1: 2044 | Z1: 2045 | AA1: 2046 | AB1: 2047 | AC1: 2048 | AD1: 2049 | AE1: 2050
A2: dry kiln with precalciner | B2: =Derivation!$B$3 -> 0.097704 | C2: =Derivation!$B$3 -> 0.097704 | D2: =Derivation!$B$3 -> 0.097704 | E2: =Derivation!$B$3 -> 0.097704 | F2: =Derivation!$B$3 -> 0.097704 | G2: =Derivation!$B$3 -> 0.097704 | H2: =Derivation!$B$3 -> 0.097704 | I2: =Derivation!$B$3 -> 0.097704 | ... AE2: =Derivation!$B$3 -> 0.097704
A3: dry kiln with CCS | B3: =Derivation!$B$3 -> 0.097704 | C3: =Derivation!$B$3 -> 0.097704 | D3: =Derivation!$B$3 -> 0.097704 | E3: =Derivation!$B$3 -> 0.097704 | F3: =Derivation!$B$3 -> 0.097704 | G3: =Derivation!$B$3 -> 0.097704 | H3: =Derivation!$B$3 -> 0.097704 | I3: =Derivation!$B$3 -> 0.097704 | ... AE3: =Derivation!$B$3 -> 0.097704
A4: electric kiln | B4: =Derivation!$B$3 -> 0.097704 | C4: =Derivation!$B$3 -> 0.097704 | D4: =Derivation!$B$3 -> 0.097704 | E4: =Derivation!$B$3 -> 0.097704 | F4: =Derivation!$B$3 -> 0.097704 | G4: =Derivation!$B$3 -> 0.097704 | H4: =Derivation!$B$3 -> 0.097704 | I4: =Derivation!$B$3 -> 0.097704 | ... AE4: =Derivation!$B$3 -> 0.097704
A5: electric kiln with CCS | B5: =B4 -> 0.097704 | C5: =C4 -> 0.097704 | D5: =D4 -> 0.097704 | E5: =E4 -> 0.097704 | F5: =F4 -> 0.097704 | G5: =G4 -> 0.097704 | H5: =H4 -> 0.097704 | I5: =I4 -> 0.097704 | ... AE5: =AE4 -> 0.097704
A6: alternative chemistry cement | B6: =Derivation!$B$3 -> 0.097704 | C6: =Derivation!$B$3 -> 0.097704 | D6: =Derivation!$B$3 -> 0.097704 | E6: =Derivation!$B$3 -> 0.097704 | F6: =Derivation!$B$3 -> 0.097704 | G6: =Derivation!$B$3 -> 0.097704 | H6: =Derivation!$B$3 -> 0.097704 | I6: =Derivation!$B$3 -> 0.097704 | ... AE6: =Derivation!$B$3 -> 0.097704
