Workbook

Sheet About
A1: HPPEI Hydrogen Production Pollutant Emissions Intensity
A3: Unit: g pollutant per kg of hydrogen produced; -1 = no measured value (the model keeps combustion factors on that pathway's fuel use).
A5: Sources:
A6: National Energy Technology Laboratory (2022). Comparison of Commercial, State-of-the-Art, Fossil-Based Hydrogen Production Technologies.
A7: DOE/NETL-2022/3241, April 12, 2022. https://www.netl.doe.gov/projects/files/ComparisonofCommercialStateofArtFossilBasedHydrogenProductionTechnologies_041222.pdf
A8: Plant air emissions: Exhibit 3-7 (Case 1, SMR), Exhibit 3-25 (Case 2, SMR with CCS), Exhibit 4-21 (Case 4, Shell coal gasification without CCS).
A9: Hydrogen production rates (lb/hr) and capacity factors (90% reforming, 80% gasification) from the same report (case summary table and exhibit footnotes).
A10: Sun, P., Young, B., Elgowainy, A., et al. (2019). Criteria Air Pollutants and Greenhouse Gas Emissions from Hydrogen Production in U.S. Steam Methane
A11: Reforming Facilities. Environ. Sci. Technol. 53, 7103-7113. https://doi.org/10.1021/acs.est.8b06197 (manuscript: https://www.osti.gov/pages/servlets/purl/1546962).
A12: Consulted (GitHub issue #337). Its CAP medians are in the Supporting Information, which could not be retrieved (publisher returned 403); the
A13: manuscript text gives national median CH4 0.08 mg/MJ H2 and N2O 0.008 mg/MJ H2 and facility CO2 of about 75-78 g/MJ H2.
A15: Method:
... A28: Agent-compiled 2026-10-27 for staff review; verify all values against the primary sources before use.

Sheet NETL Data
A1: NETL case | B1: EPS pathway | C1: H2 production (lb/hr) | D1: Capacity factor | E1: SO2 (tonne/yr) | F1: NOx (tonne/yr) | G1: Particulate (tonne/yr) | H1: CO (tonne/yr) | I1: CO2 stack (tonne/yr) | J1: Reported CO2 (lb/lb H2) | K1: Exhibit
A2: Case 1: SMR without CCS | B2: natural gas reforming | C2: 44369 | D2: 0.9 | E2: 1.4 | F2: 35 | G2: 5 | H2: 5 | I2: 1482893 | J2: 9.3 | K2: Exhibit 3-7
A3: Case 2: SMR with CCS | B3: natural gas reforming with CCS | C3: 44369 | D3: 0.9 | E3: 0 | F3: 31 | G3: 0 | H3: 0 | I3: 60298 | J3: 0.4 | K3: Exhibit 3-25
A4: Case 4: coal gasification without CCS | B4: coal gasification | C4: 60622 | D4: 0.8 | E4: 462 | F4: 291 | G4: 123 | I4: 3456164 | J4: 17.9 | K4: Exhibit 4-21 (CO not reported)

Sheet Calcs
A1: NETL case | B1: EPS pathway | C1: H2 produced (tonne/yr) | D1: SO2 (g/kg H2) | E1: NOx (g/kg H2) | F1: PM (g/kg H2) | G1: CO (g/kg H2) | H1: CO2 check (lb/lb H2) | I1: Reported CO2 (lb/lb H2)
A2: ='NETL Data'!A2 -> Case 1: SMR without CCS | B2: ='NETL Data'!B2 -> natural gas reforming | C2: ='NETL Data'!C2*0.45359237*8760*'NETL Data'!D2/1000 -> 158668.97 | D2: =IF(ISBLANK('NETL Data'!E2),-1,'NETL Data'!E2/C2*1000) -> 0.0088234014 | E2: =IF(ISBLANK('NETL Data'!F2),-1,'NETL Data'!F2/C2*1000) -> 0.22058504 | F2: =IF(ISBLANK('NETL Data'!G2),-1,'NETL Data'!G2/C2*1000) -> 0.031512148 | G2: =IF(ISBLANK('NETL Data'!H2),-1,'NETL Data'!H2/C2*1000) -> 0.031512148 | H2: ='NETL Data'!I2/C2 -> 9.3458287 | I2: ='NETL Data'!J2 -> 9.3
A3: ='NETL Data'!A3 -> Case 2: SMR with CCS | B3: ='NETL Data'!B3 -> natural gas reforming with CCS | C3: ='NETL Data'!C3*0.45359237*8760*'NETL Data'!D3/1000 -> 158668.97 | D3: =IF(ISBLANK('NETL Data'!E3),-1,'NETL Data'!E3/C3*1000) -> 0 | E3: =IF(ISBLANK('NETL Data'!F3),-1,'NETL Data'!F3/C3*1000) -> 0.19537532 | F3: =IF(ISBLANK('NETL Data'!G3),-1,'NETL Data'!G3/C3*1000) -> 0 | G3: =IF(ISBLANK('NETL Data'!H3),-1,'NETL Data'!H3/C3*1000) -> 0 | H3: ='NETL Data'!I3/C3 -> 0.3800239 | I3: ='NETL Data'!J3 -> 0.4
A4: ='NETL Data'!A4 -> Case 4: coal gasification without CCS | B4: ='NETL Data'!B4 -> coal gasification | C4: ='NETL Data'!C4*0.45359237*8760*'NETL Data'!D4/1000 -> 192703.72 | D4: =IF(ISBLANK('NETL Data'!E4),-1,'NETL Data'!E4/C4*1000) -> 2.3974628 | E4: =IF(ISBLANK('NETL Data'!F4),-1,'NETL Data'!F4/C4*1000) -> 1.5100902 | F4: =IF(ISBLANK('NETL Data'!G4),-1,'NETL Data'!G4/C4*1000) -> 0.63828556 | G4: =IF(ISBLANK('NETL Data'!H4),-1,'NETL Data'!H4/C4*1000) -> -1 | H4: ='NETL Data'!I4/C4 -> 17.935118 | I4: ='NETL Data'!J4 -> 17.9

Sheet HPPEI
A1: g pollutant/kg H2 (-1 = no measured value) | B1: CO2 | C1: VOC | D1: CO | E1: NOx | F1: PM10 | G1: PM25 | H1: SOx | I1: BC | J1: OC | K1: CH4 | L1: N2O | M1: F gases
A2: electrolysis | B2: -1 | C2: -1 | D2: -1 | E2: -1 | F2: -1 | G2: -1 | H2: -1 | I2: -1 | J2: -1 | K2: -1 | L2: -1 | M2: -1
A3: natural gas reforming | B3: -1 | C3: -1 | D3: =Calcs!G2 -> 0.031512148 | E3: =Calcs!E2 -> 0.22058504 | F3: =Calcs!F2 -> 0.031512148 | G3: =Calcs!F2 -> 0.031512148 | H3: =Calcs!D2 -> 0.0088234014 | I3: -1 | J3: -1 | K3: -1 | L3: -1 | M3: -1
A4: coal gasification | B4: -1 | C4: -1 | D4: =Calcs!G4 -> -1 | E4: =Calcs!E4 -> 1.5100902 | F4: =Calcs!F4 -> 0.63828556 | G4: =Calcs!F4 -> 0.63828556 | H4: =Calcs!D4 -> 2.3974628 | I4: -1 | J4: -1 | K4: -1 | L4: -1 | M4: -1
A5: biomass gasification | B5: -1 | C5: -1 | D5: -1 | E5: -1 | F5: -1 | G5: -1 | H5: -1 | I5: -1 | J5: -1 | K5: -1 | L5: -1 | M5: -1
A6: hydrocarbon partial oxidation | B6: -1 | C6: -1 | D6: -1 | E6: -1 | F6: -1 | G6: -1 | H6: -1 | I6: -1 | J6: -1 | K6: -1 | L6: -1 | M6: -1
A7: electrolysis with guaranteed clean electricity | B7: -1 | C7: -1 | D7: -1 | E7: -1 | F7: -1 | G7: -1 | H7: -1 | I7: -1 | J7: -1 | K7: -1 | L7: -1 | M7: -1
A8: natural gas reforming with CCS | B8: -1 | C8: -1 | D8: =Calcs!G3 -> 0 | E8: =Calcs!E3 -> 0.19537532 | F8: =Calcs!F3 -> 0 | G8: =Calcs!F3 -> 0 | H8: =Calcs!D3 -> 0 | I8: -1 | J8: -1 | K8: -1 | L8: -1 | M8: -1
