Workbook

Sheet About
A1: CTOAvT Cement Tightness Operating Adder vs Tightness
A3: Sources: | B3: US import-parity congestion premium (curve saturation level)
B4: USGS / S&P Global Platts (via secondary summaries)
B5: MCS 2026 cement (mill value $160/t) vs landed import cost (~$95-120/t); Platts Turkey CEMDEX + freight
B6: 2026
B7: https://pubs.usgs.gov/periodicals/mcs2026/mcs2026-cement.pdf
B8: Central import-parity congestion premium $15-25/t (research range $0-50/t): terminal/logistics congestion, not FOB price (imports are structurally cheaper at the coast). 0.31 x the ~$62-69/t reference new-build cost = ~$19-21/t at tau = 1. ROUGH; verify before release.
B10: Curve shape
B11: Energy Innovation (internal design memo)
B12: Cement_Utilization_Tightness_Design.md
B13: 2026
B14: https://www.energyinnovation.org/
B15: Zero through the normal operating band (tau <= 0.7, so BAU is untouched), quadratic ramp saturating at tau = 1. Shadow decision cost only: it books no cash flows. 2026-09-25 review found it INERT by construction in the US build (max ~$0.05/t) because it only enters the (1 - w) branch; removal recommended - team call.
A18: Notes:
A19: DRAFT status | B19: This is an input for staff review, not a finished or approved EI position; treat as a starting point pending team sign-off. Verify all cited figures against the primary sources before use.
A20: What it is | B20: Multiplier on Average New Clinker Capacity Cost per Ton of Clinker applied to the fleet marginal cost in the retire-alternative blend, as a function of fleet tightness.
A21: Subscript | B21: Artificial subscript element [average summer day] in EPS.mdl (SDEverywhere workaround); not pathway-specific. Changed from [dry kiln with precalciner] on 2026-09-29.
A22: Region selector | B22: Regions!B1 picks the ramp start tau0 and the saturation multiplier; blank = TO FILL (Derivation returns zero = adder off). Export literal is the US curve; re-export after switching.
A23: Design memo | B23: Design memo: Cement_Utilization_Tightness_Design.md (cement-industry-breakout-f901fc worktree root); anchors staging package: Cement_Utilization_Regional_Anchors/ (same root).
A24: Provenance | B24: Built by Claude Code (Fable 5.1 session), cement section-2 review, worktree cement-calculation-flow-89da5b, 2026-09-29. Reviewed by: (pending).
A25: Regional rows loaded 2026-10-01 | B25: Non-US rows of the Regions tab loaded from Cement_Regional_Data_Draft.md (cement-calculation-flow-89da5b worktree root), passes 1 and 2; pass 2 (primary sources) wins on conflict and the conflict is kept in the row note. Flags: DIRECT = read in the primary document; SNIPPET = secondary/trade-press summary or an unopened primary; JUDGMENT = own arithmetic or estimate (written as a visible formula where computed); blank = TO FILL. Supersedes any placeholder description in the Sources block above. The US row, Derivation and export tab are unchanged. Verify every non-US value against its cited primary source before use. Loader: Cement_Regional_Rows_Loading/load_regional_rows.py.

Sheet Regions
A1: Selected region (drop-down): | B1: United States
A2: Change B1 to switch the Derivation to another region's row; the export tab holds literal values, so re-export the CSV after switching. Blank = TO FILL.
A4: Region | B4: Ramp start tau0 | C4: Saturation multiplier at tau=1 | D4: Status | E4: Note
A5: United States | B5: 0.7 | C5: 0.31 | D5: ROUGH | E5: import-parity premium ~$19-21/t on ~$62-69/t reference
A6: China | D6: TO FILL | E6: regional import-parity premium not researched; blank = adder off (Derivation returns zero)
A7: India | D7: TO FILL | E7: regional import-parity premium not researched; blank = adder off (Derivation returns zero)
A8: EU-27 | D8: TO FILL | E8: regional import-parity premium not researched; blank = adder off (Derivation returns zero)
A9: Japan | D9: TO FILL | E9: regional import-parity premium not researched; blank = adder off (Derivation returns zero)
A10: Brazil | D10: TO FILL | E10: regional import-parity premium not researched; blank = adder off (Derivation returns zero)
A11: Mexico | D11: TO FILL | E11: regional import-parity premium not researched; blank = adder off (Derivation returns zero)
A12: Canada | D12: TO FILL | E12: regional import-parity premium not researched; blank = adder off (Derivation returns zero)
A13: Indonesia | D13: TO FILL | E13: regional import-parity premium not researched; blank = adder off (Derivation returns zero)
A14: Australia | D14: TO FILL | E14: regional import-parity premium not researched; blank = adder off (Derivation returns zero)

Sheet Derivation
A1: Selected region | B1: =Regions!B1
A2: tau0 (blank = 1, adder off) | B2: =IF(ISNUMBER(INDEX(Regions!$B$5:$B$14,MATCH(Regions!$B$1,Regions!$A$5:$A$14,0))),INDEX(Regions!$B$5:$B$14,MATCH(Regions!$B$1,Regions!$A$5:$A$14,0)),1)
A3: Saturation multiplier (blank = 0) | B3: =IF(ISNUMBER(INDEX(Regions!$C$5:$C$14,MATCH(Regions!$B$1,Regions!$A$5:$A$14,0))),INDEX(Regions!$C$5:$C$14,MATCH(Regions!$B$1,Regions!$A$5:$A$14,0)),0)
A5: tau | B5: 0 | C5: 0.05 | D5: 0.1 | E5: 0.15 | F5: 0.2 | G5: 0.25 | H5: 0.3 | I5: 0.35 | J5: 0.4 | K5: 0.45 | L5: 0.5 | M5: 0.55 | N5: 0.6 | O5: 0.65 | P5: 0.7 | Q5: 0.75 | R5: 0.8 | S5: 0.85 | T5: 0.9 | U5: 0.95 | V5: 1
A6: multiplier = 0 for tau <= tau0, else sat x ((tau - tau0)/(1 - tau0))^2, rounded to 4 decimals | B6: =IF(B5<=$B$2,0,ROUND($B$3*((B5-$B$2)/(1-$B$2))^2,4)) | C6: =IF(C5<=$B$2,0,ROUND($B$3*((C5-$B$2)/(1-$B$2))^2,4)) | D6: =IF(D5<=$B$2,0,ROUND($B$3*((D5-$B$2)/(1-$B$2))^2,4)) | E6: =IF(E5<=$B$2,0,ROUND($B$3*((E5-$B$2)/(1-$B$2))^2,4)) | F6: =IF(F5<=$B$2,0,ROUND($B$3*((F5-$B$2)/(1-$B$2))^2,4)) | G6: =IF(G5<=$B$2,0,ROUND($B$3*((G5-$B$2)/(1-$B$2))^2,4)) | H6: =IF(H5<=$B$2,0,ROUND($B$3*((H5-$B$2)/(1-$B$2))^2,4)) | I6: =IF(I5<=$B$2,0,ROUND($B$3*((I5-$B$2)/(1-$B$2))^2,4)) | ... V6: =IF(V5<=$B$2,0,ROUND($B$3*((V5-$B$2)/(1-$B$2))^2,4))

Sheet Checks
A1: Cross-check: 'CTOAvT' export literals vs Derivation
B3: 0 | C3: 0.05 | D3: 0.1 | E3: 0.15 | F3: 0.2 | G3: 0.25 | H3: 0.3 | I3: 0.35 | J3: 0.4 | K3: 0.45 | L3: 0.5 | M3: 0.55 | N3: 0.6 | O3: 0.65 | P3: 0.7 | Q3: 0.75 | R3: 0.8 | S3: 0.85 | T3: 0.9 | U3: 0.95 | V3: 1
A4: Export literal | B4: 0 | C4: 0 | D4: 0 | E4: 0 | F4: 0 | G4: 0 | H4: 0 | I4: 0 | J4: 0 | K4: 0 | L4: 0 | M4: 0 | N4: 0 | O4: 0 | P4: 0 | Q4: 0.0086 | R4: 0.0344 | S4: 0.0775 | T4: 0.1378 | U4: 0.2153 | V4: 0.31
A5: Derivation | B5: =Derivation!B6 | C5: =Derivation!C6 | D5: =Derivation!D6 | E5: =Derivation!E6 | F5: =Derivation!F6 | G5: =Derivation!G6 | H5: =Derivation!H6 | I5: =Derivation!I6 | ... V5: =Derivation!V6
A6: ABS diff | B6: =ABS(B4-B5) | C6: =ABS(C4-C5) | D6: =ABS(D4-D5) | E6: =ABS(E4-E5) | F6: =ABS(F4-F5) | G6: =ABS(G4-G5) | H6: =ABS(H4-H5) | I6: =ABS(I4-I5) | ... V6: =ABS(V4-V5)
A8: Max abs diff | B8: =MAX(B6:V6)
A9: Result | B9: =IF(B8<1e-06,"PASS","FAIL")

Sheet CTOAvT
A1: Unit: dimensionless (congestion operating-adder multiplier on Average New Clinker Capacity Cost per Ton vs fleet tightness tau; shadow decision cost only - books no cash flows; ROUGH US curve 2026-08-28: quadratic ramp from tau=0.7, saturating at 0.31 at tau=1 = ~$19-21/t on the ~$62-69/t reference = the central import-parity congestion premium ($15-25/t central, $0-50/t range: USGS mill value $160/t 2024-25 vs ~$95-120/t landed imports, premium arises from terminal/logistics congestion not FOB price; USGS MCS 2026 + S&P Platts Turkey CEMDEX + freight - VERIFY vs primary before release; terminal-handling component is judgment. Zero through the normal operating band so BAU is untouched) | B1: 0 | C1: 0.05 | D1: 0.1 | E1: 0.15 | F1: 0.2 | G1: 0.25 | H1: 0.3 | I1: 0.35 | J1: 0.4 | K1: 0.45 | L1: 0.5 | M1: 0.55 | N1: 0.6 | O1: 0.65 | P1: 0.7 | Q1: 0.75 | R1: 0.8 | S1: 0.85 | T1: 0.9 | U1: 0.95 | V1: 1
A2: Cement Tightness Operating Adder Multiplier | B2: 0 | C2: 0 | D2: 0 | E2: 0 | F2: 0 | G2: 0 | H2: 0 | I2: 0 | J2: 0 | K2: 0 | L2: 0 | M2: 0 | N2: 0 | O2: 0 | P2: 0 | Q2: 0.0086 | R2: 0.0344 | S2: 0.0775 | T2: 0.1378 | U2: 0.2153 | V2: 0.31
