Workbook
Name CH4_Ar4_to_AR5: #REF!
Name gal_per_barrel: [1]About!$A$75
Name gal_per_barrel: #REF!
Name HHV_Adjust: [2]About!$A$211
Name IQ_CH: 110000
Name IQ_CQ: 5000
Name IQ_CY: 10000
Name IQ_DAILY: 500000
Name IQ_FH: 100000
Name IQ_FQ: 500
Name IQ_FY: 1000
Name IQ_LTM: 2000
Name IQ_MONTH: 15000
Name IQ_NTM: 6000
Name IQ_WEEK: 50000
Name IQ_YTD: 3000
Name metricton_to_shortton: #REF!
Name million: #REF!
Name N2O_AR4_to_AR5: #REF!
Name quadrillion: [2]About!$A$227
Name shorttons_to_grams: [2]About!$A$226
Name trillion: [2]About!$A$228
Name use_lifecycle_biofuel_EIs: [2]About!$A$97

Sheet About
A1: BPoEFUbVT BAU Perc of Each Fuel Used by Veh Technology
A3: Sources: | B3: most vehicles and fuels
B4: U.S. Energy Information Administration
B5: 2026
B6: Annual Energy Outlook 2026
B7: Alternative Electricity and Transportation
B8: https://www.eia.gov/outlooks/aeo/tables_side_xls.php
B9: Table 36, Table 17
B11: fraction of electricity used by plug-in hybrids
B12: DoE Alternative Fuels Data Center
B13: year unspecified
B14: Hybrid and Plug-In Electric Vehicle Emissions Data Sources and Assumptions
B15: https://www.afdc.energy.gov/vehicles/electric_emissions_sources.html
B16: Second-to-last parameter in the table
B18: Percent ethanol
B19: EIA
B20: 2020
B21: Monthly Energy Review, May 2020
B22: https://www.eia.gov/energyexplained//biofuels/charts/fuel-ethanol-motor-gasoline.csv
A25: About
A26: We include sheets for all possible vehicle type / cargo type / vehicle technology
A27: combinations that the model supports, even though some combinations are not used
A28: in the U.S. dataset. (For example, there are no freight motorbikes in the U.S. model.)
A29: This is to support adaptation to other countries that may wish to use that vehicle
A30: combination. (For example, some countries may wish to represent three-wheeled,
A31: motorized carts used for urban hauling and commerce as freight motorbikes.
A32: Another example: battery electric freight HDVs barely exist today, but the model
A33: includes a sheet for them, so it can support them in the future without changing
A34: the model structure.)
A36: For the U.S., we have the quantity of biodiesel used in the transportation sector, but
A37: not divided by vehicle type. The "Biodiesel Fraction" tab includes calculations to
... A52: for them here contain zeroes.

Sheet source data>

Sheet EIA-fuel-ethanol-motor-gasoline
A1: U.S. fuel ethanol consumption and percent of total U.S. motor gasoline consumption, 1981-2019
A2: fuel ethanol consumption - billion gallons
A3: fuel ethanol % of motor gasoline consumption
A4: Note: Motor gasoline is finished motor gasoline.
A5: Source: U.S. Energy Information Administration, <em>Monthly Energy Review</em> and <em>Petroleum Supply Monthly</em>, May 2020
B7: consumption | C7: % of gasoline consumption
A8: 1981 | B8: 0.083 | C8: 0.08
A9: 1982 | B9: 0.226 | C9: 0.22
A10: 1983 | B10: 0.415 | C10: 0.41
A11: 1984 | B11: 0.51 | C11: 0.5
A12: 1985 | B12: 0.617 | C12: 0.59
A13: 1986 | B13: 0.712 | C13: 0.66
A14: 1987 | B14: 0.819 | C14: 0.74
A15: 1988 | B15: 0.831 | C15: 0.74
A16: 1989 | B16: 0.843 | C16: 0.75
A17: 1990 | B17: 0.748 | C17: 0.67
A18: 1991 | B18: 0.866 | C18: 0.79
A19: 1992 | B19: 0.985 | C19: 0.88
... A47: 2020 | B47: 12.629 | C47: 10.23

Sheet AEO Table 73
B1: ref2019.d111618a | C1: 2017 | D1: 2018 | E1: 2019 | F1: 2020 | G1: 2021 | H1: 2022 | I1: 2023 | J1: 2024 | K1: 2025 | L1: 2026 | M1: 2027 | N1: 2028 | O1: 2029 | P1: 2030 | Q1: 2031 | R1: 2032 | S1: 2033 | T1: 2034 | U1: 2035 | V1: 2036 | W1: 2037 | X1: 2038 | Y1: 2039 | Z1: 2040 | AA1: 2041 | AB1: 2042 | AC1: 2043 | AD1: 2044 | AE1: 2045 | AF1: 2046 | AG1: 2047 | AH1: 2048 | AI1: 2049 | AJ1: 2050
C3: Report | D3: Annual Energy Outlook 2019
C4: Scenario | D4: ref2019 | G4: Reference case
C5: Datekey | D5: d111618a
C6: Release Date | E6: January 2019
C9: =C32/C35 -> 0.96828263 | F9: =(C33-((1-0.102)*C35))/0.102 -> 3.5983878
A10: CNV000 | B10: 73. Conversion Factors
B11: (from physical units to million Btu)
AK12: 2018-
C13: 2017 | D13: 2018 | E13: 2019 | F13: 2020 | G13: 2021 | H13: 2022 | I13: 2023 | J13: 2024 | K13: 2025 | L13: 2026 | M13: 2027 | N13: 2028 | O13: 2029 | P13: 2030 | Q13: 2031 | R13: 2032 | S13: 2033 | T13: 2034 | U13: 2035 | V13: 2036 | W13: 2037 | X13: 2038 | Y13: 2039 | Z13: 2040 | AA13: 2041 | AB13: 2042 | AC13: 2043 | AD13: 2044 | AE13: 2045 | AF13: 2046 | AG13: 2047 | AH13: 2048 | AI13: 2049 | AJ13: 2050 | AK13: 2050
B14: Petroleum and Other Liquids
B15: (million Btu per barrel)
A16: CNV000:aa_AsphaltandRoa | B16: Asphalt and Road Oil | C16: 6.636 | D16: 6.636 | E16: 6.636 | F16: 6.636 | G16: 6.636 | H16: 6.636 | I16: 6.636 | J16: 6.636 | K16: 6.636 | L16: 6.636 | M16: 6.636 | N16: 6.636 | O16: 6.636 | P16: 6.636 | Q16: 6.636 | R16: 6.636 | S16: 6.636 | T16: 6.636 | U16: 6.636 | V16: 6.636 | W16: 6.636 | X16: 6.636 | Y16: 6.636 | Z16: 6.636 | AA16: 6.636 | AB16: 6.636 | AC16: 6.636 | AD16: 6.636 | AE16: 6.636 | AF16: 6.636 | AG16: 6.636 | AH16: 6.636 | AI16: 6.636 | AJ16: 6.636 | AK16: 0
A17: CNV000:aa_AviationGasol | B17: Aviation Gasoline | C17: 5.048 | D17: 5.048 | E17: 5.048 | F17: 5.048 | G17: 5.048 | H17: 5.048 | I17: 5.048 | J17: 5.048 | K17: 5.048 | L17: 5.048 | M17: 5.048 | N17: 5.048 | O17: 5.048 | P17: 5.048 | Q17: 5.048 | R17: 5.048 | S17: 5.048 | T17: 5.048 | U17: 5.048 | V17: 5.048 | W17: 5.048 | X17: 5.048 | Y17: 5.048 | Z17: 5.048 | AA17: 5.048 | AB17: 5.048 | AC17: 5.048 | AD17: 5.048 | AE17: 5.048 | AF17: 5.048 | AG17: 5.048 | AH17: 5.048 | AI17: 5.048 | AJ17: 5.048 | AK17: 0
A18: CNV000:ea_Biodiesel | B18: Biodiesel | C18: 5.359 | D18: 5.359 | E18: 5.359 | F18: 5.359 | G18: 5.359 | H18: 5.359 | I18: 5.359 | J18: 5.359 | K18: 5.359 | L18: 5.359 | M18: 5.359 | N18: 5.359 | O18: 5.359 | P18: 5.359 | Q18: 5.359 | R18: 5.359 | S18: 5.359 | T18: 5.359 | U18: 5.359 | V18: 5.359 | W18: 5.359 | X18: 5.359 | Y18: 5.359 | Z18: 5.359 | AA18: 5.359 | AB18: 5.359 | AC18: 5.359 | AD18: 5.359 | AE18: 5.359 | AF18: 5.359 | AG18: 5.359 | AH18: 5.359 | AI18: 5.359 | AJ18: 5.359 | AK18: 0
A19: CNV000:aa_Distillate | B19: Distillate Fuel Oil | C19: 5.825 | D19: 5.825 | E19: 5.825 | F19: 5.825 | G19: 5.825 | H19: 5.825 | I19: 5.825 | J19: 5.825 | K19: 5.825 | L19: 5.825 | M19: 5.825 | N19: 5.825 | O19: 5.825 | P19: 5.825 | Q19: 5.825 | R19: 5.825 | S19: 5.825 | T19: 5.825 | U19: 5.825 | V19: 5.825 | W19: 5.825 | X19: 5.825 | Y19: 5.825 | Z19: 5.825 | AA19: 5.825 | AB19: 5.825 | AC19: 5.825 | AD19: 5.825 | AE19: 5.825 | AF19: 5.825 | AG19: 5.825 | AH19: 5.825 | AI19: 5.825 | AJ19: 5.825 | AK19: 0
A20: CNV000:aa_Residential | B20: Residential | C20: 5.774651 | D20: 5.773824 | E20: 5.773629 | F20: 5.772928 | G20: 5.773119 | H20: 5.773727 | I20: 5.772429 | J20: 5.773784 | K20: 5.772606 | L20: 5.773323 | M20: 5.774547 | N20: 5.774744 | O20: 5.773522 | P20: 5.773616 | Q20: 5.773581 | R20: 5.773493 | S20: 5.774485 | T20: 5.773373 | U20: 5.773317 | V20: 5.772994 | W20: 5.773236 | X20: 5.773163 | Y20: 5.773045 | Z20: 5.773002 | AA20: 5.772993 | AB20: 5.772738 | AC20: 5.772945 | AD20: 5.772616 | AE20: 5.772657 | AF20: 5.772504 | AG20: 5.772273 | AH20: 5.772147 | AI20: 5.771948 | AJ20: 5.771775 | AK20: -1.1e-05
A21: CNV000:aa_Commercial | B21: Commercial | C21: 5.774651 | D21: 5.773824 | E21: 5.773629 | F21: 5.772928 | G21: 5.773119 | H21: 5.773727 | I21: 5.772429 | J21: 5.773784 | K21: 5.772606 | L21: 5.773323 | M21: 5.774547 | N21: 5.774744 | O21: 5.773522 | P21: 5.773616 | Q21: 5.773581 | R21: 5.773493 | S21: 5.774485 | T21: 5.773373 | U21: 5.773317 | V21: 5.772994 | W21: 5.773236 | X21: 5.773163 | Y21: 5.773045 | Z21: 5.773002 | AA21: 5.772993 | AB21: 5.772738 | AC21: 5.772945 | AD21: 5.772616 | AE21: 5.772657 | AF21: 5.772504 | AG21: 5.772273 | AH21: 5.772147 | AI21: 5.771948 | AJ21: 5.771775 | AK21: -1.1e-05
A22: CNV000:aa_Transportatio | B22: Transportation | C22: 5.774651 | D22: 5.773824 | E22: 5.773629 | F22: 5.772928 | G22: 5.773119 | H22: 5.773727 | I22: 5.772429 | J22: 5.773784 | K22: 5.772606 | L22: 5.773323 | M22: 5.774547 | N22: 5.774744 | O22: 5.773522 | P22: 5.773616 | Q22: 5.773581 | R22: 5.773493 | S22: 5.774485 | T22: 5.773373 | U22: 5.773317 | V22: 5.772994 | W22: 5.773236 | X22: 5.773163 | Y22: 5.773045 | Z22: 5.773002 | AA22: 5.772993 | AB22: 5.772738 | AC22: 5.772945 | AD22: 5.772616 | AE22: 5.772657 | AF22: 5.772504 | AG22: 5.772273 | AH22: 5.772147 | AI22: 5.771948 | AJ22: 5.771775 | AK22: -1.1e-05
A23: CNV000:aa_Industrial | B23: Industrial | C23: 5.774651 | D23: 5.773824 | E23: 5.773629 | F23: 5.772928 | G23: 5.773119 | H23: 5.773727 | I23: 5.772429 | J23: 5.773784 | K23: 5.772606 | L23: 5.773323 | M23: 5.774547 | N23: 5.774744 | O23: 5.773522 | P23: 5.773616 | Q23: 5.773581 | R23: 5.773493 | S23: 5.774485 | T23: 5.773373 | U23: 5.773317 | V23: 5.772994 | W23: 5.773236 | X23: 5.773163 | Y23: 5.773045 | Z23: 5.773002 | AA23: 5.772993 | AB23: 5.772738 | AC23: 5.772945 | AD23: 5.772616 | AE23: 5.772657 | AF23: 5.772504 | AG23: 5.772273 | AH23: 5.772147 | AI23: 5.771948 | AJ23: 5.771775 | AK23: -1.1e-05
A24: CNV000:aa_ElectricPower | B24: Electric Power | C24: 5.774651 | D24: 5.773824 | E24: 5.773629 | F24: 5.772928 | G24: 5.773119 | H24: 5.773727 | I24: 5.772429 | J24: 5.773784 | K24: 5.772606 | L24: 5.773323 | M24: 5.774547 | N24: 5.774744 | O24: 5.773522 | P24: 5.773616 | Q24: 5.773581 | R24: 5.773493 | S24: 5.774485 | T24: 5.773373 | U24: 5.773317 | V24: 5.772994 | W24: 5.773236 | X24: 5.773163 | Y24: 5.773045 | Z24: 5.773002 | AA24: 5.772993 | AB24: 5.772738 | AC24: 5.772945 | AD24: 5.772616 | AE24: 5.772657 | AF24: 5.772504 | AG24: 5.772273 | AH24: 5.772147 | AI24: 5.771948 | AJ24: 5.771775 | AK24: -1.1e-05
A25: CNV000:aa_TotalDistilla | B25: Total Distillate | C25: 5.774651 | D25: 5.773824 | E25: 5.773628 | F25: 5.772927 | G25: 5.773119 | H25: 5.773727 | I25: 5.772429 | J25: 5.773784 | K25: 5.772606 | L25: 5.773322 | M25: 5.774548 | N25: 5.774744 | O25: 5.773522 | P25: 5.773616 | Q25: 5.77358 | R25: 5.773493 | S25: 5.774485 | T25: 5.773373 | U25: 5.773317 | V25: 5.772994 | W25: 5.773236 | X25: 5.773162 | Y25: 5.773044 | Z25: 5.773002 | AA25: 5.772993 | AB25: 5.772738 | AC25: 5.772945 | AD25: 5.772617 | AE25: 5.772656 | AF25: 5.772504 | AG25: 5.772274 | AH25: 5.772147 | AI25: 5.771948 | AJ25: 5.771775 | AK25: -1.1e-05
A26: CNV000:aa_DistLowSulf | B26: Distillate Fuel Oil - Low Sulfur Diesel | C26: 5.817 | D26: 5.817 | E26: 5.817 | F26: 5.817 | G26: 5.817 | H26: 5.817 | I26: 5.817 | J26: 5.817 | K26: 5.817 | L26: 5.817 | M26: 5.817 | N26: 5.817 | O26: 5.817 | P26: 5.817 | Q26: 5.817 | R26: 5.817 | S26: 5.817 | T26: 5.817 | U26: 5.817 | V26: 5.817 | W26: 5.817 | X26: 5.817 | Y26: 5.817 | Z26: 5.817 | AA26: 5.817 | AB26: 5.817 | AC26: 5.817 | AD26: 5.817 | AE26: 5.817 | AF26: 5.817 | AG26: 5.817 | AH26: 5.817 | AI26: 5.817 | AJ26: 5.817 | AK26: 0
A27: CNV000:aa_DistUltraLow | B27: Distillate Fuel Oil - Ultra Low Sulfur Diesel | C27: 5.77 | D27: 5.77 | E27: 5.77 | F27: 5.77 | G27: 5.77 | H27: 5.77 | I27: 5.77 | J27: 5.77 | K27: 5.77 | L27: 5.77 | M27: 5.77 | N27: 5.77 | O27: 5.77 | P27: 5.77 | Q27: 5.77 | R27: 5.77 | S27: 5.77 | T27: 5.77 | U27: 5.77 | V27: 5.77 | W27: 5.77 | X27: 5.77 | Y27: 5.77 | Z27: 5.77 | AA27: 5.77 | AB27: 5.77 | AC27: 5.77 | AD27: 5.77 | AE27: 5.77 | AF27: 5.77 | AG27: 5.77 | AH27: 5.77 | AI27: 5.77 | AJ27: 5.77 | AK27: 0
... A46: CNV000:aa_Exports | B46: Petroleum Product Exports | C46: 5.151 | D46: 5.274418 | E46: 5.250621 | F46: 5.275748 | G46: 5.243052 | H46: 5.234149 | I46: 5.231354 | J46: 5.245845 | K46: 5.231759 | L46: 5.195461 | M46: 5.187126 | N46: 5.189112 | O46: 5.179728 | P46: 5.182778 | Q46: 5.171607 | R46: 5.172073 | S46: 5.166301 | T46: 5.159403 | U46: 5.153961 | V46: 5.156905 | W46: 5.147167 | X46: 5.14539 | Y46: 5.135945 | Z46: 5.139299 | AA46: 5.137618 | AB46: 5.122315 | AC46: 5.131875 | AD46: 5.13061 | AE46: 5.139469 | AF46: 5.128032 | AG46: 5.124009 | AH46: 5.121249 | AI46: 5.111982 | AJ46: 5.1061 | AK46: -0.001013
B47: Crude Oil
A48: CNV000:aa_CrudeOilProdu | B48: Production | C48: 5.723 | D48: 5.719936 | E48: 5.709374 | F48: 5.702021 | G48: 5.699036 | H48: 5.702903 | I48: 5.701469 | J48: 5.697845 | K48: 5.696569 | L48: 5.695571 | M48: 5.691691 | N48: 5.689583 | O48: 5.687317 | P48: 5.686403 | Q48: 5.685931 | R48: 5.686055 | S48: 5.686259 | T48: 5.685382 | U48: 5.685214 | V48: 5.685896 | W48: 5.686885 | X48: 5.687922 | Y48: 5.69017 | Z48: 5.690964 | AA48: 5.689439 | AB48: 5.688754 | AC48: 5.686469 | AD48: 5.684444 | AE48: 5.683516 | AF48: 5.682888 | AG48: 5.681393 | AH48: 5.679274 | AI48: 5.678185 | AJ48: 5.676202 | AK48: -0.00024
A49: CNV000:aa_CrudeOilImpor | B49: Imports | C49: 6.05 | D49: 6.134721 | E49: 6.118438 | F49: 6.117281 | G49: 6.117947 | H49: 6.10254 | I49: 6.103374 | J49: 6.107163 | K49: 6.106585 | L49: 6.124556 | M49: 6.090179 | N49: 6.118682 | O49: 6.080531 | P49: 6.103808 | Q49: 6.113566 | R49: 6.107624 | S49: 6.084678 | T49: 6.134057 | U49: 6.131942 | V49: 6.08976 | W49: 6.138575 | X49: 6.138392 | Y49: 6.136396 | Z49: 6.138 | AA49: 6.141398 | AB49: 6.105396 | AC49: 6.119062 | AD49: 6.132329 | AE49: 6.140251 | AF49: 6.144131 | AG49: 6.141787 | AH49: 6.139135 | AI49: 6.137544 | AJ49: 6.134161 | AK49: -3e-06
A50: CNV000:aa_CrudeOilExpor | B50: Exports | C50: 5.738 | D50: 5.55477 | E50: 5.557237 | F50: 5.558167 | G50: 5.565951 | H50: 5.562354 | I50: 5.563715 | J50: 5.562271 | K50: 5.566788 | L50: 5.565995 | M50: 5.557513 | N50: 5.560513 | O50: 5.560773 | P50: 5.561747 | Q50: 5.562641 | R50: 5.562265 | S50: 5.569706 | T50: 5.594789 | U50: 5.596409 | V50: 5.603838 | W50: 5.603039 | X50: 5.612446 | Y50: 5.616357 | Z50: 5.622301 | AA50: 5.617278 | AB50: 5.611703 | AC50: 5.598722 | AD50: 5.586086 | AE50: 5.576109 | AF50: 5.561272 | AG50: 5.559134 | AH50: 5.558311 | AI50: 5.558477 | AJ50: 5.558816 | AK50: 2.3e-05
A51: CNV000:aa_NaturalGasPla | B51: Natural Gas Plant Liquids | C51: 3.699432 | D51: 3.680335 | E51: 3.675178 | F51: 3.67226 | G51: 3.661632 | H51: 3.661705 | I51: 3.660451 | J51: 3.65821 | K51: 3.656909 | L51: 3.655905 | M51: 3.655815 | N51: 3.654926 | O51: 3.65379 | P51: 3.654275 | Q51: 3.654194 | R51: 3.65518 | S51: 3.655222 | T51: 3.655784 | U51: 3.655432 | V51: 3.656329 | W51: 3.656425 | X51: 3.65846 | Y51: 3.659478 | Z51: 3.660426 | AA51: 3.659603 | AB51: 3.659032 | AC51: 3.657537 | AD51: 3.655983 | AE51: 3.654918 | AF51: 3.653574 | AG51: 3.651659 | AH51: 3.650127 | AI51: 3.64905 | AJ51: 3.6478 | AK51: -0.000277
B53: Natural Gas (thousand Btu per cubic foot)
A54: CNV000:ba_Consumption | B54: Consumption | C54: 1.037 | D54: 1.037 | E54: 1.037 | F54: 1.037 | G54: 1.037 | H54: 1.037 | I54: 1.037 | J54: 1.037 | K54: 1.037 | L54: 1.037 | M54: 1.037 | N54: 1.037 | O54: 1.037 | P54: 1.037 | Q54: 1.037 | R54: 1.037 | S54: 1.037 | T54: 1.037 | U54: 1.037 | V54: 1.037 | W54: 1.037 | X54: 1.037 | Y54: 1.037 | Z54: 1.037 | AA54: 1.037 | AB54: 1.037 | AC54: 1.037 | AD54: 1.037 | AE54: 1.037 | AF54: 1.037 | AG54: 1.037 | AH54: 1.037 | AI54: 1.037 | AJ54: 1.037 | AK54: 0
A55: CNV000:ba_Utility | B55: Electric Power Sector 2/ | C55: 1.033 | D55: 1.033 | E55: 1.033 | F55: 1.033 | G55: 1.033 | H55: 1.033 | I55: 1.033 | J55: 1.033 | K55: 1.033 | L55: 1.033 | M55: 1.033 | N55: 1.033 | O55: 1.033 | P55: 1.033 | Q55: 1.033 | R55: 1.033 | S55: 1.033 | T55: 1.033 | U55: 1.033 | V55: 1.033 | W55: 1.033 | X55: 1.033 | Y55: 1.033 | Z55: 1.033 | AA55: 1.033 | AB55: 1.033 | AC55: 1.033 | AD55: 1.033 | AE55: 1.033 | AF55: 1.033 | AG55: 1.033 | AH55: 1.033 | AI55: 1.033 | AJ55: 1.033 | AK55: 0
A56: CNV000:ba_Nonutility | B56: End-use Sector | C56: 1.039 | D56: 1.039 | E56: 1.039 | F56: 1.039 | G56: 1.039 | H56: 1.039 | I56: 1.039 | J56: 1.039 | K56: 1.039 | L56: 1.039 | M56: 1.039 | N56: 1.039 | O56: 1.039 | P56: 1.039 | Q56: 1.039 | R56: 1.039 | S56: 1.039 | T56: 1.039 | U56: 1.039 | V56: 1.039 | W56: 1.039 | X56: 1.039 | Y56: 1.039 | Z56: 1.039 | AA56: 1.039 | AB56: 1.039 | AC56: 1.039 | AD56: 1.039 | AE56: 1.039 | AF56: 1.039 | AG56: 1.039 | AH56: 1.039 | AI56: 1.039 | AJ56: 1.039 | AK56: 0
A57: CNV000:ba_Production | B57: Production | C57: 1.037 | D57: 1.037 | E57: 1.037 | F57: 1.037 | G57: 1.037 | H57: 1.037 | I57: 1.037 | J57: 1.037 | K57: 1.037 | L57: 1.037 | M57: 1.037 | N57: 1.037 | O57: 1.037 | P57: 1.037 | Q57: 1.037 | R57: 1.037 | S57: 1.037 | T57: 1.037 | U57: 1.037 | V57: 1.037 | W57: 1.037 | X57: 1.037 | Y57: 1.037 | Z57: 1.037 | AA57: 1.037 | AB57: 1.037 | AC57: 1.037 | AD57: 1.037 | AE57: 1.037 | AF57: 1.037 | AG57: 1.037 | AH57: 1.037 | AI57: 1.037 | AJ57: 1.037 | AK57: 0
A58: CNV000:ba_Imports | B58: Imports | C58: 1.025 | D58: 1.025 | E58: 1.025 | F58: 1.025 | G58: 1.025 | H58: 1.025 | I58: 1.025 | J58: 1.025 | K58: 1.025 | L58: 1.025 | M58: 1.025 | N58: 1.025 | O58: 1.025 | P58: 1.025 | Q58: 1.025 | R58: 1.025 | S58: 1.025 | T58: 1.025 | U58: 1.025 | V58: 1.025 | W58: 1.025 | X58: 1.025 | Y58: 1.025 | Z58: 1.025 | AA58: 1.025 | AB58: 1.025 | AC58: 1.025 | AD58: 1.025 | AE58: 1.025 | AF58: 1.025 | AG58: 1.025 | AH58: 1.025 | AI58: 1.025 | AJ58: 1.025 | AK58: 0
A59: CNV000:ba_Exports | B59: Exports | C59: 1.009 | D59: 1.009 | E59: 1.009 | F59: 1.009 | G59: 1.009 | H59: 1.009 | I59: 1.009 | J59: 1.009 | K59: 1.009 | L59: 1.009 | M59: 1.009 | N59: 1.009 | O59: 1.009 | P59: 1.009 | Q59: 1.009 | R59: 1.009 | S59: 1.009 | T59: 1.009 | U59: 1.009 | V59: 1.009 | W59: 1.009 | X59: 1.009 | Y59: 1.009 | Z59: 1.009 | AA59: 1.009 | AB59: 1.009 | AC59: 1.009 | AD59: 1.009 | AE59: 1.009 | AF59: 1.009 | AG59: 1.009 | AH59: 1.009 | AI59: 1.009 | AJ59: 1.009 | AK59: 0
A60: CNV000:ba_CompressedNat | B60: Compressed/Liquefied Natural Gas | C60: 0.96 | D60: 0.96 | E60: 0.96 | F60: 0.96 | G60: 0.96 | H60: 0.96 | I60: 0.96 | J60: 0.96 | K60: 0.96 | L60: 0.96 | M60: 0.96 | N60: 0.96 | O60: 0.96 | P60: 0.96 | Q60: 0.96 | R60: 0.96 | S60: 0.96 | T60: 0.96 | U60: 0.96 | V60: 0.96 | W60: 0.96 | X60: 0.96 | Y60: 0.96 | Z60: 0.96 | AA60: 0.96 | AB60: 0.96 | AC60: 0.96 | AD60: 0.96 | AE60: 0.96 | AF60: 0.96 | AG60: 0.96 | AH60: 0.96 | AI60: 0.96 | AJ60: 0.96 | AK60: 0
B62: Coal (million Btu per short ton)
A63: CNV000:ca_Production | B63: Production | C63: 20.53714 | D63: 20.439445 | E63: 20.349045 | F63: 20.46627 | G63: 20.363602 | H63: 20.554329 | I63: 20.653105 | J63: 20.626196 | K63: 20.621487 | L63: 20.64123 | M63: 20.627844 | N63: 20.53694 | O63: 20.501505 | P63: 20.413282 | Q63: 20.399071 | R63: 20.458256 | S63: 20.429285 | T63: 20.364529 | U63: 20.373262 | V63: 20.367174 | W63: 20.397617 | X63: 20.405455 | Y63: 20.39472 | Z63: 20.372593 | AA63: 20.382772 | AB63: 20.366734 | AC63: 20.354519 | AD63: 20.35523 | AE63: 20.38698 | AF63: 20.356945 | AG63: 20.336355 | AH63: 20.357395 | AI63: 20.34404 | AJ63: 20.347267 | AK63: -0.000141
A64: CNV000:ca_EastoftheMiss | B64: East of the Mississippi | C64: 25.416302 | D64: 25.057079 | E64: 25.074783 | F64: 25.042177 | G64: 24.938278 | H64: 24.964016 | I64: 24.911818 | J64: 24.91433 | K64: 24.898243 | L64: 24.920572 | M64: 24.903049 | N64: 24.81945 | O64: 24.850803 | P64: 24.769541 | Q64: 24.735579 | R64: 24.729204 | S64: 24.688946 | T64: 24.612101 | U64: 24.600828 | V64: 24.592125 | W64: 24.569109 | X64: 24.53866 | Y64: 24.501373 | Z64: 24.474424 | AA64: 24.491461 | AB64: 24.462055 | AC64: 24.426752 | AD64: 24.399635 | AE64: 24.40773 | AF64: 24.328617 | AG64: 24.285736 | AH64: 24.280874 | AI64: 24.244131 | AJ64: 24.25634 | AK64: -0.001014
A65: CNV000:ca_WestoftheMiss | B65: West of the Mississippi | C65: 17.234356 | D65: 17.205303 | E65: 17.117476 | F65: 17.06934 | G65: 16.988295 | H65: 17.022928 | I65: 17.071613 | J65: 17.059359 | K65: 17.037024 | L65: 17.056746 | M65: 17.03174 | N65: 16.978151 | O65: 16.968307 | P65: 16.99864 | Q65: 16.97205 | R65: 17.002645 | S65: 17.003275 | T65: 17.003227 | U65: 17.012268 | V65: 17.012785 | W65: 17.036083 | X65: 17.044588 | Y65: 17.050751 | Z65: 17.064137 | AA65: 17.081581 | AB65: 17.08465 | AC65: 17.087126 | AD65: 17.088547 | AE65: 17.086746 | AF65: 17.085443 | AG65: 17.080282 | AH65: 17.077896 | AI65: 17.084911 | AJ65: 17.086426 | AK65: -0.000217
A66: CNV000:ca_Consumption | B66: Consumption | C66: 19.437477 | D66: 19.706896 | E66: 19.588093 | F66: 19.676338 | G66: 19.593861 | H66: 19.763271 | I66: 19.874037 | J66: 19.832983 | K66: 19.854052 | L66: 19.849159 | M66: 19.841606 | N66: 19.838451 | O66: 19.782232 | P66: 19.750866 | Q66: 19.75753 | R66: 19.792145 | S66: 19.78758 | T66: 19.792101 | U66: 19.801369 | V66: 19.790552 | W66: 19.81377 | X66: 19.823812 | Y66: 19.819962 | Z66: 19.817593 | AA66: 19.814734 | AB66: 19.808729 | AC66: 19.81694 | AD66: 19.822159 | AE66: 19.832388 | AF66: 19.856539 | AG66: 19.880623 | AH66: 19.899242 | AI66: 19.884989 | AJ66: 19.887484 | AK66: 0.000285
A67: CNV000:ca_Residentialan | B67: Commercial and Institutional | C67: 20.319487 | D67: 19.866795 | E67: 19.877953 | F67: 19.862865 | G67: 19.866108 | H67: 19.864164 | I67: 19.86232 | J67: 19.858194 | K67: 19.854408 | L67: 19.851212 | M67: 19.848104 | N67: 19.846712 | O67: 19.844584 | P67: 19.843212 | Q67: 19.839586 | R67: 19.837957 | S67: 19.837421 | T67: 19.835993 | U67: 19.833931 | V67: 19.832113 | W67: 19.82988 | X67: 19.827467 | Y67: 19.826221 | Z67: 19.825344 | AA67: 19.824635 | AB67: 19.824232 | AC67: 19.824039 | AD67: 19.823009 | AE67: 19.821571 | AF67: 19.888695 | AG67: 19.887026 | AH67: 19.885118 | AI67: 19.883326 | AJ67: 19.881367 | AK67: 2.3e-05
A68: CNV000:ca_Industrial | B68: Industrial 3/ | C68: 20.775822 | D68: 20.838133 | E68: 20.733786 | F68: 20.90274 | G68: 20.866161 | H68: 20.867376 | I68: 20.866621 | J68: 20.916288 | K68: 20.915384 | L68: 20.913565 | M68: 20.910666 | N68: 20.907888 | O68: 20.903263 | P68: 20.898401 | Q68: 20.889793 | R68: 20.836567 | S68: 20.829412 | T68: 20.823454 | U68: 20.814209 | V68: 20.812382 | W68: 20.811678 | X68: 20.809002 | Y68: 20.807104 | Z68: 20.806034 | AA68: 20.806112 | AB68: 20.804993 | AC68: 20.804296 | AD68: 20.804533 | AE68: 20.804535 | AF68: 20.801073 | AG68: 20.800825 | AH68: 20.800814 | AI68: 20.801849 | AJ68: 20.801619 | AK68: -5.5e-05
A69: CNV000:ca_Coking | B69: Coking | C69: 28.674879 | D69: 28.554436 | E69: 28.562546 | F69: 28.504807 | G69: 28.443207 | H69: 28.442011 | I69: 28.435804 | J69: 28.436998 | K69: 28.439365 | L69: 28.441151 | M69: 28.441542 | N69: 28.444378 | O69: 28.445307 | P69: 28.448008 | Q69: 28.451092 | R69: 28.453724 | S69: 28.456079 | T69: 28.459068 | U69: 28.461367 | V69: 28.462769 | W69: 28.465334 | X69: 28.467546 | Y69: 28.468142 | Z69: 28.467697 | AA69: 28.468544 | AB69: 28.468433 | AC69: 28.468117 | AD69: 28.467951 | AE69: 28.468956 | AF69: 28.468082 | AG69: 28.468615 | AH69: 28.468512 | AI69: 28.468487 | AJ69: 28.468031 | AK69: -9.5e-05
A70: CNV000:ca_ElectricPower | B70: Electric Power 2/ | C70: 18.994087 | D70: 19.243162 | E70: 19.070353 | F70: 19.169922 | G70: 19.0896 | H70: 19.276791 | I70: 19.411289 | J70: 19.366068 | K70: 19.385353 | L70: 19.372707 | M70: 19.360991 | N70: 19.352909 | O70: 19.300653 | P70: 19.265913 | Q70: 19.264597 | R70: 19.290289 | S70: 19.284327 | T70: 19.280676 | U70: 19.290565 | V70: 19.277931 | W70: 19.296234 | X70: 19.305914 | Y70: 19.302322 | Z70: 19.303665 | AA70: 19.298279 | AB70: 19.294079 | AC70: 19.303532 | AD70: 19.31328 | AE70: 19.326996 | AF70: 19.356915 | AG70: 19.385813 | AH70: 19.410372 | AI70: 19.396624 | AJ70: 19.402521 | AK70: 0.000258
A71: CNV000:ca_Imports | B71: Imports | C71: 22.116497 | D71: 23.789541 | E71: 23.796753 | F71: 23.826195 | G71: 23.907089 | H71: 23.930763 | I71: 23.957258 | J71: 23.986702 | K71: 24.019024 | L71: 24.054968 | M71: 24.094473 | N71: 24.137136 | O71: 24.18609 | P71: 24.239874 | Q71: 24.258429 | R71: 24.257082 | S71: 24.255733 | T71: 24.254387 | U71: 24.253038 | V71: 24.25169 | W71: 24.250341 | X71: 24.248991 | Y71: 24.247643 | Z71: 24.246292 | AA71: 24.244942 | AB71: 24.243591 | AC71: 24.242241 | AD71: 24.240889 | AE71: 24.239538 | AF71: 24.238186 | AG71: 24.236834 | AH71: 24.235481 | AI71: 24.234129 | AJ71: 24.232777 | AK71: 0.000577
A72: CNV000:ca_Exports | B72: Exports | C72: 26.218889 | D72: 25.447502 | E72: 25.630148 | F72: 25.765919 | G72: 26.388355 | H72: 26.396355 | I72: 26.389751 | J72: 26.391817 | K72: 26.385069 | L72: 26.391817 | M72: 26.385069 | N72: 26.175568 | O72: 26.169689 | P72: 25.926773 | Q72: 25.745951 | R72: 25.671246 | S72: 25.497976 | T72: 25.343998 | U72: 25.256226 | V72: 25.173838 | W72: 25.175093 | X72: 25.077671 | Y72: 24.968132 | Z72: 24.865974 | AA72: 24.881556 | AB72: 24.859068 | AC72: 24.773596 | AD72: 24.759016 | AE72: 24.856955 | AF72: 24.625307 | AG72: 24.423267 | AH72: 24.423267 | AI72: 24.423267 | AJ72: 24.423267 | AK72: -0.001283
A73: CNV000:ca_CoaltoLiquids | B73: Coal to Liquids | C73: 0 | D73: 0 | E73: 0 | F73: 0 | G73: 0 | H73: 0 | I73: 0 | J73: 0 | K73: 0 | L73: 0 | M73: 0 | N73: 0 | O73: 0 | P73: 0 | Q73: 0 | R73: 0 | S73: 0 | T73: 0 | U73: 0 | V73: 0 | W73: 0 | X73: 0 | Y73: 0 | Z73: 0 | AA73: 0 | AB73: 0 | AC73: 0 | AD73: 0 | AE73: 0 | AF73: 0 | AG73: 0 | AH73: 0 | AI73: 0 | AJ73: 0 | AK73: - -
A74: CNV000:ca_WasteCoal | B74: Waste Coal | C74: 12.941472 | D74: 11.314271 | E74: 11.31427 | F74: 11.31427 | G74: 11.31427 | H74: 11.31427 | I74: 11.31427 | J74: 11.31427 | K74: 11.314271 | L74: 11.314271 | M74: 11.31427 | N74: 11.31427 | O74: 11.31427 | P74: 11.314271 | Q74: 11.314271 | R74: 11.31427 | S74: 11.31427 | T74: 11.31427 | U74: 11.314271 | V74: 11.31427 | W74: 11.31427 | X74: 11.314271 | Y74: 11.314271 | Z74: 11.31427 | AA74: 11.314271 | AB74: 11.314271 | AC74: 11.31427 | AD74: 11.314271 | AE74: 11.31427 | AF74: 11.31427 | AG74: 11.31427 | AH74: 11.314271 | AI74: 11.314271 | AJ74: 11.314271 | AK74: 0
A76: CNV000:da_Electricity | B76: Electricity (Btu per kilowatthour) | C76: 3412 | D76: 3412 | E76: 3412 | F76: 3412 | G76: 3412 | H76: 3412 | I76: 3412 | J76: 3412 | K76: 3412 | L76: 3412 | M76: 3412 | N76: 3412 | O76: 3412 | P76: 3412 | Q76: 3412 | R76: 3412 | S76: 3412 | T76: 3412 | U76: 3412 | V76: 3412 | W76: 3412 | X76: 3412 | Y76: 3412 | Z76: 3412 | AA76: 3412 | AB76: 3412 | AC76: 3412 | AD76: 3412 | AE76: 3412 | AF76: 3412 | AG76: 3412 | AH76: 3412 | AI76: 3412 | AJ76: 3412 | AK76: 0
B78: 1/ Includes ethane, natural gasoline, and refinery olefins.
B79: 2/ Includes all electricity-only and combined heat and power plants that have a regulatory status.
B80: 3/ Includes combined heat and power plants that have a non-regulatory status, and small on-site generating systems.
B81: - - = Not applicable.
B82: Note: Data for 2017 are model results and may differ from official EIA data reports.
B83: Sources: 2017 based on: U.S. Energy Information Administration (EIA), Monthly Energy Review, September 2018.
B84: 2018: EIA, Short-Term Energy Outlook, October 2018 and EIA, AEO2019 National Energy Modeling System run ref2019.d111618a.
B85: Projections: EIA, AEO2019 National Energy Modeling System run ref2019.d111618a.

Sheet ethanol content
A1: https://www.eia.gov/environment/emissions/co2_vol_mass.php
A3: Carbon Dioxide Emissions Coefficients by Fuel | I3: Percentage of BTUs per barrel from ethanol | J3: =1-J8 -> 0.072894654
B4: Pounds CO2 | C4: Kilograms CO2 | D4: Pounds CO2 | E4: Kilograms CO2
A5: Carbon Dioxide (CO2) Factors: | B5: Per Unit of Volume or Mass | C5: Per Unit of Volume or Mass | D5: Per Million Btu | E5: Per Million Btu | I5: BTU per barrel, finished gasoline | J5: ='AEO Table 73'!C32 -> 5.056643
A6: For homes and businesses | I6: BTU per barrel, motor gasoline before blending | J6: ='AEO Table 73'!C35 -> 5.22228
A7: Propane | B7: 12.68 gallon | C7: 5.75 gallon | D7: 138.63 | E7: 62.88 | I7: BTUs per barrel from motor gasoline | J7: =J6*(1-'EIA-fuel-ethanol-motor-gasoline'!C47/100) -> 4.6880408
A8: Diesel and Home Heating Fuel (Distillate Fuel Oil) | B8: 22.45 gallon | C8: 10.19 gallon | D8: 163.45 | E8: 74.14 | I8: Percentage of BTUs per barrel from motor gasoline | J8: =J7/J5 -> 0.92710535
A9: Kerosene | B9: 21.78 gallon | C9: 9.88 gallon | D9: 161.35 | E9: 73.19
A10: Coal (All types) | B10: 3,890.78 short ton | C10: 1,764.83 short ton | D10: 211.47 | E10: 95.92
A11: Natural Gas | B11: 120.96 thousand cubic feet | C11: 54.87 thousand cubic feet | D11: 116.65 | E11: 52.91
A12: Finished Motor Gasolinea | B12: 17.86 gallon | C12: 8.10 gallon | D12: 148.57 | E12: 67.39
A13: Motor Gasoline | B13: 19.37 gallon | C13: 8.78 gallon | D13: 155.77 | E13: 70.66
A14: Residual Heating Fuel (Businesses only) | B14: 24.78 gallon | C14: 11.24 gallon | D14: 165.55 | E14: 75.09
A15: Other transportation fuels
A16: Jet Fuel | B16: 21.50 gallon | C16: 9.75 gallon | D16: 159.25 | E16: 72.23
A17: Aviation Gas | B17: 18.32 gallon | C17: 8.31 gallon | D17: 152.46 | E17: 69.15
A18: Industrial fuels and others not listed above
A19: Petroleum coke | B19: 32.88 gallon | C19: 14.920 gallon | D19: 225.13 | E19: 102.12
A20: Nonfuel uses
A21: Asphalt and Road Oil | B21: 26.25 gallon | C21: 11.91 gallon | D21: 166.12 | E21: 75.35
A22: Lubricants | B22: 23.58 gallon | C22: 10.70 gallon | D22: 163.29 | E22: 74.07
A23: Naphthas for Petrochemical Feedstock Use | B23: 18.74 gallon | C23: 8.50 gallon | D23: 149.95 | E23: 68.02
A24: Other Oils for Petrochemical Feedstock Use | B24: 22.61 gallon | C24: 10.26 gallon | D24: 163.05 | E24: 73.96
A25: Special Naphthas (solvents) | B25: 19.94 gallon | C25: 9.04 gallon | D25: 159.57 | E25: 72.38
A26: Waxes | B26: 21.10 gallon | C26: 9.57 gallon | D26: 160.06 | E26: 72.6
A27: Coals by type
A28: Anthracite | B28: 5,735.68 short ton | C28: 2,601.67 short ton | D28: 228.6 | E28: 103.69
A29: Bituminous | B29: 4,783.52 short ton | C29: 2,169.77 short ton | D29: 205.57 | E29: 93.24
A30: Subbituminous | B30: 3,745.22 short ton | C30: 1,698.80 short ton | D30: 214.13 | E30: 97.13
A31: Lignite | B31: 2,809.83 short ton | C31: 1,274.52 short ton | D31: 216.64 | E31: 98.27
A32: Coke | B32: 7,183.46 short ton | C32: 3,258.37 short ton | D32: 250.59 | E32: 113.67
A33: Other fuels
A34: Geothermal (steam) | B34: NA | C34: NA | D34: 26.03 | E34: 11.81
A35: Geothermal (binary cycle) | B35: NA | C35: NA | D35: 0 | E35: 0
A36: Municipal solid wasteb,c | B36: 1,562.78 short ton | C36: 708.87 short ton | D36: 109.98 | E36: 49.89
A37: Tire-derived fuelb | B37: 5,306.87 short ton | C37: 2,407.16 short ton | D37: 189.53 | E37: 85.97
A38: Waste oilb | B38: 22.51 gallon | C38: 10.21 gallon | D38: 163.14 | E38: 74

Sheet AEO 2023 Table 17
B1: ref2023.d020623a | C1: 2022 | D1: 2023 | E1: 2024 | F1: 2025 | G1: 2026 | H1: 2027 | I1: 2028 | J1: 2029 | K1: 2030 | L1: 2031 | M1: 2032 | N1: 2033 | O1: 2034 | P1: 2035 | Q1: 2036 | R1: 2037 | S1: 2038 | T1: 2039 | U1: 2040 | V1: 2041 | W1: 2042 | X1: 2043 | Y1: 2044 | Z1: 2045 | AA1: 2046 | AB1: 2047 | AC1: 2048 | AD1: 2049 | AE1: 2050
C3: Report | D3: Annual Energy Outlook 2023
C4: Scenario | D4: ref2023 | G4: Reference
C5: Datekey | D5: d020623a
C6: Release Date | E6: March 2023
A10: REM000 | B10: 17. Renewable Energy Consumption by Sector and Source | AF10: Average
B11: (quadrillion Btu, unless otherwise noted) | AF11: Annual
AF12: Change
B13: Sector and Source | C13: 2022 | D13: 2023 | E13: 2024 | F13: 2025 | G13: 2026 | H13: 2027 | I13: 2028 | J13: 2029 | K13: 2030 | L13: 2031 | M13: 2032 | N13: 2033 | O13: 2034 | P13: 2035 | Q13: 2036 | R13: 2037 | S13: 2038 | T13: 2039 | U13: 2040 | V13: 2041 | W13: 2042 | X13: 2043 | Y13: 2044 | Z13: 2045 | AA13: 2046 | AB13: 2047 | AC13: 2048 | AD13: 2049 | AE13: 2050 | AF13: 2022–2050
B15: Marketed Renewable Energy 1/
A17: REM000:ca_Residential(w | B17: Residential (wood) | C17: 0.538932 | D17: 0.57441 | E17: 0.513068 | F17: 0.489864 | G17: 0.472164 | H17: 0.45764 | I17: 0.4452 | J17: 0.435137 | K17: 0.426017 | L17: 0.41791 | M17: 0.409804 | N17: 0.402631 | O17: 0.395039 | P17: 0.387514 | Q17: 0.379935 | R17: 0.372857 | S17: 0.366083 | T17: 0.359575 | U17: 0.353241 | V17: 0.347622 | W17: 0.342071 | X17: 0.337054 | Y17: 0.332011 | Z17: 0.327538 | AA17: 0.323872 | AB17: 0.320083 | AC17: 0.316089 | AD17: 0.312111 | AE17: 0.308024 | AF17: -0.019781
A19: REM000:da_Commercial(bi | B19: Commercial (biomass) | C19: 0.120805 | D19: 0.120805 | E19: 0.120805 | F19: 0.120805 | G19: 0.120805 | H19: 0.120805 | I19: 0.120805 | J19: 0.120805 | K19: 0.120805 | L19: 0.120805 | M19: 0.120805 | N19: 0.120805 | O19: 0.120805 | P19: 0.120805 | Q19: 0.120805 | R19: 0.120805 | S19: 0.120805 | T19: 0.120805 | U19: 0.120805 | V19: 0.120805 | W19: 0.120805 | X19: 0.120805 | Y19: 0.120805 | Z19: 0.120805 | AA19: 0.120805 | AB19: 0.120805 | AC19: 0.120805 | AD19: 0.120805 | AE19: 0.120805 | AF19: 0
A21: REM000:ea_Industrial | B21: Industrial 2/ | C21: 2.418849 | D21: 2.558293 | E21: 2.454399 | F21: 2.458783 | G21: 2.461936 | H21: 2.469083 | I21: 2.484627 | J21: 2.491801 | K21: 2.494826 | L21: 2.500568 | M21: 2.509977 | N21: 2.521396 | O21: 2.534965 | P21: 2.553261 | Q21: 2.557693 | R21: 2.567496 | S21: 2.576616 | T21: 2.588815 | U21: 2.604867 | V21: 2.630121 | W21: 2.648243 | X21: 2.664851 | Y21: 2.671741 | Z21: 2.681419 | AA21: 2.697925 | AB21: 2.720405 | AC21: 2.747052 | AD21: 2.763744 | AE21: 2.78549 | AF21: 0.005053
A22: REM000:ea_ConventionalH | B22: Conventional Hydroelectric Power | C22: 0.010773 | D22: 0.010913 | E22: 0.010875 | F22: 0.010837 | G22: 0.010801 | H22: 0.010767 | I22: 0.010736 | J22: 0.010707 | K22: 0.010682 | L22: 0.010661 | M22: 0.010644 | N22: 0.010632 | O22: 0.010624 | P22: 0.010622 | Q22: 0.010622 | R22: 0.010622 | S22: 0.010622 | T22: 0.010622 | U22: 0.010622 | V22: 0.010622 | W22: 0.010622 | X22: 0.010622 | Y22: 0.010622 | Z22: 0.010622 | AA22: 0.010622 | AB22: 0.010622 | AC22: 0.010622 | AD22: 0.010622 | AE22: 0.010622 | AF22: -0.000504
A23: REM000:ea_MunicipalSoli | B23: Municipal Waste 3/ | C23: 0.161768 | D23: 0.159976 | E23: 0.160365 | F23: 0.16234 | G23: 0.164713 | H23: 0.166676 | I23: 0.167756 | J23: 0.167014 | K23: 0.166274 | L23: 0.165657 | M23: 0.164915 | N23: 0.164057 | O23: 0.163178 | P23: 0.162395 | Q23: 0.161408 | R23: 0.16053 | S23: 0.159728 | T23: 0.159956 | U23: 0.160357 | V23: 0.160718 | W23: 0.160969 | X23: 0.161029 | Y23: 0.160963 | Z23: 0.161255 | AA23: 0.161468 | AB23: 0.161673 | AC23: 0.161871 | AD23: 0.162026 | AE23: 0.162219 | AF23: 9.9e-05
A24: REM000:ea_Biomass | B24: Biomass | C24: 1.328232 | D24: 1.402826 | E24: 1.37287 | F24: 1.379027 | G24: 1.38159 | H24: 1.387895 | I24: 1.399337 | J24: 1.41076 | K24: 1.418932 | L24: 1.429157 | M24: 1.443031 | N24: 1.456508 | O24: 1.470957 | P24: 1.482958 | Q24: 1.48898 | R24: 1.498773 | S24: 1.506998 | T24: 1.516537 | U24: 1.528081 | V24: 1.540243 | W24: 1.552132 | X24: 1.562002 | Y24: 1.568192 | Z24: 1.57093 | AA24: 1.577018 | AB24: 1.587632 | AC24: 1.593003 | AD24: 1.600503 | AE24: 1.615781 | AF24: 0.007023
A25: REM000:ea_BiomasHeat&Co | B25: Biofuels Heat and Coproducts | C25: 0.918076 | D25: 0.984578 | E25: 0.910289 | F25: 0.906579 | G25: 0.904831 | H25: 0.903745 | I25: 0.906798 | J25: 0.90332 | K25: 0.898938 | L25: 0.895093 | M25: 0.891387 | N25: 0.8902 | O25: 0.890206 | P25: 0.897286 | Q25: 0.896683 | R25: 0.897571 | S25: 0.899268 | T25: 0.901701 | U25: 0.905807 | V25: 0.918538 | W25: 0.924521 | X25: 0.931198 | Y25: 0.931964 | Z25: 0.938613 | AA25: 0.948817 | AB25: 0.960478 | AC25: 0.981557 | AD25: 0.990594 | AE25: 0.996868 | AF25: 0.002945
A27: REM000:fa_Transportatio | B27: Transportation | C27: 1.643957 | D27: 1.68746 | E27: 1.750144 | F27: 1.713519 | G27: 1.703839 | H27: 1.701528 | I27: 1.5877 | J27: 1.586966 | K27: 1.586138 | L27: 1.585172 | M27: 1.583934 | N27: 1.582892 | O27: 1.581595 | P27: 1.580019 | Q27: 1.578644 | R27: 1.57726 | S27: 1.575864 | T27: 1.574471 | U27: 1.57305 | V27: 1.571346 | W27: 1.569874 | X27: 1.568397 | Y27: 1.567132 | Z27: 1.565676 | AA27: 1.579699 | AB27: 1.603261 | AC27: 1.648387 | AD27: 1.678537 | AE27: 1.699064 | AF27: 0.001178
A28: REM000:fa_Ethanolusedin | B28: Ethanol used in E85 4/ | C28: 0.022316 | D28: 0.022565 | E28: 0.021182 | F28: 0.021098 | G28: 0.020573 | H28: 0.020002 | I28: 0.019309 | J28: 0.018533 | K28: 0.017717 | L28: 0.016916 | M28: 0.016133 | N28: 0.015434 | O28: 0.014803 | P28: 0.014241 | Q28: 0.013707 | R28: 0.013317 | S28: 0.013026 | T28: 0.012829 | U28: 0.012724 | V28: 0.012669 | W28: 0.012661 | X28: 0.012716 | Y28: 0.01278 | Z28: 0.012875 | AA28: 0.01296 | AB28: 0.013117 | AC28: 0.013259 | AD28: 0.013443 | AE28: 0.013617 | AF28: -0.017487
A29: REM000:ga_Ethanolusedin | B29: Ethanol used in Gasoline Blending | C29: 1.12509 | D29: 1.122732 | E29: 1.151931 | F29: 1.142379 | G29: 1.135865 | H29: 1.130649 | I29: 1.123475 | J29: 1.114464 | K29: 1.103905 | L29: 1.094237 | M29: 1.084963 | N29: 1.07876 | O29: 1.074166 | P29: 1.069304 | Q29: 1.063241 | R29: 1.058996 | S29: 1.055871 | T29: 1.053339 | U29: 1.052924 | V29: 1.052812 | W29: 1.054361 | X29: 1.056869 | Y29: 1.061329 | Z29: 1.067279 | AA29: 1.075243 | AB29: 1.084963 | AC29: 1.095266 | AD29: 1.106839 | AE29: 1.120543 | AF29: -0.000145
A30: REM000:ga_BioDieselBlen | B30: Biodiesel used in Distillate Blending | C30: 0.201563 | D30: 0.18984 | E30: 0.219119 | F30: 0.20335 | G30: 0.200004 | H30: 0.203061 | I30: 0.154942 | J30: 0.16418 | K30: 0.172856 | L30: 0.177873 | M30: 0.176632 | N30: 0.179796 | O30: 0.177057 | P30: 0.173708 | Q30: 0.17023 | R30: 0.166623 | S30: 0.162883 | T30: 0.159519 | U30: 0.155506 | V30: 0.151353 | W30: 0.147056 | X30: 0.142614 | Y30: 0.138021 | Z30: 0.133277 | AA30: 0.128377 | AB30: 0.123319 | AC30: 0.118099 | AD30: 0.112828 | AE30: 0.107556 | AF30: -0.022182
A31: REM000:trans_biobute | B31: Biobutanol | C31: 0 | D31: 0 | E31: 0 | F31: 0 | G31: 0 | H31: 0 | I31: 0 | J31: 0 | K31: 0 | L31: 0 | M31: 0 | N31: 0 | O31: 0 | P31: 0 | Q31: 0 | R31: 0 | S31: 0 | T31: 0 | U31: 0 | V31: 0 | W31: 0 | X31: 0 | Y31: 0 | Z31: 0 | AA31: 0 | AB31: 0 | AC31: 0 | AD31: 0 | AE31: 0 | AF31: --
A32: REM000:gb_LiquidfromBio | B32: Liquids from Biomass | C32: 0.001026 | D32: 0.001154 | E32: 0.001159 | F32: 0.001159 | G32: 0.001223 | H32: 0.001159 | I32: 0.001223 | J32: 0.00225 | K32: 0.00167 | L32: 0.001853 | M32: 0.001884 | N32: 0.00225 | O32: 0.00225 | P32: 0.00225 | Q32: 0.00225 | R32: 0.00225 | S32: 0.00225 | T32: 0.00225 | U32: 0.00225 | V32: 0.002682 | W32: 0.00225 | X32: 0.00225 | Y32: 0.001992 | Z32: 0.001223 | AA32: 0.002185 | AB32: 0.002185 | AC32: 0.002185 | AD32: 0.002225 | AE32: 0.001882 | AF32: 0.021892
A33: REM000:gb_GreenLiquids | B33: Renewable Diesel and Gasoline 5/ | C33: 0.293962 | D33: 0.35117 | E33: 0.356753 | F33: 0.345533 | G33: 0.346173 | H33: 0.346656 | I33: 0.288751 | J33: 0.287539 | K33: 0.28999 | L33: 0.294293 | M33: 0.304321 | N33: 0.306653 | O33: 0.313318 | P33: 0.320518 | Q33: 0.329216 | R33: 0.336075 | S33: 0.341834 | T33: 0.346535 | U33: 0.349645 | V33: 0.351831 | W33: 0.353546 | X33: 0.353948 | Y33: 0.353009 | Z33: 0.351022 | AA33: 0.360933 | AB33: 0.379677 | AC33: 0.419578 | AD33: 0.443202 | AE33: 0.455466 | AF33: 0.015761
A35: REM000:ha_ElectricPower | B35: Electric Power 6/ | C35: 8.08409 | D35: 8.605595 | E35: 9.2536 | F35: 10.769812 | G35: 12.489632 | H35: 14.207677 | I35: 15.657 | J35: 16.679596 | K35: 17.569942 | L35: 18.211523 | M35: 18.849072 | N35: 19.601135 | O35: 20.207752 | P35: 20.684017 | Q35: 21.174015 | R35: 21.527521 | S35: 21.819601 | T35: 21.990221 | U35: 22.281153 | V35: 22.423574 | W35: 22.664766 | X35: 22.940054 | Y35: 23.344435 | Z35: 23.717884 | AA35: 24.147013 | AB35: 24.507113 | AC35: 24.87258 | AD35: 25.165535 | AE35: 25.597914 | AF35: 0.042024
A36: REM000:ha_ConventionalH | B36: Conventional Hydroelectric Power | C36: 2.442681 | D36: 2.44755 | E36: 2.491689 | F36: 2.577846 | G36: 2.568922 | H36: 2.546059 | I36: 2.504646 | J36: 2.475489 | K36: 2.446743 | L36: 2.425799 | M36: 2.409033 | N36: 2.411749 | O36: 2.415782 | P36: 2.419376 | Q36: 2.424693 | R36: 2.41289 | S36: 2.399529 | T36: 2.375586 | U36: 2.3708 | V36: 2.35552 | W36: 2.358788 | X36: 2.352015 | Y36: 2.346977 | Z36: 2.343842 | AA36: 2.33262 | AB36: 2.325793 | AC36: 2.323454 | AD36: 2.310321 | AE36: 2.298403 | AF36: -0.002172
A37: REM000:ha_Geothermal | B37: Geothermal | C37: 0.138575 | D37: 0.134139 | E37: 0.138856 | F37: 0.146111 | G37: 0.152066 | H37: 0.156023 | I37: 0.159828 | J37: 0.167233 | K37: 0.174095 | L37: 0.178493 | M37: 0.184554 | N37: 0.187499 | O37: 0.195066 | P37: 0.201046 | Q37: 0.210441 | R37: 0.217342 | S37: 0.223436 | T37: 0.2259 | U37: 0.229147 | V37: 0.234246 | W37: 0.240622 | X37: 0.244772 | Y37: 0.249637 | Z37: 0.25794 | AA37: 0.269467 | AB37: 0.28115 | AC37: 0.288588 | AD37: 0.296086 | AE37: 0.302234 | AF37: 0.028241
A38: REM000:ha_MunicipalSoli | B38: Biogenic Municipal Waste 7/ | C38: 0.22191 | D38: 0.228224 | E38: 0.233892 | F38: 0.239109 | G38: 0.244032 | H38: 0.251669 | I38: 0.255155 | J38: 0.262267 | K38: 0.270317 | L38: 0.278272 | M38: 0.285579 | N38: 0.29683 | O38: 0.303756 | P38: 0.312192 | Q38: 0.321445 | R38: 0.330951 | S38: 0.342231 | T38: 0.35276 | U38: 0.36073 | V38: 0.369139 | W38: 0.377914 | X38: 0.386538 | Y38: 0.395555 | Z38: 0.404655 | AA38: 0.410119 | AB38: 0.416926 | AC38: 0.422851 | AD38: 0.42875 | AE38: 0.43555 | AF38: 0.024376
A39: REM000:ha_Biomass | B39: Biomass | C39: 0.180331 | D39: 0.192473 | E39: 0.180116 | F39: 0.181063 | G39: 0.177749 | H39: 0.175131 | I39: 0.165623 | J39: 0.161346 | K39: 0.161241 | L39: 0.162494 | M39: 0.162658 | N39: 0.163868 | O39: 0.163854 | P39: 0.164149 | Q39: 0.163862 | R39: 0.164537 | S39: 0.165233 | T39: 0.165279 | U39: 0.16548 | V39: 0.165659 | W39: 0.164763 | X39: 0.164765 | Y39: 0.164578 | Z39: 0.1647 | AA39: 0.170629 | AB39: 0.170972 | AC39: 0.171464 | AD39: 0.176981 | AE39: 0.177752 | AF39: -0.000514
A40: REM000:ha_DedicatedPlan | B40: Dedicated Plants | C40: 0.146924 | D40: 0.157217 | E40: 0.148088 | F40: 0.149106 | G40: 0.145807 | H40: 0.143338 | I40: 0.13548 | J40: 0.131939 | K40: 0.131949 | L40: 0.133298 | M40: 0.133607 | N40: 0.134069 | O40: 0.134178 | P40: 0.134068 | Q40: 0.133866 | R40: 0.134474 | S40: 0.135283 | T40: 0.135296 | U40: 0.13552 | V40: 0.135503 | W40: 0.134629 | X40: 0.1346 | Y40: 0.134432 | Z40: 0.134527 | AA40: 0.140319 | AB40: 0.140614 | AC40: 0.14099 | AD40: 0.146394 | AE40: 0.147057 | AF40: 3.2e-05
A41: REM000:ha_Cofiring | B41: Cofiring | C41: 0.033407 | D41: 0.035255 | E41: 0.032028 | F41: 0.031957 | G41: 0.031942 | H41: 0.031793 | I41: 0.030144 | J41: 0.029407 | K41: 0.029292 | L41: 0.029196 | M41: 0.029051 | N41: 0.029799 | O41: 0.029675 | P41: 0.030081 | Q41: 0.029995 | R41: 0.030063 | S41: 0.029951 | T41: 0.029983 | U41: 0.02996 | V41: 0.030157 | W41: 0.030133 | X41: 0.030165 | Y41: 0.030146 | Z41: 0.030173 | AA41: 0.03031 | AB41: 0.030358 | AC41: 0.030474 | AD41: 0.030587 | AE41: 0.030695 | AF41: -0.003019
A42: REM000:ha_SolarThermal | B42: Solar Thermal | C42: 0.026097 | D42: 0.026142 | E42: 0.02559 | F42: 0.025612 | G42: 0.025363 | H42: 0.025058 | I42: 0.024745 | J42: 0.024274 | K42: 0.024036 | L42: 0.02384 | M42: 0.022007 | N42: 0.021626 | O42: 0.020728 | P42: 0.020644 | Q42: 0.019789 | R42: 0.019886 | S42: 0.020183 | T42: 0.020373 | U42: 0.019944 | V42: 0.019694 | W42: 0.019015 | X42: 0.018082 | Y42: 0.017749 | Z42: 0.01733 | AA42: 0.017052 | AB42: 0.016774 | AC42: 0.016619 | AD42: 0.016455 | AE42: 0.016648 | AF42: -0.015926
A43: REM000:ha_SolarPhotovol | B43: Solar Photovoltaic 8/ | C43: 1.177112 | D43: 1.520191 | E43: 2.136887 | F43: 3.17957 | G43: 4.325841 | H43: 5.352685 | I43: 5.958737 | J43: 6.275979 | K43: 6.478005 | L43: 6.825141 | M43: 7.316296 | N43: 7.667536 | O43: 7.998652 | P43: 8.191917 | Q43: 8.540236 | R43: 8.880701 | S43: 9.202519 | T43: 9.377172 | U43: 9.679772 | V43: 9.812637 | W43: 10.01744 | X43: 10.248034 | Y43: 10.580895 | Z43: 10.882163 | AA43: 11.308514 | AB43: 11.581096 | AC43: 11.847967 | AD43: 12.144065 | AE43: 12.509926 | AF43: 0.088074
A44: REM000:ha_Wind | B44: Wind | C44: 3.897385 | D44: 4.056876 | E44: 4.046569 | F44: 4.420499 | G44: 4.995658 | H44: 5.701052 | I44: 6.588266 | J44: 7.313008 | K44: 8.015505 | L44: 8.317482 | M44: 8.468944 | N44: 8.852024 | O44: 9.109915 | P44: 9.374693 | Q44: 9.493549 | R44: 9.501213 | S44: 9.46647 | T44: 9.473149 | U44: 9.45528 | V44: 9.466681 | W44: 9.486225 | X44: 9.525846 | Y44: 9.589043 | Z44: 9.647252 | AA44: 9.63861 | AB44: 9.714403 | AC44: 9.801635 | AD44: 9.792878 | AE44: 9.857403 | AF44: 0.033695
A46: REM000:ia_TotalMarketed | B46: Total Marketed Renewable Energy | C46: 12.806632 | D46: 13.546563 | E46: 14.092015 | F46: 15.552782 | G46: 17.248375 | H46: 18.956732 | I46: 20.29533 | J46: 21.314304 | K46: 22.197727 | L46: 22.835978 | M46: 23.473591 | N46: 24.228859 | O46: 24.840157 | P46: 25.325615 | Q46: 25.811092 | R46: 26.165939 | S46: 26.458969 | T46: 26.633888 | U46: 26.933115 | V46: 27.093468 | W46: 27.34576 | X46: 27.631161 | Y46: 28.036123 | Z46: 28.413322 | AA46: 28.869314 | AB46: 29.271667 | AC46: 29.704914 | AD46: 30.040731 | AE46: 30.511297 | AF46: 0.03149
B48: Sources of Ethanol
A49: REM000:ja_FromCorn | B49: From Corn and Other Starch | C49: 1.263154 | D49: 1.23928 | E49: 1.324231 | F49: 1.318407 | G49: 1.315272 | H49: 1.313495 | I49: 1.317761 | J49: 1.313384 | K49: 1.305957 | L49: 1.300309 | M49: 1.295035 | N49: 1.293353 | O49: 1.293118 | P49: 1.302341 | Q49: 1.301225 | R49: 1.302217 | S49: 1.304563 | T49: 1.307725 | U49: 1.313264 | V49: 1.330781 | W49: 1.33853 | X49: 1.347896 | Y49: 1.349838 | Z49: 1.359517 | AA49: 1.375432 | AB49: 1.392505 | AC49: 1.423452 | AD49: 1.43737 | AE49: 1.447323 | AF49: 0.004873
A50: REM000:ja_FromCellulose | B50: From Cellulose | C50: 0.001455 | D50: 0.001397 | E50: 0.001468 | F50: 0.001468 | G50: 0.001468 | H50: 0.001468 | I50: 0.001468 | J50: 0.000463 | K50: 0.001031 | L50: 0.000851 | M50: 0.00082 | N50: 0.000463 | O50: 0.000463 | P50: 0.000463 | Q50: 0.000463 | R50: 0.000463 | S50: 0.000463 | T50: 0.000463 | U50: 0.000463 | V50: 3.9e-05 | W50: 0.000463 | X50: 0.000463 | Y50: 0.000715 | Z50: 0.001468 | AA50: 0.000463 | AB50: 0.000463 | AC50: 0.000463 | AD50: 0.000424 | AE50: 0.000823 | AF50: -0.020154
A51: REM000:ja_Imports | B51: Net Imports | C51: -0.117203 | D51: -0.09538 | E51: -0.152586 | F51: -0.156399 | G51: -0.160302 | H51: -0.164311 | I51: -0.176445 | J51: -0.18085 | K51: -0.185365 | L51: -0.190007 | M51: -0.194759 | N51: -0.199622 | O51: -0.204611 | P51: -0.219259 | Q51: -0.224739 | R51: -0.230367 | S51: -0.236128 | T51: -0.24202 | U51: -0.248078 | V51: -0.26534 | W51: -0.271971 | X51: -0.278774 | Y51: -0.276443 | Z51: -0.280831 | AA51: -0.287691 | AB51: -0.294887 | AC51: -0.31539 | AD51: -0.317511 | AE51: -0.313985 | AF51: 0.035821
A52: REM000:ja_Total | B52: Total U.S. Supply of Ethanol | C52: 1.147406 | D52: 1.145297 | E52: 1.173112 | F52: 1.163476 | G52: 1.156438 | H52: 1.150652 | I52: 1.142784 | J52: 1.132997 | K52: 1.121622 | L52: 1.111153 | M52: 1.101096 | N52: 1.094194 | O52: 1.088969 | P52: 1.083545 | Q52: 1.076948 | R52: 1.072313 | S52: 1.068897 | T52: 1.066168 | U52: 1.065649 | V52: 1.065481 | W52: 1.067022 | X52: 1.069585 | Y52: 1.074109 | Z52: 1.080154 | AA52: 1.088203 | AB52: 1.09808 | AC52: 1.108525 | AD52: 1.120282 | AE52: 1.134161 | AF52: -0.000415
B55: Nonmarketed Renewable Energy 9/
B56: Selected Consumption
A58: REM000:la_Residential | B58: Residential | C58: 0.393219 | D58: 0.434366 | E58: 0.489793 | F58: 0.536564 | G58: 0.581833 | H58: 0.629531 | I58: 0.676198 | J58: 0.725824 | K58: 0.779751 | L58: 0.836529 | M58: 0.895673 | N58: 0.950675 | O58: 1.009075 | P58: 1.056513 | Q58: 1.10312 | R58: 1.148593 | S58: 1.196789 | T58: 1.251659 | U58: 1.307328 | V58: 1.373433 | W58: 1.438137 | X58: 1.508013 | Y58: 1.58319 | Z58: 1.662218 | AA58: 1.738735 | AB58: 1.819884 | AC58: 1.901515 | AD58: 1.990029 | AE58: 2.072695 | AF58: 0.061163
A59: REM000:la_SolarHotWater | B59: Solar Hot Water Heating | C59: 0.057071 | D59: 0.065247 | E59: 0.07449 | F59: 0.082332 | G59: 0.089647 | H59: 0.096699 | I59: 0.103424 | J59: 0.110056 | K59: 0.117083 | L59: 0.1244 | M59: 0.131754 | N59: 0.136737 | O59: 0.139994 | P59: 0.139617 | Q59: 0.139465 | R59: 0.139221 | S59: 0.13922 | T59: 0.139213 | U59: 0.139127 | V59: 0.139539 | W59: 0.13956 | X59: 0.139798 | Y59: 0.139983 | Z59: 0.140358 | AA59: 0.140489 | AB59: 0.140678 | AC59: 0.140518 | AD59: 0.140775 | AE59: 0.140678 | AF59: 0.032745
A60: REM000:la_GeothermalHea | B60: Geothermal Heat Pumps | C60: 0.014845 | D60: 0.015337 | E60: 0.017393 | F60: 0.019101 | G60: 0.020705 | H60: 0.022253 | I60: 0.023747 | J60: 0.025304 | K60: 0.026698 | L60: 0.02816 | M60: 0.029547 | N60: 0.030886 | O60: 0.032045 | P60: 0.032748 | Q60: 0.03327 | R60: 0.033674 | S60: 0.033866 | T60: 0.03424 | U60: 0.034598 | V60: 0.035141 | W60: 0.035661 | X60: 0.036153 | Y60: 0.036614 | Z60: 0.037158 | AA60: 0.03777 | AB60: 0.038506 | AC60: 0.039143 | AD60: 0.039899 | AE60: 0.040578 | AF60: 0.036565
A61: REM000:la_SolarPhotovol | B61: Solar Photovoltaic 8/ | C61: 0.320742 | D61: 0.353178 | E61: 0.397252 | F61: 0.434426 | G61: 0.470733 | H61: 0.509778 | I61: 0.548173 | J61: 0.589558 | K61: 0.635009 | L61: 0.682952 | M61: 0.7333 | N61: 0.78193 | O61: 0.835914 | P61: 0.883022 | Q61: 0.929259 | R61: 0.974571 | S61: 1.022575 | T61: 1.077076 | U61: 1.132468 | V61: 1.197609 | W61: 1.26177 | X61: 1.330909 | Y61: 1.405431 | Z61: 1.483531 | AA61: 1.559299 | AB61: 1.639516 | AC61: 1.720668 | AD61: 1.808161 | AE61: 1.890247 | AF61: 0.065401
A62: REM000:la_blowWindblow | B62: Wind | C62: 0.000561 | D62: 0.000603 | E62: 0.000659 | F62: 0.000705 | G62: 0.000748 | H62: 0.000801 | I62: 0.000854 | J62: 0.000907 | K62: 0.00096 | L62: 0.001017 | M62: 0.001072 | N62: 0.001122 | O62: 0.001122 | P62: 0.001127 | Q62: 0.001126 | R62: 0.001128 | S62: 0.001128 | T62: 0.00113 | U62: 0.001135 | V62: 0.001144 | W62: 0.001146 | X62: 0.001154 | Y62: 0.001162 | Z62: 0.00117 | AA62: 0.001177 | AB62: 0.001183 | AC62: 0.001187 | AD62: 0.001194 | AE62: 0.001192 | AF62: 0.027265
A64: REM000:ma_Commercial | B64: Commercial | C64: 0.342516 | D64: 0.388984 | E64: 0.431831 | F64: 0.461659 | G64: 0.477331 | H64: 0.497743 | I64: 0.514586 | J64: 0.543017 | K64: 0.563127 | L64: 0.584484 | M64: 0.602429 | N64: 0.628135 | O64: 0.656193 | P64: 0.674563 | Q64: 0.703489 | R64: 0.719807 | S64: 0.74052 | T64: 0.763362 | U64: 0.782215 | V64: 0.802085 | W64: 0.816515 | X64: 0.829349 | Y64: 0.842072 | Z64: 0.853616 | AA64: 0.873652 | AB64: 0.881501 | AC64: 0.891699 | AD64: 0.898828 | AE64: 0.899051 | AF64: 0.035066
A65: REM000:ma_SolarThermal | B65: Solar Thermal | C65: 0.073909 | D65: 0.074151 | E65: 0.075857 | F65: 0.076403 | G65: 0.076692 | H65: 0.076408 | I65: 0.075979 | J65: 0.075916 | K65: 0.075721 | L65: 0.075837 | M65: 0.07584 | N65: 0.075719 | O65: 0.075756 | P65: 0.075952 | Q65: 0.075837 | R65: 0.075588 | S65: 0.07488 | T65: 0.074639 | U65: 0.07434 | V65: 0.074429 | W65: 0.074297 | X65: 0.074153 | Y65: 0.074107 | Z65: 0.074012 | AA65: 0.073801 | AB65: 0.073765 | AC65: 0.073537 | AD65: 0.073493 | AE65: 0.073127 | AF65: -0.00038
A66: REM000:ma_SolarPhotovol | B66: Solar Photovoltaic 8/ | C66: 0.261815 | D66: 0.308044 | E66: 0.349125 | F66: 0.378463 | G66: 0.393909 | H66: 0.41462 | I66: 0.431876 | J66: 0.460305 | K66: 0.480624 | L66: 0.501828 | M66: 0.519754 | N66: 0.54558 | O66: 0.57358 | P66: 0.591709 | Q66: 0.620738 | R66: 0.637336 | S66: 0.65884 | T66: 0.681914 | U66: 0.701094 | V66: 0.720852 | W66: 0.735415 | X66: 0.748405 | Y66: 0.761182 | Z66: 0.772834 | AA66: 0.793086 | AB66: 0.800969 | AC66: 0.811401 | AD66: 0.818581 | AE66: 0.819181 | AF66: 0.041579
A67: REM000:ma_blowWindblow | B67: Wind | C67: 0.006792 | D67: 0.006789 | E67: 0.006849 | F67: 0.006794 | G67: 0.00673 | H67: 0.006714 | I67: 0.006732 | J67: 0.006796 | K67: 0.006782 | L67: 0.00682 | M67: 0.006835 | N67: 0.006836 | O67: 0.006857 | P67: 0.006903 | Q67: 0.006914 | R67: 0.006883 | S67: 0.0068 | T67: 0.006808 | U67: 0.006781 | V67: 0.006804 | W67: 0.006803 | X67: 0.006792 | Y67: 0.006783 | Z67: 0.006769 | AA67: 0.006765 | AB67: 0.006767 | AC67: 0.00676 | AD67: 0.006754 | AE67: 0.006743 | AF67: -0.000257
B69: 1/ Includes nonelectric renewable energy groups for which the energy source is bought and sold in the marketplace, although
B70: all transactions may not necessarily be marketed, and renewable energy inputs for electricity entering the marketplace
B71: on the electric power grid. Excludes electricity imports, which are in Table 2. Actual heat rates used to determine fuel consumption
B72: for all renewable fuels except hydroelectric, geothermal, solar, and wind. Consumption at hydroelectric, geothermal, solar, and
B73: wind facilities is determined by using the average electric power sector net heat rate for fossil fuels.
B74: 2/ Includes combined-heat-and-power plants that have a non-regulatory status and small on-site generating systems.
B75: 3/ Includes municipal waste, landfill gas, and municipal sewage sludge. All municipal waste is included, although a
B76: portion of the municipal waste stream contains petroleum-derived plastics and other non-renewable sources.
B77: 4/ Excludes motor gasoline component of E85.
B78: 5/ Renewable feedstocks for the on-site production of diesel and gasoline.
B79: 6/ Includes consumption of energy by electricity-only and combined-heat-and-power plants that have a regulatory status.
B80: 7/ Includes biogenic municipal waste, landfill gas, and municipal sewage sludge. Incremental growth is assumed to be for
... B90: AEO2023 National Energy Modeling System run ref2023.d020623a. Projections: EIA, AEO2023 National Energy Modeling System run ref2023.d020623a.

Sheet AEO 2023 Table 36 Raw
A1: Table 36. Transportation Sector Energy Use by Fuel Type Within a Mode
A2: https://www.eia.gov/outlooks/aeo/data/browser/#/?id=46-AEO2023&sourcekey=0
A3: Mon Apr 17 2023 13:56:35 GMT-0400 (Eastern Daylight Time)
A4: Source: U.S. Energy Information Administration
B5: full name | C5: api key | D5: units | E5: 2021 | F5: 2022 | G5: 2023 | H5: 2024 | I5: 2025 | J5: 2026 | K5: 2027 | L5: 2028 | M5: 2029 | N5: 2030 | O5: 2031 | P5: 2032 | Q5: 2033 | R5: 2034 | S5: 2035 | T5: 2036 | U5: 2037 | V5: 2038 | W5: 2039 | X5: 2040 | Y5: 2041 | Z5: 2042 | AA5: 2043 | AB5: 2044 | AC5: 2045 | AD5: 2046 | AE5: 2047 | AF5: 2048 | AG5: 2049 | AH5: 2050 | AI5: Growth (2022-2050)
A6: Light-Duty Vehicle | B6: Transportation Energy Use: Light-Duty Vehicle: Total: Reference case | C6: AEO.2023.REF2023.CNSM_NA_TRN_LDTY_NA_NA_NA_TRLBTU.A | D6: trillion Btu | F6: 14541.973 | G6: 14586.113 | H6: 14429.691 | I6: 14201.925 | J6: 14016.908 | K6: 13860.762 | L6: 13679.086 | M6: 13473.831 | N6: 13253.083 | O6: 13044.085 | P6: 12836.978 | Q6: 12674.038 | R6: 12534.655 | S6: 12394.663 | T6: 12251.547 | U6: 12130.821 | V6: 12028.415 | W6: 11933.922 | X6: 11864.001 | Y6: 11805.396 | Z6: 11762.741 | AA6: 11733.644 | AB6: 11725.386 | AC6: 11735.774 | AD6: 11770.763 | AE6: 11824.349 | AF6: 11889.715 | AG6: 11962.909 | AH6: 12054.454 | AI6: -0.007
A7: Motor Gasoline excluding E85 | B7: Transportation Energy Use: Light-Duty Vehicle: Motor Gasoline: Reference case | C7: AEO.2023.REF2023.CNSM_NA_TRN_LDTY_MGS_NA_NA_TRLBTU.A | D7: trillion Btu | F7: 14415.272 | G7: 14443.936 | H7: 14272.424 | I7: 14024.321 | J7: 13815.495 | K7: 13632.25 | L7: 13419.692 | M7: 13179.96 | N7: 12922.15 | O7: 12678.574 | P7: 12437.037 | Q7: 12238.959 | R7: 12063.409 | S7: 11887.983 | T7: 11710.702 | U7: 11556.08 | V7: 11421.213 | W7: 11295.929 | X7: 11196.766 | Y7: 11110.767 | Z7: 11042.225 | AA7: 10988.435 | AB7: 10958.348 | AC7: 10949.109 | AD7: 10963.974 | AE7: 10998.307 | AF7: 11045.134 | AG7: 11100.26 | AH7: 11174.06 | AI7: -0.009
A8: E85 | B8: Transportation Energy Use: Light-Duty Vehicle: Ethanol: Reference case | C8: AEO.2023.REF2023.CNSM_NA_TRN_LDTY_ETH_NA_NA_TRLBTU.A | D8: trillion Btu | F8: 31.110834 | G8: 31.64006 | H8: 29.552767 | I8: 29.441513 | J8: 28.728485 | K8: 27.952177 | L8: 27.018059 | M8: 25.972713 | N8: 24.873795 | O8: 23.80064 | P8: 22.75461 | Q8: 21.823027 | R8: 20.987984 | S8: 20.244169 | T8: 19.537762 | U8: 19.024712 | V8: 18.648621 | W8: 18.39851 | X8: 18.275644 | Y8: 18.222813 | Z8: 18.236134 | AA8: 18.340065 | AB8: 18.452595 | AC8: 18.609615 | AD8: 18.756809 | AE8: 19.004078 | AF8: 19.229309 | AG8: 19.515997 | AH8: 19.788425 | AI8: -0.016
A9: Distillate Fuel Oil (diesel) | B9: Transportation Energy Use: Light-Duty Vehicle: Distillate Fuel Oil: Reference case | C9: AEO.2023.REF2023.CNSM_NA_TRN_LDTY_DFO_NA_NA_TRLBTU.A | D9: trillion Btu | F9: 61.460403 | G9: 64.69902 | H9: 67.503647 | I9: 70.684074 | J9: 74.503555 | K9: 77.63253 | L9: 81.324982 | M9: 84.520767 | N9: 86.959732 | O9: 89.758049 | P9: 91.490158 | Q9: 93.247543 | R9: 95.158997 | S9: 96.641708 | T9: 98.053238 | U9: 99.8647 | V9: 101.3619 | W9: 102.78562 | X9: 104.47522 | Y9: 105.74961 | Z9: 107.32461 | AA9: 109.77927 | AB9: 110.92001 | AC9: 111.97984 | AD9: 113.44128 | AE9: 115.03706 | AF9: 116.75106 | AG9: 118.59347 | AH9: 120.69574 | AI9: 0.024
A10: Compressed/Liquefied Natural Gas | B10: Transportation Energy Use: Light-Duty Vehicle: Natural Gas: Reference case | C10: AEO.2023.REF2023.CNSM_NA_TRN_LDTY_NG_NA_NA_TRLBTU.A | D10: trillion Btu | F10: 0.712888 | G10: 0.677668 | H10: 0.537752 | I10: 0.515005 | J10: 0.507019 | K10: 0.492443 | L10: 0.481839 | M10: 0.470472 | N10: 0.445942 | O10: 0.443445 | P10: 0.437883 | Q10: 0.433434 | R10: 0.431733 | S10: 0.430499 | T10: 0.427096 | U10: 0.424631 | V10: 0.426227 | W10: 0.378024 | X10: 0.335326 | Y10: 0.340053 | Z10: 0.343781 | AA10: 0.346656 | AB10: 0.349313 | AC10: 0.351864 | AD10: 0.356448 | AE10: 0.36171 | AF10: 0.367786 | AG10: 0.374043 | AH10: 0.381082 | AI10: -0.022
A11: Propane | B11: Transportation Energy Use: Light-Duty Vehicle: Propane: Reference case | C11: AEO.2023.REF2023.CNSM_NA_TRN_LDTY_PROP_NA_NA_TRLBTU.A | D11: trillion Btu | F11: 0.797388 | G11: 0.735487 | H11: 0.547456 | I11: 0.540668 | J11: 0.544193 | K11: 0.561282 | L11: 0.312092 | M11: 0.33014 | N11: 0.384077 | O11: 0.437626 | P11: 0.489719 | Q11: 0.540254 | R11: 0.590177 | S11: 0.638076 | T11: 0.684164 | U11: 0.72876 | V11: 0.771586 | W11: 0.812987 | X11: 0.85285 | Y11: 0.891809 | Z11: 0.930713 | AA11: 0.968622 | AB11: 1.007558 | AC11: 1.048031 | AD11: 1.096531 | AE11: 1.150243 | AF11: 1.209162 | AG11: 1.271896 | AH11: 1.341161 | AI11: 0.019
A12: Electricity | B12: Transportation Energy Use: Light-Duty Vehicle: Electricity: Reference case | C12: AEO.2023.REF2023.CNSM_NA_TRN_LDTY_ELC_NA_NA_TRLBTU.A | D12: trillion Btu | F12: 32.193668 | G12: 43.907116 | H12: 58.529484 | I12: 75.757942 | J12: 96.391159 | K12: 121.06613 | L12: 149.37682 | M12: 181.62849 | N12: 217.24832 | O12: 249.97737 | P12: 283.60272 | Q12: 317.79742 | R12: 352.76804 | S12: 387.34479 | T12: 420.6944 | U12: 453.18622 | V12: 484.42331 | W12: 513.9956 | X12: 541.63086 | Y12: 567.72461 | Z12: 591.9502 | AA12: 614.02081 | AB12: 634.53888 | AC12: 652.89734 | AD12: 671.34821 | AE12: 688.6897 | AF12: 705.21576 | AG12: 721.08112 | AH12: 736.37286 | AI12: 0.118
A13: Hydrogen | B13: Transportation Energy Use: Light-Duty Vehicle: Hydrogen: Reference case | C13: AEO.2023.REF2023.CNSM_NA_TRN_LDTY_HDG_NA_NA_TRLBTU.A | D13: trillion Btu | F13: 0.426139 | G13: 0.518183 | H13: 0.595767 | I13: 0.665118 | J13: 0.737872 | K13: 0.80678 | L13: 0.879698 | M13: 0.948358 | N13: 1.020552 | O13: 1.093446 | P13: 1.165657 | Q13: 1.237105 | R13: 1.309695 | S13: 1.380918 | T13: 1.447488 | U13: 1.512508 | V13: 1.570883 | W13: 1.623062 | X13: 1.665691 | Y13: 1.699897 | Z13: 1.731693 | AA13: 1.753623 | AB13: 1.769871 | AC13: 1.779117 | AD13: 1.789497 | AE13: 1.800149 | AF13: 1.807713 | AG13: 1.813287 | AH13: 1.816777 | AI13: 0.053
A14: Commercial Light Trucks | B14: Transportation Energy Use: Commercial Light Trucks: Total: Reference case | C14: AEO.2023.REF2023.CNSM_NA_TRN_CLTR_NA_NA_NA_TRLBTU.A | D14: trillion Btu | F14: 951.50281 | G14: 942.55829 | H14: 925.34039 | I14: 912.45154 | J14: 903.11096 | K14: 894.80664 | L14: 888.38452 | M14: 882.9956 | N14: 877.03247 | O14: 872.79089 | P14: 871.79065 | Q14: 871.86755 | R14: 873.03363 | S14: 875.07349 | T14: 877.49945 | U14: 881.02332 | V14: 885.54096 | W14: 889.79608 | X14: 896.14636 | Y14: 903.92438 | Z14: 911.92645 | AA14: 919.0462 | AB14: 925.474 | AC14: 932.77234 | AD14: 941.2807 | AE14: 951.49884 | AF14: 960.51416 | AG14: 969.5788 | AH14: 981.5957 | AI14: 0.001
A15: Motor Gasoline excluding E85 | B15: Transportation Energy Use: Commercial Light Trucks: Motor Gasoline: Reference case | C15: AEO.2023.REF2023.CNSM_NA_TRN_CLTR_MGS_NA_NA_TRLBTU.A | D15: trillion Btu | F15: 657.76746 | G15: 651.25983 | H15: 640.80762 | I15: 634.44543 | J15: 630.82428 | K15: 624.78125 | L15: 620.94763 | M15: 618.08075 | N15: 615.03595 | O15: 613.48315 | P15: 614.07129 | Q15: 615.42194 | R15: 617.64148 | S15: 620.38318 | T15: 623.32221 | U15: 627.02631 | V15: 631.23346 | W15: 635.20404 | X15: 640.80859 | Y15: 646.77948 | Z15: 653.38257 | AA15: 659.03369 | AB15: 663.90283 | AC15: 669.03552 | AD15: 675.10999 | AE15: 682.46606 | AF15: 688.97082 | AG15: 695.63995 | AH15: 704.23315 | AI15: 0.002
A16: E85 | B16: Transportation Energy Use: Commercial Light Trucks: E85: Reference case | C16: AEO.2023.REF2023.CNSM_NA_TRN_CLTR_E85_NA_NA_TRLBTU.A | D16: trillion Btu | F16: 3.51367 | G16: 3.389497 | H16: 2.991625 | I16: 2.903706 | J16: 2.76768 | K16: 2.708098 | L16: 2.664845 | M16: 2.671002 | N16: 2.68058 | O16: 2.705457 | P16: 2.745193 | Q16: 2.803118 | R16: 2.875419 | S16: 2.972388 | T16: 3.075218 | U16: 3.206507 | V16: 3.350161 | W16: 3.50104 | X16: 3.666781 | Y16: 3.843432 | Z16: 4.016943 | AA16: 4.194909 | AB16: 4.354052 | AC16: 4.515519 | AD16: 4.667729 | AE16: 4.835943 | AF16: 4.97936 | AG16: 5.131686 | AH16: 5.282454 | AI16: 0.015
A17: Distillate Fuel Oil (diesel) | B17: Transportation Energy Use: Commercial Light Trucks: Distillate Fuel Oil: Reference case | C17: AEO.2023.REF2023.CNSM_NA_TRN_CLTR_DFO_NA_NA_TRLBTU.A | D17: trillion Btu | F17: 289.12039 | G17: 286.82144 | H17: 280.46921 | I17: 274.07837 | J17: 268.54092 | K17: 266.37576 | L17: 263.84299 | M17: 261.31543 | N17: 258.40118 | O17: 255.69388 | P17: 254.05814 | Q17: 252.70514 | R17: 251.54263 | S17: 250.69047 | T17: 250.00555 | U17: 249.60524 | V17: 249.66022 | W17: 249.65735 | X17: 250.07077 | Y17: 251.50558 | Z17: 252.50731 | AA17: 253.54639 | AB17: 254.6667 | AC17: 256.36206 | AD17: 258.3045 | AE17: 260.63464 | AF17: 262.62152 | AG17: 264.4642 | AH17: 267.30786 | AI17: -0.003
... A19: Compressed/Liquefied Natural Gas | B19: Transportation Energy Use: Commercial Light Trucks: Natural Gas: Reference case | C19: AEO.2023.REF2023.CNSM_NA_TRN_CLTR_NG_NA_NA_TRLBTU.A | D19: trillion Btu | F19: 1.100109 | G19: 1.028096 | H19: 0.954857 | I19: 0.851628 | J19: 0.748517 | K19: 0.657968 | L19: 0.592555 | M19: 0.535011 | N19: 0.478159 | O19: 0.423993 | P19: 0.376664 | Q19: 0.335485 | R19: 0.300891 | S19: 0.271073 | T19: 0.243198 | U19: 0.217586 | V19: 0.194927 | W19: 0.176079 | X19: 0.160581 | Y19: 0.146182 | Z19: 0.133464 | AA19: 0.121475 | AB19: 0.110383 | AC19: 0.099974 | AD19: 0.087947 | AE19: 0.07232 | AF19: 0.057146 | AG19: 0.045076 | AH19: 0.03417 | AI19: -0.117
A20: Electricity | B20: Transportation Energy Use: Commercial Light Trucks: Electricity: Reference case | C20: AEO.2023.REF2023.CNSM_NA_TRN_CLTR_ELC_NA_NA_TRLBTU.A | D20: trillion Btu | F20: 0 | G20: 0 | H20: 0 | I20: 0 | J20: 0 | K20: 0 | L20: 0 | M20: 0 | N20: 0 | O20: 0 | P20: 0 | Q20: 0 | R20: 0 | S20: 0 | T20: 0 | U20: 0 | V20: 0 | W20: 0 | X20: 0 | Y20: 0 | Z20: 0 | AA20: 0 | AB20: 0 | AC20: 0 | AD20: 0 | AE20: 0 | AF20: 0 | AG20: 0 | AH20: 0 | AI20: - -
A21: Hydrogen | B21: Transportation Energy Use: Commercial Light Trucks: Hydrogen: Reference case | C21: AEO.2023.REF2023.CNSM_NA_TRN_CLTR_HDG_NA_NA_TRLBTU.A | D21: trillion Btu | F21: 0 | G21: 0 | H21: 0 | I21: 0 | J21: 0 | K21: 0 | L21: 0 | M21: 0 | N21: 0 | O21: 0 | P21: 0 | Q21: 0 | R21: 0 | S21: 0 | T21: 0 | U21: 0 | V21: 0 | W21: 0 | X21: 0 | Y21: 0 | Z21: 0 | AA21: 0 | AB21: 0 | AC21: 0 | AD21: 0 | AE21: 0 | AF21: 0 | AG21: 0 | AH21: 0 | AI21: - -
A22: Freight Trucks | B22: Transportation Energy Use: Freight Trucks: Total: Reference case | C22: AEO.2023.REF2023.CNSM_NA_TRN_FRTT_NA_NA_NA_TRLBTU.A | D22: trillion Btu | F22: 5922.791 | G22: 5816.7056 | H22: 5728.0952 | I22: 5673.0986 | J22: 5638.8965 | K22: 5591.7085 | L22: 5543.7119 | M22: 5483.6694 | N22: 5422.3887 | O22: 5371.3027 | P22: 5340.1582 | Q22: 5306.5049 | R22: 5278.7798 | S22: 5261.2471 | T22: 5242.999 | U22: 5237.6973 | V22: 5236.3618 | W22: 5238.3042 | X22: 5247.9146 | Y22: 5263.2085 | Z22: 5281.4541 | AA22: 5299.6816 | AB22: 5316.7681 | AC22: 5331.7002 | AD22: 5353.1992 | AE22: 5376.3164 | AF22: 5393.3179 | AG22: 5413.417 | AH22: 5450.0122 | AI22: -0.003
A23: Motor Gasoline | B23: Transportation Energy Use: Freight Trucks: Motor Gasoline: Reference case | C23: AEO.2023.REF2023.CNSM_NA_TRN_FRTT_MGS_NA_NA_TRLBTU.A | D23: trillion Btu | F23: 616.2052 | G23: 611.60089 | H23: 610.37268 | I23: 612.19367 | J23: 616.9259 | K23: 620.02863 | L23: 623.43561 | M23: 626.1109 | N23: 629.31873 | O23: 633.79578 | P23: 641.25617 | Q23: 647.76111 | R23: 654.28461 | S23: 661.13013 | T23: 667.05139 | U23: 674.55737 | V23: 681.19171 | W23: 688.82941 | X23: 697.0672 | Y23: 706.54358 | Z23: 715.97064 | AA23: 725.08044 | AB23: 734.18097 | AC23: 743.18781 | AD23: 753.50971 | AE23: 764.21655 | AF23: 774.0188 | AG23: 784.56543 | AH23: 797.65808 | AI23: 0.009
A24: Distillate Fuel Oil (diesel) | B24: Transportation Energy Use: Freight Trucks: Distillate Fuel Oil: Reference case | C24: AEO.2023.REF2023.CNSM_NA_TRN_FRTT_DFO_NA_NA_TRLBTU.A | D24: trillion Btu | F24: 5252.3306 | G24: 5150.2441 | H24: 5062.3154 | I24: 5004.9751 | J24: 4965.6987 | K24: 4915.5693 | L24: 4864.6592 | M24: 4802.8213 | N24: 4739.4141 | O24: 4684.7788 | P24: 4646.6831 | Q24: 4606.6587 | R24: 4572.083 | S24: 4546.9648 | T24: 4521.8164 | U24: 4507.6465 | V24: 4498.0513 | W24: 4490.4604 | X24: 4489.5615 | Y24: 4492.7368 | Z24: 4498.6597 | AA24: 4504.667 | AB24: 4509.3804 | AC24: 4511.9082 | AD24: 4519.4395 | AE24: 4527.9907 | AF24: 4531.3125 | AG24: 4536.8086 | AH24: 4555.8003 | AI24: -0.005
A25: Compressed/Liquefied Natural Gas | B25: Transportation Energy Use: Freight Trucks: Natural Gas: Reference case | C25: AEO.2023.REF2023.CNSM_NA_TRN_FRTT_NG_NA_NA_TRLBTU.A | D25: trillion Btu | F25: 51.344929 | G25: 51.773193 | H25: 51.965775 | I25: 52.061794 | J25: 52.003609 | K25: 51.453991 | L25: 50.587242 | M25: 49.35791 | N25: 47.935226 | O25: 46.656029 | P25: 45.774757 | Q25: 45.265823 | R25: 45.213749 | S25: 45.570152 | T25: 46.181812 | U25: 47.148071 | V25: 48.373516 | W25: 49.850357 | X25: 51.657871 | Y25: 53.785 | Z25: 56.128628 | AA25: 58.653038 | AB25: 61.32283 | AC25: 64.089226 | AD25: 67.060806 | AE25: 70.195709 | AF25: 73.347763 | AG25: 76.647514 | AH25: 80.336479 | AI25: 0.016
A26: Propane | B26: Transportation Energy Use: Freight Trucks: Propane: Reference case | C26: AEO.2023.REF2023.CNSM_NA_TRN_FRTT_LPG_NA_NA_TRLBTU.A | D26: trillion Btu | F26: 1.245265 | G26: 1.386178 | H26: 1.524881 | I26: 1.656008 | J26: 1.786266 | K26: 1.903707 | L26: 2.010578 | M26: 2.099689 | N26: 2.180499 | O26: 2.260465 | P26: 2.347809 | Q26: 2.440473 | R26: 2.541221 | S26: 2.644983 | T26: 2.752405 | U26: 2.87385 | V26: 3.004591 | W26: 3.149585 | X26: 3.313908 | Y26: 3.500602 | Z26: 3.702072 | AA26: 3.917007 | AB26: 4.141416 | AC26: 4.376885 | AD26: 4.632447 | AE26: 4.901746 | AF26: 5.174631 | AG26: 5.447477 | AH26: 5.745036 | AI26: 0.056
A27: E85 | B27: Transportation Energy Use: Freight Trucks: E85: Reference case | C27: AEO.2023.REF2023.CNSM_NA_TRN_FRTT_E85_NA_NA_TRLBTU.A | D27: trillion Btu | F27: 1.575329 | G27: 1.59209 | H27: 1.542675 | I27: 1.600683 | J27: 1.639342 | K27: 1.678971 | L27: 1.719318 | M27: 1.762707 | N27: 1.813895 | O27: 1.879181 | P27: 1.95436 | Q27: 2.033936 | R27: 2.113308 | S27: 2.196958 | T27: 2.268667 | U27: 2.353445 | V27: 2.433783 | W27: 2.515797 | X27: 2.611985 | Y27: 2.71994 | Z27: 2.833077 | AA27: 2.961128 | AB27: 3.087059 | AC27: 3.218797 | AD27: 3.346063 | AE27: 3.488648 | AF27: 3.617473 | AG27: 3.75576 | AH27: 3.895148 | AI27: 0.033
A28: Electricity | B28: Transportation Energy Use: Freight Trucks: Electricity: Reference case | C28: AEO.2023.REF2023.CNSM_NA_TRN_FRTT_ELC_NA_NA_TRLBTU.A | D28: trillion Btu | F28: 0.090132 | G28: 0.109146 | H28: 0.144005 | I28: 0.163405 | J28: 0.180895 | K28: 0.195757 | L28: 0.208274 | M28: 0.218016 | N28: 0.225574 | O28: 0.231714 | P28: 0.236945 | Q28: 0.240285 | R28: 0.242473 | S28: 0.244232 | T28: 0.245169 | U28: 0.246735 | V28: 0.249455 | W28: 0.25267 | X28: 0.257144 | Y28: 0.263999 | Z28: 0.273114 | AA28: 0.282851 | AB28: 0.293846 | AC28: 0.306597 | AD28: 0.321782 | AE28: 0.338025 | AF28: 0.354865 | AG28: 0.372904 | AH28: 0.39289 | AI28: 0.054
A29: Hydrogen | B29: Transportation Energy Use: Freight Trucks: Hydrogen: Reference case | C29: AEO.2023.REF2023.CNSM_NA_TRN_FRTT_HDG_NA_NA_TRLBTU.A | D29: trillion Btu | F29: 0 | G29: 0 | H29: 0.229727 | I29: 0.447252 | J29: 0.662312 | K29: 0.877515 | L29: 1.09125 | M29: 1.299036 | N29: 1.500679 | O29: 1.700765 | P29: 1.904776 | Q29: 2.104716 | R29: 2.301462 | S29: 2.495941 | T29: 2.683397 | U29: 2.871152 | V29: 3.057535 | W29: 3.245911 | X29: 3.444844 | Y29: 3.658572 | Z29: 3.886771 | AA29: 4.120397 | AB29: 4.36127 | AC29: 4.612166 | AD29: 4.888996 | AE29: 5.184831 | AF29: 5.492115 | AG29: 5.819783 | AH29: 6.18408 | AI29: - -
A30: Freight Rail | B30: Transportation Energy Use: Freight Rail: Total: Reference case | C30: AEO.2023.REF2023.CNSM_NA_TRN_FRAIL_NA_NA_NA_TRLBTU.A | D30: trillion Btu | F30: 481.38171 | G30: 474.82239 | H30: 494.12915 | I30: 482.20422 | J30: 461.88034 | K30: 446.09524 | L30: 439.74536 | M30: 444.5257 | N30: 441.89194 | O30: 443.42331 | P30: 447.43723 | Q30: 450.64798 | R30: 452.66559 | S30: 455.51504 | T30: 455.89371 | U30: 456.86227 | V30: 458.27463 | W30: 457.60877 | X30: 458.12836 | Y30: 461.67325 | Z30: 464.58835 | AA30: 464.93649 | AB30: 464.92282 | AC30: 464.77069 | AD30: 465.76679 | AE30: 468.15533 | AF30: 471.33984 | AG30: 472.59906 | AH30: 475.72867 | AI30: 0
A31: Distillate Fuel Oil (diesel) | B31: Transportation Energy Use: Freight Rail: Distillate Fuel Oil: Reference case | C31: AEO.2023.REF2023.CNSM_NA_TRN_FRAIL_DFO_NA_NA_TRLBTU.A | D31: trillion Btu | F31: 480.86655 | G31: 473.79251 | H31: 492.51502 | I31: 480.10034 | J31: 459.17535 | K31: 442.59573 | L31: 435.20493 | M31: 438.61609 | N31: 434.49127 | O31: 434.25302 | P31: 435.99301 | Q31: 436.48691 | R31: 435.37204 | S31: 434.60773 | T31: 431.05429 | U31: 427.65039 | V31: 424.25372 | W31: 418.55365 | X31: 413.58151 | Y31: 410.94678 | Z31: 407.33847 | AA31: 401.1214 | AB31: 394.29074 | AC31: 387.0668 | AD31: 380.52634 | AE31: 373.70102 | AF31: 367.60938 | AG31: 360.13336 | AH31: 354.19946 | AI31: -0.011
A32: Residual Fuel Oil | B32: Transportation Energy Use: Freight Rail: Residual Fuel Oil: Reference case | C32: AEO.2023.REF2023.CNSM_NA_TRN_FRAIL_RFO_NA_NA_TRLBTU.A | D32: trillion Btu | F32: 0 | G32: 0 | H32: 0 | I32: 0 | J32: 0 | K32: 0 | L32: 0 | M32: 0 | N32: 0 | O32: 0 | P32: 0 | Q32: 0 | R32: 0 | S32: 0 | T32: 0 | U32: 0 | V32: 0 | W32: 0 | X32: 0 | Y32: 0 | Z32: 0 | AA32: 0 | AB32: 0 | AC32: 0 | AD32: 0 | AE32: 0 | AF32: 0 | AG32: 0 | AH32: 0 | AI32: - -
A33: Compressed Natural Gas | B33: Transportation Energy Use: Freight Rail: CNG: Reference case | C33: AEO.2023.REF2023.CNSM_NA_TRN_FRAIL_CNG_NA_NA_TRLBTU.A | D33: trillion Btu | F33: 0 | G33: 0 | H33: 0 | I33: 0 | J33: 0 | K33: 0 | L33: 0 | M33: 0 | N33: 0 | O33: 0 | P33: 0 | Q33: 0 | R33: 0 | S33: 0 | T33: 0 | U33: 0 | V33: 0 | W33: 0 | X33: 0 | Y33: 0 | Z33: 0 | AA33: 0 | AB33: 0 | AC33: 0 | AD33: 0 | AE33: 0 | AF33: 0 | AG33: 0 | AH33: 0 | AI33: - -
A34: Liquefied Natural Gas | B34: Transportation Energy Use: Freight Rail: LNG: Reference case | C34: AEO.2023.REF2023.CNSM_NA_TRN_FRAIL_LNG_NA_NA_TRLBTU.A | D34: trillion Btu | F34: 0.515163 | G34: 1.02989 | H34: 1.614129 | I34: 2.103867 | J34: 2.704991 | K34: 3.499511 | L34: 4.540437 | M34: 5.909603 | N34: 7.400651 | O34: 9.170284 | P34: 11.444215 | Q34: 14.161068 | R34: 17.293554 | S34: 20.907318 | T34: 24.839417 | U34: 29.211893 | V34: 34.020897 | W34: 39.055111 | X34: 44.546833 | Y34: 50.726471 | Z34: 57.249889 | AA34: 63.815086 | AB34: 70.632088 | AC34: 77.703888 | AD34: 85.240448 | AE34: 94.45433 | AF34: 103.73048 | AG34: 112.46571 | AH34: 121.5292 | AI34: 0.215
A35: Domestic Shipping | B35: Transportation Energy Use: Domestic Shipping: Total: Reference case | C35: AEO.2023.REF2023.CNSM_NA_TRN_DMT_NA_NA_NA_TRLBTU.A | D35: trillion Btu | F35: 98.239021 | G35: 98.920753 | H35: 98.114662 | I35: 97.346069 | J35: 96.685867 | K35: 95.823471 | L35: 94.964699 | M35: 93.890503 | N35: 92.919189 | O35: 92.029816 | P35: 91.401108 | Q35: 90.674225 | R35: 89.934029 | S35: 89.168869 | T35: 88.333008 | U35: 87.614967 | V35: 86.833351 | W35: 86.156693 | X35: 85.473595 | Y35: 84.846123 | Z35: 84.273766 | AA35: 83.705399 | AB35: 83.103455 | AC35: 82.418205 | AD35: 81.856209 | AE35: 81.249023 | AF35: 80.57312 | AG35: 79.990395 | AH35: 79.59285 | AI35: -0.007
A36: Distillate Fuel Oil (diesel) | B36: Transportation Energy Use: Domestic Shipping: Distillate Fuel Oil: Reference case | C36: AEO.2023.REF2023.CNSM_NA_TRN_DMT_DFO_NA_NA_TRLBTU.A | D36: trillion Btu | F36: 95.724983 | G36: 96.410873 | H36: 95.648369 | I36: 94.922401 | J36: 94.299675 | K36: 93.480141 | L36: 92.663536 | M36: 91.636002 | N36: 90.709732 | O36: 89.864052 | P36: 89.27182 | Q36: 88.583908 | R36: 87.881882 | S36: 87.15461 | T36: 86.355026 | U36: 85.672012 | V36: 84.929306 | W36: 84.29055 | X36: 83.598648 | Y36: 82.885956 | Z36: 82.221779 | AA36: 81.555756 | AB36: 80.850998 | AC36: 80.05899 | AD36: 79.380051 | AE36: 78.650116 | AF36: 77.846336 | AG36: 77.124741 | AH36: 76.572762 | AI36: -0.008
A37: Residual Oil | B37: Transportation Energy Use: Domestic Shipping: Residual Oil: Reference case | C37: AEO.2023.REF2023.CNSM_NA_TRN_DMT_RFO_NA_NA_TRLBTU.A | D37: trillion Btu | F37: 1.875904 | G37: 1.807883 | H37: 1.713682 | I37: 1.621937 | J37: 1.541314 | K37: 1.455168 | L37: 1.371278 | M37: 1.286325 | N37: 1.199985 | O37: 1.112551 | P37: 1.031564 | Q37: 0.948396 | R37: 0.868606 | S37: 0.791824 | T37: 0.725306 | U37: 0.65481 | V37: 0.575319 | W37: 0.49193 | X37: 0.417902 | Y37: 0.414755 | Z37: 0.411875 | AA37: 0.409016 | AB37: 0.40599 | AC37: 0.402548 | AD37: 0.399741 | AE37: 0.396733 | AF37: 0.393356 | AG37: 0.390453 | AH37: 0.388505 | AI37: -0.055
A38: Compressed Natural Gas | B38: Transportation Energy Use: Domestic Shipping: CNG: Reference case | C38: AEO.2023.REF2023.CNSM_NA_TRN_DMT_CNG_NA_NA_TRLBTU.A | D38: trillion Btu | F38: 0 | G38: 0 | H38: 0 | I38: 0 | J38: 0 | K38: 0 | L38: 0 | M38: 0 | N38: 0 | O38: 0 | P38: 0 | Q38: 0 | R38: 0 | S38: 0 | T38: 0 | U38: 0 | V38: 0 | W38: 0 | X38: 0 | Y38: 0 | Z38: 0 | AA38: 0 | AB38: 0 | AC38: 0 | AD38: 0 | AE38: 0 | AF38: 0 | AG38: 0 | AH38: 0 | AI38: - -
A39: Liquefied Natural Gas | B39: Transportation Energy Use: Domestic Shipping: LNG: Reference case | C39: AEO.2023.REF2023.CNSM_NA_TRN_DMT_LNG_NA_NA_TRLBTU.A | D39: trillion Btu | F39: 0.638131 | G39: 0.702 | H39: 0.752607 | I39: 0.801725 | J39: 0.84488 | K39: 0.888157 | L39: 0.929884 | M39: 0.968181 | N39: 1.009477 | O39: 1.053212 | P39: 1.097725 | Q39: 1.141919 | R39: 1.183538 | S39: 1.222433 | T39: 1.252678 | U39: 1.288148 | V39: 1.328728 | W39: 1.374214 | X39: 1.457046 | Y39: 1.54541 | Z39: 1.640115 | AA39: 1.740627 | AB39: 1.846467 | AC39: 1.956663 | AD39: 2.076418 | AE39: 2.202173 | AF39: 2.333424 | AG39: 2.475207 | AH39: 2.631587 | AI39: 0.052
A40: International Shipping | B40: Transportation Energy Use: International Shipping: Total: Reference case | C40: AEO.2023.REF2023.CNSM_NA_TRN_INTS_NA_NA_NA_TRLBTU.A | D40: trillion Btu | F40: 935.02771 | G40: 881.83038 | H40: 877.7273 | I40: 878.60413 | J40: 871.25031 | K40: 868.44873 | L40: 862.68933 | M40: 859.14197 | N40: 856.6344 | O40: 857.13648 | P40: 857.43701 | Q40: 858.00024 | R40: 857.76019 | S40: 858.2179 | T40: 857.54724 | U40: 857.61346 | V40: 857.63464 | W40: 857.34979 | X40: 857.24542 | Y40: 857.30096 | Z40: 857.82971 | AA40: 857.81982 | AB40: 858.04791 | AC40: 858.06763 | AD40: 860.63342 | AE40: 860.92426 | AF40: 859.83441 | AG40: 859.1217 | AH40: 858.0946 | AI40: -0.003
A41: Distillate Fuel Oil (diesel) | B41: Transportation Energy Use: International Shipping: Distillate Fuel Oil: Reference case | C41: AEO.2023.REF2023.CNSM_NA_TRN_INTS_DFO_NA_NA_TRLBTU.A | D41: trillion Btu | F41: 222.93867 | G41: 318.21375 | H41: 318.50684 | I41: 321.42749 | J41: 326.40894 | K41: 331.7504 | L41: 339.13263 | M41: 343.65381 | N41: 348.44 | O41: 348.61185 | P41: 349.93619 | Q41: 351.71851 | R41: 354.40064 | S41: 355.177 | T41: 356.67023 | U41: 356.87671 | V41: 358.82895 | W41: 358.93921 | X41: 360.5722 | Y41: 361.26196 | Z41: 361.28479 | AA41: 360.64624 | AB41: 360.38776 | AC41: 360.0556 | AD41: 358.46176 | AE41: 357.26376 | AF41: 357.07413 | AG41: 355.22809 | AH41: 354.51148 | AI41: 0.017
A42: Residual Oil | B42: Transportation Energy Use: International Shipping: Residual Oil: Reference case | C42: AEO.2023.REF2023.CNSM_NA_TRN_INTS_RFO_NA_NA_TRLBTU.A | D42: trillion Btu | F42: 685.66516 | G42: 532.14972 | H42: 519.35321 | I42: 520.34845 | J42: 497.46442 | K42: 487.75363 | L42: 469.75632 | M42: 458.26987 | N42: 449.82733 | O42: 449.95633 | P42: 449.27518 | Q42: 449.44376 | R42: 447.34497 | S42: 447.23685 | T42: 444.02316 | U42: 442.96899 | V42: 441.81567 | W42: 439.63165 | X42: 437.97662 | Y42: 436.76758 | Z42: 436.80939 | AA42: 435.24387 | AB42: 434.29315 | AC42: 432.73309 | AD42: 438.45755 | AE42: 437.70047 | AF42: 432.9209 | AG42: 429.2475 | AH42: 424.56079 | AI42: -0.017
A43: Compressed Natural Gas | B43: Transportation Energy Use: International Shipping: CNG: Reference case | C43: AEO.2023.REF2023.CNSM_NA_TRN_INTS_CNG_NA_NA_TRLBTU.A | D43: trillion Btu | F43: 0 | G43: 0 | H43: 0 | I43: 0 | J43: 0 | K43: 0 | L43: 0 | M43: 0 | N43: 0 | O43: 0 | P43: 0 | Q43: 0 | R43: 0 | S43: 0 | T43: 0 | U43: 0 | V43: 0 | W43: 0 | X43: 0 | Y43: 0 | Z43: 0 | AA43: 0 | AB43: 0 | AC43: 0 | AD43: 0 | AE43: 0 | AF43: 0 | AG43: 0 | AH43: 0 | AI43: - -
A44: Liquefied Natural Gas | B44: Transportation Energy Use: International Shipping: LNG: Reference case | C44: AEO.2023.REF2023.CNSM_NA_TRN_INTS_LNG_NA_NA_TRLBTU.A | D44: trillion Btu | F44: 26.423862 | G44: 31.466925 | H44: 39.867241 | I44: 36.82819 | J44: 47.376953 | K44: 48.944679 | L44: 53.800423 | M44: 57.218277 | N44: 58.367088 | O44: 58.568268 | P44: 58.225639 | Q44: 56.838043 | R44: 56.014595 | S44: 55.804081 | T44: 56.853912 | U44: 57.767784 | V44: 56.989986 | W44: 58.778946 | X44: 58.696617 | Y44: 59.2714 | Z44: 59.735519 | AA44: 61.929657 | AB44: 63.367027 | AC44: 65.278946 | AD44: 63.714081 | AE44: 65.960022 | AF44: 69.839432 | AG44: 74.646149 | AH44: 79.022369 | AI44: 0.04
A45: Air Transportation | B45: Transportation Energy Use: Air: Total: Reference case | C45: AEO.2023.REF2023.CNSM_NA_TRN_AIR_NA_NA_NA_TRLBTU.A | D45: trillion Btu | F45: 2802.8074 | G45: 3008.168 | H45: 3051.2026 | I45: 3057.1106 | J45: 3095.8982 | K45: 3134.2268 | L45: 3164.5515 | M45: 3187.1082 | N45: 3202.9382 | O45: 3218.7827 | P45: 3243.9363 | Q45: 3270.448 | R45: 3294.4031 | S45: 3322.9241 | T45: 3359.8247 | U45: 3403.8945 | V45: 3450.1719 | W45: 3498.4883 | X45: 3554.6438 | Y45: 3608.4033 | Z45: 3663.0974 | AA45: 3718.6245 | AB45: 3774.0098 | AC45: 3827.9187 | AD45: 3880.4333 | AE45: 3936.738 | AF45: 3993.604 | AG45: 4049.6506 | AH45: 4112.1577 | AI45: 0.014
A46: Jet Fuel | B46: Transportation Energy Use: Air: Jet Fuel: Reference case | C46: AEO.2023.REF2023.CNSM_NA_TRN_AIR_JFL_NA_NA_TRLBTU.A | D46: trillion Btu | F46: 2780.3857 | G46: 2985.7573 | H46: 3028.801 | I46: 3034.7166 | J46: 3073.5105 | K46: 3111.8442 | L46: 3142.1731 | M46: 3164.7332 | N46: 3180.5662 | O46: 3196.4131 | P46: 3221.5686 | Q46: 3248.082 | R46: 3272.0386 | S46: 3300.5605 | T46: 3337.4622 | U46: 3381.5327 | V46: 3427.8108 | W46: 3476.1277 | X46: 3532.2837 | Y46: 3586.0437 | Z46: 3640.738 | AA46: 3696.2654 | AB46: 3751.6509 | AC46: 3805.5598 | AD46: 3858.0747 | AE46: 3914.3794 | AF46: 3971.2456 | AG46: 4027.2922 | AH46: 4089.7993 | AI46: 0.014
A47: Aviation Gasoline | B47: Transportation Energy Use: Air: Aviation Gasoline: Reference case | C47: AEO.2023.REF2023.CNSM_NA_TRN_AIR_AVGA_NA_NA_TRLBTU.A | D47: trillion Btu | F47: 22.421618 | G47: 22.410635 | H47: 22.401548 | I47: 22.394032 | J47: 22.387812 | K47: 22.382666 | L47: 22.378407 | M47: 22.374884 | N47: 22.371969 | O47: 22.369558 | P47: 22.367563 | Q47: 22.365911 | R47: 22.364546 | S47: 22.363417 | T47: 22.36248 | U47: 22.361708 | V47: 22.361067 | W47: 22.360538 | X47: 22.3601 | Y47: 22.359737 | Z47: 22.359438 | AA47: 22.35919 | AB47: 22.358984 | AC47: 22.358814 | AD47: 22.358673 | AE47: 22.358557 | AF47: 22.358461 | AG47: 22.358381 | AH47: 22.358315 | AI47: 0
A48: Military Use | B48: Transportation Energy Use: Military: Total: Reference case | C48: AEO.2023.REF2023.CNSM_NA_TRN_MILT_NA_NA_NA_TRLBTU.A | D48: trillion Btu | F48: 430.83188 | G48: 433.13123 | H48: 433.96753 | I48: 434.6282 | J48: 435.16168 | K48: 435.94711 | L48: 436.50568 | M48: 436.9512 | N48: 437.33203 | O48: 437.57639 | P48: 437.74393 | Q48: 437.82675 | R48: 437.85825 | S48: 437.87946 | T48: 438.00381 | U48: 438.20288 | V48: 438.41199 | W48: 438.63055 | X48: 438.85791 | Y48: 439.09308 | Z48: 439.33536 | AA48: 439.58414 | AB48: 439.83881 | AC48: 440.09888 | AD48: 440.36389 | AE48: 440.63324 | AF48: 440.90668 | AG48: 441.18384 | AH48: 441.46451 | AI48: 0.001
A49: Jet Fuel and Aviation Gasoline | B49: Transportation Energy Use: Military: Jet Fuel: Reference case | C49: AEO.2023.REF2023.CNSM_NA_TRN_MILT_JFL_NA_NA_TRLBTU.A | D49: trillion Btu | F49: 334.44891 | G49: 336.23386 | H49: 336.88306 | I49: 337.39594 | J49: 337.81006 | K49: 338.4198 | L49: 338.85339 | M49: 339.19925 | N49: 339.4949 | O49: 339.68457 | P49: 339.81464 | Q49: 339.87894 | R49: 339.90338 | S49: 339.91986 | T49: 340.01639 | U49: 340.17093 | V49: 340.33325 | W49: 340.50293 | X49: 340.67941 | Y49: 340.86197 | Z49: 341.05005 | AA49: 341.24316 | AB49: 341.44086 | AC49: 341.64276 | AD49: 341.84848 | AE49: 342.05759 | AF49: 342.26984 | AG49: 342.48502 | AH49: 342.70288 | AI49: 0.001
A50: Residual Fuel Oil | B50: Transportation Energy Use: Military: Residual Fuel Oil: Reference case | C50: AEO.2023.REF2023.CNSM_NA_TRN_MILT_RFO_NA_NA_TRLBTU.A | D50: trillion Btu | F50: 0 | G50: 0 | H50: 0 | I50: 0 | J50: 0 | K50: 0 | L50: 0 | M50: 0 | N50: 0 | O50: 0 | P50: 0 | Q50: 0 | R50: 0 | S50: 0 | T50: 0 | U50: 0 | V50: 0 | W50: 0 | X50: 0 | Y50: 0 | Z50: 0 | AA50: 0 | AB50: 0 | AC50: 0 | AD50: 0 | AE50: 0 | AF50: 0 | AG50: 0 | AH50: 0 | AI50: - -
A51: Distillates and Diesel | B51: Transportation Energy Use: Military: Distillate Fuel Oil: Reference case | C51: AEO.2023.REF2023.CNSM_NA_TRN_MILT_DFO_NA_NA_TRLBTU.A | D51: trillion Btu | F51: 96.382973 | G51: 96.897369 | H51: 97.084457 | I51: 97.232269 | J51: 97.351608 | K51: 97.527321 | L51: 97.652275 | M51: 97.751961 | N51: 97.837143 | O51: 97.891815 | P51: 97.929291 | Q51: 97.947815 | R51: 97.954857 | S51: 97.959595 | T51: 97.987419 | U51: 98.031967 | V51: 98.078743 | W51: 98.12764 | X51: 98.178513 | Y51: 98.231117 | Z51: 98.285309 | AA51: 98.340965 | AB51: 98.397942 | AC51: 98.456131 | AD51: 98.515411 | AE51: 98.575668 | AF51: 98.636826 | AG51: 98.698837 | AH51: 98.761627 | AI51: 0.001
A52: Bus Transportation | B52: Transportation Energy Use: Bus: Reference case | C52: AEO.2023.REF2023.CNSM_NA_TRN_BUS_NA_NA_NA_TRLBTU.A | D52: trillion Btu | F52: 210.97722 | G52: 220.80747 | H52: 225.1512 | I52: 225.93091 | J52: 226.44176 | K52: 226.74643 | L52: 226.78705 | M52: 226.39072 | N52: 225.62442 | O52: 224.46057 | P52: 223.25034 | Q52: 223.04596 | R52: 222.35724 | S52: 221.45557 | T52: 220.40602 | U52: 218.77556 | V52: 217.16113 | W52: 215.39122 | X52: 213.4718 | Y52: 211.4082 | Z52: 209.23976 | AA52: 206.76431 | AB52: 204.38597 | AC52: 201.85864 | AD52: 199.42545 | AE52: 196.48846 | AF52: 193.40808 | AG52: 189.77907 | AH52: 186.44667 | AI52: -0.004
A53: Transit Bus | B53: Transportation Energy Use: Bus: Transit Bus: Reference case | C53: AEO.2023.REF2023.CNSM_NA_TRN_TBUS_NA_NA_NA_TRLBTU.A | D53: trillion Btu | F53: 92.212234 | G53: 95.83783 | H53: 98.320953 | I53: 98.870079 | J53: 99.844643 | K53: 100.61442 | L53: 101.24708 | M53: 101.61662 | N53: 101.72417 | O53: 101.53801 | P53: 101.31126 | Q53: 100.9764 | R53: 100.75687 | S53: 100.29507 | T53: 99.678467 | U53: 98.421806 | V53: 97.683716 | W53: 96.918678 | X53: 96.071007 | Y53: 95.130722 | Z53: 94.233086 | AA53: 93.123825 | AB53: 92.2043 | AC53: 91.250328 | AD53: 90.65873 | AE53: 89.694473 | AF53: 88.826485 | AG53: 87.819649 | AH53: 86.904648 | AI53: -0.002
A54: Motor Gasoline | B54: Transportation Energy Use: Bus: Transit Bus: Motor Gasoline: Reference case | C54: AEO.2023.REF2023.CNSM_NA_TRN_TBUS_MGS_NA_NA_TRLBTU.A | D54: trillion Btu | F54: 12.007432 | G54: 12.465114 | H54: 12.775763 | I54: 12.835154 | J54: 12.958027 | K54: 13.056922 | L54: 13.141269 | M54: 13.190033 | N54: 13.202685 | O54: 13.177554 | P54: 13.150479 | Q54: 13.109433 | R54: 13.083599 | S54: 13.026247 | T54: 12.949903 | U54: 12.790073 | V54: 12.696983 | W54: 12.600635 | X54: 12.493633 | Y54: 12.37418 | Z54: 12.260481 | AA54: 12.119045 | AB54: 12.002355 | AC54: 11.880788 | AD54: 11.80858 | AE54: 11.685587 | AF54: 11.575792 | AG54: 11.447132 | AH54: 11.331304 | AI54: -0.002
A55: E85 | B55: Transportation Energy Use: Bus: Transit Bus: E85: Reference case | C55: AEO.2023.REF2023.CNSM_NA_TRN_TBUS_E85_NA_NA_TRLBTU.A | D55: trillion Btu | F55: 0.007432 | G55: 0.007763 | H55: 0.007949 | I55: 0.008029 | J55: 0.008141 | K55: 0.00821 | L55: 0.008257 | M55: 0.008279 | N55: 0.008283 | O55: 0.008261 | P55: 0.008229 | Q55: 0.008189 | R55: 0.008157 | S55: 0.008107 | T55: 0.008042 | U55: 0.007961 | V55: 0.007883 | W55: 0.007803 | X55: 0.007713 | Y55: 0.007615 | Z55: 0.007521 | AA55: 0.007398 | AB55: 0.007307 | AC55: 0.007215 | AD55: 0.007143 | AE55: 0.00705 | AF55: 0.006961 | AG55: 0.006864 | AH55: 0.006769 | AI55: -0.003
A56: Distillate Fuel Oil (diesel) | B56: Transportation Energy Use: Bus: Transit Bus: Distillate Fuel Oil: Reference case | C56: AEO.2023.REF2023.CNSM_NA_TRN_TBUS_DFO_NA_NA_TRLBTU.A | D56: trillion Btu | F56: 52.012611 | G56: 54.015755 | H56: 55.245651 | I56: 55.522507 | J56: 56.047764 | K56: 56.442497 | L56: 56.754585 | M56: 56.903236 | N56: 56.888607 | O56: 56.712852 | P56: 56.517418 | Q56: 56.260185 | R56: 56.054283 | S56: 55.704571 | T56: 55.26152 | U56: 54.562843 | V56: 54.018444 | W56: 53.439865 | X56: 52.799095 | Y56: 52.084652 | Z56: 51.363411 | AA56: 50.487484 | AB56: 49.676125 | AC56: 48.788139 | AD56: 48.012001 | AE56: 46.925766 | AF56: 45.703896 | AG56: 44.05574 | AH56: 42.693802 | AI56: -0.007
A57: Compressed/Liquefied Natural Gas | B57: Transportation Energy Use: Bus: Transit Bus: Natural Gas: Reference case | C57: AEO.2023.REF2023.CNSM_NA_TRN_TBUS_NG_NA_NA_TRLBTU.A | D57: trillion Btu | F57: 26.102913 | G57: 27.152719 | H57: 27.997173 | I57: 28.156235 | J57: 28.412041 | K57: 28.617826 | L57: 28.781719 | M57: 28.881859 | N57: 28.919271 | O57: 28.863106 | P57: 28.782406 | Q57: 28.664639 | R57: 28.58287 | S57: 28.43108 | T57: 28.230478 | U57: 27.752499 | V57: 27.526546 | W57: 27.295059 | X57: 27.037399 | Y57: 26.75387 | Z57: 26.484291 | AA57: 26.160324 | AB57: 25.88516 | AC57: 25.601519 | AD57: 25.421154 | AE57: 25.134628 | AF57: 24.876854 | AG57: 24.58086 | AH57: 24.309217 | AI57: -0.003
A58: Propane | B58: Transportation Energy Use: Bus: Transit Bus: Propane: Reference case | C58: AEO.2023.REF2023.CNSM_NA_TRN_TBUS_LPG_NA_NA_TRLBTU.A | D58: trillion Btu | F58: 1.475766 | G58: 1.532684 | H58: 1.572022 | I58: 1.578621 | J58: 1.595975 | K58: 1.609501 | L58: 1.620445 | M58: 1.627665 | N58: 1.630974 | O58: 1.629221 | P58: 1.626818 | Q58: 1.622336 | R58: 1.619639 | S58: 1.613038 | T58: 1.60452 | U58: 1.5851 | V58: 1.57385 | W58: 1.56229 | X58: 1.549139 | Y58: 1.534283 | Z58: 1.520311 | AA58: 1.501987 | AB58: 1.487985 | AC58: 1.473216 | AD58: 1.465529 | AE58: 1.450458 | AF58: 1.437376 | AG58: 1.421625 | AH58: 1.407719 | AI58: -0.002
A59: Electricity | B59: Transportation Energy Use: Bus: Transit Bus: Electricity: Reference case | C59: AEO.2023.REF2023.CNSM_NA_TRN_TBUS_ELC_NA_NA_TRLBTU.A | D59: trillion Btu | F59: 0.582963 | G59: 0.639772 | H59: 0.697459 | I59: 0.744435 | J59: 0.797369 | K59: 0.853976 | L59: 0.915217 | M59: 0.979902 | N59: 1.04869 | O59: 1.121444 | P59: 1.200446 | Q59: 1.286315 | R59: 1.38315 | S59: 1.48702 | T59: 1.599227 | U59: 1.699166 | V59: 1.836078 | W59: 1.989325 | X59: 2.160585 | Y59: 2.35296 | Z59: 2.574177 | AA59: 2.82502 | AB59: 3.12307 | AC59: 3.477429 | AD59: 3.922498 | AE59: 4.469448 | AF59: 5.204321 | AG59: 6.286437 | AH59: 7.135109 | AI59: 0.094
A60: Hydrogen | B60: Transportation Energy Use: Bus: Transit Bus: Hydrogen: Reference case | C60: AEO.2023.REF2023.CNSM_NA_TRN_TBUS_HDG_NA_NA_TRLBTU.A | D60: trillion Btu | F60: 0.023117 | G60: 0.024035 | H60: 0.024939 | I60: 0.025099 | J60: 0.025319 | K60: 0.025482 | L60: 0.025596 | M60: 0.025651 | N60: 0.025658 | O60: 0.025573 | P60: 0.025453 | Q60: 0.025301 | R60: 0.025183 | S60: 0.025003 | T60: 0.024774 | U60: 0.024169 | V60: 0.023939 | W60: 0.023702 | X60: 0.023444 | Y60: 0.023163 | Z60: 0.022893 | AA60: 0.022575 | AB60: 0.022303 | AC60: 0.022027 | AD60: 0.021823 | AE60: 0.021545 | AF60: 0.021284 | AG60: 0.020997 | AH60: 0.020723 | AI60: -0.004
A61: Intercity Bus | B61: Transportation Energy Use: Bus: Intercity Bus: Reference case | C61: AEO.2023.REF2023.CNSM_NA_TRN_IBUS_NA_NA_NA_TRLBTU.A | D61: trillion Btu | F61: 26.118862 | G61: 28.024412 | H61: 29.477226 | I61: 30.571621 | J61: 31.3964 | K61: 32.010113 | L61: 32.464531 | M61: 32.799759 | N61: 33.046234 | O61: 33.226051 | P61: 33.352478 | Q61: 33.43018 | R61: 33.466476 | S61: 33.46925 | T61: 33.44516 | U61: 33.397396 | V61: 33.349758 | W61: 33.294384 | X61: 33.234276 | Y61: 33.167286 | Z61: 33.096901 | AA61: 33.025082 | AB61: 32.951077 | AC61: 32.875145 | AD61: 32.799278 | AE61: 32.723492 | AF61: 32.646706 | AG61: 32.56945 | AH61: 32.494362 | AI61: 0.008
A62: Motor Gasoline | B62: Transportation Energy Use: Bus: Intercity Bus: Motor Gasoline: Reference case | C62: AEO.2023.REF2023.CNSM_NA_TRN_IBUS_MGS_NA_NA_TRLBTU.A | D62: trillion Btu | F62: 0 | G62: 0 | H62: 0 | I62: 0 | J62: 0 | K62: 0 | L62: 0 | M62: 0 | N62: 0 | O62: 0 | P62: 0 | Q62: 0 | R62: 0 | S62: 0 | T62: 0 | U62: 0 | V62: 0 | W62: 0 | X62: 0 | Y62: 0 | Z62: 0 | AA62: 0 | AB62: 0 | AC62: 0 | AD62: 0 | AE62: 0 | AF62: 0 | AG62: 0 | AH62: 0 | AI62: - -
A63: E85 | B63: Transportation Energy Use: Bus: Intercity Bus: E85: Reference case | C63: AEO.2023.REF2023.CNSM_NA_TRN_IBUS_E85_NA_NA_TRLBTU.A | D63: trillion Btu | F63: 0 | G63: 0 | H63: 0 | I63: 0 | J63: 0 | K63: 0 | L63: 0 | M63: 0 | N63: 0 | O63: 0 | P63: 0 | Q63: 0 | R63: 0 | S63: 0 | T63: 0 | U63: 0 | V63: 0 | W63: 0 | X63: 0 | Y63: 0 | Z63: 0 | AA63: 0 | AB63: 0 | AC63: 0 | AD63: 0 | AE63: 0 | AF63: 0 | AG63: 0 | AH63: 0 | AI63: - -
A64: Distillate Fuel Oil (diesel) | B64: Transportation Energy Use: Bus: Intercity Bus: Distillate Fuel Oil: Reference case | C64: AEO.2023.REF2023.CNSM_NA_TRN_IBUS_DFO_NA_NA_TRLBTU.A | D64: trillion Btu | F64: 26.118862 | G64: 28.024412 | H64: 29.477226 | I64: 30.571621 | J64: 31.3964 | K64: 32.010113 | L64: 32.464531 | M64: 32.799759 | N64: 33.046234 | O64: 33.226051 | P64: 33.352478 | Q64: 33.43018 | R64: 33.466476 | S64: 33.46925 | T64: 33.44516 | U64: 33.397396 | V64: 33.349758 | W64: 33.294384 | X64: 33.234276 | Y64: 33.167286 | Z64: 33.096901 | AA64: 33.025082 | AB64: 32.951077 | AC64: 32.875145 | AD64: 32.799278 | AE64: 32.723492 | AF64: 32.646706 | AG64: 32.56945 | AH64: 32.494362 | AI64: 0.008
A65: Compressed/Liquefied Natural Gas | B65: Transportation Energy Use: Bus: Intercity Bus: Natural Gas: Reference case | C65: AEO.2023.REF2023.CNSM_NA_TRN_IBUS_NG_NA_NA_TRLBTU.A | D65: trillion Btu | F65: 0 | G65: 0 | H65: 0 | I65: 0 | J65: 0 | K65: 0 | L65: 0 | M65: 0 | N65: 0 | O65: 0 | P65: 0 | Q65: 0 | R65: 0 | S65: 0 | T65: 0 | U65: 0 | V65: 0 | W65: 0 | X65: 0 | Y65: 0 | Z65: 0 | AA65: 0 | AB65: 0 | AC65: 0 | AD65: 0 | AE65: 0 | AF65: 0 | AG65: 0 | AH65: 0 | AI65: - -
A66: Propane | B66: Transportation Energy Use: Bus: Intercity Bus: Propane: Reference case | C66: AEO.2023.REF2023.CNSM_NA_TRN_IBUS_LPG_NA_NA_TRLBTU.A | D66: trillion Btu | F66: 0 | G66: 0 | H66: 0 | I66: 0 | J66: 0 | K66: 0 | L66: 0 | M66: 0 | N66: 0 | O66: 0 | P66: 0 | Q66: 0 | R66: 0 | S66: 0 | T66: 0 | U66: 0 | V66: 0 | W66: 0 | X66: 0 | Y66: 0 | Z66: 0 | AA66: 0 | AB66: 0 | AC66: 0 | AD66: 0 | AE66: 0 | AF66: 0 | AG66: 0 | AH66: 0 | AI66: - -
A67: Electricity | B67: Transportation Energy Use: Bus: Intercity Bus: Electricity: Reference case | C67: AEO.2023.REF2023.CNSM_NA_TRN_IBUS_ELC_NA_NA_TRLBTU.A | D67: trillion Btu | F67: 0 | G67: 0 | H67: 0 | I67: 0 | J67: 0 | K67: 0 | L67: 0 | M67: 0 | N67: 0 | O67: 0 | P67: 0 | Q67: 0 | R67: 0 | S67: 0 | T67: 0 | U67: 0 | V67: 0 | W67: 0 | X67: 0 | Y67: 0 | Z67: 0 | AA67: 0 | AB67: 0 | AC67: 0 | AD67: 0 | AE67: 0 | AF67: 0 | AG67: 0 | AH67: 0 | AI67: - -
A68: Hydrogen | B68: Transportation Energy Use: Bus: Intercity Bus: Hydrogen: Reference case | C68: AEO.2023.REF2023.CNSM_NA_TRN_IBUS_HDG_NA_NA_TRLBTU.A | D68: trillion Btu | F68: 0 | G68: 0 | H68: 0 | I68: 0 | J68: 0 | K68: 0 | L68: 0 | M68: 0 | N68: 0 | O68: 0 | P68: 0 | Q68: 0 | R68: 0 | S68: 0 | T68: 0 | U68: 0 | V68: 0 | W68: 0 | X68: 0 | Y68: 0 | Z68: 0 | AA68: 0 | AB68: 0 | AC68: 0 | AD68: 0 | AE68: 0 | AF68: 0 | AG68: 0 | AH68: 0 | AI68: - -
A69: School Bus | B69: Transportation Energy Use: Bus: School Bus: Reference case | C69: AEO.2023.REF2023.CNSM_NA_TRN_LSRC_NA_NA_NA_TRLBTU.A | D69: trillion Btu | F69: 93.831894 | G69: 98.450195 | H69: 99.158546 | I69: 98.571014 | J69: 97.556511 | K69: 96.613396 | L69: 95.691032 | M69: 94.739861 | N69: 93.77755 | O69: 92.791618 | P69: 91.866196 | Q69: 91.598053 | R69: 91.112289 | S69: 90.70887 | T69: 90.37265 | U69: 90.12104 | V69: 89.542336 | W69: 88.885452 | X69: 88.194603 | Y69: 87.485649 | Z69: 86.702446 | AA69: 85.868294 | AB69: 84.99823 | AC69: 84.089134 | AD69: 83.076744 | AE69: 82.045021 | AF69: 80.986786 | AG69: 79.893326 | AH69: 78.783607 | AI69: -0.006
A70: Motor Gasoline | B70: Transportation Energy Use: Bus: School Bus: Motor Gasoline: Reference case | C70: AEO.2023.REF2023.CNSM_NA_TRN_LSRC_MGS_NA_NA_TRLBTU.A | D70: trillion Btu | F70: 9.494101 | G70: 9.984732 | H70: 10.080206 | I70: 10.044081 | J70: 9.964186 | K70: 9.877207 | L70: 9.790693 | M70: 9.703547 | N70: 9.615687 | O70: 9.526428 | P70: 9.443931 | Q70: 9.376018 | R70: 9.31937 | S70: 9.272266 | T70: 9.234446 | U70: 9.206593 | V70: 9.15974 | W70: 9.107673 | X70: 9.053213 | Y70: 8.997488 | Z70: 8.938418 | AA70: 8.875582 | AB70: 8.809856 | AC70: 8.741948 | AD70: 8.671112 | AE70: 8.599361 | AF70: 8.527375 | AG70: 8.454552 | AH70: 8.381558 | AI70: -0.004
A71: E85 | B71: Transportation Energy Use: Bus: School Bus: E85: Reference case | C71: AEO.2023.REF2023.CNSM_NA_TRN_LSRC_E85_NA_NA_TRLBTU.A | D71: trillion Btu | F71: 0 | G71: 0 | H71: 0 | I71: 0 | J71: 0 | K71: 0 | L71: 0 | M71: 0 | N71: 0 | O71: 0 | P71: 0 | Q71: 0 | R71: 0 | S71: 0 | T71: 0 | U71: 0 | V71: 0 | W71: 0 | X71: 0 | Y71: 0 | Z71: 0 | AA71: 0 | AB71: 0 | AC71: 0 | AD71: 0 | AE71: 0 | AF71: 0 | AG71: 0 | AH71: 0 | AI71: - -
A72: Distillate Fuel Oil (diesel) | B72: Transportation Energy Use: Bus: School Bus: Distillate Fuel Oil: Reference case | C72: AEO.2023.REF2023.CNSM_NA_TRN_LSRC_DFO_NA_NA_TRLBTU.A | D72: trillion Btu | F72: 75.219894 | G72: 78.60582 | H72: 78.857498 | I72: 78.076454 | J72: 76.964111 | K72: 76.07975 | L72: 75.233322 | M72: 74.338867 | N72: 73.430573 | O72: 72.491913 | P72: 71.594032 | Q72: 71.837708 | R72: 71.512497 | S72: 71.239052 | T72: 70.989594 | U72: 70.790924 | V72: 70.163765 | W72: 69.442642 | X72: 68.681885 | Y72: 67.900276 | Z72: 67.010056 | AA72: 66.063095 | AB72: 65.078491 | AC72: 64.041969 | AD72: 62.83419 | AE72: 61.60294 | AF72: 60.321541 | AG72: 58.979691 | AH72: 57.60738 | AI72: -0.009
A73: Compressed/Liquefied Natural Gas | B73: Transportation Energy Use: Bus: School Bus: Natural Gas: Reference case | C73: AEO.2023.REF2023.CNSM_NA_TRN_LSRC_NG_NA_NA_TRLBTU.A | D73: trillion Btu | F73: 0.924086 | G73: 1.010828 | H73: 1.053611 | I73: 1.083197 | J73: 1.104337 | K73: 1.12353 | L73: 1.14085 | M73: 1.156073 | N73: 1.171249 | O73: 1.185954 | P73: 1.20149 | Q73: 1.218719 | R73: 1.237236 | S73: 1.256583 | T73: 1.277304 | U73: 1.299385 | V73: 1.318905 | W73: 1.337343 | X73: 1.355548 | Y73: 1.373292 | Z73: 1.390433 | AA73: 1.4067 | AB73: 1.42267 | AC73: 1.438181 | AD73: 1.45274 | AE73: 1.462957 | AF73: 1.473053 | AG73: 1.482996 | AH73: 1.492894 | AI73: 0.017
A74: Propane | B74: Transportation Energy Use: Bus: School Bus: Propane: Reference case | C74: AEO.2023.REF2023.CNSM_NA_TRN_LSRC_LPG_NA_NA_TRLBTU.A | D74: trillion Btu | F74: 7.621545 | G74: 8.015407 | H74: 8.092051 | I74: 8.06305 | J74: 7.998913 | K74: 7.929089 | L74: 7.85964 | M74: 7.78968 | N74: 7.71915 | O74: 7.647495 | P74: 7.581269 | Q74: 7.526752 | R74: 7.481277 | S74: 7.443463 | T74: 7.413102 | U74: 7.390742 | V74: 7.353132 | W74: 7.311333 | X74: 7.267616 | Y74: 7.22288 | Z74: 7.175461 | AA74: 7.125019 | AB74: 7.072256 | AC74: 7.017741 | AD74: 6.960877 | AE74: 6.903278 | AF74: 6.84549 | AG74: 6.78703 | AH74: 6.728433 | AI74: -0.004
A75: Electricity | B75: Transportation Energy Use: Bus: School Bus: Electricity: Reference case | C75: AEO.2023.REF2023.CNSM_NA_TRN_LSRC_ELC_NA_NA_TRLBTU.A | D75: trillion Btu | F75: 0.572265 | G75: 0.833416 | H75: 1.075178 | I75: 1.30423 | J75: 1.524958 | K75: 1.603828 | L75: 1.66653 | M75: 1.751691 | N75: 1.8409 | O75: 1.939823 | P75: 2.045474 | Q75: 1.638865 | R75: 1.561909 | S75: 1.497497 | T75: 1.458207 | U75: 1.433402 | V75: 1.546791 | W75: 1.686464 | X75: 1.836342 | Y75: 1.991712 | Z75: 2.188076 | AA75: 2.397905 | AB75: 2.614949 | AC75: 2.849298 | AD75: 3.157824 | AE75: 3.476489 | AF75: 3.819326 | AG75: 4.189054 | AH75: 4.573342 | AI75: 0.077
A76: Hydrogen | B76: Transportation Energy Use: Bus: School Bus: Hydrogen: Reference case | C76: AEO.2023.REF2023.CNSM_NA_TRN_LSRC_HDG_NA_NA_TRLBTU.A | D76: trillion Btu | F76: 0 | G76: 0 | H76: 0 | I76: 0 | J76: 0 | K76: 0 | L76: 0 | M76: 0 | N76: 0 | O76: 0 | P76: 0 | Q76: 0 | R76: 0 | S76: 0 | T76: 0 | U76: 0 | V76: 0 | W76: 0 | X76: 0 | Y76: 0 | Z76: 0 | AA76: 0 | AB76: 0 | AC76: 0 | AD76: 0 | AE76: 0 | AF76: 0 | AG76: 0 | AH76: 0 | AI76: - -
A77: Rail Transportation | B77: Transportation Energy Use: Rail: Reference case | C77: AEO.2023.REF2023.CNSM_NA_TRN_RAIL_NA_NA_NA_TRLBTU.A | D77: trillion Btu | F77: 43.913422 | G77: 45.563988 | H77: 46.540951 | I77: 47.205399 | J77: 47.900013 | K77: 48.570526 | L77: 49.132919 | M77: 49.707283 | N77: 50.150032 | O77: 50.598679 | P77: 51.1395 | Q77: 51.726662 | R77: 52.369225 | S77: 52.923794 | T77: 53.456974 | U77: 53.972694 | V77: 54.509743 | W77: 55.033695 | X77: 55.626583 | Y77: 56.181145 | Z77: 56.75378 | AA77: 57.257599 | AB77: 57.815628 | AC77: 58.366592 | AD77: 59.116035 | AE77: 59.751427 | AF77: 60.444683 | AG77: 61.080704 | AH77: 61.848125 | AI77: 0.012
A78: Intercity Rail | B78: Transportation Energy Use: Rail: Intercity Rail: Reference case | C78: AEO.2023.REF2023.CNSM_NA_TRN_IRAIL_NA_NA_NA_TRLBTU.A | D78: trillion Btu | F78: 7.594637 | G78: 8.270811 | H78: 8.811752 | I78: 9.242524 | J78: 9.58907 | K78: 9.871216 | L78: 10.105147 | M78: 10.303372 | N78: 10.475068 | O78: 10.626024 | P78: 10.758954 | Q78: 10.875568 | R78: 10.979033 | S78: 11.071654 | T78: 11.154877 | U78: 11.229655 | V78: 11.304667 | W78: 11.377219 | X78: 11.447278 | Y78: 11.515232 | Z78: 11.582256 | AA78: 11.648867 | AB78: 11.715138 | AC78: 11.781057 | AD78: 11.847012 | AE78: 11.912785 | AF78: 11.978335 | AG78: 12.043905 | AH78: 12.109465 | AI78: 0.017
A79: Electricity | B79: Transportation Energy Use: Rail: Intercity Rail: Electricity: Reference case | C79: AEO.2023.REF2023.CNSM_NA_TRN_IRAIL_ELC_NA_NA_TRLBTU.A | D79: trillion Btu | F79: 0.923149 | G79: 1.00534 | H79: 1.071092 | I79: 1.123454 | J79: 1.165578 | K79: 1.199873 | L79: 1.228308 | M79: 1.252403 | N79: 1.273273 | O79: 1.291622 | P79: 1.30778 | Q79: 1.321955 | R79: 1.334531 | S79: 1.34579 | T79: 1.355906 | U79: 1.364995 | V79: 1.374113 | W79: 1.382932 | X79: 1.391448 | Y79: 1.399708 | Z79: 1.407855 | AA79: 1.415952 | AB79: 1.424006 | AC79: 1.432019 | AD79: 1.440037 | AE79: 1.448031 | AF79: 1.455999 | AG79: 1.463969 | AH79: 1.471938 | AI79: 0.017
A80: Diesel | B80: Transportation Energy Use: Rail: Intercity Rail: Diesel: Reference case | C80: AEO.2023.REF2023.CNSM_NA_TRN_IRAIL_DSL_NA_NA_TRLBTU.A | D80: trillion Btu | F80: 6.671488 | G80: 7.265471 | H80: 7.74066 | I80: 8.11907 | J80: 8.423492 | K80: 8.671343 | L80: 8.87684 | M80: 9.050969 | N80: 9.201796 | O80: 9.334402 | P80: 9.451174 | Q80: 9.553614 | R80: 9.644503 | S80: 9.725864 | T80: 9.798971 | U80: 9.86466 | V80: 9.930554 | W80: 9.994287 | X80: 10.05583 | Y80: 10.115524 | Z80: 10.174401 | AA80: 10.232915 | AB80: 10.291132 | AC80: 10.349038 | AD80: 10.406975 | AE80: 10.464753 | AF80: 10.522336 | AG80: 10.579936 | AH80: 10.637527 | AI80: 0.017
A81: Compressed Natural Gas | B81: Transportation Energy Use: Rail: Intercity Rail: CNG: Reference case | C81: AEO.2023.REF2023.CNSM_NA_TRN_IRAIL_CNG_NA_NA_TRLBTU.A | D81: trillion Btu | F81: 0 | G81: 0 | H81: 0 | I81: 0 | J81: 0 | K81: 0 | L81: 0 | M81: 0 | N81: 0 | O81: 0 | P81: 0 | Q81: 0 | R81: 0 | S81: 0 | T81: 0 | U81: 0 | V81: 0 | W81: 0 | X81: 0 | Y81: 0 | Z81: 0 | AA81: 0 | AB81: 0 | AC81: 0 | AD81: 0 | AE81: 0 | AF81: 0 | AG81: 0 | AH81: 0 | AI81: - -
A82: Liquefied Natural Gas | B82: Transportation Energy Use: Rail: Intercity Rail: LNG: Reference case | C82: AEO.2023.REF2023.CNSM_NA_TRN_IRAIL_LNG_NA_NA_TRLBTU.A | D82: trillion Btu | F82: 0 | G82: 0 | H82: 0 | I82: 0 | J82: 0 | K82: 0 | L82: 0 | M82: 0 | N82: 0 | O82: 0 | P82: 0 | Q82: 0 | R82: 0 | S82: 0 | T82: 0 | U82: 0 | V82: 0 | W82: 0 | X82: 0 | Y82: 0 | Z82: 0 | AA82: 0 | AB82: 0 | AC82: 0 | AD82: 0 | AE82: 0 | AF82: 0 | AG82: 0 | AH82: 0 | AI82: - -
A83: Transit Rail | B83: Transportation Energy Use: Rail: Transit Rail: Reference case | C83: AEO.2023.REF2023.CNSM_NA_TRN_TRAIL_NA_NA_NA_TRLBTU.A | D83: trillion Btu | F83: 17.032639 | G83: 17.333525 | H83: 17.471111 | I83: 17.514868 | J83: 17.667709 | K83: 17.921017 | L83: 18.139038 | M83: 18.293453 | N83: 18.389309 | O83: 18.446941 | P83: 18.571213 | Q83: 18.730658 | R83: 18.930088 | S83: 19.092125 | T83: 19.259436 | U83: 19.415512 | V83: 19.584526 | W83: 19.751869 | X83: 19.950642 | Y83: 20.133373 | Z83: 20.32523 | AA83: 20.481424 | AB83: 20.667053 | AC83: 20.844881 | AD83: 21.123302 | AE83: 21.333515 | AF83: 21.575636 | AG83: 21.790667 | AH83: 22.070597 | AI83: 0.009
A84: Electricity | B84: Transportation Energy Use: Rail: Transit Rail: Electricity: Reference case | C84: AEO.2023.REF2023.CNSM_NA_TRN_TRAIL_ELC_NA_NA_TRLBTU.A | D84: trillion Btu | F84: 17.032639 | G84: 17.333525 | H84: 17.471111 | I84: 17.514868 | J84: 17.667709 | K84: 17.921017 | L84: 18.139038 | M84: 18.293453 | N84: 18.389309 | O84: 18.446941 | P84: 18.571213 | Q84: 18.730658 | R84: 18.930088 | S84: 19.092125 | T84: 19.259436 | U84: 19.415512 | V84: 19.584526 | W84: 19.751869 | X84: 19.950642 | Y84: 20.133373 | Z84: 20.32523 | AA84: 20.481424 | AB84: 20.667053 | AC84: 20.844881 | AD84: 21.123302 | AE84: 21.333515 | AF84: 21.575636 | AG84: 21.790667 | AH84: 22.070597 | AI84: 0.009
A85: Commuter Rail | B85: Transportation Energy Use: Rail: Commuter Rail: Reference case | C85: AEO.2023.REF2023.CNSM_NA_TRN_CRAIL_NA_NA_NA_TRLBTU.A | D85: trillion Btu | F85: 19.286148 | G85: 19.959654 | H85: 20.258087 | I85: 20.448008 | J85: 20.643234 | K85: 20.778294 | L85: 20.888737 | M85: 21.11046 | N85: 21.285656 | O85: 21.525711 | P85: 21.809334 | Q85: 22.120438 | R85: 22.4601 | S85: 22.760014 | T85: 23.042664 | U85: 23.327526 | V85: 23.620548 | W85: 23.904606 | X85: 24.228664 | Y85: 24.532539 | Z85: 24.846294 | AA85: 25.127308 | AB85: 25.433437 | AC85: 25.740656 | AD85: 26.145723 | AE85: 26.505127 | AF85: 26.890711 | AG85: 27.246132 | AH85: 27.668062 | AI85: 0.013
A86: Electricity | B86: Transportation Energy Use: Rail: Commuter Rail: Electricity: Reference case | C86: AEO.2023.REF2023.CNSM_NA_TRN_CRAIL_ELC_NA_NA_TRLBTU.A | D86: trillion Btu | F86: 6.966804 | G86: 7.205571 | H86: 7.306987 | I86: 7.360508 | J86: 7.396221 | K86: 7.403453 | L86: 7.403485 | M86: 7.460123 | N86: 7.507533 | O86: 7.606305 | P86: 7.72276 | Q86: 7.850501 | R86: 7.987139 | S86: 8.106824 | T86: 8.220928 | U86: 8.337174 | V86: 8.455911 | W86: 8.570151 | X86: 8.700564 | Y86: 8.823834 | Z86: 8.949368 | AA86: 9.06256 | AB86: 9.184396 | AC86: 9.305553 | AD86: 9.463213 | AE86: 9.603458 | AF86: 9.752829 | AG86: 9.890326 | AH86: 10.053587 | AI86: 0.013
A87: Diesel | B87: Transportation Energy Use: Rail: Commuter Rail: Diesel: Reference case | C87: AEO.2023.REF2023.CNSM_NA_TRN_CRAIL_DSL_NA_NA_TRLBTU.A | D87: trillion Btu | F87: 12.319345 | G87: 12.754084 | H87: 12.951099 | I87: 13.0875 | J87: 13.247013 | K87: 13.37484 | L87: 13.48525 | M87: 13.650337 | N87: 13.778123 | O87: 13.919407 | P87: 14.086574 | Q87: 14.269936 | R87: 14.47296 | S87: 14.65319 | T87: 14.821736 | U87: 14.990353 | V87: 15.164637 | W87: 15.334455 | X87: 15.528099 | Y87: 15.708706 | Z87: 15.896927 | AA87: 16.064747 | AB87: 16.249043 | AC87: 16.435102 | AD87: 16.68251 | AE87: 16.901669 | AF87: 17.137882 | AG87: 17.355804 | AH87: 17.614475 | AI87: 0.013
A88: Compressed Natural Gas | B88: Transportation Energy Use: Rail: Commuter Rail: CNG: Reference case | C88: AEO.2023.REF2023.CNSM_NA_TRN_CRAIL_CNG_NA_NA_TRLBTU.A | D88: trillion Btu | F88: 0 | G88: 0 | H88: 0 | I88: 0 | J88: 0 | K88: 0 | L88: 0 | M88: 0 | N88: 0 | O88: 0 | P88: 0 | Q88: 0 | R88: 0 | S88: 0 | T88: 0 | U88: 0 | V88: 0 | W88: 0 | X88: 0 | Y88: 0 | Z88: 0 | AA88: 0 | AB88: 0 | AC88: 0 | AD88: 0 | AE88: 0 | AF88: 0 | AG88: 0 | AH88: 0 | AI88: - -
A89: Liquefied Natural Gas | B89: Transportation Energy Use: Rail: Commuter Rail: LNG: Reference case | C89: AEO.2023.REF2023.CNSM_NA_TRN_CRAIL_LNG_NA_NA_TRLBTU.A | D89: trillion Btu | F89: 0 | G89: 0 | H89: 0 | I89: 0 | J89: 0 | K89: 0 | L89: 0 | M89: 0 | N89: 0 | O89: 0 | P89: 0 | Q89: 0 | R89: 0 | S89: 0 | T89: 0 | U89: 0 | V89: 0 | W89: 0 | X89: 0 | Y89: 0 | Z89: 0 | AA89: 0 | AB89: 0 | AC89: 0 | AD89: 0 | AE89: 0 | AF89: 0 | AG89: 0 | AH89: 0 | AI89: - -
A90: Recreational Boats | B90: Transportation Energy Use: Recreation Boats: Reference case | C90: AEO.2023.REF2023.CNSM_NA_TRN_RCB_NA_NA_NA_TRLBTU.A | D90: trillion Btu | F90: 202.83664 | G90: 199.16296 | H90: 195.80548 | I90: 193.73721 | J90: 192.81314 | K90: 191.8974 | L90: 190.73351 | M90: 189.21046 | N90: 187.40353 | O90: 185.67694 | P90: 184.46689 | Q90: 183.61003 | R90: 182.77757 | S90: 181.99818 | T90: 181.45029 | U90: 181.10551 | V90: 180.74588 | W90: 180.38298 | X90: 180.29542 | Y90: 180.16119 | Z90: 179.98802 | AA90: 179.81351 | AB90: 179.55652 | AC90: 179.24385 | AD90: 178.94971 | AE90: 178.72766 | AF90: 178.49087 | AG90: 178.22836 | AH90: 178.15555 | AI90: -0.005
A91: Gasoline | B91: Transportation Energy Use: Recreation Boats: Motor Gasoline: Reference case | C91: AEO.2023.REF2023.CNSM_NA_TRN_RCB_GSL_NA_NA_TRLBTU.A | D91: trillion Btu | F91: 163.60873 | G91: 160.38701 | H91: 157.42775 | I91: 155.51083 | J91: 154.515 | K91: 153.52698 | L91: 152.34193 | M91: 150.87234 | N91: 149.17961 | O91: 147.55435 | P91: 146.34232 | Q91: 145.41208 | R91: 144.50224 | S91: 143.63538 | T91: 142.95183 | U91: 142.42835 | V91: 141.89296 | W91: 141.35481 | X91: 141.03188 | Y91: 140.67157 | Z91: 140.28008 | AA91: 139.88684 | AB91: 139.42889 | AC91: 138.92732 | AD91: 138.43982 | AE91: 138.00766 | AF91: 137.5636 | AG91: 137.09927 | AH91: 136.78018 | AI91: -0.006
A92: Distillate Fuel Oil (diesel) | B92: Transportation Energy Use: Recreation Boats: Distillate Fuel Oil: Reference case | C92: AEO.2023.REF2023.CNSM_NA_TRN_RCB_DFO_NA_NA_TRLBTU.A | D92: trillion Btu | F92: 39.227898 | G92: 38.775948 | H92: 38.377731 | I92: 38.226379 | J92: 38.298149 | K92: 38.370419 | L92: 38.391571 | M92: 38.33812 | N92: 38.223915 | O92: 38.122589 | P92: 38.124577 | Q92: 38.197956 | R92: 38.275326 | S92: 38.362804 | T92: 38.498459 | U92: 38.677174 | V92: 38.852928 | W92: 39.028164 | X92: 39.263546 | Y92: 39.489632 | Z92: 39.707951 | AA92: 39.926662 | AB92: 40.127632 | AC92: 40.316528 | AD92: 40.509892 | AE92: 40.720009 | AF92: 40.927284 | AG92: 41.129097 | AH92: 41.375362 | AI92: 0.002
A93: Lubricants | B93: Transportation Energy Use: Lubricants: Reference case | C93: AEO.2023.REF2023.CNSM_NA_TRN_NA_LBC_NA_NA_TRLBTU.A | D93: trillion Btu | F93: 125.94522 | G93: 125.92506 | H93: 126.01238 | I93: 126.04986 | J93: 126.11367 | K93: 125.98441 | L93: 125.853 | M93: 125.75523 | N93: 125.65207 | O93: 125.54579 | P93: 125.43918 | Q93: 125.33015 | R93: 125.25038 | S93: 125.22502 | T93: 125.25526 | U93: 125.31821 | V93: 125.4119 | W93: 125.52669 | X93: 125.66653 | Y93: 125.79737 | Z93: 125.92503 | AA93: 126.04557 | AB93: 126.16628 | AC93: 126.32028 | AD93: 126.49239 | AE93: 126.66081 | AF93: 126.81145 | AG93: 126.97429 | AH93: 127.15868 | AI93: 0
A94: Pipeline Fuel Natural Gas | B94: Transportation Energy Use: Pipeline Fuel Natural Gas: Reference case | C94: AEO.2023.REF2023.CNSM_NA_TRN_PIPL_NG_NA_NA_TRLBTU.A | D94: trillion Btu | F94: 905.73224 | G94: 820.5426 | H94: 760.98248 | I94: 726.75244 | J94: 695.8501 | K94: 653.98541 | L94: 613.92792 | M94: 612.03296 | N94: 610.31641 | O94: 611.89654 | P94: 617.76355 | Q94: 626.28516 | R94: 630.76672 | S94: 633.4773 | T94: 634.00311 | U94: 632.9682 | V94: 637.83142 | W94: 636.66797 | X94: 645.80701 | Y94: 652.42676 | Z94: 658.16638 | AA94: 660.99408 | AB94: 665.09454 | AC94: 669.20264 | AD94: 674.53369 | AE94: 682.13464 | AF94: 689.49054 | AG94: 691.88214 | AH94: 696.77728 | AI94: -0.009
A95: Natural Gas Liquefaction for Export | B95: Transportation Energy Use: Natural Gas for Liquefaction: Reference case | C95: AEO.2023.REF2023.CNSM_NA_NMFG_LQFCT_DELE_NA_NA_TRLBTU.A | D95: trillion Btu | F95: 332.5231 | G95: 377.97052 | H95: 384.00461 | I95: 408.78293 | J95: 446.26065 | K95: 477.17264 | L95: 503.61008 | M95: 527.57086 | N95: 577.96906 | O95: 628.36725 | P95: 680.00372 | Q95: 729.16363 | R95: 771.16211 | S95: 796.36121 | T95: 814.39893 | U95: 829.96002 | V95: 838.35974 | W95: 838.35974 | X95: 839.59802 | Y95: 838.35974 | Z95: 838.35974 | AA95: 838.35974 | AB95: 839.59802 | AC95: 838.35974 | AD95: 838.35974 | AE95: 838.35974 | AF95: 839.59802 | AG95: 838.35974 | AH95: 838.35974 | AI95: 0.034
A96: Total Consumption | B96: Transportation Energy Use: Total Use: Reference case | C96: AEO.2023.REF2023.CNSM_NA_TRN_NA_NA_NA_NA_TRLBTU.A | D96: trillion Btu | F96: 27986.479 | G96: 28032.221 | H96: 27776.766 | I96: 27465.828 | J96: 27255.17 | K96: 27052.176 | L96: 26819.684 | M96: 26592.781 | N96: 26361.336 | O96: 26163.676 | P96: 26008.943 | Q96: 25899.168 | R96: 25803.771 | S96: 25706.131 | T96: 25600.619 | U96: 25535.832 | V96: 25495.666 | W96: 25451.617 | X96: 25462.877 | Y96: 25488.182 | Z96: 25533.678 | AA96: 25586.275 | AB96: 25660.166 | AC96: 25746.871 | AD96: 25871.172 | AE96: 26021.988 | AF96: 26178.047 | AG96: 26334.756 | AH96: 26541.848 | AI96: -0.002

Sheet AEO 2023 Table 36 
B1: ref2022.d011222a
C3: Report
C4: Scenario | G4: Reference
C5: Datekey
C6: Release Date
A10: TEF000 | B10: 36. Transportation Sector Energy Use by Fuel Type Within Mode | AF10: Average
B11: (trillion Btu) | AF11: Annual
AF12: Change
B13: Mode and Type | C13: 2022 | D13: 2023 | E13: 2024 | F13: 2025 | G13: 2026 | H13: 2027 | I13: 2028 | J13: 2029 | K13: 2030 | L13: 2031 | M13: 2032 | N13: 2033 | O13: 2034 | P13: 2035 | Q13: 2036 | R13: 2037 | S13: 2038 | T13: 2039 | U13: 2040 | V13: 2041 | W13: 2042 | X13: 2043 | Y13: 2044 | Z13: 2045 | AA13: 2046 | AB13: 2047 | AC13: 2048 | AD13: 2049 | AE13: 2050 | AF13: 2021–2050
A15: TEF000:ba_Total | B15: Light-Duty Vehicle | C15: ='AEO 2023 Table 36 Raw'!F6 -> 14541.973 | D15: ='AEO 2023 Table 36 Raw'!G6 -> 14586.113 | E15: ='AEO 2023 Table 36 Raw'!H6 -> 14429.691 | F15: ='AEO 2023 Table 36 Raw'!I6 -> 14201.925 | G15: ='AEO 2023 Table 36 Raw'!J6 -> 14016.908 | H15: ='AEO 2023 Table 36 Raw'!K6 -> 13860.762 | I15: ='AEO 2023 Table 36 Raw'!L6 -> 13679.086 | J15: ='AEO 2023 Table 36 Raw'!M6 -> 13473.831 | ... AF15: ='AEO 2023 Table 36 Raw'!AI6 -> -0.007
A16: TEF000:ba_MotorGasoline | B16: Motor Gasoline excluding E85 1/ | C16: ='AEO 2023 Table 36 Raw'!F7 -> 14415.272 | D16: ='AEO 2023 Table 36 Raw'!G7 -> 14443.936 | E16: ='AEO 2023 Table 36 Raw'!H7 -> 14272.424 | F16: ='AEO 2023 Table 36 Raw'!I7 -> 14024.321 | G16: ='AEO 2023 Table 36 Raw'!J7 -> 13815.495 | H16: ='AEO 2023 Table 36 Raw'!K7 -> 13632.25 | I16: ='AEO 2023 Table 36 Raw'!L7 -> 13419.692 | J16: ='AEO 2023 Table 36 Raw'!M7 -> 13179.96 | ... AF16: ='AEO 2023 Table 36 Raw'!AI7 -> -0.009
A17: TEF000:ba_Ethanol | B17: E85 1/ | C17: ='AEO 2023 Table 36 Raw'!F8 -> 31.110834 | D17: ='AEO 2023 Table 36 Raw'!G8 -> 31.64006 | E17: ='AEO 2023 Table 36 Raw'!H8 -> 29.552767 | F17: ='AEO 2023 Table 36 Raw'!I8 -> 29.441513 | G17: ='AEO 2023 Table 36 Raw'!J8 -> 28.728485 | H17: ='AEO 2023 Table 36 Raw'!K8 -> 27.952177 | I17: ='AEO 2023 Table 36 Raw'!L8 -> 27.018059 | J17: ='AEO 2023 Table 36 Raw'!M8 -> 25.972713 | ... AF17: ='AEO 2023 Table 36 Raw'!AI8 -> -0.016
A18: TEF000:ba_Distillate(di | B18: Distillate Fuel Oil (diesel) | C18: ='AEO 2023 Table 36 Raw'!F9 -> 61.460403 | D18: ='AEO 2023 Table 36 Raw'!G9 -> 64.69902 | E18: ='AEO 2023 Table 36 Raw'!H9 -> 67.503647 | F18: ='AEO 2023 Table 36 Raw'!I9 -> 70.684074 | G18: ='AEO 2023 Table 36 Raw'!J9 -> 74.503555 | H18: ='AEO 2023 Table 36 Raw'!K9 -> 77.63253 | I18: ='AEO 2023 Table 36 Raw'!L9 -> 81.324982 | J18: ='AEO 2023 Table 36 Raw'!M9 -> 84.520767 | ... AF18: ='AEO 2023 Table 36 Raw'!AI9 -> 0.024
A19: TEF000:ba_CompressedNat | B19: Compressed/Liquefied Natural Gas | C19: ='AEO 2023 Table 36 Raw'!F10 -> 0.712888 | D19: ='AEO 2023 Table 36 Raw'!G10 -> 0.677668 | E19: ='AEO 2023 Table 36 Raw'!H10 -> 0.537752 | F19: ='AEO 2023 Table 36 Raw'!I10 -> 0.515005 | G19: ='AEO 2023 Table 36 Raw'!J10 -> 0.507019 | H19: ='AEO 2023 Table 36 Raw'!K10 -> 0.492443 | I19: ='AEO 2023 Table 36 Raw'!L10 -> 0.481839 | J19: ='AEO 2023 Table 36 Raw'!M10 -> 0.470472 | ... AF19: ='AEO 2023 Table 36 Raw'!AI10 -> -0.022
A20: TEF000:ba_LiquefiedPetr | B20: Propane | C20: ='AEO 2023 Table 36 Raw'!F11 -> 0.797388 | D20: ='AEO 2023 Table 36 Raw'!G11 -> 0.735487 | E20: ='AEO 2023 Table 36 Raw'!H11 -> 0.547456 | F20: ='AEO 2023 Table 36 Raw'!I11 -> 0.540668 | G20: ='AEO 2023 Table 36 Raw'!J11 -> 0.544193 | H20: ='AEO 2023 Table 36 Raw'!K11 -> 0.561282 | I20: ='AEO 2023 Table 36 Raw'!L11 -> 0.312092 | J20: ='AEO 2023 Table 36 Raw'!M11 -> 0.33014 | ... AF20: ='AEO 2023 Table 36 Raw'!AI11 -> 0.019
A21: TEF000:ba_Electricity | B21: Electricity | C21: ='AEO 2023 Table 36 Raw'!F12 -> 32.193668 | D21: ='AEO 2023 Table 36 Raw'!G12 -> 43.907116 | E21: ='AEO 2023 Table 36 Raw'!H12 -> 58.529484 | F21: ='AEO 2023 Table 36 Raw'!I12 -> 75.757942 | G21: ='AEO 2023 Table 36 Raw'!J12 -> 96.391159 | H21: ='AEO 2023 Table 36 Raw'!K12 -> 121.06613 | I21: ='AEO 2023 Table 36 Raw'!L12 -> 149.37682 | J21: ='AEO 2023 Table 36 Raw'!M12 -> 181.62849 | ... AF21: ='AEO 2023 Table 36 Raw'!AI12 -> 0.118
A22: TEF000:ba_LiquidHydroge | B22: Hydrogen | C22: ='AEO 2023 Table 36 Raw'!F13 -> 0.426139 | D22: ='AEO 2023 Table 36 Raw'!G13 -> 0.518183 | E22: ='AEO 2023 Table 36 Raw'!H13 -> 0.595767 | F22: ='AEO 2023 Table 36 Raw'!I13 -> 0.665118 | G22: ='AEO 2023 Table 36 Raw'!J13 -> 0.737872 | H22: ='AEO 2023 Table 36 Raw'!K13 -> 0.80678 | I22: ='AEO 2023 Table 36 Raw'!L13 -> 0.879698 | J22: ='AEO 2023 Table 36 Raw'!M13 -> 0.948358 | ... AF22: ='AEO 2023 Table 36 Raw'!AI13 -> 0.053
A24: TEF000:ca_CommercialLig | B24: Commercial Light Trucks 2/ | C24: ='AEO 2023 Table 36 Raw'!F14 -> 951.50281 | D24: ='AEO 2023 Table 36 Raw'!G14 -> 942.55829 | E24: ='AEO 2023 Table 36 Raw'!H14 -> 925.34039 | F24: ='AEO 2023 Table 36 Raw'!I14 -> 912.45154 | G24: ='AEO 2023 Table 36 Raw'!J14 -> 903.11096 | H24: ='AEO 2023 Table 36 Raw'!K14 -> 894.80664 | I24: ='AEO 2023 Table 36 Raw'!L14 -> 888.38452 | J24: ='AEO 2023 Table 36 Raw'!M14 -> 882.9956 | ... AF24: ='AEO 2023 Table 36 Raw'!AI14 -> 0.001
A25: TEF000:clt_MotorGas | B25: Motor Gasoline excluding E85 1/ | C25: ='AEO 2023 Table 36 Raw'!F15 -> 657.76746 | D25: ='AEO 2023 Table 36 Raw'!G15 -> 651.25983 | E25: ='AEO 2023 Table 36 Raw'!H15 -> 640.80762 | F25: ='AEO 2023 Table 36 Raw'!I15 -> 634.44543 | G25: ='AEO 2023 Table 36 Raw'!J15 -> 630.82428 | H25: ='AEO 2023 Table 36 Raw'!K15 -> 624.78125 | I25: ='AEO 2023 Table 36 Raw'!L15 -> 620.94763 | J25: ='AEO 2023 Table 36 Raw'!M15 -> 618.08075 | ... AF25: ='AEO 2023 Table 36 Raw'!AI15 -> 0.002
A26: TEF000:clt_e85 | B26: E85 1/ | C26: ='AEO 2023 Table 36 Raw'!F16 -> 3.51367 | D26: ='AEO 2023 Table 36 Raw'!G16 -> 3.389497 | E26: ='AEO 2023 Table 36 Raw'!H16 -> 2.991625 | F26: ='AEO 2023 Table 36 Raw'!I16 -> 2.903706 | G26: ='AEO 2023 Table 36 Raw'!J16 -> 2.76768 | H26: ='AEO 2023 Table 36 Raw'!K16 -> 2.708098 | I26: ='AEO 2023 Table 36 Raw'!L16 -> 2.664845 | J26: ='AEO 2023 Table 36 Raw'!M16 -> 2.671002 | ... AF26: ='AEO 2023 Table 36 Raw'!AI16 -> 0.015
A27: TEF000:clt_Diesel | B27: Distillate Fuel Oil (diesel) | C27: ='AEO 2023 Table 36 Raw'!F17 -> 289.12039 | D27: ='AEO 2023 Table 36 Raw'!G17 -> 286.82144 | E27: ='AEO 2023 Table 36 Raw'!H17 -> 280.46921 | F27: ='AEO 2023 Table 36 Raw'!I17 -> 274.07837 | G27: ='AEO 2023 Table 36 Raw'!J17 -> 268.54092 | H27: ='AEO 2023 Table 36 Raw'!K17 -> 266.37576 | I27: ='AEO 2023 Table 36 Raw'!L17 -> 263.84299 | J27: ='AEO 2023 Table 36 Raw'!M17 -> 261.31543 | ... AF27: ='AEO 2023 Table 36 Raw'!AI17 -> -0.003
A28: TEF000:clt_propane | B28: Propane | C28: ='AEO 2023 Table 36 Raw'!F18 -> 0.001192 | D28: ='AEO 2023 Table 36 Raw'!G18 -> 0.059367 | E28: ='AEO 2023 Table 36 Raw'!H18 -> 0.11705 | F28: ='AEO 2023 Table 36 Raw'!I18 -> 0.172413 | G28: ='AEO 2023 Table 36 Raw'!J18 -> 0.229498 | H28: ='AEO 2023 Table 36 Raw'!K18 -> 0.283619 | I28: ='AEO 2023 Table 36 Raw'!L18 -> 0.336463 | J28: ='AEO 2023 Table 36 Raw'!M18 -> 0.393365 | ... AF28: ='AEO 2023 Table 36 Raw'!AI18 -> 0.344
A29: TEF000:clt_natural_gas | B29: Compressed/Liquefied Natural Gas | C29: ='AEO 2023 Table 36 Raw'!F19 -> 1.100109 | D29: ='AEO 2023 Table 36 Raw'!G19 -> 1.028096 | E29: ='AEO 2023 Table 36 Raw'!H19 -> 0.954857 | F29: ='AEO 2023 Table 36 Raw'!I19 -> 0.851628 | G29: ='AEO 2023 Table 36 Raw'!J19 -> 0.748517 | H29: ='AEO 2023 Table 36 Raw'!K19 -> 0.657968 | I29: ='AEO 2023 Table 36 Raw'!L19 -> 0.592555 | J29: ='AEO 2023 Table 36 Raw'!M19 -> 0.535011 | ... AF29: ='AEO 2023 Table 36 Raw'!AI19 -> -0.117
A30: TEF000:clt_electricity | B30: Electricity | C30: ='AEO 2023 Table 36 Raw'!F20 -> 0 | D30: ='AEO 2023 Table 36 Raw'!G20 -> 0 | E30: ='AEO 2023 Table 36 Raw'!H20 -> 0 | F30: ='AEO 2023 Table 36 Raw'!I20 -> 0 | G30: ='AEO 2023 Table 36 Raw'!J20 -> 0 | H30: ='AEO 2023 Table 36 Raw'!K20 -> 0 | I30: ='AEO 2023 Table 36 Raw'!L20 -> 0 | J30: ='AEO 2023 Table 36 Raw'!M20 -> 0 | ... AF30: ='AEO 2023 Table 36 Raw'!AI20 -> - -
A31: TEF000:clt_hydrogen | B31: Hydrogen | C31: ='AEO 2023 Table 36 Raw'!F21 -> 0 | D31: ='AEO 2023 Table 36 Raw'!G21 -> 0 | E31: ='AEO 2023 Table 36 Raw'!H21 -> 0 | F31: ='AEO 2023 Table 36 Raw'!I21 -> 0 | G31: ='AEO 2023 Table 36 Raw'!J21 -> 0 | H31: ='AEO 2023 Table 36 Raw'!K21 -> 0 | I31: ='AEO 2023 Table 36 Raw'!L21 -> 0 | J31: ='AEO 2023 Table 36 Raw'!M21 -> 0 | ... AF31: ='AEO 2023 Table 36 Raw'!AI21 -> - -
A33: TEF000:da_Total | B33: Freight Trucks 3/ | C33: ='AEO 2023 Table 36 Raw'!F22 -> 5922.791 | D33: ='AEO 2023 Table 36 Raw'!G22 -> 5816.7056 | E33: ='AEO 2023 Table 36 Raw'!H22 -> 5728.0952 | F33: ='AEO 2023 Table 36 Raw'!I22 -> 5673.0986 | G33: ='AEO 2023 Table 36 Raw'!J22 -> 5638.8965 | H33: ='AEO 2023 Table 36 Raw'!K22 -> 5591.7085 | I33: ='AEO 2023 Table 36 Raw'!L22 -> 5543.7119 | J33: ='AEO 2023 Table 36 Raw'!M22 -> 5483.6694 | ... AF33: ='AEO 2023 Table 36 Raw'!AI22 -> -0.003
A34: TEF000:da_MotorGasoline | B34: Motor Gasoline | C34: ='AEO 2023 Table 36 Raw'!F23 -> 616.2052 | D34: ='AEO 2023 Table 36 Raw'!G23 -> 611.60089 | E34: ='AEO 2023 Table 36 Raw'!H23 -> 610.37268 | F34: ='AEO 2023 Table 36 Raw'!I23 -> 612.19367 | G34: ='AEO 2023 Table 36 Raw'!J23 -> 616.9259 | H34: ='AEO 2023 Table 36 Raw'!K23 -> 620.02863 | I34: ='AEO 2023 Table 36 Raw'!L23 -> 623.43561 | J34: ='AEO 2023 Table 36 Raw'!M23 -> 626.1109 | ... AF34: ='AEO 2023 Table 36 Raw'!AI23 -> 0.009
A35: TEF000:da_Distillate(di | B35: Distillate Fuel Oil (diesel) | C35: ='AEO 2023 Table 36 Raw'!F24 -> 5252.3306 | D35: ='AEO 2023 Table 36 Raw'!G24 -> 5150.2441 | E35: ='AEO 2023 Table 36 Raw'!H24 -> 5062.3154 | F35: ='AEO 2023 Table 36 Raw'!I24 -> 5004.9751 | G35: ='AEO 2023 Table 36 Raw'!J24 -> 4965.6987 | H35: ='AEO 2023 Table 36 Raw'!K24 -> 4915.5693 | I35: ='AEO 2023 Table 36 Raw'!L24 -> 4864.6592 | J35: ='AEO 2023 Table 36 Raw'!M24 -> 4802.8213 | ... AF35: ='AEO 2023 Table 36 Raw'!AI24 -> -0.005
A36: TEF000:da_CompressedNat | B36: Compressed/Liquefied Natural Gas | C36: ='AEO 2023 Table 36 Raw'!F25 -> 51.344929 | D36: ='AEO 2023 Table 36 Raw'!G25 -> 51.773193 | E36: ='AEO 2023 Table 36 Raw'!H25 -> 51.965775 | F36: ='AEO 2023 Table 36 Raw'!I25 -> 52.061794 | G36: ='AEO 2023 Table 36 Raw'!J25 -> 52.003609 | H36: ='AEO 2023 Table 36 Raw'!K25 -> 51.453991 | I36: ='AEO 2023 Table 36 Raw'!L25 -> 50.587242 | J36: ='AEO 2023 Table 36 Raw'!M25 -> 49.35791 | ... AF36: ='AEO 2023 Table 36 Raw'!AI25 -> 0.016
A37: TEF000:da_LiquefiedPetr | B37: Propane | C37: ='AEO 2023 Table 36 Raw'!F26 -> 1.245265 | D37: ='AEO 2023 Table 36 Raw'!G26 -> 1.386178 | E37: ='AEO 2023 Table 36 Raw'!H26 -> 1.524881 | F37: ='AEO 2023 Table 36 Raw'!I26 -> 1.656008 | G37: ='AEO 2023 Table 36 Raw'!J26 -> 1.786266 | H37: ='AEO 2023 Table 36 Raw'!K26 -> 1.903707 | I37: ='AEO 2023 Table 36 Raw'!L26 -> 2.010578 | J37: ='AEO 2023 Table 36 Raw'!M26 -> 2.099689 | ... AF37: ='AEO 2023 Table 36 Raw'!AI26 -> 0.056
A38: TEF000:ft_eeeeeeeeeee85 | B38: E85 | C38: ='AEO 2023 Table 36 Raw'!F27 -> 1.575329 | D38: ='AEO 2023 Table 36 Raw'!G27 -> 1.59209 | E38: ='AEO 2023 Table 36 Raw'!H27 -> 1.542675 | F38: ='AEO 2023 Table 36 Raw'!I27 -> 1.600683 | G38: ='AEO 2023 Table 36 Raw'!J27 -> 1.639342 | H38: ='AEO 2023 Table 36 Raw'!K27 -> 1.678971 | I38: ='AEO 2023 Table 36 Raw'!L27 -> 1.719318 | J38: ='AEO 2023 Table 36 Raw'!M27 -> 1.762707 | ... AF38: ='AEO 2023 Table 36 Raw'!AI27 -> 0.033
A39: TEF000:ft_electricity | B39: Electricity | C39: ='AEO 2023 Table 36 Raw'!F28 -> 0.090132 | D39: ='AEO 2023 Table 36 Raw'!G28 -> 0.109146 | E39: ='AEO 2023 Table 36 Raw'!H28 -> 0.144005 | F39: ='AEO 2023 Table 36 Raw'!I28 -> 0.163405 | G39: ='AEO 2023 Table 36 Raw'!J28 -> 0.180895 | H39: ='AEO 2023 Table 36 Raw'!K28 -> 0.195757 | I39: ='AEO 2023 Table 36 Raw'!L28 -> 0.208274 | J39: ='AEO 2023 Table 36 Raw'!M28 -> 0.218016 | ... AF39: ='AEO 2023 Table 36 Raw'!AI28 -> 0.054
A40: TEF000:ft_hydrogen | B40: Hydrogen | C40: ='AEO 2023 Table 36 Raw'!F29 -> 0 | D40: ='AEO 2023 Table 36 Raw'!G29 -> 0 | E40: ='AEO 2023 Table 36 Raw'!H29 -> 0.229727 | F40: ='AEO 2023 Table 36 Raw'!I29 -> 0.447252 | G40: ='AEO 2023 Table 36 Raw'!J29 -> 0.662312 | H40: ='AEO 2023 Table 36 Raw'!K29 -> 0.877515 | I40: ='AEO 2023 Table 36 Raw'!L29 -> 1.09125 | J40: ='AEO 2023 Table 36 Raw'!M29 -> 1.299036 | ... AF40: ='AEO 2023 Table 36 Raw'!AI29 -> - -
A43: TEF000:ea_Total | B43: Freight Rail 4/ | C43: ='AEO 2023 Table 36 Raw'!F30 -> 481.38171 | D43: ='AEO 2023 Table 36 Raw'!G30 -> 474.82239 | E43: ='AEO 2023 Table 36 Raw'!H30 -> 494.12915 | F43: ='AEO 2023 Table 36 Raw'!I30 -> 482.20422 | G43: ='AEO 2023 Table 36 Raw'!J30 -> 461.88034 | H43: ='AEO 2023 Table 36 Raw'!K30 -> 446.09524 | I43: ='AEO 2023 Table 36 Raw'!L30 -> 439.74536 | J43: ='AEO 2023 Table 36 Raw'!M30 -> 444.5257 | ... AF43: ='AEO 2023 Table 36 Raw'!AI30 -> 0
A44: TEF000:ea_Distillate(di | B44: Distillate Fuel Oil (diesel) | C44: ='AEO 2023 Table 36 Raw'!F31 -> 480.86655 | D44: ='AEO 2023 Table 36 Raw'!G31 -> 473.79251 | E44: ='AEO 2023 Table 36 Raw'!H31 -> 492.51502 | F44: ='AEO 2023 Table 36 Raw'!I31 -> 480.10034 | G44: ='AEO 2023 Table 36 Raw'!J31 -> 459.17535 | H44: ='AEO 2023 Table 36 Raw'!K31 -> 442.59573 | I44: ='AEO 2023 Table 36 Raw'!L31 -> 435.20493 | J44: ='AEO 2023 Table 36 Raw'!M31 -> 438.61609 | ... AF44: ='AEO 2023 Table 36 Raw'!AI31 -> -0.011
A45: TEF000:ea_ResidualOil | B45: Residual Fuel Oil | C45: ='AEO 2023 Table 36 Raw'!F32 -> 0 | D45: ='AEO 2023 Table 36 Raw'!G32 -> 0 | E45: ='AEO 2023 Table 36 Raw'!H32 -> 0 | F45: ='AEO 2023 Table 36 Raw'!I32 -> 0 | G45: ='AEO 2023 Table 36 Raw'!J32 -> 0 | H45: ='AEO 2023 Table 36 Raw'!K32 -> 0 | I45: ='AEO 2023 Table 36 Raw'!L32 -> 0 | J45: ='AEO 2023 Table 36 Raw'!M32 -> 0 | ... AF45: ='AEO 2023 Table 36 Raw'!AI32 -> - -
A46: TEF000:ea_SeeEnGee | B46: Compressed Natural Gas | C46: ='AEO 2023 Table 36 Raw'!F33 -> 0 | D46: ='AEO 2023 Table 36 Raw'!G33 -> 0 | E46: ='AEO 2023 Table 36 Raw'!H33 -> 0 | F46: ='AEO 2023 Table 36 Raw'!I33 -> 0 | G46: ='AEO 2023 Table 36 Raw'!J33 -> 0 | H46: ='AEO 2023 Table 36 Raw'!K33 -> 0 | I46: ='AEO 2023 Table 36 Raw'!L33 -> 0 | J46: ='AEO 2023 Table 36 Raw'!M33 -> 0 | ... AF46: ='AEO 2023 Table 36 Raw'!AI33 -> - -
A47: TEF000:ea_LiquidNG | B47: Liquefied Natural Gas | C47: ='AEO 2023 Table 36 Raw'!F34 -> 0.515163 | D47: ='AEO 2023 Table 36 Raw'!G34 -> 1.02989 | E47: ='AEO 2023 Table 36 Raw'!H34 -> 1.614129 | F47: ='AEO 2023 Table 36 Raw'!I34 -> 2.103867 | G47: ='AEO 2023 Table 36 Raw'!J34 -> 2.704991 | H47: ='AEO 2023 Table 36 Raw'!K34 -> 3.499511 | I47: ='AEO 2023 Table 36 Raw'!L34 -> 4.540437 | J47: ='AEO 2023 Table 36 Raw'!M34 -> 5.909603 | ... AF47: ='AEO 2023 Table 36 Raw'!AI34 -> 0.215
A49: TEF000:fa_Total | B49: Domestic Shipping | C49: ='AEO 2023 Table 36 Raw'!F35 -> 98.239021 | D49: ='AEO 2023 Table 36 Raw'!G35 -> 98.920753 | E49: ='AEO 2023 Table 36 Raw'!H35 -> 98.114662 | F49: ='AEO 2023 Table 36 Raw'!I35 -> 97.346069 | G49: ='AEO 2023 Table 36 Raw'!J35 -> 96.685867 | H49: ='AEO 2023 Table 36 Raw'!K35 -> 95.823471 | I49: ='AEO 2023 Table 36 Raw'!L35 -> 94.964699 | J49: ='AEO 2023 Table 36 Raw'!M35 -> 93.890503 | ... AF49: ='AEO 2023 Table 36 Raw'!AI35 -> -0.007
A50: TEF000:fa_Distillate(di | B50: Distillate Fuel Oil (diesel) | C50: ='AEO 2023 Table 36 Raw'!F36 -> 95.724983 | D50: ='AEO 2023 Table 36 Raw'!G36 -> 96.410873 | E50: ='AEO 2023 Table 36 Raw'!H36 -> 95.648369 | F50: ='AEO 2023 Table 36 Raw'!I36 -> 94.922401 | G50: ='AEO 2023 Table 36 Raw'!J36 -> 94.299675 | H50: ='AEO 2023 Table 36 Raw'!K36 -> 93.480141 | I50: ='AEO 2023 Table 36 Raw'!L36 -> 92.663536 | J50: ='AEO 2023 Table 36 Raw'!M36 -> 91.636002 | ... AF50: ='AEO 2023 Table 36 Raw'!AI36 -> -0.008
A51: TEF000:fa_ResidualOil | B51: Residual Oil | C51: ='AEO 2023 Table 36 Raw'!F37 -> 1.875904 | D51: ='AEO 2023 Table 36 Raw'!G37 -> 1.807883 | E51: ='AEO 2023 Table 36 Raw'!H37 -> 1.713682 | F51: ='AEO 2023 Table 36 Raw'!I37 -> 1.621937 | G51: ='AEO 2023 Table 36 Raw'!J37 -> 1.541314 | H51: ='AEO 2023 Table 36 Raw'!K37 -> 1.455168 | I51: ='AEO 2023 Table 36 Raw'!L37 -> 1.371278 | J51: ='AEO 2023 Table 36 Raw'!M37 -> 1.286325 | ... AF51: ='AEO 2023 Table 36 Raw'!AI37 -> -0.055
A52: TEF000:fa_MotorGasoline | B52: Compressed Natural Gas | C52: ='AEO 2023 Table 36 Raw'!F38 -> 0 | D52: ='AEO 2023 Table 36 Raw'!G38 -> 0 | E52: ='AEO 2023 Table 36 Raw'!H38 -> 0 | F52: ='AEO 2023 Table 36 Raw'!I38 -> 0 | G52: ='AEO 2023 Table 36 Raw'!J38 -> 0 | H52: ='AEO 2023 Table 36 Raw'!K38 -> 0 | I52: ='AEO 2023 Table 36 Raw'!L38 -> 0 | J52: ='AEO 2023 Table 36 Raw'!M38 -> 0 | ... AF52: ='AEO 2023 Table 36 Raw'!AI38 -> - -
A53: TEF000:fa_LiquidNG | B53: Liquefied Natural Gas | C53: ='AEO 2023 Table 36 Raw'!F39 -> 0.638131 | D53: ='AEO 2023 Table 36 Raw'!G39 -> 0.702 | E53: ='AEO 2023 Table 36 Raw'!H39 -> 0.752607 | F53: ='AEO 2023 Table 36 Raw'!I39 -> 0.801725 | G53: ='AEO 2023 Table 36 Raw'!J39 -> 0.84488 | H53: ='AEO 2023 Table 36 Raw'!K39 -> 0.888157 | I53: ='AEO 2023 Table 36 Raw'!L39 -> 0.929884 | J53: ='AEO 2023 Table 36 Raw'!M39 -> 0.968181 | ... AF53: ='AEO 2023 Table 36 Raw'!AI39 -> 0.052
A55: TEF000:ga_Total | B55: International Shipping | C55: ='AEO 2023 Table 36 Raw'!F40 -> 935.02771 | D55: ='AEO 2023 Table 36 Raw'!G40 -> 881.83038 | E55: ='AEO 2023 Table 36 Raw'!H40 -> 877.7273 | F55: ='AEO 2023 Table 36 Raw'!I40 -> 878.60413 | G55: ='AEO 2023 Table 36 Raw'!J40 -> 871.25031 | H55: ='AEO 2023 Table 36 Raw'!K40 -> 868.44873 | I55: ='AEO 2023 Table 36 Raw'!L40 -> 862.68933 | J55: ='AEO 2023 Table 36 Raw'!M40 -> 859.14197 | ... AF55: ='AEO 2023 Table 36 Raw'!AI40 -> -0.003
A56: TEF000:ga_Distillate(di | B56: Distillate Fuel Oil (diesel) | C56: ='AEO 2023 Table 36 Raw'!F41 -> 222.93867 | D56: ='AEO 2023 Table 36 Raw'!G41 -> 318.21375 | E56: ='AEO 2023 Table 36 Raw'!H41 -> 318.50684 | F56: ='AEO 2023 Table 36 Raw'!I41 -> 321.42749 | G56: ='AEO 2023 Table 36 Raw'!J41 -> 326.40894 | H56: ='AEO 2023 Table 36 Raw'!K41 -> 331.7504 | I56: ='AEO 2023 Table 36 Raw'!L41 -> 339.13263 | J56: ='AEO 2023 Table 36 Raw'!M41 -> 343.65381 | ... AF56: ='AEO 2023 Table 36 Raw'!AI41 -> 0.017
A57: TEF000:ga_ResidualOil | B57: Residual Oil | C57: ='AEO 2023 Table 36 Raw'!F42 -> 685.66516 | D57: ='AEO 2023 Table 36 Raw'!G42 -> 532.14972 | E57: ='AEO 2023 Table 36 Raw'!H42 -> 519.35321 | F57: ='AEO 2023 Table 36 Raw'!I42 -> 520.34845 | G57: ='AEO 2023 Table 36 Raw'!J42 -> 497.46442 | H57: ='AEO 2023 Table 36 Raw'!K42 -> 487.75363 | I57: ='AEO 2023 Table 36 Raw'!L42 -> 469.75632 | J57: ='AEO 2023 Table 36 Raw'!M42 -> 458.26987 | ... AF57: ='AEO 2023 Table 36 Raw'!AI42 -> -0.017
A58: TEF000:ga_SeeEnGee | B58: Compressed Natural Gas | C58: ='AEO 2023 Table 36 Raw'!F43 -> 0 | D58: ='AEO 2023 Table 36 Raw'!G43 -> 0 | E58: ='AEO 2023 Table 36 Raw'!H43 -> 0 | F58: ='AEO 2023 Table 36 Raw'!I43 -> 0 | G58: ='AEO 2023 Table 36 Raw'!J43 -> 0 | H58: ='AEO 2023 Table 36 Raw'!K43 -> 0 | I58: ='AEO 2023 Table 36 Raw'!L43 -> 0 | J58: ='AEO 2023 Table 36 Raw'!M43 -> 0 | ... AF58: ='AEO 2023 Table 36 Raw'!AI43 -> - -
A59: TEF000:ga_LiquidNG | B59: Liquefied Natural Gas | C59: ='AEO 2023 Table 36 Raw'!F44 -> 26.423862 | D59: ='AEO 2023 Table 36 Raw'!G44 -> 31.466925 | E59: ='AEO 2023 Table 36 Raw'!H44 -> 39.867241 | F59: ='AEO 2023 Table 36 Raw'!I44 -> 36.82819 | G59: ='AEO 2023 Table 36 Raw'!J44 -> 47.376953 | H59: ='AEO 2023 Table 36 Raw'!K44 -> 48.944679 | I59: ='AEO 2023 Table 36 Raw'!L44 -> 53.800423 | J59: ='AEO 2023 Table 36 Raw'!M44 -> 57.218277 | ... AF59: ='AEO 2023 Table 36 Raw'!AI44 -> 0.04
A61: TEF000:ha_Total | B61: Air Transportation | C61: ='AEO 2023 Table 36 Raw'!F45 -> 2802.8074 | D61: ='AEO 2023 Table 36 Raw'!G45 -> 3008.168 | E61: ='AEO 2023 Table 36 Raw'!H45 -> 3051.2026 | F61: ='AEO 2023 Table 36 Raw'!I45 -> 3057.1106 | G61: ='AEO 2023 Table 36 Raw'!J45 -> 3095.8982 | H61: ='AEO 2023 Table 36 Raw'!K45 -> 3134.2268 | I61: ='AEO 2023 Table 36 Raw'!L45 -> 3164.5515 | J61: ='AEO 2023 Table 36 Raw'!M45 -> 3187.1082 | ... AF61: ='AEO 2023 Table 36 Raw'!AI45 -> 0.014
A62: TEF000:ha_JetFuel | B62: Jet Fuel | C62: ='AEO 2023 Table 36 Raw'!F46 -> 2780.3857 | D62: ='AEO 2023 Table 36 Raw'!G46 -> 2985.7573 | E62: ='AEO 2023 Table 36 Raw'!H46 -> 3028.801 | F62: ='AEO 2023 Table 36 Raw'!I46 -> 3034.7166 | G62: ='AEO 2023 Table 36 Raw'!J46 -> 3073.5105 | H62: ='AEO 2023 Table 36 Raw'!K46 -> 3111.8442 | I62: ='AEO 2023 Table 36 Raw'!L46 -> 3142.1731 | J62: ='AEO 2023 Table 36 Raw'!M46 -> 3164.7332 | ... AF62: ='AEO 2023 Table 36 Raw'!AI46 -> 0.014
A63: TEF000:ha_AviationGasol | B63: Aviation Gasoline | C63: ='AEO 2023 Table 36 Raw'!F47 -> 22.421618 | D63: ='AEO 2023 Table 36 Raw'!G47 -> 22.410635 | E63: ='AEO 2023 Table 36 Raw'!H47 -> 22.401548 | F63: ='AEO 2023 Table 36 Raw'!I47 -> 22.394032 | G63: ='AEO 2023 Table 36 Raw'!J47 -> 22.387812 | H63: ='AEO 2023 Table 36 Raw'!K47 -> 22.382666 | I63: ='AEO 2023 Table 36 Raw'!L47 -> 22.378407 | J63: ='AEO 2023 Table 36 Raw'!M47 -> 22.374884 | ... AF63: ='AEO 2023 Table 36 Raw'!AI47 -> 0
A65: TEF000:ia_Total | B65: Military Use | C65: ='AEO 2023 Table 36 Raw'!F48 -> 430.83188 | D65: ='AEO 2023 Table 36 Raw'!G48 -> 433.13123 | E65: ='AEO 2023 Table 36 Raw'!H48 -> 433.96753 | F65: ='AEO 2023 Table 36 Raw'!I48 -> 434.6282 | G65: ='AEO 2023 Table 36 Raw'!J48 -> 435.16168 | H65: ='AEO 2023 Table 36 Raw'!K48 -> 435.94711 | I65: ='AEO 2023 Table 36 Raw'!L48 -> 436.50568 | J65: ='AEO 2023 Table 36 Raw'!M48 -> 436.9512 | ... AF65: ='AEO 2023 Table 36 Raw'!AI48 -> 0.001
A66: TEF000:ia_JetFuel | B66: Jet Fuel and Aviation Gasoline | C66: ='AEO 2023 Table 36 Raw'!F49 -> 334.44891 | D66: ='AEO 2023 Table 36 Raw'!G49 -> 336.23386 | E66: ='AEO 2023 Table 36 Raw'!H49 -> 336.88306 | F66: ='AEO 2023 Table 36 Raw'!I49 -> 337.39594 | G66: ='AEO 2023 Table 36 Raw'!J49 -> 337.81006 | H66: ='AEO 2023 Table 36 Raw'!K49 -> 338.4198 | I66: ='AEO 2023 Table 36 Raw'!L49 -> 338.85339 | J66: ='AEO 2023 Table 36 Raw'!M49 -> 339.19925 | ... AF66: ='AEO 2023 Table 36 Raw'!AI49 -> 0.001
A67: TEF000:ia_ResidualFuel | B67: Residual Fuel Oil | C67: ='AEO 2023 Table 36 Raw'!F50 -> 0 | D67: ='AEO 2023 Table 36 Raw'!G50 -> 0 | E67: ='AEO 2023 Table 36 Raw'!H50 -> 0 | F67: ='AEO 2023 Table 36 Raw'!I50 -> 0 | G67: ='AEO 2023 Table 36 Raw'!J50 -> 0 | H67: ='AEO 2023 Table 36 Raw'!K50 -> 0 | I67: ='AEO 2023 Table 36 Raw'!L50 -> 0 | J67: ='AEO 2023 Table 36 Raw'!M50 -> 0 | ... AF67: ='AEO 2023 Table 36 Raw'!AI50 -> - -
A68: TEF000:ia_Distillate | B68: Distillates and Diesel | C68: ='AEO 2023 Table 36 Raw'!F51 -> 96.382973 | D68: ='AEO 2023 Table 36 Raw'!G51 -> 96.897369 | E68: ='AEO 2023 Table 36 Raw'!H51 -> 97.084457 | F68: ='AEO 2023 Table 36 Raw'!I51 -> 97.232269 | G68: ='AEO 2023 Table 36 Raw'!J51 -> 97.351608 | H68: ='AEO 2023 Table 36 Raw'!K51 -> 97.527321 | I68: ='AEO 2023 Table 36 Raw'!L51 -> 97.652275 | J68: ='AEO 2023 Table 36 Raw'!M51 -> 97.751961 | ... AF68: ='AEO 2023 Table 36 Raw'!AI51 -> 0.001
A70: TEF000:ja_Total | B70: Bus Transportation | C70: ='AEO 2023 Table 36 Raw'!F52 -> 210.97722 | D70: ='AEO 2023 Table 36 Raw'!G52 -> 220.80747 | E70: ='AEO 2023 Table 36 Raw'!H52 -> 225.1512 | F70: ='AEO 2023 Table 36 Raw'!I52 -> 225.93091 | G70: ='AEO 2023 Table 36 Raw'!J52 -> 226.44176 | H70: ='AEO 2023 Table 36 Raw'!K52 -> 226.74643 | I70: ='AEO 2023 Table 36 Raw'!L52 -> 226.78705 | J70: ='AEO 2023 Table 36 Raw'!M52 -> 226.39072 | ... AF70: ='AEO 2023 Table 36 Raw'!AI52 -> -0.004
A71: TEF000:bus_transit_tot | B71: Transit Bus | C71: ='AEO 2023 Table 36 Raw'!F53 -> 92.212234 | D71: ='AEO 2023 Table 36 Raw'!G53 -> 95.83783 | E71: ='AEO 2023 Table 36 Raw'!H53 -> 98.320953 | F71: ='AEO 2023 Table 36 Raw'!I53 -> 98.870079 | G71: ='AEO 2023 Table 36 Raw'!J53 -> 99.844643 | H71: ='AEO 2023 Table 36 Raw'!K53 -> 100.61442 | I71: ='AEO 2023 Table 36 Raw'!L53 -> 101.24708 | J71: ='AEO 2023 Table 36 Raw'!M53 -> 101.61662 | ... AF71: ='AEO 2023 Table 36 Raw'!AI53 -> -0.002
A72: TEF000:ja_TransitBus(mo | B72: Motor Gasoline | C72: ='AEO 2023 Table 36 Raw'!F54 -> 12.007432 | D72: ='AEO 2023 Table 36 Raw'!G54 -> 12.465114 | E72: ='AEO 2023 Table 36 Raw'!H54 -> 12.775763 | F72: ='AEO 2023 Table 36 Raw'!I54 -> 12.835154 | G72: ='AEO 2023 Table 36 Raw'!J54 -> 12.958027 | H72: ='AEO 2023 Table 36 Raw'!K54 -> 13.056922 | I72: ='AEO 2023 Table 36 Raw'!L54 -> 13.141269 | J72: ='AEO 2023 Table 36 Raw'!M54 -> 13.190033 | ... AF72: ='AEO 2023 Table 36 Raw'!AI54 -> -0.002
A73: TEF000:bus_transit_e85 | B73: E85 | C73: ='AEO 2023 Table 36 Raw'!F55 -> 0.007432 | D73: ='AEO 2023 Table 36 Raw'!G55 -> 0.007763 | E73: ='AEO 2023 Table 36 Raw'!H55 -> 0.007949 | F73: ='AEO 2023 Table 36 Raw'!I55 -> 0.008029 | G73: ='AEO 2023 Table 36 Raw'!J55 -> 0.008141 | H73: ='AEO 2023 Table 36 Raw'!K55 -> 0.00821 | I73: ='AEO 2023 Table 36 Raw'!L55 -> 0.008257 | J73: ='AEO 2023 Table 36 Raw'!M55 -> 0.008279 | ... AF73: ='AEO 2023 Table 36 Raw'!AI55 -> -0.003
A74: TEF000:ja_TransitBus(di | B74: Distillate Fuel Oil (diesel) | C74: ='AEO 2023 Table 36 Raw'!F56 -> 52.012611 | D74: ='AEO 2023 Table 36 Raw'!G56 -> 54.015755 | E74: ='AEO 2023 Table 36 Raw'!H56 -> 55.245651 | F74: ='AEO 2023 Table 36 Raw'!I56 -> 55.522507 | G74: ='AEO 2023 Table 36 Raw'!J56 -> 56.047764 | H74: ='AEO 2023 Table 36 Raw'!K56 -> 56.442497 | I74: ='AEO 2023 Table 36 Raw'!L56 -> 56.754585 | J74: ='AEO 2023 Table 36 Raw'!M56 -> 56.903236 | ... AF74: ='AEO 2023 Table 36 Raw'!AI56 -> -0.007
A75: TEF000:bus_transit_CNG | B75: Compressed/Liquefied Natural Gas | C75: ='AEO 2023 Table 36 Raw'!F57 -> 26.102913 | D75: ='AEO 2023 Table 36 Raw'!G57 -> 27.152719 | E75: ='AEO 2023 Table 36 Raw'!H57 -> 27.997173 | F75: ='AEO 2023 Table 36 Raw'!I57 -> 28.156235 | G75: ='AEO 2023 Table 36 Raw'!J57 -> 28.412041 | H75: ='AEO 2023 Table 36 Raw'!K57 -> 28.617826 | I75: ='AEO 2023 Table 36 Raw'!L57 -> 28.781719 | J75: ='AEO 2023 Table 36 Raw'!M57 -> 28.881859 | ... AF75: ='AEO 2023 Table 36 Raw'!AI57 -> -0.003
A76: TEF000:bus_transit_LPG | B76: Propane | C76: ='AEO 2023 Table 36 Raw'!F58 -> 1.475766 | D76: ='AEO 2023 Table 36 Raw'!G58 -> 1.532684 | E76: ='AEO 2023 Table 36 Raw'!H58 -> 1.572022 | F76: ='AEO 2023 Table 36 Raw'!I58 -> 1.578621 | G76: ='AEO 2023 Table 36 Raw'!J58 -> 1.595975 | H76: ='AEO 2023 Table 36 Raw'!K58 -> 1.609501 | I76: ='AEO 2023 Table 36 Raw'!L58 -> 1.620445 | J76: ='AEO 2023 Table 36 Raw'!M58 -> 1.627665 | ... AF76: ='AEO 2023 Table 36 Raw'!AI58 -> -0.002
A77: TEF000:bus_transit_elec | B77: Electricity | C77: ='AEO 2023 Table 36 Raw'!F59 -> 0.582963 | D77: ='AEO 2023 Table 36 Raw'!G59 -> 0.639772 | E77: ='AEO 2023 Table 36 Raw'!H59 -> 0.697459 | F77: ='AEO 2023 Table 36 Raw'!I59 -> 0.744435 | G77: ='AEO 2023 Table 36 Raw'!J59 -> 0.797369 | H77: ='AEO 2023 Table 36 Raw'!K59 -> 0.853976 | I77: ='AEO 2023 Table 36 Raw'!L59 -> 0.915217 | J77: ='AEO 2023 Table 36 Raw'!M59 -> 0.979902 | ... AF77: ='AEO 2023 Table 36 Raw'!AI59 -> 0.094
A78: TEF000:bus_transit_hydr | B78: Hydrogen | C78: ='AEO 2023 Table 36 Raw'!F60 -> 0.023117 | D78: ='AEO 2023 Table 36 Raw'!G60 -> 0.024035 | E78: ='AEO 2023 Table 36 Raw'!H60 -> 0.024939 | F78: ='AEO 2023 Table 36 Raw'!I60 -> 0.025099 | G78: ='AEO 2023 Table 36 Raw'!J60 -> 0.025319 | H78: ='AEO 2023 Table 36 Raw'!K60 -> 0.025482 | I78: ='AEO 2023 Table 36 Raw'!L60 -> 0.025596 | J78: ='AEO 2023 Table 36 Raw'!M60 -> 0.025651 | ... AF78: ='AEO 2023 Table 36 Raw'!AI60 -> -0.004
A79: TEF000:bus_inter_total | B79: Intercity Bus | C79: ='AEO 2023 Table 36 Raw'!F61 -> 26.118862 | D79: ='AEO 2023 Table 36 Raw'!G61 -> 28.024412 | E79: ='AEO 2023 Table 36 Raw'!H61 -> 29.477226 | F79: ='AEO 2023 Table 36 Raw'!I61 -> 30.571621 | G79: ='AEO 2023 Table 36 Raw'!J61 -> 31.3964 | H79: ='AEO 2023 Table 36 Raw'!K61 -> 32.010113 | I79: ='AEO 2023 Table 36 Raw'!L61 -> 32.464531 | J79: ='AEO 2023 Table 36 Raw'!M61 -> 32.799759 | ... AF79: ='AEO 2023 Table 36 Raw'!AI61 -> 0.008
A80: TEF000:bus_inter_motor | B80: Motor Gasoline | C80: ='AEO 2023 Table 36 Raw'!F62 -> 0 | D80: ='AEO 2023 Table 36 Raw'!G62 -> 0 | E80: ='AEO 2023 Table 36 Raw'!H62 -> 0 | F80: ='AEO 2023 Table 36 Raw'!I62 -> 0 | G80: ='AEO 2023 Table 36 Raw'!J62 -> 0 | H80: ='AEO 2023 Table 36 Raw'!K62 -> 0 | I80: ='AEO 2023 Table 36 Raw'!L62 -> 0 | J80: ='AEO 2023 Table 36 Raw'!M62 -> 0 | ... AF80: ='AEO 2023 Table 36 Raw'!AI62 -> - -
A81: TEF000:bus_inter_e85 | B81: E85 | C81: ='AEO 2023 Table 36 Raw'!F63 -> 0 | D81: ='AEO 2023 Table 36 Raw'!G63 -> 0 | E81: ='AEO 2023 Table 36 Raw'!H63 -> 0 | F81: ='AEO 2023 Table 36 Raw'!I63 -> 0 | G81: ='AEO 2023 Table 36 Raw'!J63 -> 0 | H81: ='AEO 2023 Table 36 Raw'!K63 -> 0 | I81: ='AEO 2023 Table 36 Raw'!L63 -> 0 | J81: ='AEO 2023 Table 36 Raw'!M63 -> 0 | ... AF81: ='AEO 2023 Table 36 Raw'!AI63 -> - -
... A107: TEF000:ma_CommuteLNG | B107: Liquefied Natural Gas | C107: ='AEO 2023 Table 36 Raw'!F89 -> 0 | D107: ='AEO 2023 Table 36 Raw'!G89 -> 0 | E107: ='AEO 2023 Table 36 Raw'!H89 -> 0 | F107: ='AEO 2023 Table 36 Raw'!I89 -> 0 | G107: ='AEO 2023 Table 36 Raw'!J89 -> 0 | H107: ='AEO 2023 Table 36 Raw'!K89 -> 0 | I107: ='AEO 2023 Table 36 Raw'!L89 -> 0 | J107: ='AEO 2023 Table 36 Raw'!M89 -> 0 | ... AF107: ='AEO 2023 Table 36 Raw'!AI89 -> - -
A109: TEF000:na_RecreationBoa | B109: Recreational Boats | C109: ='AEO 2023 Table 36 Raw'!F90 -> 202.83664 | D109: ='AEO 2023 Table 36 Raw'!G90 -> 199.16296 | E109: ='AEO 2023 Table 36 Raw'!H90 -> 195.80548 | F109: ='AEO 2023 Table 36 Raw'!I90 -> 193.73721 | G109: ='AEO 2023 Table 36 Raw'!J90 -> 192.81314 | H109: ='AEO 2023 Table 36 Raw'!K90 -> 191.8974 | I109: ='AEO 2023 Table 36 Raw'!L90 -> 190.73351 | J109: ='AEO 2023 Table 36 Raw'!M90 -> 189.21046 | ... AF109: ='AEO 2023 Table 36 Raw'!AI90 -> -0.005
A110: TEF000:na_RecreateGas | B110: Gasoline | C110: ='AEO 2023 Table 36 Raw'!F91 -> 163.60873 | D110: ='AEO 2023 Table 36 Raw'!G91 -> 160.38701 | E110: ='AEO 2023 Table 36 Raw'!H91 -> 157.42775 | F110: ='AEO 2023 Table 36 Raw'!I91 -> 155.51083 | G110: ='AEO 2023 Table 36 Raw'!J91 -> 154.515 | H110: ='AEO 2023 Table 36 Raw'!K91 -> 153.52698 | I110: ='AEO 2023 Table 36 Raw'!L91 -> 152.34193 | J110: ='AEO 2023 Table 36 Raw'!M91 -> 150.87234 | ... AF110: ='AEO 2023 Table 36 Raw'!AI91 -> -0.006
A111: TEF000:na_RecreateDies | B111: Distillate Fuel Oil (diesel) | C111: ='AEO 2023 Table 36 Raw'!F92 -> 39.227898 | D111: ='AEO 2023 Table 36 Raw'!G92 -> 38.775948 | E111: ='AEO 2023 Table 36 Raw'!H92 -> 38.377731 | F111: ='AEO 2023 Table 36 Raw'!I92 -> 38.226379 | G111: ='AEO 2023 Table 36 Raw'!J92 -> 38.298149 | H111: ='AEO 2023 Table 36 Raw'!K92 -> 38.370419 | I111: ='AEO 2023 Table 36 Raw'!L92 -> 38.391571 | J111: ='AEO 2023 Table 36 Raw'!M92 -> 38.33812 | ... AF111: ='AEO 2023 Table 36 Raw'!AI92 -> 0.002
A113: TEF000:na_Lubricants | B113: Lubricants | C113: ='AEO 2023 Table 36 Raw'!F93 -> 125.94522 | D113: ='AEO 2023 Table 36 Raw'!G93 -> 125.92506 | E113: ='AEO 2023 Table 36 Raw'!H93 -> 126.01238 | F113: ='AEO 2023 Table 36 Raw'!I93 -> 126.04986 | G113: ='AEO 2023 Table 36 Raw'!J93 -> 126.11367 | H113: ='AEO 2023 Table 36 Raw'!K93 -> 125.98441 | I113: ='AEO 2023 Table 36 Raw'!L93 -> 125.853 | J113: ='AEO 2023 Table 36 Raw'!M93 -> 125.75523 | ... AF113: ='AEO 2023 Table 36 Raw'!AI93 -> 0
A114: TEF000:na_PipelineFuelN | B114: Pipeline Fuel Natural Gas | C114: ='AEO 2023 Table 36 Raw'!F94 -> 905.73224 | D114: ='AEO 2023 Table 36 Raw'!G94 -> 820.5426 | E114: ='AEO 2023 Table 36 Raw'!H94 -> 760.98248 | F114: ='AEO 2023 Table 36 Raw'!I94 -> 726.75244 | G114: ='AEO 2023 Table 36 Raw'!J94 -> 695.8501 | H114: ='AEO 2023 Table 36 Raw'!K94 -> 653.98541 | I114: ='AEO 2023 Table 36 Raw'!L94 -> 613.92792 | J114: ='AEO 2023 Table 36 Raw'!M94 -> 612.03296 | ... AF114: ='AEO 2023 Table 36 Raw'!AI94 -> -0.009
A116: TEF000:pa_TotalConsumpt | B116: Total Consumption | C116: ='AEO 2023 Table 36 Raw'!F95 -> 332.5231 | D116: ='AEO 2023 Table 36 Raw'!G95 -> 377.97052 | E116: ='AEO 2023 Table 36 Raw'!H95 -> 384.00461 | F116: ='AEO 2023 Table 36 Raw'!I95 -> 408.78293 | G116: ='AEO 2023 Table 36 Raw'!J95 -> 446.26065 | H116: ='AEO 2023 Table 36 Raw'!K95 -> 477.17264 | I116: ='AEO 2023 Table 36 Raw'!L95 -> 503.61008 | J116: ='AEO 2023 Table 36 Raw'!M95 -> 527.57086 | ... AF116: ='AEO 2023 Table 36 Raw'!AI95 -> 0.034
B118: 1/ E85 refers to a blend of 85 % ethanol (renewable) and 15 % motor gasoline (nonrenewable). To address cold starting issues,
B119: the percentage of ethanol varies seasonally. The annual average ethanol content of 74 percent is used for these projections.
B120: 2/ Commercial trucks from 8,501 to 10,000 pounds.
B121: 3/ Does not include military distillate. Does not include commercial buses.
B122: 4/ Does not include passenger rail.
B123: Btu = British thermal unit.
B124: - - = Not applicable.
B125: Note: Includes estimated consumption for petroleum and other liquids. Totals may not equal sum of components due to independent rounding.
B126: Sources: U.S. Energy Information Administration, AEO2022 National Energy Modeling System run ref2022.d011222a.

Sheet AEO 2025 Table 17
A1: Table 17. Renewable Energy Consumption by Sector and Source
A2: https://www.eia.gov/outlooks/aeo/data/browser/#/?id=24-AEO2025&cases=alttrnp&sourcekey=0
A3: Fri Dec 05 2025 14:44:26 GMT-0800 (Pacific Standard Time)
A4: Source: U.S. Energy Information Administration
B5: full name | C5: api key | D5: units | E5: 2023 | F5: 2024 | G5: 2025 | H5: 2026 | I5: 2027 | J5: 2028 | K5: 2029 | L5: 2030 | M5: 2031 | N5: 2032 | O5: 2033 | P5: 2034 | Q5: 2035 | R5: 2036 | S5: 2037 | T5: 2038 | U5: 2039 | V5: 2040 | W5: 2041 | X5: 2042 | Y5: 2043 | Z5: 2044 | AA5: 2045 | AB5: 2046 | AC5: 2047 | AD5: 2048 | AE5: 2049 | AF5: 2050 | AG5: Growth (2024-2050)
A6: Marketed Renewable Energy
A7: Residential (wood) | B7: Renewable Energy: Marketed Use: Residential: Wood: Alternative Transportation | C7: AEO.2025.ALTTRNP.CNSM_NA_RESD_NA_BMS_NA_NA_QBTU.A | D7: quads | F7: 0.357584 | G7: 0.365084 | H7: 0.352908 | I7: 0.34768 | J7: 0.346055 | K7: 0.345909 | L7: 0.34612 | M7: 0.344416 | N7: 0.339709 | O7: 0.334906 | P7: 0.330754 | Q7: 0.326549 | R7: 0.321503 | S7: 0.316811 | T7: 0.312445 | U7: 0.30824 | V7: 0.303915 | W7: 0.299247 | X7: 0.294424 | Y7: 0.290096 | Z7: 0.286061 | AA7: 0.282843 | AB7: 0.279879 | AC7: 0.27653 | AD7: 0.273142 | AE7: 0.270203 | AF7: 0.267818 | AG7: -0.011
A8: Commercial (biomass) | B8: Renewable Energy: Marketed Use: Commercial: Biomass: Alternative Transportation | C8: AEO.2025.ALTTRNP.CNSM_NA_COMM_NA_BMS_NA_NA_QBTU.A | D8: quads | F8: 0.158104 | G8: 0.158104 | H8: 0.158104 | I8: 0.158104 | J8: 0.158104 | K8: 0.158104 | L8: 0.158104 | M8: 0.158104 | N8: 0.158104 | O8: 0.158104 | P8: 0.158104 | Q8: 0.158104 | R8: 0.158104 | S8: 0.158104 | T8: 0.158104 | U8: 0.158104 | V8: 0.158104 | W8: 0.158104 | X8: 0.158104 | Y8: 0.158104 | Z8: 0.158104 | AA8: 0.158104 | AB8: 0.158104 | AC8: 0.158104 | AD8: 0.158104 | AE8: 0.158104 | AF8: 0.158104 | AG8: 0
A9: Industrial | B9: Renewable Energy: Marketed Use: Industrial: Alternative Transportation | C9: AEO.2025.ALTTRNP.CNSM_NA_IDAL_NA_MRE_NA_NA_QBTU.A | D9: quads | F9: 2.297976 | G9: 2.339994 | H9: 2.360458 | I9: 2.364766 | J9: 2.367289 | K9: 2.391599 | L9: 2.410913 | M9: 2.432533 | N9: 2.449479 | O9: 2.459612 | P9: 2.472967 | Q9: 2.487608 | R9: 2.519789 | S9: 2.541722 | T9: 2.558646 | U9: 2.57983 | V9: 2.594392 | W9: 2.593595 | X9: 2.595156 | Y9: 2.598657 | Z9: 2.601204 | AA9: 2.615776 | AB9: 2.626854 | AC9: 2.653047 | AD9: 2.679632 | AE9: 2.706301 | AF9: 2.725619 | AG9: 0.007
A10: Conventional Hydroelectric Power | B10: Renewable Energy: Marketed Use: Industrial: Hydropower: Alternative Transportation | C10: AEO.2025.ALTTRNP.CNSM_NA_IDAL_NA_HYD_CNV_NA_QBTU.A | D10: quads | F10: 0 | G10: 0 | H10: 0 | I10: 0 | J10: 0 | K10: 0 | L10: 0 | M10: 0 | N10: 0 | O10: 0 | P10: 0 | Q10: 0 | R10: 0 | S10: 0 | T10: 0 | U10: 0 | V10: 0 | W10: 0 | X10: 0 | Y10: 0 | Z10: 0 | AA10: 0 | AB10: 0 | AC10: 0 | AD10: 0 | AE10: 0 | AF10: 0 | AG10: - -
A11: Municipal Waste | B11: Renewable Energy: Marketed Use: Industrial: Municipal Waste: Alternative Transportation | C11: AEO.2025.ALTTRNP.CNSM_NA_IDAL_NA_MUNWST_NA_NA_QBTU.A | D11: quads | F11: 0.153715 | G11: 0.157617 | H11: 0.162138 | I11: 0.16675 | J11: 0.170743 | K11: 0.175046 | L11: 0.179064 | M11: 0.182534 | N11: 0.185814 | O11: 0.18872 | P11: 0.191506 | Q11: 0.193958 | R11: 0.196074 | S11: 0.19785 | T11: 0.19963 | U11: 0.201468 | V11: 0.203181 | W11: 0.204886 | X11: 0.206672 | Y11: 0.208376 | Z11: 0.210056 | AA11: 0.211709 | AB11: 0.213369 | AC11: 0.215095 | AD11: 0.216808 | AE11: 0.218557 | AF11: 0.220298 | AG11: 0.014
A12: Biomass | B12: Renewable Energy: Marketed Use: Industrial: Biomass: Alternative Transportation | C12: AEO.2025.ALTTRNP.CNSM_NA_IDAL_NA_BMS_NA_NA_QBTU.A | D12: quads | F12: 1.250399 | G12: 1.266635 | H12: 1.282455 | I12: 1.280914 | J12: 1.280277 | K12: 1.29914 | L12: 1.314888 | M12: 1.333216 | N12: 1.346774 | O12: 1.353255 | P12: 1.363382 | Q12: 1.375898 | R12: 1.404156 | S12: 1.422003 | T12: 1.436598 | U12: 1.452214 | V12: 1.459797 | W12: 1.454925 | X12: 1.453116 | Y12: 1.443923 | Z12: 1.440881 | AA12: 1.449334 | AB12: 1.455303 | AC12: 1.474382 | AD12: 1.495274 | AE12: 1.515387 | AF12: 1.532561 | AG12: 0.008
A13: Biofuels Heat and Coproducts | B13: Renewable Energy: Marketed Use: Industrial: Biofuels Heat and Coproducts: Alternative Transportation | C13: AEO.2025.ALTTRNP.CNSM_NA_IDAL_NA_BFH_NA_NA_QBTU.A | D13: quads | F13: 0.893861 | G13: 0.915742 | H13: 0.915865 | I13: 0.917102 | J13: 0.916269 | K13: 0.917414 | L13: 0.91696 | M13: 0.916783 | N13: 0.916891 | O13: 0.917638 | P13: 0.918079 | Q13: 0.917753 | R13: 0.919559 | S13: 0.921869 | T13: 0.922418 | U13: 0.926148 | V13: 0.931414 | W13: 0.933784 | X13: 0.935368 | Y13: 0.946357 | Z13: 0.950267 | AA13: 0.954733 | AB13: 0.958182 | AC13: 0.96357 | AD13: 0.967551 | AE13: 0.972357 | AF13: 0.972759 | AG13: 0.003
A14: Transportation | B14: Renewable Energy: Marketed Use: Transportation: Alternative Transportation | C14: AEO.2025.ALTTRNP.CNSM_NA_TRN_NA_NA_NA_NA_QBTU.A | D14: quads | F14: 1.778974 | G14: 1.759161 | H14: 1.799855 | I14: 1.778086 | J14: 1.654419 | K14: 1.654129 | L14: 1.653265 | M14: 1.652377 | N14: 1.651233 | O14: 1.650358 | P14: 1.70229 | Q14: 1.708705 | R14: 1.682451 | S14: 1.660254 | T14: 1.700701 | U14: 1.697608 | V14: 1.686703 | W14: 1.682899 | X14: 1.681212 | Y14: 1.678079 | Z14: 1.678045 | AA14: 1.682606 | AB14: 1.699401 | AC14: 1.726819 | AD14: 1.732302 | AE14: 1.753621 | AF14: 1.778307 | AG14: 0
A15: Ethanol used in E85 | B15: Renewable Energy: Marketed Use: Transportation: Ethanol used in E85: Alternative Transportation | C15: AEO.2025.ALTTRNP.CNSM_NA_TRN_NA_ETE_NA_NA_QBTU.A | D15: quads | F15: 0.002478 | G15: 0.00229 | H15: 0.002097 | I15: 0.001877 | J15: 0.001817 | K15: 0.001774 | L15: 0.001698 | M15: 0.00156 | N15: 0.001457 | O15: 0.001355 | P15: 0.001269 | Q15: 0.001192 | R15: 0.00112 | S15: 0.001082 | T15: 0.000999 | U15: 0.000972 | V15: 0.000953 | W15: 0.000936 | X15: 0.000915 | Y15: 0.000894 | Z15: 0.000896 | AA15: 0.000869 | AB15: 0.000861 | AC15: 0.000877 | AD15: 0.000871 | AE15: 0.000864 | AF15: 0.00085 | AG15: -0.04
A16: Ethanol used in Gasoline Blending | B16: Renewable Energy: Marketed Use: Transportation: Ethanol used in Gasoline Blending: Alternative Transportation | C16: AEO.2025.ALTTRNP.CNSM_NA_TRN_NA_EBL_NA_NA_QBTU.A | D16: quads | F16: 1.159605 | G16: 1.165415 | H16: 1.189188 | I16: 1.192747 | J16: 1.188689 | K16: 1.182857 | L16: 1.175494 | M16: 1.170567 | N16: 1.163861 | O16: 1.158693 | P16: 1.155172 | Q16: 1.151393 | R16: 1.144156 | S16: 1.137212 | T16: 1.132524 | U16: 1.127766 | V16: 1.124725 | W16: 1.122018 | X16: 1.117999 | Y16: 1.11685 | Z16: 1.114275 | AA16: 1.113737 | AB16: 1.112255 | AC16: 1.113357 | AD16: 1.111746 | AE16: 1.112687 | AF16: 1.116545 | AG16: -0.001
A17: Biodiesel used in Distillate Blending | B17: Renewable Energy: Marketed Use: Transportation: Biodiesel used in Distillate Blending: Alternative Transportation | C17: AEO.2025.ALTTRNP.CNSM_NA_TRN_NA_BUD_NA_NA_QBTU.A | D17: quads | F17: 0.237456 | G17: 0.197637 | H17: 0.200888 | I17: 0.189406 | J17: 0.115795 | K17: 0.135879 | L17: 0.141646 | M17: 0.144248 | N17: 0.145467 | O17: 0.151586 | P17: 0.165374 | Q17: 0.175206 | R17: 0.173803 | S17: 0.182533 | T17: 0.181898 | U17: 0.179373 | V17: 0.176726 | W17: 0.173953 | X17: 0.171053 | Y17: 0.168023 | Z17: 0.165371 | AA17: 0.162072 | AB17: 0.158636 | AC17: 0.155059 | AD17: 0.151338 | AE17: 0.147471 | AF17: 0.143454 | AG17: -0.019
A18: Biobutanol | B18: Renewable Energy: Marketed Use: Transportation: Biobutanol: Alternative Transportation | C18: AEO.2025.ALTTRNP.CNSM_NA_TRN_NA_BIOB_NA_NA_NA.A | D18: quads | F18: 0 | G18: 0 | H18: 0 | I18: 0 | J18: 0 | K18: 0 | L18: 0 | M18: 0 | N18: 0 | O18: 0 | P18: 0 | Q18: 0 | R18: 0 | S18: 0 | T18: 0 | U18: 0 | V18: 0 | W18: 0 | X18: 0 | Y18: 0 | Z18: 0 | AA18: 0 | AB18: 0 | AC18: 0 | AD18: 0 | AE18: 0 | AF18: 0 | AG18: - -
A19: Liquids from Biomass | B19: Renewable Energy: Marketed Use: Transportation: Liquids from Biomass: Alternative Transportation | C19: AEO.2025.ALTTRNP.CNSM_NA_TRN_NA_LFB_NA_NA_QBTU.A | D19: quads | F19: 0.003086 | G19: 0.004242 | H19: 0.004239 | I19: 0.004228 | J19: 0.004249 | K19: 0.004249 | L19: 0.004249 | M19: 0.004249 | N19: 0.00425 | O19: 0.00425 | P19: 0.00425 | Q19: 0.00425 | R19: 0.00425 | S19: 0.004251 | T19: 0.004251 | U19: 0.004251 | V19: 0.004251 | W19: 0.004251 | X19: 0.004252 | Y19: 0.004252 | Z19: 0.004252 | AA19: 0.004252 | AB19: 0.004252 | AC19: 0.004252 | AD19: 0.004253 | AE19: 0.004253 | AF19: 0.004253 | AG19: 0.012
A20: Renewable Diesel and Gasoline | B20: Renewable Energy: Marketed Use: Transportation: Green Liquids: Alternative Transportation | C20: AEO.2025.ALTTRNP.CNSM_NA_TRN_NA_GLQ_NA_NA_QBTU.A | D20: quads | F20: 0.376349 | G20: 0.389577 | H20: 0.403443 | I20: 0.389828 | J20: 0.34387 | K20: 0.32937 | L20: 0.330178 | M20: 0.331753 | N20: 0.336198 | O20: 0.334475 | P20: 0.376226 | Q20: 0.376664 | R20: 0.359122 | S20: 0.335176 | T20: 0.381029 | U20: 0.385246 | V20: 0.380049 | W20: 0.38174 | X20: 0.386993 | Y20: 0.38806 | Z20: 0.393252 | AA20: 0.401676 | AB20: 0.423397 | AC20: 0.453273 | AD20: 0.464094 | AE20: 0.488346 | AF20: 0.513205 | AG20: 0.012
A21: Electric Power | B21: Renewable Energy: Marketed Use: Electric Power: Alternative Transportation | C21: AEO.2025.ALTTRNP.CNSM_NA_ELEP_NA_NA_NA_NA_QBTU.A | D21: quads | F21: 3.408961 | G21: 3.801265 | H21: 4.383961 | I21: 4.713027 | J21: 4.895862 | K21: 5.236922 | L21: 5.677703 | M21: 6.183318 | N21: 6.796882 | O21: 7.384651 | P21: 8.027556 | Q21: 8.669567 | R21: 9.329504 | S21: 9.869778 | T21: 10.215385 | U21: 10.659146 | V21: 10.981565 | W21: 11.158401 | X21: 11.315016 | Y21: 11.468982 | Z21: 11.629298 | AA21: 11.848854 | AB21: 12.060474 | AC21: 12.320989 | AD21: 12.592125 | AE21: 12.886576 | AF21: 13.147625 | AG21: 0.053
A22: Conventional Hydroelectric Power | B22: Renewable Energy: Marketed Use: Electric Power: Hydropower: Alternative Transportation | C22: AEO.2025.ALTTRNP.CNSM_NA_ELEP_NA_HYD_CNV_NA_QBTU.A | D22: quads | F22: 0.826738 | G22: 0.897135 | H22: 0.931543 | I22: 0.965929 | J22: 0.96586 | K22: 0.965876 | L22: 0.966303 | M22: 0.966343 | N22: 0.968016 | O22: 0.965301 | P22: 0.961796 | Q22: 0.950527 | R22: 0.948463 | S22: 0.947501 | T22: 0.942097 | U22: 0.930901 | V22: 0.931221 | W22: 0.938472 | X22: 0.939299 | Y22: 0.933909 | Z22: 0.924943 | AA22: 0.923756 | AB22: 0.914428 | AC22: 0.906192 | AD22: 0.910564 | AE22: 0.909959 | AF22: 0.911566 | AG22: 0.004
A23: Geothermal | B23: Renewable Energy: Marketed Use: Electric Power: Geothermal: Alternative Transportation | C23: AEO.2025.ALTTRNP.CNSM_NA_ELEP_NA_GEOTHM_NA_NA_QBTU.A | D23: quads | F23: 0.054584 | G23: 0.052605 | H23: 0.057382 | I23: 0.059904 | J23: 0.063532 | K23: 0.068227 | L23: 0.073582 | M23: 0.078935 | N23: 0.087332 | O23: 0.09409 | P23: 0.101714 | Q23: 0.109155 | R23: 0.116052 | S23: 0.122573 | T23: 0.129407 | U23: 0.13793 | V23: 0.146006 | W23: 0.152922 | X23: 0.15891 | Y23: 0.164662 | Z23: 0.169769 | AA23: 0.174077 | AB23: 0.177724 | AC23: 0.181139 | AD23: 0.183995 | AE23: 0.185743 | AF23: 0.187517 | AG23: 0.049
A24: Biogenic Municipal Waste | B24: Renewable Energy: Marketed Use: Electric Power: Biogenic Municipal Waste: Alternative Transportation | C24: AEO.2025.ALTTRNP.CNSM_NA_ELEP_NA_BGM_NA_NA_QBTU.A | D24: quads | F24: 0.140012 | G24: 0.148965 | H24: 0.158895 | I24: 0.166519 | J24: 0.170403 | K24: 0.177566 | L24: 0.180546 | M24: 0.18739 | N24: 0.195247 | O24: 0.203108 | P24: 0.208978 | Q24: 0.210291 | R24: 0.216747 | S24: 0.22294 | T24: 0.231348 | U24: 0.235672 | V24: 0.241007 | W24: 0.251419 | X24: 0.259578 | Y24: 0.266224 | Z24: 0.270331 | AA24: 0.275189 | AB24: 0.278334 | AC24: 0.281296 | AD24: 0.282701 | AE24: 0.281769 | AF24: 0.281759 | AG24: 0.027
A25: Biomass | B25: Renewable Energy: Marketed Use: Electric Power: Biomass: Alternative Transportation | C25: AEO.2025.ALTTRNP.CNSM_NA_ELEP_NA_BMS_NA_NA_QBTU.A | D25: quads | F25: 0.167182 | G25: 0.166254 | H25: 0.1664 | I25: 0.166068 | J25: 0.155717 | K25: 0.155244 | L25: 0.156698 | M25: 0.153508 | N25: 0.156733 | O25: 0.157447 | P25: 0.156527 | Q25: 0.156527 | R25: 0.156926 | S25: 0.155287 | T25: 0.154694 | U25: 0.154435 | V25: 0.155837 | W25: 0.156749 | X25: 0.157413 | Y25: 0.157419 | Z25: 0.157987 | AA25: 0.1573 | AB25: 0.158133 | AC25: 0.158646 | AD25: 0.162274 | AE25: 0.163246 | AF25: 0.160877 | AG25: -0.001
A26: Dedicated Plants | B26: Renewable Energy: Marketed Use: Electric Power: Biomass: Dedicated Plants: Alternative Transportation | C26: AEO.2025.ALTTRNP.CNSM_NA_ELEP_NA_DPE_NA_NA_QBTU.A | D26: quads | F26: 0.135924 | G26: 0.135612 | H26: 0.136171 | I26: 0.135905 | J26: 0.127872 | K26: 0.12797 | L26: 0.129102 | M26: 0.126101 | N26: 0.129963 | O26: 0.130414 | P26: 0.128783 | Q26: 0.128761 | R26: 0.129087 | S26: 0.127741 | T26: 0.127195 | U26: 0.127072 | V26: 0.128788 | W26: 0.129498 | X26: 0.130118 | Y26: 0.130122 | Z26: 0.13063 | AA26: 0.130042 | AB26: 0.130824 | AC26: 0.13145 | AD26: 0.131847 | AE26: 0.133259 | AF26: 0.132718 | AG26: -0.001
A27: Cofiring | B27: Renewable Energy: Marketed Use: Electric Power: Biomass: Cofiring: Alternative Transportation | C27: AEO.2025.ALTTRNP.CNSM_NA_ELEP_NA_CFR_NA_NA_QBTU.A | D27: quads | F27: 0.031258 | G27: 0.030641 | H27: 0.030229 | I27: 0.030163 | J27: 0.027844 | K27: 0.027275 | L27: 0.027596 | M27: 0.027407 | N27: 0.026769 | O27: 0.027033 | P27: 0.027744 | Q27: 0.027766 | R27: 0.027839 | S27: 0.027546 | T27: 0.027499 | U27: 0.027362 | V27: 0.02705 | W27: 0.02725 | X27: 0.027295 | Y27: 0.027298 | Z27: 0.027358 | AA27: 0.027258 | AB27: 0.027309 | AC27: 0.027196 | AD27: 0.030426 | AE27: 0.029988 | AF27: 0.028159 | AG27: -0.004
A28: Solar Thermal | B28: Renewable Energy: Marketed Use: Electric Power: Solar Thermal: Alternative Transportation | C28: AEO.2025.ALTTRNP.CNSM_NA_ELEP_NA_SLR_THERM_NA_QBTU.A | D28: quads | F28: 0.009175 | G28: 0.008687 | H28: 0.009688 | I28: 0.009674 | J28: 0.009691 | K28: 0.009677 | L28: 0.009681 | M28: 0.009687 | N28: 0.009681 | O28: 0.009672 | P28: 0.009545 | Q28: 0.009029 | R28: 0.007534 | S28: 0.006467 | T28: 0.006463 | U28: 0.007452 | V28: 0.007498 | W28: 0.007755 | X28: 0.008936 | Y28: 0.007552 | Z28: 0.007524 | AA28: 0.009256 | AB28: 0.009114 | AC28: 0.008902 | AD28: 0.009094 | AE28: 0.00916 | AF28: 0.009204 | AG28: 0
A29: Solar Photovoltaic | B29: Renewable Energy: Marketed Use: Electric Power: Solar Photovoltaic: Alternative Transportation | C29: AEO.2025.ALTTRNP.CNSM_NA_ELEP_NA_SLR_PHTVL_NA_QBTU.A | D29: quads | F29: 0.686153 | G29: 0.930485 | H29: 1.261033 | I29: 1.359843 | J29: 1.415033 | K29: 1.600232 | L29: 1.848432 | M29: 2.132048 | N29: 2.491385 | O29: 2.769144 | P29: 3.026897 | Q29: 3.242969 | R29: 3.384646 | S29: 3.503778 | T29: 3.610651 | U29: 3.746191 | V29: 3.827914 | W29: 3.901633 | X29: 3.987108 | Y29: 4.080622 | Z29: 4.185859 | AA29: 4.32435 | AB29: 4.4898 | AC29: 4.67285 | AD29: 4.855118 | AE29: 5.004223 | AF29: 5.151821 | AG29: 0.081
A30: Wind | B30: Renewable Energy: Marketed Use: Electric Power: Wind: Alternative Transportation | C30: AEO.2025.ALTTRNP.CNSM_NA_ELEP_NA_WND_NA_NA_QBTU.A | D30: quads | F30: 1.525117 | G30: 1.597134 | H30: 1.79902 | I30: 1.98509 | J30: 2.115626 | K30: 2.260102 | L30: 2.442461 | M30: 2.655406 | N30: 2.88849 | O30: 3.18589 | P30: 3.562099 | Q30: 3.99107 | R30: 4.499136 | S30: 4.911232 | T30: 5.140724 | U30: 5.446565 | V30: 5.672081 | W30: 5.749451 | X30: 5.803771 | Y30: 5.858594 | Z30: 5.912885 | AA30: 5.984926 | AB30: 6.03294 | AC30: 6.111963 | AD30: 6.188378 | AE30: 6.332475 | AF30: 6.444881 | AG30: 0.057
A31: Total Marketed Renewable Energy | B31: Renewable Energy: Total Marketed Renewable Energy Use: Alternative Transportation | C31: AEO.2025.ALTTRNP.CNSM_NA_NA_NA_NA_NA_NA_QBTU.A | D31: quads | F31: 8.001598 | G31: 8.423609 | H31: 9.055285 | I31: 9.361662 | J31: 9.42173 | K31: 9.786664 | L31: 10.246105 | M31: 10.770749 | N31: 11.395408 | O31: 11.987632 | P31: 12.691672 | Q31: 13.350533 | R31: 14.011351 | S31: 14.546669 | T31: 14.945281 | U31: 15.402928 | V31: 15.72468 | W31: 15.892244 | X31: 16.043911 | Y31: 16.193917 | Z31: 16.352712 | AA31: 16.588183 | AB31: 16.824713 | AC31: 17.135488 | AD31: 17.435305 | AE31: 17.774804 | AF31: 18.077473 | AG31: 0.032
A32: Sources of Ethanol
A33: From Corn and Other Starch | B33: Renewable Energy: Sources of Ethanol: From Corn: Alternative Transportation | C33: AEO.2025.ALTTRNP.SUP_PRD_FCO_NA_ETH_NA_NA_QBTU.A | D33: quads | F33: 1.319796 | G33: 1.32233 | H33: 1.342438 | I33: 1.34448 | J33: 1.344524 | K33: 1.345372 | L33: 1.344512 | M33: 1.343896 | N33: 1.343624 | O33: 1.34427 | P33: 1.344401 | Q33: 1.343453 | R33: 1.345574 | S33: 1.348238 | T33: 1.348768 | U33: 1.353987 | V33: 1.361501 | W33: 1.364714 | X33: 1.366753 | Y33: 1.382163 | Z33: 1.387529 | AA33: 1.393813 | AB33: 1.399339 | AC33: 1.407653 | AD33: 1.413398 | AE33: 1.421891 | AF33: 1.425796 | AG33: 0.003
A34: From Cellulose | B34: Renewable Energy: Sources of Ethanol: From Cellulose: Alternative Transportation | C34: AEO.2025.ALTTRNP.SUP_PRD_FCE_NA_ETH_NA_NA_QBTU.A | D34: quads | F34: 0.001493 | G34: 0.001479 | H34: 0.001468 | I34: 0.001468 | J34: 0.001468 | K34: 0.001468 | L34: 0.001468 | M34: 0.001468 | N34: 0.001468 | O34: 0.001468 | P34: 0.001468 | Q34: 0.001468 | R34: 0.001468 | S34: 0.001468 | T34: 0.001468 | U34: 0.001468 | V34: 0.001468 | W34: 0.001468 | X34: 0.001468 | Y34: 0.001468 | Z34: 0.001468 | AA34: 0.001468 | AB34: 0.001468 | AC34: 0.001468 | AD34: 0.001468 | AE34: 0.001468 | AF34: 0.001468 | AG34: -0.001
A35: Net Imports | B35: Renewable Energy: Sources of Ethanol: Net Imports: Alternative Transportation | C35: AEO.2025.ALTTRNP.SUP_NETIMP_NA_NA_ETH_NA_NA_QBTU.A | D35: quads | F35: -0.159206 | G35: -0.156104 | H35: -0.152621 | I35: -0.151325 | J35: -0.155487 | K35: -0.16221 | L35: -0.168788 | M35: -0.173237 | N35: -0.179774 | O35: -0.185691 | P35: -0.189429 | Q35: -0.192336 | R35: -0.201766 | S35: -0.211412 | T35: -0.216713 | U35: -0.226717 | V35: -0.237292 | W35: -0.243228 | X35: -0.249306 | Y35: -0.265887 | Z35: -0.273826 | AA35: -0.280676 | AB35: -0.287691 | AC35: -0.294887 | AD35: -0.302249 | AE35: -0.309808 | AF35: -0.309868 | AG35: 0.026
A36: Total U.S. Supply of Ethanol | B36: Renewable Energy: Total U.S. Supply of Ethanol: Alternative Transportation | C36: AEO.2025.ALTTRNP.SUP_NA_NA_NA_ETH_NA_NA_QBTU.A | D36: quads | F36: 1.162083 | G36: 1.167706 | H36: 1.191285 | I36: 1.194623 | J36: 1.190505 | K36: 1.18463 | L36: 1.177192 | M36: 1.172127 | N36: 1.165318 | O36: 1.160048 | P36: 1.156441 | Q36: 1.152585 | R36: 1.145276 | S36: 1.138294 | T36: 1.133523 | U36: 1.128737 | V36: 1.125677 | W36: 1.122954 | X36: 1.118914 | Y36: 1.117744 | Z36: 1.11517 | AA36: 1.114605 | AB36: 1.113116 | AC36: 1.114234 | AD36: 1.112617 | AE36: 1.113551 | AF36: 1.117396 | AG36: -0.002
A37: Nonmarketed Renewable Energy
A38: Selected Consumption
A39: Residential | B39: Renewable Energy: Nonmarketed Selected Use: Residential: Alternative Transportation | C39: AEO.2025.ALTTRNP.CNSM_NA_RESD_NA_NA_NA_NA_QBTU.A | D39: quads | F39: 0.250743 | G39: 0.287418 | H39: 0.325249 | I39: 0.359268 | J39: 0.394272 | K39: 0.426466 | L39: 0.461035 | M39: 0.497674 | N39: 0.534144 | O39: 0.567794 | P39: 0.601842 | Q39: 0.627869 | R39: 0.654751 | S39: 0.682278 | T39: 0.710809 | U39: 0.739688 | V39: 0.768359 | W39: 0.798106 | X39: 0.828661 | Y39: 0.859526 | Z39: 0.890914 | AA39: 0.923103 | AB39: 0.955894 | AC39: 0.989352 | AD39: 1.023886 | AE39: 1.058731 | AF39: 1.094108 | AG39: 0.058
A40: Solar Hot Water Heating | B40: Renewable Energy: Nonmarketed Selected Use: Residential: Solar Hot Water Heating: Alternative Transportation | C40: AEO.2025.ALTTRNP.CNSM_NA_RESD_NA_SHW_NA_NA_QBTU.A | D40: quads | F40: 0.035527 | G40: 0.042164 | H40: 0.049454 | I40: 0.055136 | J40: 0.061082 | K40: 0.06346 | L40: 0.0661 | M40: 0.068594 | N40: 0.071124 | O40: 0.070598 | P40: 0.071291 | Q40: 0.071442 | R40: 0.071726 | S40: 0.071845 | T40: 0.072014 | U40: 0.072104 | V40: 0.07161 | W40: 0.071702 | X40: 0.071764 | Y40: 0.071767 | Z40: 0.071851 | AA40: 0.071777 | AB40: 0.071899 | AC40: 0.071696 | AD40: 0.071936 | AE40: 0.071868 | AF40: 0.072138 | AG40: 0.028
A41: Solar Photovoltaic | B41: Renewable Energy: Nonmarketed Selected Use: Residential: Solar Photovoltaic: Alternative Transportation | C41: AEO.2025.ALTTRNP.CNSM_NA_RESD_NA_SLR_PHTVL_NA_QBTU.A | D41: quads | F41: 0.213955 | G41: 0.243113 | H41: 0.272787 | I41: 0.300725 | J41: 0.329336 | K41: 0.358309 | L41: 0.38931 | M41: 0.422234 | N41: 0.454935 | O41: 0.48869 | P41: 0.521849 | Q41: 0.547718 | R41: 0.574308 | S41: 0.601707 | T41: 0.630058 | U41: 0.658836 | V41: 0.687989 | W41: 0.717632 | X41: 0.748111 | Y41: 0.77896 | Z41: 0.810249 | AA41: 0.842498 | AB41: 0.875153 | AC41: 0.908799 | AD41: 0.943077 | AE41: 0.977973 | AF41: 1.013064 | AG41: 0.062
A42: Wind | B42: Renewable Energy: Nonmarketed Selected Use: Residential: Wind: Alternative Transportation | C42: AEO.2025.ALTTRNP.CNSM_NA_RESD_NA_WND_NA_NA_QBTU.A | D42: quads | F42: 0.00126 | G42: 0.002141 | H42: 0.003007 | I42: 0.003407 | J42: 0.003855 | K42: 0.004697 | L42: 0.005625 | M42: 0.006846 | N42: 0.008085 | O42: 0.008507 | P42: 0.008703 | Q42: 0.008709 | R42: 0.008717 | S42: 0.008726 | T42: 0.008737 | U42: 0.008748 | V42: 0.00876 | W42: 0.008773 | X42: 0.008786 | Y42: 0.008799 | Z42: 0.008813 | AA42: 0.008827 | AB42: 0.008842 | AC42: 0.008858 | AD42: 0.008873 | AE42: 0.00889 | AF42: 0.008907 | AG42: 0.078
A43: Commercial | B43: Renewable Energy: Nonmarketed Selected Use: Commercial: Alternative Transportation | C43: AEO.2025.ALTTRNP.CNSM_NA_COMM_NA_NA_NA_NA_QBTU.A | D43: quads | F43: 0.208187 | G43: 0.222623 | H43: 0.239333 | I43: 0.24512 | J43: 0.251169 | K43: 0.260859 | L43: 0.272888 | M43: 0.286681 | N43: 0.299028 | O43: 0.312087 | P43: 0.322261 | Q43: 0.329978 | R43: 0.336752 | S43: 0.345781 | T43: 0.3523 | U43: 0.35697 | V43: 0.363378 | W43: 0.3734 | X43: 0.382718 | Y43: 0.391652 | Z43: 0.401156 | AA43: 0.41025 | AB43: 0.419519 | AC43: 0.428251 | AD43: 0.435228 | AE43: 0.442086 | AF43: 0.447323 | AG43: 0.03
A44: Solar Thermal | B44: Renewable Energy: Nonmarketed Selected Use: Commercial: Solar Thermal: Alternative Transportation | C44: AEO.2025.ALTTRNP.CNSM_NA_COMM_NA_SLR_THERM_NA_QBTU.A | D44: quads | F44: 0.06597 | G44: 0.063523 | H44: 0.063759 | I44: 0.062555 | J44: 0.06193 | K44: 0.061544 | L44: 0.061365 | M44: 0.060719 | N44: 0.060528 | O44: 0.058023 | P44: 0.057786 | Q44: 0.057961 | R44: 0.058395 | S44: 0.058285 | T44: 0.058208 | U44: 0.058203 | V44: 0.057065 | W44: 0.057071 | X44: 0.057076 | Y44: 0.056997 | Z44: 0.057015 | AA44: 0.056936 | AB44: 0.057097 | AC44: 0.056811 | AD44: 0.056854 | AE44: 0.056737 | AF44: 0.056787 | AG44: -0.006
A45: Solar Photovoltaic | B45: Renewable Energy: Nonmarketed Selected Use: Commercial: Solar Photovoltaic: Alternative Transportation | C45: AEO.2025.ALTTRNP.CNSM_NA_COMM_NA_SLR_PHTVL_NA_QBTU.A | D45: quads | F45: 0.139688 | G45: 0.156569 | H45: 0.173044 | I45: 0.180036 | J45: 0.186709 | K45: 0.196779 | L45: 0.208981 | M45: 0.223414 | N45: 0.235944 | O45: 0.251501 | P45: 0.26191 | Q45: 0.269449 | R45: 0.275788 | S45: 0.284924 | T45: 0.291519 | U45: 0.296192 | V45: 0.303734 | W45: 0.313745 | X45: 0.323052 | Y45: 0.332063 | Z45: 0.341545 | AA45: 0.350716 | AB45: 0.359819 | AC45: 0.368834 | AD45: 0.375766 | AE45: 0.382738 | AF45: 0.387925 | AG45: 0.04
A46: Wind | B46: Renewable Energy: Nonmarketed Selected Use: Commercial: Wind: Alternative Transportation | C46: AEO.2025.ALTTRNP.CNSM_NA_COMM_NA_WND_NA_NA_QBTU.A | D46: quads | F46: 0.002529 | G46: 0.002531 | H46: 0.00253 | I46: 0.00253 | J46: 0.00253 | K46: 0.002536 | L46: 0.002541 | M46: 0.002548 | N46: 0.002556 | O46: 0.002563 | P46: 0.002565 | Q46: 0.002568 | R46: 0.002569 | S46: 0.002572 | T46: 0.002573 | U46: 0.002575 | V46: 0.002578 | W46: 0.002584 | X46: 0.002589 | Y46: 0.002592 | Z46: 0.002596 | AA46: 0.002599 | AB46: 0.002603 | AC46: 0.002606 | AD46: 0.002608 | AE46: 0.00261 | AF46: 0.002611 | AG46: 0.001

Sheet AEO 2026 Table 17
A1: Table 17. Renewable Energy Consumption by Sector and Source
A2: https://www.eia.gov/outlooks/aeo/data/browser/#/?id=24-AEO2026&cases=electrnp&sourcekey=0
A3: Thu Apr 23 2026 14:59:47 GMT-0700 (Pacific Daylight Time)
A4: Source: U.S. Energy Information Administration
B5: full name | C5: api key | D5: units | E5: 2025 | F5: 2026 | G5: 2027 | H5: 2028 | I5: 2029 | J5: 2030 | K5: 2031 | L5: 2032 | M5: 2033 | N5: 2034 | O5: 2035 | P5: 2036 | Q5: 2037 | R5: 2038 | S5: 2039 | T5: 2040 | U5: 2041 | V5: 2042 | W5: 2043 | X5: 2044 | Y5: 2045 | Z5: 2046 | AA5: 2047 | AB5: 2048 | AC5: 2049 | AD5: 2050 | AE5: Growth (2025-2050)
A6: Marketed Renewable Energy
A7: Residential (wood) | B7: Renewable Energy: Marketed Use: Residential: Wood: Alternative Electricity and Transportation | C7: AEO.2026.ELECTRNP.CNSM_NA_RESD_NA_BMS_NA_NA_QBTU.A | D7: quads | E7: 0.371387 | F7: 0.342901 | G7: 0.33499 | H7: 0.331205 | I7: 0.328954 | J7: 0.323627 | K7: 0.319369 | L7: 0.315643 | M7: 0.312812 | N7: 0.309126 | O7: 0.305829 | P7: 0.302008 | Q7: 0.298094 | R7: 0.294199 | S7: 0.289954 | T7: 0.285538 | U7: 0.28127 | V7: 0.277378 | W7: 0.273631 | X7: 0.270078 | Y7: 0.266974 | Z7: 0.263978 | AA7: 0.26129 | AB7: 0.258824 | AC7: 0.256576 | AD7: 0.254137 | AE7: -0.015
A8: Commercial (biomass) | B8: Renewable Energy: Marketed Use: Commercial: Biomass: Alternative Electricity and Transportation | C8: AEO.2026.ELECTRNP.CNSM_NA_COMM_NA_BMS_NA_NA_QBTU.A | D8: quads | E8: 0.143682 | F8: 0.143682 | G8: 0.143682 | H8: 0.143682 | I8: 0.143682 | J8: 0.143682 | K8: 0.143682 | L8: 0.143682 | M8: 0.143682 | N8: 0.143682 | O8: 0.143682 | P8: 0.143682 | Q8: 0.143682 | R8: 0.143682 | S8: 0.143682 | T8: 0.143682 | U8: 0.143682 | V8: 0.143682 | W8: 0.143682 | X8: 0.143682 | Y8: 0.143682 | Z8: 0.143682 | AA8: 0.143682 | AB8: 0.143682 | AC8: 0.143682 | AD8: 0.143682 | AE8: 0
A9: Industrial | B9: Renewable Energy: Marketed Use: Industrial: Alternative Electricity and Transportation | C9: AEO.2026.ELECTRNP.CNSM_NA_IDAL_NA_MRE_NA_NA_QBTU.A | D9: quads | E9: 2.406906 | F9: 2.531706 | G9: 2.505957 | H9: 2.492313 | I9: 2.481885 | J9: 2.454206 | K9: 2.416808 | L9: 2.394051 | M9: 2.381538 | N9: 2.385342 | O9: 2.390874 | P9: 2.407575 | Q9: 2.41733 | R9: 2.44073 | S9: 2.4664 | T9: 2.489924 | U9: 2.498026 | V9: 2.518893 | W9: 2.530308 | X9: 2.545641 | Y9: 2.570769 | Z9: 2.59334 | AA9: 2.623042 | AB9: 2.652539 | AC9: 2.683762 | AD9: 2.715281 | AE9: 0.005
A10: Conventional Hydroelectric Power | B10: Renewable Energy: Marketed Use: Industrial: Hydropower: Alternative Electricity and Transportation | C10: AEO.2026.ELECTRNP.CNSM_NA_IDAL_NA_HYD_CNV_NA_QBTU.A | D10: quads | E10: 0 | F10: 0 | G10: 0 | H10: 0 | I10: 0 | J10: 0 | K10: 0 | L10: 0 | M10: 0 | N10: 0 | O10: 0 | P10: 0 | Q10: 0 | R10: 0 | S10: 0 | T10: 0 | U10: 0 | V10: 0 | W10: 0 | X10: 0 | Y10: 0 | Z10: 0 | AA10: 0 | AB10: 0 | AC10: 0 | AD10: 0 | AE10: - -
A11: Municipal Waste | B11: Renewable Energy: Marketed Use: Industrial: Municipal Waste: Alternative Electricity and Transportation | C11: AEO.2026.ELECTRNP.CNSM_NA_IDAL_NA_MUNWST_NA_NA_QBTU.A | D11: quads | E11: 0.151724 | F11: 0.15005 | G11: 0.151278 | H11: 0.153696 | I11: 0.154827 | J11: 0.156486 | K11: 0.157313 | L11: 0.158297 | M11: 0.158283 | N11: 0.160437 | O11: 0.162733 | P11: 0.165324 | Q11: 0.168123 | R11: 0.171071 | S11: 0.174035 | T11: 0.176852 | U11: 0.17968 | V11: 0.182538 | W11: 0.18546 | X11: 0.188405 | Y11: 0.191217 | Z11: 0.194142 | AA11: 0.197109 | AB11: 0.200105 | AC11: 0.203135 | AD11: 0.206247 | AE11: 0.012
A12: Biomass | B12: Renewable Energy: Marketed Use: Industrial: Biomass: Alternative Electricity and Transportation | C12: AEO.2026.ELECTRNP.CNSM_NA_IDAL_NA_BMS_NA_NA_QBTU.A | D12: quads | E12: 1.346264 | F12: 1.457051 | G12: 1.417581 | H12: 1.396931 | I12: 1.388497 | J12: 1.357526 | K12: 1.32241 | L12: 1.299795 | M12: 1.288664 | N12: 1.288181 | O12: 1.289791 | P12: 1.297683 | Q12: 1.305039 | R12: 1.324708 | S12: 1.34642 | T12: 1.364517 | U12: 1.367038 | V12: 1.375212 | W12: 1.379794 | X12: 1.389514 | Y12: 1.411018 | Z12: 1.430632 | AA12: 1.453076 | AB12: 1.473516 | AC12: 1.499001 | AD12: 1.522979 | AE12: 0.005
A13: Biofuels Heat and Coproducts | B13: Renewable Energy: Marketed Use: Industrial: Biofuels Heat and Coproducts: Alternative Electricity and Transportation | C13: AEO.2026.ELECTRNP.CNSM_NA_IDAL_NA_BFH_NA_NA_QBTU.A | D13: quads | E13: 0.908917 | F13: 0.924606 | G13: 0.937098 | H13: 0.941686 | I13: 0.93856 | J13: 0.940195 | K13: 0.937085 | L13: 0.935959 | M13: 0.934591 | N13: 0.936723 | O13: 0.93835 | P13: 0.944568 | Q13: 0.944168 | R13: 0.944952 | S13: 0.945946 | T13: 0.948555 | U13: 0.951308 | V13: 0.961144 | W13: 0.965054 | X13: 0.967721 | Y13: 0.968533 | Z13: 0.968565 | AA13: 0.972857 | AB13: 0.978918 | AC13: 0.981626 | AD13: 0.986055 | AE13: 0.003
A14: Transportation | B14: Renewable Energy: Marketed Use: Transportation: Alternative Electricity and Transportation | C14: AEO.2026.ELECTRNP.CNSM_NA_TRN_NA_NA_NA_NA_QBTU.A | D14: quads | E14: 1.70788 | F14: 1.738308 | G14: 1.769661 | H14: 1.782336 | I14: 1.776101 | J14: 1.714539 | K14: 1.714677 | L14: 1.714626 | M14: 1.714716 | N14: 1.714594 | O14: 1.714504 | P14: 1.713527 | Q14: 1.715132 | R14: 1.71343 | S14: 1.715019 | T14: 1.720775 | U14: 1.721565 | V14: 1.730307 | W14: 1.735295 | X14: 1.735723 | Y14: 1.736582 | Z14: 1.738617 | AA14: 1.739908 | AB14: 1.747869 | AC14: 1.774405 | AD14: 1.777692 | AE14: 0.002
A15: Ethanol used in E85 | B15: Renewable Energy: Marketed Use: Transportation: Ethanol used in E85: Alternative Electricity and Transportation | C15: AEO.2026.ELECTRNP.CNSM_NA_TRN_NA_ETE_NA_NA_QBTU.A | D15: quads | E15: 0.02612 | F15: 0.020856 | G15: 0.019786 | H15: 0.018522 | I15: 0.017026 | J15: 0.017676 | K15: 0.015172 | L15: 0.013871 | M15: 0.012638 | N15: 0.011721 | O15: 0.010539 | P15: 0.009545 | Q15: 0.008564 | R15: 0.007773 | S15: 0.007088 | T15: 0.006557 | U15: 0.005957 | V15: 0.005608 | W15: 0.005266 | X15: 0.00503 | Y15: 0.004554 | Z15: 0.004383 | AA15: 0.004343 | AB15: 0.004471 | AC15: 0.004143 | AD15: 0.003946 | AE15: -0.073
A16: Ethanol used in Gasoline Blending | B16: Renewable Energy: Marketed Use: Transportation: Ethanol used in Gasoline Blending: Alternative Electricity and Transportation | C16: AEO.2026.ELECTRNP.CNSM_NA_TRN_NA_EBL_NA_NA_QBTU.A | D16: quads | E16: 1.141321 | F16: 1.144675 | G16: 1.160822 | H16: 1.155661 | I16: 1.148128 | J16: 1.137765 | K16: 1.130869 | L16: 1.12546 | M16: 1.119023 | N16: 1.117741 | O16: 1.115767 | P16: 1.109883 | Q16: 1.104153 | R16: 1.099969 | S16: 1.095884 | T16: 1.093754 | U16: 1.091755 | V16: 1.08743 | W16: 1.086257 | X16: 1.083843 | Y16: 1.082705 | Z16: 1.080268 | AA16: 1.078741 | AB16: 1.074461 | AC16: 1.070485 | AD16: 1.068693 | AE16: -0.003
A17: Biodiesel used in Distillate Blending | B17: Renewable Energy: Marketed Use: Transportation: Biodiesel used in Distillate Blending: Alternative Electricity and Transportation | C17: AEO.2026.ELECTRNP.CNSM_NA_TRN_NA_BUD_NA_NA_QBTU.A | D17: quads | E17: 0.147984 | F17: 0.17835 | G17: 0.17033 | H17: 0.175433 | I17: 0.178637 | J17: 0.147307 | K17: 0.154408 | L17: 0.157498 | M17: 0.164863 | N17: 0.167759 | O17: 0.170187 | P17: 0.159511 | Q17: 0.167192 | R17: 0.165509 | S17: 0.162888 | T17: 0.160219 | U17: 0.157276 | V17: 0.154354 | W17: 0.151304 | X17: 0.148122 | Y17: 0.144805 | Z17: 0.141352 | AA17: 0.13827 | AB17: 0.134535 | AC17: 0.130655 | AD17: 0.126626 | AE17: -0.006
A18: Biobutanol | B18: Renewable Energy: Marketed Use: Transportation: Biobutanol: Alternative Electricity and Transportation | C18: AEO.2026.ELECTRNP.CNSM_NA_TRN_NA_BIOB_NA_NA_NA.A | D18: quads | E18: 0 | F18: 0 | G18: 0 | H18: 0 | I18: 0 | J18: 0 | K18: 0 | L18: 0 | M18: 0 | N18: 0 | O18: 0 | P18: 0 | Q18: 0 | R18: 0 | S18: 0 | T18: 0 | U18: 0 | V18: 0 | W18: 0 | X18: 0 | Y18: 0 | Z18: 0 | AA18: 0 | AB18: 0 | AC18: 0 | AD18: 0 | AE18: - -
A19: Liquids from Biomass | B19: Renewable Energy: Marketed Use: Transportation: Liquids from Biomass: Alternative Electricity and Transportation | C19: AEO.2026.ELECTRNP.CNSM_NA_TRN_NA_LFB_NA_NA_QBTU.A | D19: quads | E19: 0.002745 | F19: 0.002745 | G19: 0.002745 | H19: 0.002745 | I19: 0.002745 | J19: 0.002745 | K19: 0.002745 | L19: 0.002745 | M19: 0.002745 | N19: 0.002745 | O19: 0.002745 | P19: 0.002745 | Q19: 0.002745 | R19: 0.002745 | S19: 0.002745 | T19: 0.002745 | U19: 0.002745 | V19: 0.002745 | W19: 0.002745 | X19: 0.002745 | Y19: 0.002745 | Z19: 0.002745 | AA19: 0.002745 | AB19: 0.002745 | AC19: 0.002745 | AD19: 0.002745 | AE19: 0
A20: Renewable Diesel and Gasoline | B20: Renewable Energy: Marketed Use: Transportation: Green Liquids: Alternative Electricity and Transportation | C20: AEO.2026.ELECTRNP.CNSM_NA_TRN_NA_GLQ_NA_NA_QBTU.A | D20: quads | E20: 0.389709 | F20: 0.391682 | G20: 0.415978 | H20: 0.429974 | I20: 0.429566 | J20: 0.409046 | K20: 0.411483 | L20: 0.415052 | M20: 0.415447 | N20: 0.414628 | O20: 0.415267 | P20: 0.431843 | Q20: 0.432478 | R20: 0.437435 | S20: 0.446414 | T20: 0.457499 | U20: 0.463832 | V20: 0.48017 | W20: 0.489723 | X20: 0.495983 | Y20: 0.501773 | Z20: 0.509869 | AA20: 0.515809 | AB20: 0.531658 | AC20: 0.566377 | AD20: 0.575682 | AE20: 0.016
A21: Electric Power | B21: Renewable Energy: Marketed Use: Electric Power: Alternative Electricity and Transportation | C21: AEO.2026.ELECTRNP.CNSM_NA_ELEP_NA_NA_NA_NA_QBTU.A | D21: quads | E21: 3.717869 | F21: 4.061839 | G21: 4.668332 | H21: 5.063529 | I21: 5.282516 | J21: 5.446819 | K21: 5.604444 | L21: 5.702966 | M21: 5.829032 | N21: 6.005537 | O21: 6.205722 | P21: 6.411592 | Q21: 6.558394 | R21: 6.678238 | S21: 6.802344 | T21: 6.919462 | U21: 7.019967 | V21: 7.063257 | W21: 7.081019 | X21: 7.095361 | Y21: 7.107095 | Z21: 7.12241 | AA21: 7.144881 | AB21: 7.160775 | AC21: 7.185832 | AD21: 7.39609 | AE21: 0.028
A22: Conventional Hydroelectric Power | B22: Renewable Energy: Marketed Use: Electric Power: Hydropower: Alternative Electricity and Transportation | C22: AEO.2026.ELECTRNP.CNSM_NA_ELEP_NA_HYD_CNV_NA_QBTU.A | D22: quads | E22: 0.833386 | F22: 0.893707 | G22: 0.914331 | H22: 0.933283 | I22: 0.938944 | J22: 0.939915 | K22: 0.940947 | L22: 0.940738 | M22: 0.941016 | N22: 0.941605 | O22: 0.941869 | P22: 0.941762 | Q22: 0.943859 | R22: 0.944092 | S22: 0.944029 | T22: 0.943578 | U22: 0.944099 | V22: 0.944191 | W22: 0.944182 | X22: 0.944196 | Y22: 0.94409 | Z22: 0.944285 | AA22: 0.944356 | AB22: 0.944565 | AC22: 0.944563 | AD22: 0.944374 | AE22: 0.005
A23: Geothermal | B23: Renewable Energy: Marketed Use: Electric Power: Geothermal: Alternative Electricity and Transportation | C23: AEO.2026.ELECTRNP.CNSM_NA_ELEP_NA_GEOTHM_NA_NA_QBTU.A | D23: quads | E23: 0.053646 | F23: 0.053928 | G23: 0.05768 | H23: 0.059187 | I23: 0.067804 | J23: 0.077784 | K23: 0.087637 | L23: 0.097931 | M23: 0.108794 | N23: 0.117951 | O23: 0.126332 | P23: 0.135068 | Q23: 0.143415 | R23: 0.150825 | S23: 0.156912 | T23: 0.16081 | U23: 0.164481 | V23: 0.16815 | W23: 0.171566 | X23: 0.174576 | Y23: 0.177376 | Z23: 0.179936 | AA23: 0.182247 | AB23: 0.184289 | AC23: 0.185953 | AD23: 0.186272 | AE23: 0.051
A24: Biogenic Municipal Waste | B24: Renewable Energy: Marketed Use: Electric Power: Biogenic Municipal Waste: Alternative Electricity and Transportation | C24: AEO.2026.ELECTRNP.CNSM_NA_ELEP_NA_BGM_NA_NA_QBTU.A | D24: quads | E24: 0.153398 | F24: 0.158731 | G24: 0.16755 | H24: 0.172271 | I24: 0.17935 | J24: 0.18254 | K24: 0.188073 | L24: 0.194499 | M24: 0.201432 | N24: 0.209578 | O24: 0.216519 | P24: 0.223731 | Q24: 0.231484 | R24: 0.239009 | S24: 0.245939 | T24: 0.251182 | U24: 0.257748 | V24: 0.262828 | W24: 0.269592 | X24: 0.275254 | Y24: 0.278313 | Z24: 0.281255 | AA24: 0.284538 | AB24: 0.287484 | AC24: 0.290144 | AD24: 0.28993 | AE24: 0.026
A25: Biomass | B25: Renewable Energy: Marketed Use: Electric Power: Biomass: Alternative Electricity and Transportation | C25: AEO.2026.ELECTRNP.CNSM_NA_ELEP_NA_BMS_NA_NA_QBTU.A | D25: quads | E25: 0.155495 | F25: 0.151948 | G25: 0.157636 | H25: 0.15757 | I25: 0.156237 | J25: 0.158707 | K25: 0.159197 | L25: 0.15902 | M25: 0.160061 | N25: 0.160604 | O25: 0.162198 | P25: 0.16433 | Q25: 0.166786 | R25: 0.165638 | S25: 0.165685 | T25: 0.16643 | U25: 0.163785 | V25: 0.163471 | W25: 0.163536 | X25: 0.163986 | Y25: 0.163968 | Z25: 0.162955 | AA25: 0.163999 | AB25: 0.168835 | AC25: 0.168179 | AD25: 0.349753 | AE25: 0.033
A26: Solar Thermal | B26: Renewable Energy: Marketed Use: Electric Power: Solar Thermal: Alternative Electricity and Transportation | C26: AEO.2026.ELECTRNP.CNSM_NA_ELEP_NA_SLR_THERM_NA_QBTU.A | D26: quads | E26: 0.009854 | F26: 0.009257 | G26: 0.009959 | H26: 0.009953 | I26: 0.009943 | J26: 0.009955 | K26: 0.00996 | L26: 0.009932 | M26: 0.009927 | N26: 0.009935 | O26: 0.009943 | P26: 0.009941 | Q26: 0.009948 | R26: 0.009949 | S26: 0.009947 | T26: 0.009948 | U26: 0.009952 | V26: 0.009946 | W26: 0.009946 | X26: 0.009947 | Y26: 0.009948 | Z26: 0.009969 | AA26: 0.009958 | AB26: 0.009949 | AC26: 0.009952 | AD26: 0.009957 | AE26: 0
A27: Solar Photovoltaic | B27: Renewable Energy: Marketed Use: Electric Power: Solar Photovoltaic: Alternative Electricity and Transportation | C27: AEO.2026.ELECTRNP.CNSM_NA_ELEP_NA_SLR_PHTVL_NA_QBTU.A | D27: quads | E27: 0.929314 | F27: 1.133521 | G27: 1.554765 | H27: 1.860386 | I27: 1.905911 | J27: 1.909793 | K27: 1.926283 | L27: 1.932431 | M27: 1.939554 | N27: 1.954037 | O27: 1.971629 | P27: 1.983284 | Q27: 1.989144 | R27: 1.997226 | S27: 2.017148 | T27: 2.041143 | U27: 2.054553 | V27: 2.060905 | W27: 2.061944 | X27: 2.063937 | Y27: 2.065635 | Z27: 2.066844 | AA27: 2.068636 | AB27: 2.06858 | AC27: 2.069755 | AD27: 2.070413 | AE27: 0.033
A28: Wind | B28: Renewable Energy: Marketed Use: Electric Power: Wind: Alternative Electricity and Transportation | C28: AEO.2026.ELECTRNP.CNSM_NA_ELEP_NA_WND_NA_NA_QBTU.A | D28: quads | E28: 1.582776 | F28: 1.660746 | G28: 1.806411 | H28: 1.870878 | I28: 2.024327 | J28: 2.168126 | K28: 2.292346 | L28: 2.368416 | M28: 2.468249 | N28: 2.611829 | O28: 2.777233 | P28: 2.953477 | Q28: 3.073758 | R28: 3.171499 | S28: 3.262685 | T28: 3.34637 | U28: 3.42535 | V28: 3.453765 | W28: 3.460253 | X28: 3.463465 | Y28: 3.467763 | Z28: 3.477165 | AA28: 3.491147 | AB28: 3.497074 | AC28: 3.517286 | AD28: 3.545391 | AE28: 0.033
A29: Total Marketed Renewable Energy | B29: Renewable Energy: Total Marketed Renewable Energy Use: Alternative Electricity and Transportation | C29: AEO.2026.ELECTRNP.CNSM_NA_NA_NA_NA_NA_NA_QBTU.A | D29: quads | E29: 8.347723 | F29: 8.818436 | G29: 9.422621 | H29: 9.813064 | I29: 10.013138 | J29: 10.082873 | K29: 10.19898 | L29: 10.270967 | M29: 10.381779 | N29: 10.558281 | O29: 10.760611 | P29: 10.978383 | Q29: 11.132632 | R29: 11.27028 | S29: 11.417399 | T29: 11.559381 | U29: 11.66451 | V29: 11.733516 | W29: 11.763935 | X29: 11.790484 | Y29: 11.825101 | Z29: 11.862027 | AA29: 11.912802 | AB29: 11.96369 | AC29: 12.044257 | AD29: 12.286882 | AE29: 0.016
A30: Sources of Ethanol
A31: From Corn and Other Starch | B31: Renewable Energy: Sources of Ethanol: From Corn: Alternative Electricity and Transportation | C31: AEO.2026.ELECTRNP.SUP_PRD_FCO_NA_ETH_NA_NA_QBTU.A | D31: quads | E31: 1.342129 | F31: 1.345911 | G31: 1.336637 | H31: 1.342422 | I31: 1.337657 | J31: 1.340242 | K31: 1.335484 | L31: 1.333526 | M31: 1.330719 | N31: 1.333509 | O31: 1.335468 | P31: 1.343603 | Q31: 1.342521 | R31: 1.343306 | S31: 1.344429 | T31: 1.347825 | U31: 1.351432 | V31: 1.364444 | W31: 1.369733 | X31: 1.374042 | Y31: 1.375246 | Z31: 1.375206 | AA31: 1.385507 | AB31: 1.393758 | AC31: 1.397342 | AD31: 1.403448 | AE31: 0.002
A32: From Cellulose | B32: Renewable Energy: Sources of Ethanol: From Cellulose: Alternative Electricity and Transportation | C32: AEO.2026.ELECTRNP.SUP_PRD_FCE_NA_ETH_NA_NA_QBTU.A | D32: quads | E32: 0.000574 | F32: 0.00057 | G32: 0.000564 | H32: 0.000564 | I32: 0.000564 | J32: 0.000564 | K32: 0.000564 | L32: 0.000564 | M32: 0.000564 | N32: 0.000564 | O32: 0.000564 | P32: 0.000564 | Q32: 0.000564 | R32: 0.000564 | S32: 0.000564 | T32: 0.000564 | U32: 0.000564 | V32: 0.000564 | W32: 0.000564 | X32: 0.000564 | Y32: 0.000564 | Z32: 0.000564 | AA32: 0.000564 | AB32: 0.000564 | AC32: 0.000564 | AD32: 0.000564 | AE32: -0.001
A33: Net Imports | B33: Renewable Energy: Sources of Ethanol: Net Imports: Alternative Electricity and Transportation | C33: AEO.2026.ELECTRNP.SUP_NETIMP_NA_NA_ETH_NA_NA_QBTU.A | D33: quads | E33: -0.175261 | F33: -0.18095 | G33: -0.156593 | H33: -0.168802 | I33: -0.173067 | J33: -0.185365 | K33: -0.190007 | L33: -0.194759 | M33: -0.199622 | N33: -0.204611 | O33: -0.209726 | P33: -0.224739 | Q33: -0.230367 | R33: -0.236128 | S33: -0.24202 | T33: -0.248078 | U33: -0.254284 | V33: -0.271971 | W33: -0.278774 | X33: -0.285732 | Y33: -0.288551 | Z33: -0.291119 | AA33: -0.302987 | AB33: -0.31539 | AC33: -0.323278 | AD33: -0.331373 | AE33: 0.026
A34: Total U.S. Supply of Ethanol | B34: Renewable Energy: Total U.S. Supply of Ethanol: Alternative Electricity and Transportation | C34: AEO.2026.ELECTRNP.SUP_NA_NA_NA_ETH_NA_NA_QBTU.A | D34: quads | E34: 1.167441 | F34: 1.165531 | G34: 1.180608 | H34: 1.174183 | I34: 1.165154 | J34: 1.155441 | K34: 1.146041 | L34: 1.139331 | M34: 1.13166 | N34: 1.129462 | O34: 1.126305 | P34: 1.119427 | Q34: 1.112717 | R34: 1.107742 | S34: 1.102973 | T34: 1.100311 | U34: 1.097712 | V34: 1.093037 | W34: 1.091523 | X34: 1.088874 | Y34: 1.087259 | Z34: 1.084651 | AA34: 1.083084 | AB34: 1.078932 | AC34: 1.074628 | AD34: 1.072638 | AE34: -0.003
A35: Nonmarketed Renewable Energy
A36: Selected Consumption
A37: Residential | B37: Renewable Energy: Nonmarketed Selected Use: Residential: Alternative Electricity and Transportation | C37: AEO.2026.ELECTRNP.CNSM_NA_RESD_NA_NA_NA_NA_QBTU.A | D37: quads | E37: 0.274658 | F37: 0.286575 | G37: 0.30164 | H37: 0.316028 | I37: 0.329612 | J37: 0.344035 | K37: 0.359664 | L37: 0.37496 | M37: 0.391284 | N37: 0.408679 | O37: 0.427104 | P37: 0.446461 | Q37: 0.467306 | R37: 0.48916 | S37: 0.512127 | T37: 0.535967 | U37: 0.56051 | V37: 0.585844 | W37: 0.611856 | X37: 0.638926 | Y37: 0.666667 | Z37: 0.695318 | AA37: 0.724702 | AB37: 0.755417 | AC37: 0.786555 | AD37: 0.81873 | AE37: 0.045
A38: Solar Hot Water Heating | B38: Renewable Energy: Nonmarketed Selected Use: Residential: Solar Hot Water Heating: Alternative Electricity and Transportation | C38: AEO.2026.ELECTRNP.CNSM_NA_RESD_NA_SHW_NA_NA_QBTU.A | D38: quads | E38: 0.049686 | F38: 0.048802 | G38: 0.049417 | H38: 0.048901 | I38: 0.048595 | J38: 0.048426 | K38: 0.048259 | L38: 0.047826 | M38: 0.047667 | N38: 0.047592 | O38: 0.04739 | P38: 0.047233 | Q38: 0.047174 | R38: 0.04714 | S38: 0.047048 | T38: 0.047019 | U38: 0.046748 | V38: 0.046573 | W38: 0.046286 | X38: 0.04604 | Y38: 0.045849 | Z38: 0.045748 | AA38: 0.04554 | AB38: 0.045423 | AC38: 0.045241 | AD38: 0.044974 | AE38: -0.004
A39: Solar Photovoltaic | B39: Renewable Energy: Nonmarketed Selected Use: Residential: Solar Photovoltaic: Alternative Electricity and Transportation | C39: AEO.2026.ELECTRNP.CNSM_NA_RESD_NA_SLR_PHTVL_NA_QBTU.A | D39: quads | E39: 0.224384 | F39: 0.237185 | G39: 0.251634 | H39: 0.266537 | I39: 0.280427 | J39: 0.295017 | K39: 0.31081 | L39: 0.326533 | M39: 0.343009 | N39: 0.360468 | O39: 0.379082 | P39: 0.398583 | Q39: 0.419471 | R39: 0.441342 | S39: 0.464384 | T39: 0.488235 | U39: 0.513029 | V39: 0.538517 | W39: 0.564794 | X39: 0.592087 | Y39: 0.619996 | Z39: 0.648722 | AA39: 0.67829 | AB39: 0.709091 | AC39: 0.740381 | AD39: 0.772793 | AE39: 0.051
A40: Wind | B40: Renewable Energy: Nonmarketed Selected Use: Residential: Wind: Alternative Electricity and Transportation | C40: AEO.2026.ELECTRNP.CNSM_NA_RESD_NA_WND_NA_NA_QBTU.A | D40: quads | E40: 0.000588 | F40: 0.000588 | G40: 0.000589 | H40: 0.00059 | I40: 0.000591 | J40: 0.000592 | K40: 0.000596 | L40: 0.000601 | M40: 0.000608 | N40: 0.000619 | O40: 0.000632 | P40: 0.000646 | Q40: 0.000662 | R40: 0.000678 | S40: 0.000695 | T40: 0.000713 | U40: 0.000733 | V40: 0.000754 | W40: 0.000776 | X40: 0.000799 | Y40: 0.000822 | Z40: 0.000847 | AA40: 0.000873 | AB40: 0.000903 | AC40: 0.000933 | AD40: 0.000963 | AE40: 0.02
A41: Commercial | B41: Renewable Energy: Nonmarketed Selected Use: Commercial: Alternative Electricity and Transportation | C41: AEO.2026.ELECTRNP.CNSM_NA_COMM_NA_NA_NA_NA_QBTU.A | D41: quads | E41: 0.225593 | F41: 0.242401 | G41: 0.25879 | H41: 0.265524 | I41: 0.269498 | J41: 0.274491 | K41: 0.278051 | L41: 0.280014 | M41: 0.283347 | N41: 0.288693 | O41: 0.292608 | P41: 0.295869 | Q41: 0.302195 | R41: 0.308441 | S41: 0.316061 | T41: 0.32269 | U41: 0.326035 | V41: 0.331217 | W41: 0.333756 | X41: 0.3366 | Y41: 0.338919 | Z41: 0.342714 | AA41: 0.347566 | AB41: 0.352509 | AC41: 0.356213 | AD41: 0.360991 | AE41: 0.019
A42: Solar Thermal | B42: Renewable Energy: Nonmarketed Selected Use: Commercial: Solar Thermal: Alternative Electricity and Transportation | C42: AEO.2026.ELECTRNP.CNSM_NA_COMM_NA_SLR_THERM_NA_QBTU.A | D42: quads | E42: 0.065495 | F42: 0.063335 | G42: 0.063611 | H42: 0.062602 | I42: 0.061895 | J42: 0.061556 | K42: 0.061001 | L42: 0.059719 | M42: 0.0594 | N42: 0.059208 | O42: 0.058635 | P42: 0.058119 | Q42: 0.057821 | R42: 0.057597 | S42: 0.057361 | T42: 0.057212 | U42: 0.056903 | V42: 0.056644 | W42: 0.056244 | X42: 0.055781 | Y42: 0.055393 | Z42: 0.054973 | AA42: 0.054613 | AB42: 0.054244 | AC42: 0.053925 | AD42: 0.053519 | AE42: -0.008
A43: Solar Photovoltaic | B43: Renewable Energy: Nonmarketed Selected Use: Commercial: Solar Photovoltaic: Alternative Electricity and Transportation | C43: AEO.2026.ELECTRNP.CNSM_NA_COMM_NA_SLR_PHTVL_NA_QBTU.A | D43: quads | E43: 0.157573 | F43: 0.176538 | G43: 0.192646 | H43: 0.200389 | I43: 0.205067 | J43: 0.210395 | K43: 0.214509 | L43: 0.21775 | M43: 0.221398 | N43: 0.226933 | O43: 0.23142 | P43: 0.235197 | Q43: 0.241819 | R43: 0.248288 | S43: 0.256142 | T43: 0.262917 | U43: 0.266571 | V43: 0.272008 | W43: 0.274945 | X43: 0.278251 | Y43: 0.280957 | Z43: 0.285171 | AA43: 0.290382 | AB43: 0.295691 | AC43: 0.299714 | AD43: 0.304897 | AE43: 0.027
A44: Wind | B44: Renewable Energy: Nonmarketed Selected Use: Commercial: Wind: Alternative Electricity and Transportation | C44: AEO.2026.ELECTRNP.CNSM_NA_COMM_NA_WND_NA_NA_QBTU.A | D44: quads | E44: 0.002524 | F44: 0.002527 | G44: 0.002533 | H44: 0.002533 | I44: 0.002536 | J44: 0.00254 | K44: 0.002542 | L44: 0.002545 | M44: 0.002549 | N44: 0.002552 | O44: 0.002553 | P44: 0.002554 | Q44: 0.002555 | R44: 0.002557 | S44: 0.002558 | T44: 0.00256 | U44: 0.002561 | V44: 0.002565 | W44: 0.002566 | X44: 0.002568 | Y44: 0.002568 | Z44: 0.002569 | AA44: 0.002572 | AB44: 0.002573 | AC44: 0.002574 | AD44: 0.002575 | AE44: 0.001

Sheet AEO 2025 Table 36
A1: Table 36. Transportation Sector Energy Use by Fuel Type Within a Mode
A2: https://www.eia.gov/outlooks/aeo/data/browser/#/?id=46-AEO2025&cases=alttrnp&sourcekey=0
A3: Fri Dec 05 2025 14:49:10 GMT-0800 (Pacific Standard Time)
A4: Source: U.S. Energy Information Administration
B5: full name | C5: api key | D5: units | E5: 2023 | F5: 2024 | G5: 2025 | H5: 2026 | I5: 2027 | J5: 2028 | K5: 2029 | L5: 2030 | M5: 2031 | N5: 2032 | O5: 2033 | P5: 2034 | Q5: 2035 | R5: 2036 | S5: 2037 | T5: 2038 | U5: 2039 | V5: 2040 | W5: 2041 | X5: 2042 | Y5: 2043 | Z5: 2044 | AA5: 2045 | AB5: 2046 | AC5: 2047 | AD5: 2048 | AE5: 2049 | AF5: 2050 | AG5: Growth (2024-2050)
A6: Light-Duty Vehicle | B6: Transportation Energy Use: Light-Duty Vehicle: Total: Alternative Transportation | C6: AEO.2025.ALTTRNP.CNSM_NA_TRN_LDTY_NA_NA_NA_TRLBTU.A | D6: trillion Btu | F6: 15264.655 | G6: 15318.794 | H6: 15263.796 | I6: 15137.205 | J6: 14977.22 | K6: 14792.021 | L6: 14586.776 | M6: 14410.76 | N6: 14212.754 | O6: 14032.137 | P6: 13876.547 | Q6: 13716.936 | R6: 13531.819 | S6: 13355.209 | T6: 13213.084 | U6: 13074.737 | V6: 12960.391 | W6: 12861.575 | X6: 12746.393 | Y6: 12672.746 | Z6: 12583.18 | AA6: 12516.975 | AB6: 12440.612 | AC6: 12393.32 | AD6: 12311.717 | AE6: 12264.786 | AF6: 12255.931 | AG6: -0.008
A7: Motor Gasoline excluding E85 | B7: Transportation Energy Use: Light-Duty Vehicle: Motor Gasoline: Alternative Transportation | C7: AEO.2025.ALTTRNP.CNSM_NA_TRN_LDTY_MGS_NA_NA_TRLBTU.A | D7: trillion Btu | F7: 15082.832 | G7: 15102.087 | H7: 15001.7 | I7: 14826.173 | J7: 14611.696 | K7: 14370.884 | L7: 14109.58 | M7: 13886.186 | N7: 13640.148 | O7: 13418.37 | P7: 13220.601 | Q7: 13020.752 | R7: 12794.553 | S7: 12576.742 | T7: 12394.093 | U7: 12215.559 | V7: 12062.521 | W7: 11926.91 | X7: 11776.866 | Y7: 11670.566 | Z7: 11550.738 | AA7: 11456.912 | AB7: 11354.419 | AC7: 11282.19 | AD7: 11177.411 | AE7: 11107.423 | AF7: 11075.95 | AG7: -0.012
A8: E85 | B8: Transportation Energy Use: Light-Duty Vehicle: Ethanol: Alternative Transportation | C8: AEO.2025.ALTTRNP.CNSM_NA_TRN_LDTY_ETH_NA_NA_TRLBTU.A | D8: trillion Btu | F8: 36.493248 | G8: 35.324047 | H8: 33.054344 | I8: 30.216524 | J8: 29.000742 | K8: 27.631107 | L8: 26.088915 | M8: 23.857712 | N8: 21.977797 | O8: 20.037937 | P8: 18.306711 | Q8: 16.690548 | R8: 15.190678 | S8: 14.10623 | T8: 12.678631 | U8: 11.868214 | V8: 11.293406 | W8: 10.778375 | X8: 10.287208 | Y8: 9.918623 | Z8: 9.797694 | AA8: 9.245954 | AB8: 9.049213 | AC8: 9.168134 | AD8: 8.957987 | AE8: 8.784278 | AF8: 8.564452 | AG8: -0.054
A9: Distillate Fuel Oil (diesel) | B9: Transportation Energy Use: Light-Duty Vehicle: Distillate Fuel Oil: Alternative Transportation | C9: AEO.2025.ALTTRNP.CNSM_NA_TRN_LDTY_DFO_NA_NA_TRLBTU.A | D9: trillion Btu | F9: 87.055557 | G9: 95.813736 | H9: 104.50794 | I9: 111.84503 | J9: 118.39094 | K9: 125.01546 | L9: 128.8091 | M9: 132.43237 | N9: 135.51155 | O9: 137.26688 | P9: 139.633 | Q9: 141.0139 | R9: 142.85321 | S9: 144.47678 | T9: 146.03744 | U9: 147.20349 | V9: 147.97177 | W9: 148.60349 | X9: 149.49904 | Y9: 149.93729 | Z9: 149.69161 | AA9: 149.08166 | AB9: 148.94922 | AC9: 148.95747 | AD9: 148.59544 | AE9: 148.53738 | AF9: 148.52257 | AG9: 0.021
A10: Compressed/Liquefied Natural Gas | B10: Transportation Energy Use: Light-Duty Vehicle: Natural Gas: Alternative Transportation | C10: AEO.2025.ALTTRNP.CNSM_NA_TRN_LDTY_NG_NA_NA_TRLBTU.A | D10: trillion Btu | F10: 0.660398 | G10: 0.605185 | H10: 0.549155 | I10: 0.494683 | J10: 0.454592 | K10: 0.429005 | L10: 0.391218 | M10: 0.353904 | N10: 0.321 | O10: 0.292775 | P10: 0.265233 | Q10: 0.203217 | R10: 0.180974 | S10: 0.167022 | T10: 0.153364 | U10: 0.142747 | V10: 0.133997 | W10: 0.125782 | X10: 0.118071 | Y10: 0.110838 | Z10: 0.104047 | AA10: 0.097719 | AB10: 0.091733 | AC10: 0.086114 | AD10: 0.08084 | AE10: 0.07589 | AF10: 0.071244 | AG10: -0.082
A11: Propane | B11: Transportation Energy Use: Light-Duty Vehicle: Propane: Alternative Transportation | C11: AEO.2025.ALTTRNP.CNSM_NA_TRN_LDTY_PROP_NA_NA_TRLBTU.A | D11: trillion Btu | F11: 0.63889 | G11: 0.577901 | H11: 0.519273 | I11: 0.478985 | J11: 0.445908 | K11: 0.416689 | L11: 0.389093 | M11: 0.364006 | N11: 0.336769 | O11: 0.31164 | P11: 0.292385 | Q11: 0.274588 | R11: 0.258674 | S11: 0.243044 | T11: 0.228706 | U11: 0.215165 | V11: 0.201597 | W11: 0.188185 | X11: 0.175656 | Y11: 0.164694 | Z11: 0.154083 | AA11: 0.144833 | AB11: 0.135092 | AC11: 0.126557 | AD11: 0.118808 | AE11: 0.111339 | AF11: 0.105409 | AG11: -0.067
A12: Electricity | B12: Transportation Energy Use: Light-Duty Vehicle: Electricity: Alternative Transportation | C12: AEO.2025.ALTTRNP.CNSM_NA_TRN_LDTY_ELC_NA_NA_TRLBTU.A | D12: trillion Btu | F12: 56.573006 | G12: 83.95697 | H12: 123.02593 | I12: 167.5551 | J12: 216.78943 | K12: 267.21674 | L12: 321.10156 | M12: 367.16476 | N12: 414.07318 | O12: 455.49417 | P12: 497.10797 | Q12: 537.68353 | R12: 578.48743 | S12: 619.20111 | T12: 659.64343 | U12: 699.52167 | V12: 738.06238 | W12: 774.78204 | X12: 809.27582 | Y12: 841.89172 | Z12: 872.54926 | AA12: 901.3595 | AB12: 927.84582 | AC12: 952.67511 | AD12: 976.43872 | AE12: 999.7453 | AF12: 1022.6099 | AG12: 0.118
A13: Hydrogen | B13: Transportation Energy Use: Light-Duty Vehicle: Hydrogen: Alternative Transportation | C13: AEO.2025.ALTTRNP.CNSM_NA_TRN_LDTY_HDG_NA_NA_TRLBTU.A | D13: trillion Btu | F13: 0.402703 | G13: 0.428566 | H13: 0.438523 | I13: 0.442708 | J13: 0.441394 | K13: 0.428532 | L13: 0.416235 | M13: 0.401652 | N13: 0.384427 | O13: 0.362952 | P13: 0.34098 | Q13: 0.318702 | R13: 0.295887 | S13: 0.272922 | T13: 0.250058 | U13: 0.228152 | V13: 0.207236 | W13: 0.186874 | X13: 0.170434 | Y13: 0.155837 | Z13: 0.144723 | AA13: 0.13237 | AB13: 0.123225 | AC13: 0.116811 | AD13: 0.112998 | AE13: 0.109563 | AF13: 0.106982 | AG13: -0.05
A14: Commercial Light Trucks | B14: Transportation Energy Use: Commercial Light Trucks: Total: Alternative Transportation | C14: AEO.2025.ALTTRNP.CNSM_NA_TRN_CLTR_NA_NA_NA_TRLBTU.A | D14: trillion Btu | F14: 874.37518 | G14: 855.7395 | H14: 839.74072 | I14: 829.06281 | J14: 817.03815 | K14: 806.52307 | L14: 797.05286 | M14: 786.66846 | N14: 776.01849 | O14: 765.7478 | P14: 755.15265 | Q14: 744.2334 | R14: 733.15369 | S14: 721.99127 | T14: 710.85889 | U14: 699.93121 | V14: 689.72308 | W14: 678.65418 | X14: 668.12085 | Y14: 657.2619 | Z14: 646.87323 | AA14: 636.53192 | AB14: 626.42462 | AC14: 616.49579 | AD14: 606.53204 | AE14: 596.60645 | AF14: 586.68286 | AG14: -0.015
A15: Motor Gasoline excluding E85 | B15: Transportation Energy Use: Commercial Light Trucks: Motor Gasoline: Alternative Transportation | C15: AEO.2025.ALTTRNP.CNSM_NA_TRN_CLTR_MGS_NA_NA_TRLBTU.A | D15: trillion Btu | F15: 608.84582 | G15: 602.34235 | H15: 598.57141 | I15: 598.02734 | J15: 597.05414 | K15: 597.51868 | L15: 597.57959 | M15: 597.26855 | N15: 596.4386 | O15: 595.41339 | P15: 593.97943 | Q15: 591.83826 | R15: 588.94305 | S15: 585.04077 | T15: 580.45667 | U15: 575.17102 | V15: 569.6571 | W15: 563.30286 | X15: 556.67157 | Y15: 549.21491 | Z15: 541.86505 | AA15: 534.24524 | AB15: 526.59003 | AC15: 518.82629 | AD15: 510.98663 | AE15: 503.05392 | AF15: 495.19235 | AG15: -0.008
A16: E85 | B16: Transportation Energy Use: Commercial Light Trucks: E85: Alternative Transportation | C16: AEO.2025.ALTTRNP.CNSM_NA_TRN_CLTR_E85_NA_NA_TRLBTU.A | D16: trillion Btu | F16: 3.36365 | G16: 3.406747 | H16: 3.354324 | I16: 3.288539 | J16: 3.390589 | K16: 3.517426 | L16: 3.61917 | M16: 3.610802 | N16: 3.629592 | O16: 3.659923 | P16: 3.637161 | Q16: 3.642195 | R16: 3.652845 | S16: 3.717524 | T16: 3.681469 | U16: 3.755581 | V16: 3.81011 | W16: 3.849722 | X16: 3.878349 | Y16: 3.879102 | Z16: 3.904518 | AA16: 3.919181 | AB16: 3.934023 | AC16: 3.945024 | AD16: 3.953299 | AE16: 3.951977 | AF16: 3.920096 | AG16: 0.006
A17: Distillate Fuel Oil (diesel) | B17: Transportation Energy Use: Commercial Light Trucks: Distillate Fuel Oil: Alternative Transportation | C17: AEO.2025.ALTTRNP.CNSM_NA_TRN_CLTR_DFO_NA_NA_TRLBTU.A | D17: trillion Btu | F17: 259.73096 | G17: 246.74626 | H17: 233.65933 | I17: 222.63951 | J17: 210.52594 | K17: 198.44125 | L17: 187.82809 | M17: 176.83655 | N17: 165.99545 | O17: 155.70767 | P17: 145.47244 | Q17: 135.48972 | R17: 125.97692 | S17: 117.19341 | T17: 109.04177 | U17: 101.5107 | V17: 94.802505 | W17: 87.939011 | X17: 81.827179 | Y17: 76.176422 | Z17: 70.805824 | AA17: 65.785889 | AB17: 61.069122 | AC17: 56.668499 | AD17: 52.40976 | AE17: 48.369202 | AF17: 44.395897 | AG17: -0.066
... A20: Electricity | B20: Transportation Energy Use: Commercial Light Trucks: Electricity: Alternative Transportation | C20: AEO.2025.ALTTRNP.CNSM_NA_TRN_CLTR_ELC_NA_NA_TRLBTU.A | D20: trillion Btu | F20: 1.069762 | G20: 1.546032 | H20: 2.052827 | I20: 2.578473 | J20: 3.085881 | K20: 3.533733 | L20: 3.953531 | M20: 4.392319 | N20: 4.878654 | O20: 5.382483 | P20: 5.955124 | Q20: 6.646365 | R20: 7.450887 | S20: 8.365183 | T20: 9.374652 | U20: 10.466586 | V20: 11.611726 | W20: 12.827472 | X20: 14.085026 | Y20: 15.387928 | Z20: 16.711384 | AA20: 18.014877 | AB20: 19.292101 | AC20: 20.535923 | AD20: 21.70483 | AE20: 22.812384 | AF20: 23.858597 | AG20: 0.127
