Workbook

Sheet About
A1: CPSW Cement Pathway Shareweight
A3: Sources: | B3: Technology readiness of each pathway | D3: U.S. CCS project status
B4: U.S. Department of Energy | D4: Heidelberg Materials North America
B5: Pathways to Commercial Liftoff: Low-Carbon Cement (updated February 2025) | D5: Mitchell, Indiana CCS project update
B6: 2025 | D6: 2025
B7: https://liftoff.energy.gov/wp-content/uploads/2023/12/LIFTOFF_Cement_Updated-2.6.25.pdf | D7: https://www.heidelbergmaterials.us/home/news/news/2025/02/24/heidelberg-materials-north-america-announces-new-milestone-for-mitchell-ccs-project
B8: Readiness levels: carbon capture 6-7.5, with 3-5 U.S. demonstrations expected before 2030; kiln electrification 5-6 ('next horizon'); alternative production methods 3-5. We read the readiness table through DOE's March 2024 ITIAC briefing, because the Liftoff site did not load. | D8: As of October 2026 we found no investment decision on a U.S. cement CCS project; DOE cancelled its Mitchell demonstration award in May 2025, and Heidelberg's Edmonton project was put on hold in August 2026. Class VI CO2 storage permits take about two to three years.
B10: Expected commercial availability | D10: Electric kiln status
B11: World Economic Forum and Accenture, citing the IEA Clean Energy Technology Guide | D11: Global Cement
B12: Net-Zero Industry Tracker 2024: Cement | D12: Heating up cement kilns
B13: 2024 | D13: 2025
B14: https://reports.weforum.org/docs/WEF_Net_Zero_Industry_Tracker_2024_Cement.pdf | D14: https://globalcement.com/news/analysis/19853-heating-up-cement-kilns-september-2025
B15: Post-combustion capture commercially available before 2030 (readiness 7-8); kiln electrification around 2030 (readiness 5, covering electrification generally, not full electric clinkering); alternative binders and production methods around 2035. | D15: Heidelberg's ELECTRA plasma kiln ran a 300 kW test for 54 hours in 2025, with a 1 MW unit planned for 2026-27; a full plant needs roughly 170 MW. Holcim and SaltX are aiming for a European electric pilot plant by 2028 (reported second-hand).
B17: Evidence that cement CCS works at scale | D17: Alternative chemistry status
B18: Heidelberg Materials | D18: The Reminder (Holyoke, MA)
B19: Brevik CCS plant opening (Norway) | D19: Sublime Systems announces Holyoke project pause
B20: 2025 | D20: 2025
B21: https://www.heidelbergmaterials.com/en/pr-2025-06-18 | D21: https://thereminder.com/local-news/hampden-county/holyoke/sublime-systems-announces-holyoke-project-pause/
B22: Brevik began capturing about 400,000 metric tons of CO2 a year in June 2025, and the Padeswood (UK) project reached its investment decision in September 2025, targeting 2029. Both took roughly 4-4.5 years from investment decision to operation. | D22: Sublime paused its Holyoke plant in December 2025 after losing its $87 million DOE award. Brimstone has not produced at commercial scale; its demonstration plant is expected in 2028 (MIT Technology Review, October 2026).
A25: Notes:
A26: Purpose and layout | B26: This file tells the EPS cement module when each kiln pathway becomes available to be chosen for new kilns and for overhaul-or-replace decisions. It multiplies each pathway's weight in the model's cost-based choice: 0 means the pathway cannot be chosen, 1 means it competes on cost alone, and values in between let a newly available pathway enter gradually. The 'Gate Parameters' tab holds a gate year and a ramp length for each pathway; these are the values to change. The 'Calc' tab sets each pathway-year to 0 before the gate year and then raises it in equal steps to 1 over the ramp length. The 'CPSW' tab reads from 'Calc' and is exported to CPSW.csv.
A27: U.S. values | B27: The dry kiln with precalciner is available in every year. Dry kiln with CCS opens in 2031 and reaches full weight in 2033 (three-year ramp). Alternative chemistry cement opens in 2034 and reaches full weight in 2037. The electric kiln opens in 2035 and reaches full weight in 2039. Because EPS adds capacity without a construction lag, the gate year is the first year a U.S. plant could plausibly be running: the first likely investment decision plus about four years to build (and, for CCS, the CO2 storage permit). The ramps reflect the time between the first plant and the technology being widely offered. The years are our judgment from the evidence under Sources; none is a date announced by a developer or agency.
A28: What would move the dates | B28: A U.S. cement CCS investment decision, or a faster Class VI permitting track, would pull the CCS gate earlier; the 45Q credit's construction-start deadline matters as well. A multi-megawatt electric kiln or calciner running at an existing plant would pull the electric kiln earlier; if the pathway is read as an electric calciner only, about 2032 would be defensible. Brimstone's 2028 demonstration and Sublime's restart are the signposts for alternative chemistry. For a non-U.S. region, review the gates against that region's project pipeline.
A29: Electric kiln with CCS | B29: Opens in 2037 and reaches full weight in 2042 (Gate Parameters tab): two years after the plain electric kiln, because no electric kiln with integrated capture runs at industrial scale yet. Judgement, not a sourced date.

Sheet Gate Parameters
A1: Pathway | B1: Gate year (first year eligible) | C1: Basis | D1: Ramp length (years to reach full weight)
A2: dry kiln with precalciner | B2: 2021 | C2: Incumbent - always eligible. | D2: 1
A3: dry kiln with CCS | B3: 2031 | C3: No US cement CCS investment decision as of Oct 2026; ~4-4.5 years decision-to-operation (Brevik, Padeswood) plus Class VI permitting. DOE Liftoff TRL 6-7.5; IEA guide: commercial pre-2030. | D3: 3
A4: electric kiln | B4: 2035 | C4: TRL 5-6 (DOE Liftoff; IEA guide). Heidelberg ELECTRA 300 kW test 2025, 1 MW unit 2026-27 vs ~170 MW per plant; Holcim/SaltX electric pilot targeted 2028. | D4: 5
A5: electric kiln with CCS | B5: 2037 | C5: No electric kiln with integrated capture runs at industrial scale: Calix LEILAC-2 delayed with no timeline (June 2026), the ZETA electric calciner demo paused after pre-FEED, EU ELECTRA at pilot scale. Opens two years after the plain electric kiln and reaches full weight in 2042 (judgement; no source gives a commercial year). | D5: 6
A6: alternative chemistry cement | B6: 2034 | C6: TRL 3-5 for alternative production methods (DOE Liftoff); IEA guide: commercial 2035. Brimstone demo expected 2028; Sublime Holyoke paused Dec 2025. | D6: 4

Sheet Calc
A1: Gate formula: 0 before the gate year, then rising in equal steps to 1 over the ramp length | B1: 2021 | C1: 2022 | D1: 2023 | E1: 2024 | F1: 2025 | G1: 2026 | H1: 2027 | I1: 2028 | J1: 2029 | K1: 2030 | L1: 2031 | M1: 2032 | N1: 2033 | O1: 2034 | P1: 2035 | Q1: 2036 | R1: 2037 | S1: 2038 | T1: 2039 | U1: 2040 | V1: 2041 | W1: 2042 | X1: 2043 | Y1: 2044 | Z1: 2045 | AA1: 2046 | AB1: 2047 | AC1: 2048 | AD1: 2049 | AE1: 2050
A2: dry kiln with precalciner | B2: =MIN(1,MAX(0,(B$1-VLOOKUP($A2,'Gate Parameters'!$A:$D,2,FALSE)+1)/VLOOKUP($A2,'Gate Parameters'!$A:$D,4,FALSE))) -> 1 | C2: =MIN(1,MAX(0,(C$1-VLOOKUP($A2,'Gate Parameters'!$A:$D,2,FALSE)+1)/VLOOKUP($A2,'Gate Parameters'!$A:$D,4,FALSE))) -> 1 | D2: =MIN(1,MAX(0,(D$1-VLOOKUP($A2,'Gate Parameters'!$A:$D,2,FALSE)+1)/VLOOKUP($A2,'Gate Parameters'!$A:$D,4,FALSE))) -> 1 | E2: =MIN(1,MAX(0,(E$1-VLOOKUP($A2,'Gate Parameters'!$A:$D,2,FALSE)+1)/VLOOKUP($A2,'Gate Parameters'!$A:$D,4,FALSE))) -> 1 | F2: =MIN(1,MAX(0,(F$1-VLOOKUP($A2,'Gate Parameters'!$A:$D,2,FALSE)+1)/VLOOKUP($A2,'Gate Parameters'!$A:$D,4,FALSE))) -> 1 | G2: =MIN(1,MAX(0,(G$1-VLOOKUP($A2,'Gate Parameters'!$A:$D,2,FALSE)+1)/VLOOKUP($A2,'Gate Parameters'!$A:$D,4,FALSE))) -> 1 | H2: =MIN(1,MAX(0,(H$1-VLOOKUP($A2,'Gate Parameters'!$A:$D,2,FALSE)+1)/VLOOKUP($A2,'Gate Parameters'!$A:$D,4,FALSE))) -> 1 | I2: =MIN(1,MAX(0,(I$1-VLOOKUP($A2,'Gate Parameters'!$A:$D,2,FALSE)+1)/VLOOKUP($A2,'Gate Parameters'!$A:$D,4,FALSE))) -> 1 | ... AE2: =MIN(1,MAX(0,(AE$1-VLOOKUP($A2,'Gate Parameters'!$A:$D,2,FALSE)+1)/VLOOKUP($A2,'Gate Parameters'!$A:$D,4,FALSE))) -> 1
A3: dry kiln with CCS | B3: =MIN(1,MAX(0,(B$1-VLOOKUP($A3,'Gate Parameters'!$A:$D,2,FALSE)+1)/VLOOKUP($A3,'Gate Parameters'!$A:$D,4,FALSE))) -> 0 | C3: =MIN(1,MAX(0,(C$1-VLOOKUP($A3,'Gate Parameters'!$A:$D,2,FALSE)+1)/VLOOKUP($A3,'Gate Parameters'!$A:$D,4,FALSE))) -> 0 | D3: =MIN(1,MAX(0,(D$1-VLOOKUP($A3,'Gate Parameters'!$A:$D,2,FALSE)+1)/VLOOKUP($A3,'Gate Parameters'!$A:$D,4,FALSE))) -> 0 | E3: =MIN(1,MAX(0,(E$1-VLOOKUP($A3,'Gate Parameters'!$A:$D,2,FALSE)+1)/VLOOKUP($A3,'Gate Parameters'!$A:$D,4,FALSE))) -> 0 | F3: =MIN(1,MAX(0,(F$1-VLOOKUP($A3,'Gate Parameters'!$A:$D,2,FALSE)+1)/VLOOKUP($A3,'Gate Parameters'!$A:$D,4,FALSE))) -> 0 | G3: =MIN(1,MAX(0,(G$1-VLOOKUP($A3,'Gate Parameters'!$A:$D,2,FALSE)+1)/VLOOKUP($A3,'Gate Parameters'!$A:$D,4,FALSE))) -> 0 | H3: =MIN(1,MAX(0,(H$1-VLOOKUP($A3,'Gate Parameters'!$A:$D,2,FALSE)+1)/VLOOKUP($A3,'Gate Parameters'!$A:$D,4,FALSE))) -> 0 | I3: =MIN(1,MAX(0,(I$1-VLOOKUP($A3,'Gate Parameters'!$A:$D,2,FALSE)+1)/VLOOKUP($A3,'Gate Parameters'!$A:$D,4,FALSE))) -> 0 | ... AE3: =MIN(1,MAX(0,(AE$1-VLOOKUP($A3,'Gate Parameters'!$A:$D,2,FALSE)+1)/VLOOKUP($A3,'Gate Parameters'!$A:$D,4,FALSE))) -> 1
A4: electric kiln | B4: =MIN(1,MAX(0,(B$1-VLOOKUP($A4,'Gate Parameters'!$A:$D,2,FALSE)+1)/VLOOKUP($A4,'Gate Parameters'!$A:$D,4,FALSE))) -> 0 | C4: =MIN(1,MAX(0,(C$1-VLOOKUP($A4,'Gate Parameters'!$A:$D,2,FALSE)+1)/VLOOKUP($A4,'Gate Parameters'!$A:$D,4,FALSE))) -> 0 | D4: =MIN(1,MAX(0,(D$1-VLOOKUP($A4,'Gate Parameters'!$A:$D,2,FALSE)+1)/VLOOKUP($A4,'Gate Parameters'!$A:$D,4,FALSE))) -> 0 | E4: =MIN(1,MAX(0,(E$1-VLOOKUP($A4,'Gate Parameters'!$A:$D,2,FALSE)+1)/VLOOKUP($A4,'Gate Parameters'!$A:$D,4,FALSE))) -> 0 | F4: =MIN(1,MAX(0,(F$1-VLOOKUP($A4,'Gate Parameters'!$A:$D,2,FALSE)+1)/VLOOKUP($A4,'Gate Parameters'!$A:$D,4,FALSE))) -> 0 | G4: =MIN(1,MAX(0,(G$1-VLOOKUP($A4,'Gate Parameters'!$A:$D,2,FALSE)+1)/VLOOKUP($A4,'Gate Parameters'!$A:$D,4,FALSE))) -> 0 | H4: =MIN(1,MAX(0,(H$1-VLOOKUP($A4,'Gate Parameters'!$A:$D,2,FALSE)+1)/VLOOKUP($A4,'Gate Parameters'!$A:$D,4,FALSE))) -> 0 | I4: =MIN(1,MAX(0,(I$1-VLOOKUP($A4,'Gate Parameters'!$A:$D,2,FALSE)+1)/VLOOKUP($A4,'Gate Parameters'!$A:$D,4,FALSE))) -> 0 | ... AE4: =MIN(1,MAX(0,(AE$1-VLOOKUP($A4,'Gate Parameters'!$A:$D,2,FALSE)+1)/VLOOKUP($A4,'Gate Parameters'!$A:$D,4,FALSE))) -> 1
A5: electric kiln with CCS | B5: =MIN(1,MAX(0,(B$1-VLOOKUP($A5,'Gate Parameters'!$A:$D,2,FALSE)+1)/VLOOKUP($A5,'Gate Parameters'!$A:$D,4,FALSE))) -> 0 | C5: =MIN(1,MAX(0,(C$1-VLOOKUP($A5,'Gate Parameters'!$A:$D,2,FALSE)+1)/VLOOKUP($A5,'Gate Parameters'!$A:$D,4,FALSE))) -> 0 | D5: =MIN(1,MAX(0,(D$1-VLOOKUP($A5,'Gate Parameters'!$A:$D,2,FALSE)+1)/VLOOKUP($A5,'Gate Parameters'!$A:$D,4,FALSE))) -> 0 | E5: =MIN(1,MAX(0,(E$1-VLOOKUP($A5,'Gate Parameters'!$A:$D,2,FALSE)+1)/VLOOKUP($A5,'Gate Parameters'!$A:$D,4,FALSE))) -> 0 | F5: =MIN(1,MAX(0,(F$1-VLOOKUP($A5,'Gate Parameters'!$A:$D,2,FALSE)+1)/VLOOKUP($A5,'Gate Parameters'!$A:$D,4,FALSE))) -> 0 | G5: =MIN(1,MAX(0,(G$1-VLOOKUP($A5,'Gate Parameters'!$A:$D,2,FALSE)+1)/VLOOKUP($A5,'Gate Parameters'!$A:$D,4,FALSE))) -> 0 | H5: =MIN(1,MAX(0,(H$1-VLOOKUP($A5,'Gate Parameters'!$A:$D,2,FALSE)+1)/VLOOKUP($A5,'Gate Parameters'!$A:$D,4,FALSE))) -> 0 | I5: =MIN(1,MAX(0,(I$1-VLOOKUP($A5,'Gate Parameters'!$A:$D,2,FALSE)+1)/VLOOKUP($A5,'Gate Parameters'!$A:$D,4,FALSE))) -> 0 | ... AE5: =MIN(1,MAX(0,(AE$1-VLOOKUP($A5,'Gate Parameters'!$A:$D,2,FALSE)+1)/VLOOKUP($A5,'Gate Parameters'!$A:$D,4,FALSE))) -> 1
A6: alternative chemistry cement | B6: =MIN(1,MAX(0,(B$1-VLOOKUP($A6,'Gate Parameters'!$A:$D,2,FALSE)+1)/VLOOKUP($A6,'Gate Parameters'!$A:$D,4,FALSE))) -> 0 | C6: =MIN(1,MAX(0,(C$1-VLOOKUP($A6,'Gate Parameters'!$A:$D,2,FALSE)+1)/VLOOKUP($A6,'Gate Parameters'!$A:$D,4,FALSE))) -> 0 | D6: =MIN(1,MAX(0,(D$1-VLOOKUP($A6,'Gate Parameters'!$A:$D,2,FALSE)+1)/VLOOKUP($A6,'Gate Parameters'!$A:$D,4,FALSE))) -> 0 | E6: =MIN(1,MAX(0,(E$1-VLOOKUP($A6,'Gate Parameters'!$A:$D,2,FALSE)+1)/VLOOKUP($A6,'Gate Parameters'!$A:$D,4,FALSE))) -> 0 | F6: =MIN(1,MAX(0,(F$1-VLOOKUP($A6,'Gate Parameters'!$A:$D,2,FALSE)+1)/VLOOKUP($A6,'Gate Parameters'!$A:$D,4,FALSE))) -> 0 | G6: =MIN(1,MAX(0,(G$1-VLOOKUP($A6,'Gate Parameters'!$A:$D,2,FALSE)+1)/VLOOKUP($A6,'Gate Parameters'!$A:$D,4,FALSE))) -> 0 | H6: =MIN(1,MAX(0,(H$1-VLOOKUP($A6,'Gate Parameters'!$A:$D,2,FALSE)+1)/VLOOKUP($A6,'Gate Parameters'!$A:$D,4,FALSE))) -> 0 | I6: =MIN(1,MAX(0,(I$1-VLOOKUP($A6,'Gate Parameters'!$A:$D,2,FALSE)+1)/VLOOKUP($A6,'Gate Parameters'!$A:$D,4,FALSE))) -> 0 | ... AE6: =MIN(1,MAX(0,(AE$1-VLOOKUP($A6,'Gate Parameters'!$A:$D,2,FALSE)+1)/VLOOKUP($A6,'Gate Parameters'!$A:$D,4,FALSE))) -> 1

Sheet CPSW
A1: Unit: dimensionless | B1: 2021 | C1: 2022 | D1: 2023 | E1: 2024 | F1: 2025 | G1: 2026 | H1: 2027 | I1: 2028 | J1: 2029 | K1: 2030 | L1: 2031 | M1: 2032 | N1: 2033 | O1: 2034 | P1: 2035 | Q1: 2036 | R1: 2037 | S1: 2038 | T1: 2039 | U1: 2040 | V1: 2041 | W1: 2042 | X1: 2043 | Y1: 2044 | Z1: 2045 | AA1: 2046 | AB1: 2047 | AC1: 2048 | AD1: 2049 | AE1: 2050
A2: dry kiln with precalciner | B2: =Calc!B2 -> 1 | C2: =Calc!C2 -> 1 | D2: =Calc!D2 -> 1 | E2: =Calc!E2 -> 1 | F2: =Calc!F2 -> 1 | G2: =Calc!G2 -> 1 | H2: =Calc!H2 -> 1 | I2: =Calc!I2 -> 1 | ... AE2: =Calc!AE2 -> 1
A3: dry kiln with CCS | B3: =Calc!B3 -> 0 | C3: =Calc!C3 -> 0 | D3: =Calc!D3 -> 0 | E3: =Calc!E3 -> 0 | F3: =Calc!F3 -> 0 | G3: =Calc!G3 -> 0 | H3: =Calc!H3 -> 0 | I3: =Calc!I3 -> 0 | ... AE3: =Calc!AE3 -> 1
A4: electric kiln | B4: =Calc!B4 -> 0 | C4: =Calc!C4 -> 0 | D4: =Calc!D4 -> 0 | E4: =Calc!E4 -> 0 | F4: =Calc!F4 -> 0 | G4: =Calc!G4 -> 0 | H4: =Calc!H4 -> 0 | I4: =Calc!I4 -> 0 | ... AE4: =Calc!AE4 -> 1
A5: electric kiln with CCS | B5: =Calc!B5 -> 0 | C5: =Calc!C5 -> 0 | D5: =Calc!D5 -> 0 | E5: =Calc!E5 -> 0 | F5: =Calc!F5 -> 0 | G5: =Calc!G5 -> 0 | H5: =Calc!H5 -> 0 | I5: =Calc!I5 -> 0 | ... AE5: =Calc!AE5 -> 1
A6: alternative chemistry cement | B6: =Calc!B6 -> 0 | C6: =Calc!C6 -> 0 | D6: =Calc!D6 -> 0 | E6: =Calc!E6 -> 0 | F6: =Calc!F6 -> 0 | G6: =Calc!G6 -> 0 | H6: =Calc!H6 -> 0 | I6: =Calc!I6 -> 0 | ... AE6: =Calc!AE6 -> 1
