Workbook
Name btu_per_kwh: #REF!
Name hours_per_year: #REF!
Name usd_year_conv: #REF!

Sheet About
A1: BSfHPbP BAU Subsidy for Hydrogen Production by Pathway
A3: Source: | B3: (none)
A9: Notes
A11: Currency Year
A12: The IRA created the 45V tax credit for clean hydrogen production
A13: in 2022. The subsidy is inflation adjusted to 2022 dollars.
A15: We convert from 2022 to 2012 dollars:
A16: 0.78452102
A18: Relevant Conversion Factors
A19: 42 | B19: gallons per U.S. barrel
A20: =3.41214*10^6 -> 3412140 | B20: BTU/MWh (pure unit conversion, not a heat rate)
A21: 61013 | B21: btu/lb H2
A23: 2026-10-23 update (One Big Beautiful Bill Act, Pub. L. 119-21, July 4, 2025)
A24: Green (45V): OBBBA sec. 70511 moved the 45V construction-start deadline from before 2033 to before
A25: January 1, 2028 (26 U.S.C. 45V(c)(3)(C), checked on the current U.S. Code text). EPS pays this subsidy by
A26: the year a plant enters service and locks it in for HPSD years (Hydrogen Production Subsidies for
A27: Newly Built Plants and its DELAY FIXED expiry), so the row is the credit for plants ENTERING SERVICE
A28: in each year. With construction starting by end-2027 and the IRS 4-year continuity safe harbor (not
A29: re-checked against IRS guidance in this update), we
A30: assume qualifying plants are in service by 2030; plants entering service from 2031 get zero. Plants
A31: already in service keep their credit for the full 10-year period. (calcs!B15 sets the last year.)
A32: Blue: real SMR+CCS projects mostly claim 45Q ($85/t stored, 12 years) rather than 45V, and the two
A33: cannot be combined. 45Q requires construction to begin before January 1, 2033 (26 U.S.C. 45Q(d)(1);
A34: OBBBA sec. 70522 changed 45Q's rates and parity but not this date). The blue row is therefore a
... A46: (bug fix B4), so 45Q is not stacked; 45V and 45Q cannot both be claimed.

Sheet calcs
B2: Subsidy value
A3: Green hydrogen $ per kg (2022 $) | B3: 3
A4: BTU per lb hydrogen | B4: =About!A21 -> 61013
A5: lb per kg | B5: 2.20462
A6: BTU per kg | B6: =B4*B5 -> 134510.48
A7: $ per BTU (2012 $) | B7: =B3/B6*About!A16 -> 1.7497247e-05
A9: Blue hydrogen $ per kg (2022 $) | B9: 0.75
A10: BTU per lb hydrogen | B10: =B4 -> 61013
A11: lb per kg | B11: =B5 -> 2.20462
A12: BTU per kg | B12: =B10*B11 -> 134510.48
A13: $ per BTU (2012 $) | B13: =B9/B12*About!A16 -> 4.3743117e-06
A15: Last plant in-service year eligible: green (45V) | B15: 2030
A16: Last plant in-service year eligible: blue (45Q: construction-start deadline + safe harbor) | B16: =B36+B37 -> 2038
A18: Blue hydrogen: 45Q credit for CO2 in secure geologic storage (2026-10-23)
A19: 45Q base amount ($/t, 26 U.S.C. 45Q(b)(1)(A), tax years 2025-2026; inflation-indexed from 2027 with 2025 base) | B19: 17
A20: Multiplier for prevailing wage and apprenticeship (45Q(h)) | B20: 5
A21: 45Q amount ($/t, 2025$; indexed, so constant in real 2025$) | B21: =B19*B20 -> 85
A22: CPI-U annual average 2012 (BLS CUUR0000SA0) | B22: 229.594
A23: CPI-U annual average 2025 (BLS; 11 months, October 2025 not published) | B23: =AVERAGE(317.671,319.082,319.799,320.795,321.465,322.561,323.048,323.976,324.8,324.122,324.054) -> 321.943
A24: 45Q amount ($/t CO2, 2012$) | B24: =B21*B22/B23 -> 60.617842
A26: CO2 captured per kg H2, from the model's own inputs (copied; update if those inputs change):
A27: Natural gas use, SMR with CCS (BTU gas / BTU H2): hydgn/FIoHP FIoHP-ng-reforming-CCS.csv, natural gas row (1.3729 in every year) | B27: 1.3729
A28: CO2 intensity of natural gas (g CO2 / BTU): fuels/PEI PEI-IFPEI.csv, CO2 row (no improvement in PEIIR) | B28: 0.05306
A29: Capture rate: ccs/CCP CPPbHS.csv | B29: 0.85
A30: BTU per kg H2 | B30: =B6 -> 134510.48
A31: CO2 captured (kg CO2 / kg H2), including CO2 from gas burned for capture | B31: =B27*B28*B29*B30/1000*B39 -> 8.7875294
A32: 45Q credit ($ per kg H2, 2012$) | B32: =B24*B31/1000 -> 0.53268107
A33: 45Q credit ($ per BTU H2, 2012$) - used in the BSfHPbP tab | B33: =B32/B30 -> 3.9601455e-06
A35: Eligibility: construction must begin before 2033-01-01 (45Q(d)(1)); IRS Notice 2020-12 sec. 7.05 continuity safe harbor
A36: Last construction-start year | B36: 2032
A37: Continuity safe harbor (calendar years after construction start, Notice 2020-12 sec. 7.05) | B37: 6
A38: Natural gas burned for capture (BTU per g CO2 captured): ccs/CC CC-EUpTHSCS natural gas row (NETL 2022); its CO2 is captured at the same rate | B38: 1.1575133
A39: Capture-fuel multiplier on CO2 captured: 1 / (1 - gas for capture x CO2 intensity x capture rate) | B39: =1/(1-B38*B28*B29) -> 1.0550805

Sheet BSfHPbP
A1: Subsidy ($/BTU) | B1: 2021 | C1: 2022 | D1: 2023 | E1: 2024 | F1: 2025 | G1: 2026 | H1: 2027 | I1: 2028 | J1: 2029 | K1: 2030 | L1: 2031 | M1: 2032 | N1: 2033 | O1: 2034 | P1: 2035 | Q1: 2036 | R1: 2037 | S1: 2038 | T1: 2039 | U1: 2040 | V1: 2041 | W1: 2042 | X1: 2043 | Y1: 2044 | Z1: 2045 | AA1: 2046 | AB1: 2047 | AC1: 2048 | AD1: 2049 | AE1: 2050
A2: electrolysis | B2: 0 | C2: 0 | D2: 0 | E2: 0 | F2: 0 | G2: 0 | H2: 0 | I2: 0 | J2: 0 | K2: 0 | L2: 0 | M2: 0 | N2: 0 | O2: 0 | P2: 0 | Q2: 0 | R2: 0 | S2: 0 | T2: 0 | U2: 0 | V2: 0 | W2: 0 | X2: 0 | Y2: 0 | Z2: 0 | AA2: 0 | AB2: 0 | AC2: 0 | AD2: 0 | AE2: 0
A3: natural gas reforming | B3: 0 | C3: 0 | D3: 0 | E3: 0 | F3: 0 | G3: 0 | H3: 0 | I3: 0 | J3: 0 | K3: 0 | L3: 0 | M3: 0 | N3: 0 | O3: 0 | P3: 0 | Q3: 0 | R3: 0 | S3: 0 | T3: 0 | U3: 0 | V3: 0 | W3: 0 | X3: 0 | Y3: 0 | Z3: 0 | AA3: 0 | AB3: 0 | AC3: 0 | AD3: 0 | AE3: 0
A4: coal gasification | B4: 0 | C4: 0 | D4: 0 | E4: 0 | F4: 0 | G4: 0 | H4: 0 | I4: 0 | J4: 0 | K4: 0 | L4: 0 | M4: 0 | N4: 0 | O4: 0 | P4: 0 | Q4: 0 | R4: 0 | S4: 0 | T4: 0 | U4: 0 | V4: 0 | W4: 0 | X4: 0 | Y4: 0 | Z4: 0 | AA4: 0 | AB4: 0 | AC4: 0 | AD4: 0 | AE4: 0
A5: biomass gasification | B5: 0 | C5: 0 | D5: 0 | E5: 0 | F5: 0 | G5: 0 | H5: 0 | I5: 0 | J5: 0 | K5: 0 | L5: 0 | M5: 0 | N5: 0 | O5: 0 | P5: 0 | Q5: 0 | R5: 0 | S5: 0 | T5: 0 | U5: 0 | V5: 0 | W5: 0 | X5: 0 | Y5: 0 | Z5: 0 | AA5: 0 | AB5: 0 | AC5: 0 | AD5: 0 | AE5: 0
A6: hydrocarbon partial oxidation | B6: 0 | C6: 0 | D6: 0 | E6: 0 | F6: 0 | G6: 0 | H6: 0 | I6: 0 | J6: 0 | K6: 0 | L6: 0 | M6: 0 | N6: 0 | O6: 0 | P6: 0 | Q6: 0 | R6: 0 | S6: 0 | T6: 0 | U6: 0 | V6: 0 | W6: 0 | X6: 0 | Y6: 0 | Z6: 0 | AA6: 0 | AB6: 0 | AC6: 0 | AD6: 0 | AE6: 0
A7: electrolysis with guaranteed clean electricity | B7: 0 | C7: =IF(C$1<=calcs!$B$15,calcs!$B$7,0) -> 1.7497247e-05 | D7: =IF(D$1<=calcs!$B$15,calcs!$B$7,0) -> 1.7497247e-05 | E7: =IF(E$1<=calcs!$B$15,calcs!$B$7,0) -> 1.7497247e-05 | F7: =IF(F$1<=calcs!$B$15,calcs!$B$7,0) -> 1.7497247e-05 | G7: =IF(G$1<=calcs!$B$15,calcs!$B$7,0) -> 1.7497247e-05 | H7: =IF(H$1<=calcs!$B$15,calcs!$B$7,0) -> 1.7497247e-05 | I7: =IF(I$1<=calcs!$B$15,calcs!$B$7,0) -> 1.7497247e-05 | J7: =IF(J$1<=calcs!$B$15,calcs!$B$7,0) -> 1.7497247e-05 | ... AE7: =IF(AE$1<=calcs!$B$15,calcs!$B$7,0) -> 0
A8: natural gas reforming with CCS | B8: 0 | C8: =IF(C$1<=calcs!$B$16,calcs!$B$33,0) -> 3.9601455e-06 | D8: =IF(D$1<=calcs!$B$16,calcs!$B$33,0) -> 3.9601455e-06 | E8: =IF(E$1<=calcs!$B$16,calcs!$B$33,0) -> 3.9601455e-06 | F8: =IF(F$1<=calcs!$B$16,calcs!$B$33,0) -> 3.9601455e-06 | G8: =IF(G$1<=calcs!$B$16,calcs!$B$33,0) -> 3.9601455e-06 | H8: =IF(H$1<=calcs!$B$16,calcs!$B$33,0) -> 3.9601455e-06 | I8: =IF(I$1<=calcs!$B$16,calcs!$B$33,0) -> 3.9601455e-06 | J8: =IF(J$1<=calcs!$B$16,calcs!$B$33,0) -> 3.9601455e-06 | ... AE8: =IF(AE$1<=calcs!$B$16,calcs!$B$33,0) -> 0
