Workbook

Sheet About
A1: CRSW Cement Overhaul Shareweight
A3: Sources: | B3: Calibration precedent: fleet-longevity shareweight from the steel breakout
B4: EI-internal companion workbook
B5: SRSW (Steel Reline Shareweight), InputData/indst/SRSW/SRSW.csv
B6: 2026
B7: file://InputData/indst/SRSW/SRSW.csv
B8: Steel's analogous overhaul/reline calibration weight (SRSW) ships a flat value of 25, calibrated so the reline branch wins at default costs and reproduces observed multi-decade blast-furnace fleet longevity. CRSW carries the same flat value of 25 as its DRAFT starting point, on the premise that cement kilns exhibit similarly sticky, multi-decade overhaul-over-replace behavior (site integration, quarry co-location, permitting costs of a greenfield replacement).
A11: Notes:
A12: Calibration weight, not a market observation | B12: CRSW is a dimensionless logit calibration weight on the overhaul branch of the endogenous overhaul-vs-replace decision (see CPRS), capturing unmodeled stickiness that keeps existing kilns in service (site integration, quarry co-location with the kiln, permitting friction for a greenfield replacement) beyond what the raw annualized overhaul-vs-new-build cost comparison alone would predict. It is not itself sourced from any published cement-industry figure - it is set so the model REPRODUCES observed behavior, not derived from an external observation.
A13: Calibration target and result | B13: Set so overhauling wins at default costs, reproducing the long observed lifespan of the existing US kiln fleet (many kilns installed pre-2000 remain in service today). Post-Phase-3b validation: at CRSW = 25 flat, the model's default-scenario overhaul share is approximately 0.999 (i.e. essentially all decision capacity overhauls rather than replacing, consistent with observed fleet behavior).
A14: DRAFT status | B14: DRAFT and UNVERIFIED - a calibration judgment carried over from steel's SRSW rather than independently re-derived for cement. Flagged for team review; revisit if the overhaul share diverges from observed fleet turnover once wired into a full model run.
A15: Provenance | B15: Written by Claude Code (Fable/Sonnet agent session), cement industry breakout, worktree cement-industry-breakout-f901fc, 2026-08-26. This is a DRAFT input for staff review, not a finished or approved EI position; verify all figures against primary sources before use in any work product. Reviewed by: (pending).
A17: Recalibration 2026-10-01 | B17: CRSW re-solved to 0.1297 (all pathways) after the cement capital costs moved to the model's 2012 USD (greenfield 250, overhaul 25 $/(t/yr)) and the CCS pathway was reconciled with the CCS sector inputs. Two Newton passes with crsw_recal2.py on runs S7_Cal/S7_Cal2: facing-weighted mean dry-kiln overhaul share 0.2084 -> 0.4857 (target 0.485). Note: the BAU now builds CCS kilns from 2030 because the 45Q-type subsidy (BCS) exceeds capture O&M + T&S + energy; team decision pending on whether BAU should include that.

Sheet Derivation
A1: Calibration weight (flat time series)
A3: Cement Overhaul Shareweight (all years, DRAFT calibrated value) | B3: 25
A5: Resulting BAU dry-kiln-with-precalciner overhaul share (model output, for reference) | B5: 0.999

Sheet Checks
A1: Cross-check: Derivation value vs. shipped CRSW.csv (all 30 years)
A3: Year | B3: Derivation value | C3: Shipped value | D3: Result
A4: 2021 | B4: =Derivation!$B$3 | C4: 25 | D4: =IF(B4=C4,"PASS","FAIL")
A5: 2022 | B5: =Derivation!$B$3 | C5: 25 | D5: =IF(B5=C5,"PASS","FAIL")
A6: 2023 | B6: =Derivation!$B$3 | C6: 25 | D6: =IF(B6=C6,"PASS","FAIL")
A7: 2024 | B7: =Derivation!$B$3 | C7: 25 | D7: =IF(B7=C7,"PASS","FAIL")
A8: 2025 | B8: =Derivation!$B$3 | C8: 25 | D8: =IF(B8=C8,"PASS","FAIL")
A9: 2026 | B9: =Derivation!$B$3 | C9: 25 | D9: =IF(B9=C9,"PASS","FAIL")
A10: 2027 | B10: =Derivation!$B$3 | C10: 25 | D10: =IF(B10=C10,"PASS","FAIL")
A11: 2028 | B11: =Derivation!$B$3 | C11: 25 | D11: =IF(B11=C11,"PASS","FAIL")
A12: 2029 | B12: =Derivation!$B$3 | C12: 25 | D12: =IF(B12=C12,"PASS","FAIL")
A13: 2030 | B13: =Derivation!$B$3 | C13: 25 | D13: =IF(B13=C13,"PASS","FAIL")
A14: 2031 | B14: =Derivation!$B$3 | C14: 25 | D14: =IF(B14=C14,"PASS","FAIL")
A15: 2032 | B15: =Derivation!$B$3 | C15: 25 | D15: =IF(B15=C15,"PASS","FAIL")
... A33: 2050 | B33: =Derivation!$B$3 | C33: 25 | D33: =IF(B33=C33,"PASS","FAIL")
A35: Overall | B35: =IF(COUNTIF(D4:D33,"FAIL")=0,"ALL PASS","CHECK FAILURES ABOVE")

Sheet CRSW
A1: Unit: dimensionless by pathway (dry kiln RECALIBRATED 2026-10-01 after the 2012-USD capital-cost fix and CCS reconciliation: 0.1297 (was 0.03565) = facing-weighted mean dry-kiln overhaul share 0.485 over 2026-2050 in run S7_Cal2 = mean retirement age ~49 yr at CPPL 25 = US fleet mean operating age ~36 yr (PCA 2019); jointly identified with IELC -6 and the greenfield cost basis - re-solve whenever CPCC/CRCC/IELC change (crsw_recal2.py, 2 Newton passes); other pathways carry the same weight - judgment) | B1: 2021 | C1: 2022 | D1: 2023 | E1: 2024 | F1: 2025 | G1: 2026 | H1: 2027 | I1: 2028 | J1: 2029 | K1: 2030 | L1: 2031 | M1: 2032 | N1: 2033 | O1: 2034 | P1: 2035 | Q1: 2036 | R1: 2037 | S1: 2038 | T1: 2039 | U1: 2040 | V1: 2041 | W1: 2042 | X1: 2043 | Y1: 2044 | Z1: 2045 | AA1: 2046 | AB1: 2047 | AC1: 2048 | AD1: 2049 | AE1: 2050
A2: Cement Overhaul Shareweight | B2: 25 | C2: 25 | D2: 25 | E2: 25 | F2: 25 | G2: 25 | H2: 25 | I2: 25 | J2: 25 | K2: 25 | L2: 25 | M2: 25 | N2: 25 | O2: 25 | P2: 25 | Q2: 25 | R2: 25 | S2: 25 | T2: 25 | U2: 25 | V2: 25 | W2: 25 | X2: 25 | Y2: 25 | Z2: 25 | AA2: 25 | AB2: 25 | AC2: 25 | AD2: 25 | AE2: 25
