Workbook

Sheet About
A1: CSPAbY Clinker Substitution Potential Available by Year
A3: Sources: | B3: Industry pace of clinker reduction
B4: Portland Cement Association (PCA)
B5: Roadmap to Carbon Neutrality (January 2024 update)
B6: 2024
B7: https://www.cement.org/wp-content/uploads/2024/05/Roadmap_Jan2024.pdf
B8: Targets clinker-to-cement ratios of 0.85 by 2030, 0.80 by 2040 and 0.75 by 2050, and says going below 0.75 requires consistent availability of SCMs. This is the industry's own aspirational pace; the ramp here allows a faster pace under strong policy, but not an immediate jump to the long-run floor.
B10: Global pathway for comparison
B11: Global Cement and Concrete Association (GCCA)
B12: Concrete Future: The GCCA 2050 Cement and Concrete Industry Roadmap for Net Zero Concrete
B13: 2021
B14: https://gccassociation.org/concretefuture/wp-content/uploads/2021/10/GCCA-Concrete-Future-Roadmap-Document-AW.pdf
B15: Global clinker-to-binder ratio of 0.63 (2020), 0.58 (2030) and 0.52 (2050): roughly 40% of the 2020-2050 decline happens by 2030, in line with a 0.4 share in 2030 here.
B17: Limits on SCM supply
B18: U.S. Geological Survey
B19: Mineral Commodity Summaries 2026: Iron and Steel Slag
B20: 2026
B21: https://pubs.usgs.gov/periodicals/mcs2026/mcs2026-iron-steel-slag.pdf
B22: Granulated slag is under 30% of the 16 million tons of U.S. slag sold, and imports are expected to decline. Reaching the 0.65 floor needs roughly 32-35 million tons a year of reactive SCMs by 2050, up from about 20 million today, mostly from a calcined clay industry that does not yet exist at scale in the U.S. and from harvested fly ash.
A25: Notes:
A26: Purpose and layout | B26: This file gives the share of the long-run clinker substitution potential that supplementary cementitious material (SCM) supply can support in each year, from 0 to 1. The long-run potential is the gap between the business-as-usual clinker-to-cement ratio (BCtCR) and the lowest achievable ratio (MACtCR). In each policy year the EPS uses the smaller of the clinker-substitution lever (as scheduled) and this share, so a policy that reaches full deployment early cannot lower the ratio faster than SCM supply can grow. 'Ramp' holds the milestone values, which are the values to change, and fills in the years between with straight lines. It also shows the lowest U.S. ratio each milestone allows, as a reference. The 'CSPAbY' tab reads from 'Ramp' and is exported to CSPAbY.csv.
A27: U.S. values | B27: 0 through 2025, 0.4 in 2030, 0.7 in 2040 and 1.0 in 2050. With the U.S. business-as-usual path in BCtCR and a 0.65 floor, that caps the reachable ratio at about 0.75 in 2030, 0.72 in 2035, 0.70 in 2040 and 0.65 in 2050. These milestones are our judgment: they let policy move faster than PCA's own targets (0.85 by 2030) while giving the new calcined clay and harvested-ash supply time to build, and the 2030 share matches the share of the 2020-2050 decline that the GCCA global roadmap puts in its first decade.
A28: Using it for other regions | B28: The same ramp applies to every region by default. A region that already has a large SCM industry (for example, India's calcined clay and fly ash supply) could reasonably move faster, and one with little SCM supply slower; change the milestones on the 'Ramp' tab and re-export the CSV.

Sheet Ramp
A1: Share of the long-run clinker substitution potential that SCM supply can support, by year
A3: Milestone year | B3: 2025 | C3: 2030 | D3: 2040 | E3: 2050
A4: Share of potential available (EI judgment; see About notes) | B4: 0 | C4: 0.4 | D4: 0.7 | E4: 1
A6: Annual values (0 through 2025, then straight lines between milestones)
A7: Year | B7: 2021 | C7: 2022 | D7: 2023 | E7: 2024 | F7: 2025 | G7: 2026 | H7: 2027 | I7: 2028 | J7: 2029 | K7: 2030 | L7: 2031 | M7: 2032 | N7: 2033 | O7: 2034 | P7: 2035 | Q7: 2036 | R7: 2037 | S7: 2038 | T7: 2039 | U7: 2040 | V7: 2041 | W7: 2042 | X7: 2043 | Y7: 2044 | Z7: 2045 | AA7: 2046 | AB7: 2047 | AC7: 2048 | AD7: 2049 | AE7: 2050
A8: Share of potential available | B8: =IF(B7<=$B$3,$B$4,IF(B7<=$C$3,$B$4+($C$4-$B$4)*(B7-$B$3)/($C$3-$B$3),IF(B7<=$D$3,$C$4+($D$4-$C$4)*(B7-$C$3)/($D$3-$C$3),$D$4+($E$4-$D$4)*(B7-$D$3)/($E$3-$D$3)))) -> 0 | C8: =IF(C7<=$B$3,$B$4,IF(C7<=$C$3,$B$4+($C$4-$B$4)*(C7-$B$3)/($C$3-$B$3),IF(C7<=$D$3,$C$4+($D$4-$C$4)*(C7-$C$3)/($D$3-$C$3),$D$4+($E$4-$D$4)*(C7-$D$3)/($E$3-$D$3)))) -> 0 | D8: =IF(D7<=$B$3,$B$4,IF(D7<=$C$3,$B$4+($C$4-$B$4)*(D7-$B$3)/($C$3-$B$3),IF(D7<=$D$3,$C$4+($D$4-$C$4)*(D7-$C$3)/($D$3-$C$3),$D$4+($E$4-$D$4)*(D7-$D$3)/($E$3-$D$3)))) -> 0 | E8: =IF(E7<=$B$3,$B$4,IF(E7<=$C$3,$B$4+($C$4-$B$4)*(E7-$B$3)/($C$3-$B$3),IF(E7<=$D$3,$C$4+($D$4-$C$4)*(E7-$C$3)/($D$3-$C$3),$D$4+($E$4-$D$4)*(E7-$D$3)/($E$3-$D$3)))) -> 0 | F8: =IF(F7<=$B$3,$B$4,IF(F7<=$C$3,$B$4+($C$4-$B$4)*(F7-$B$3)/($C$3-$B$3),IF(F7<=$D$3,$C$4+($D$4-$C$4)*(F7-$C$3)/($D$3-$C$3),$D$4+($E$4-$D$4)*(F7-$D$3)/($E$3-$D$3)))) -> 0 | G8: =IF(G7<=$B$3,$B$4,IF(G7<=$C$3,$B$4+($C$4-$B$4)*(G7-$B$3)/($C$3-$B$3),IF(G7<=$D$3,$C$4+($D$4-$C$4)*(G7-$C$3)/($D$3-$C$3),$D$4+($E$4-$D$4)*(G7-$D$3)/($E$3-$D$3)))) -> 0.08 | H8: =IF(H7<=$B$3,$B$4,IF(H7<=$C$3,$B$4+($C$4-$B$4)*(H7-$B$3)/($C$3-$B$3),IF(H7<=$D$3,$C$4+($D$4-$C$4)*(H7-$C$3)/($D$3-$C$3),$D$4+($E$4-$D$4)*(H7-$D$3)/($E$3-$D$3)))) -> 0.16 | I8: =IF(I7<=$B$3,$B$4,IF(I7<=$C$3,$B$4+($C$4-$B$4)*(I7-$B$3)/($C$3-$B$3),IF(I7<=$D$3,$C$4+($D$4-$C$4)*(I7-$C$3)/($D$3-$C$3),$D$4+($E$4-$D$4)*(I7-$D$3)/($E$3-$D$3)))) -> 0.24 | ... AE8: =IF(AE7<=$B$3,$B$4,IF(AE7<=$C$3,$B$4+($C$4-$B$4)*(AE7-$B$3)/($C$3-$B$3),IF(AE7<=$D$3,$C$4+($D$4-$C$4)*(AE7-$C$3)/($D$3-$C$3),$D$4+($E$4-$D$4)*(AE7-$D$3)/($E$3-$D$3)))) -> 1
A10: Implied U.S. floor for reference: BAU ratio minus share x (BAU ratio - MACtCR 0.65), using BCtCR values for these years
A11: Year | B11: 2030 | C11: 2035 | D11: 2040 | E11: 2050
A12: BCtCR U.S. BAU ratio (copied for reference) | B12: 0.8203 | C12: 0.8129 | D12: 0.8115 | E12: 0.8094
A13: Share available | B13: =INDEX($B$8:$AE$8,MATCH(B11,$B$7:$AE$7,0)) -> 0.4 | C13: =INDEX($B$8:$AE$8,MATCH(C11,$B$7:$AE$7,0)) -> 0.55 | D13: =INDEX($B$8:$AE$8,MATCH(D11,$B$7:$AE$7,0)) -> 0.7 | E13: =INDEX($B$8:$AE$8,MATCH(E11,$B$7:$AE$7,0)) -> 1
A14: Lowest reachable ratio | B14: =B12-B13*(B12-0.65) -> 0.75218 | C14: =C12-C13*(C12-0.65) -> 0.723305 | D14: =D12-D13*(D12-0.65) -> 0.69845 | E14: =E12-E13*(E12-0.65) -> 0.65

Sheet CSPAbY
A1: Unit: dimensionless | B1: 2021 | C1: 2022 | D1: 2023 | E1: 2024 | F1: 2025 | G1: 2026 | H1: 2027 | I1: 2028 | J1: 2029 | K1: 2030 | L1: 2031 | M1: 2032 | N1: 2033 | O1: 2034 | P1: 2035 | Q1: 2036 | R1: 2037 | S1: 2038 | T1: 2039 | U1: 2040 | V1: 2041 | W1: 2042 | X1: 2043 | Y1: 2044 | Z1: 2045 | AA1: 2046 | AB1: 2047 | AC1: 2048 | AD1: 2049 | AE1: 2050
A2: Clinker Substitution Potential Available by Year | B2: =Ramp!B8 -> 0 | C2: =Ramp!C8 -> 0 | D2: =Ramp!D8 -> 0 | E2: =Ramp!E8 -> 0 | F2: =Ramp!F8 -> 0 | G2: =Ramp!G8 -> 0.08 | H2: =Ramp!H8 -> 0.16 | I2: =Ramp!I8 -> 0.24 | ... AE2: =Ramp!AE8 -> 1
