Workbook

Sheet About
A1: NoH Number of Households
A3: Source: | B3: 2022-2050
B4: Energy Information Administration
B5: 2023
B6: Annual Energy Outlook 2023
B7: https://www.eia.gov/outlooks/archive/aeo23/tables_ref.php
B8: Table 4
B10: 2021
B11: Energy Information Administration
B12: 2022
B13: Annual Energy Outlook 2022
B14: https://www.eia.gov/outlooks/archive/aeo22/tables_ref.php
B15: Table 4

Sheet AEO 2023 Table 4
B1: ref2023.d020623a | C1: 2022 | D1: 2023 | E1: 2024 | F1: 2025 | G1: 2026 | H1: 2027 | I1: 2028 | J1: 2029 | K1: 2030 | L1: 2031 | M1: 2032 | N1: 2033 | O1: 2034 | P1: 2035 | Q1: 2036 | R1: 2037 | S1: 2038 | T1: 2039 | U1: 2040 | V1: 2041 | W1: 2042 | X1: 2043 | Y1: 2044 | Z1: 2045 | AA1: 2046 | AB1: 2047 | AC1: 2048 | AD1: 2049 | AE1: 2050
C3: Report | D3: Annual Energy Outlook 2023
C4: Scenario | D4: ref2023 | G4: Reference
C5: Datekey | D5: d020623a
C6: Release Date | E6: March 2023
A10: RKI000 | B10: 4. Residential Sector Key Indicators and Consumption | AF10: Average
B11: (quadrillion Btu, unless otherwise noted) | AF11: Annual
AF12: Change
B13: Key Indicators and Consumption | C13: 2022 | D13: 2023 | E13: 2024 | F13: 2025 | G13: 2026 | H13: 2027 | I13: 2028 | J13: 2029 | K13: 2030 | L13: 2031 | M13: 2032 | N13: 2033 | O13: 2034 | P13: 2035 | Q13: 2036 | R13: 2037 | S13: 2038 | T13: 2039 | U13: 2040 | V13: 2041 | W13: 2042 | X13: 2043 | Y13: 2044 | Z13: 2045 | AA13: 2046 | AB13: 2047 | AC13: 2048 | AD13: 2049 | AE13: 2050 | AF13: 2022–2050
B15: Key Indicators
B16: Households (millions)
A17: RKI000:ba_Single-Family | B17: Single-Family | C17: 86.924255 | D17: 87.748611 | E17: 88.618675 | F17: 89.519981 | G17: 90.411308 | H17: 91.302132 | I17: 92.198265 | J17: 93.091507 | K17: 93.970619 | L17: 94.836555 | M17: 95.694557 | N17: 96.533203 | O17: 97.347885 | P17: 98.154381 | Q17: 98.959145 | R17: 99.75724 | S17: 100.55006 | T17: 101.33466 | U17: 102.12499 | V17: 102.91761 | W17: 103.69783 | X17: 104.47331 | Y17: 105.24597 | Z17: 106.01605 | AA17: 106.78051 | AB17: 107.53815 | AC17: 108.28622 | AD17: 109.02242 | AE17: 109.74868 | AF17: 0.008362
A18: RKI000:ba_Multifamily | B18: Multifamily | C18: 32.842152 | D18: 33.209229 | E18: 33.535469 | F18: 33.85815 | G18: 34.181629 | H18: 34.507633 | I18: 34.834255 | J18: 35.155056 | K18: 35.46513 | L18: 35.769081 | M18: 36.0718 | N18: 36.366608 | O18: 36.650593 | P18: 36.930111 | Q18: 37.212017 | R18: 37.496159 | S18: 37.783924 | T18: 38.073307 | U18: 38.36647 | V18: 38.656506 | W18: 38.941956 | X18: 39.223991 | Y18: 39.501945 | Z18: 39.776779 | AA18: 40.048443 | AB18: 40.322777 | AC18: 40.595905 | AD18: 40.869537 | AE18: 41.144089 | AF18: 0.008081
A19: RKI000:ba_MobileHomes | B19: Mobile Homes | C19: 6.648376 | D19: 6.654435 | E19: 6.657747 | F19: 6.660283 | G19: 6.66859 | H19: 6.680898 | I19: 6.695705 | J19: 6.709839 | K19: 6.717811 | L19: 6.722091 | M19: 6.727011 | N19: 6.734098 | O19: 6.740673 | P19: 6.744905 | Q19: 6.74995 | R19: 6.752422 | S19: 6.751948 | T19: 6.750166 | U19: 6.750861 | V19: 6.753187 | W19: 6.756266 | X19: 6.759341 | Y19: 6.761881 | Z19: 6.763837 | AA19: 6.764435 | AB19: 6.765501 | AC19: 6.766449 | AD19: 6.766767 | AE19: 6.767235 | AF19: 0.000633
A20: RKI000:ba_Total | B20: Total | C20: 126.41478 | D20: 127.61227 | E20: 128.81189 | F20: 130.03841 | G20: 131.26154 | H20: 132.49066 | I20: 133.72823 | J20: 134.95641 | K20: 136.15355 | L20: 137.32773 | M20: 138.49336 | N20: 139.63391 | O20: 140.73915 | P20: 141.82939 | Q20: 142.92111 | R20: 144.00583 | S20: 145.08594 | T20: 146.15813 | U20: 147.24231 | V20: 148.3273 | W20: 149.39606 | X20: 150.45664 | Y20: 151.50981 | Z20: 152.55667 | AA20: 153.59338 | AB20: 154.62643 | AC20: 155.64857 | AD20: 156.65874 | AE20: 157.66 | AF20: 0.00792
A22: RKI000:ca_AverageHouseS | B22: Average House Square Footage | C22: 1798.9158 | D22: 1803.5209 | E22: 1808.4264 | F22: 1813.3185 | G22: 1818.0804 | H22: 1822.7229 | I22: 1827.2777 | J22: 1831.8 | K22: 1836.3394 | L22: 1840.8495 | M22: 1845.2855 | N22: 1849.6774 | O22: 1854.0608 | P22: 1858.4113 | Q22: 1862.6759 | R22: 1866.8663 | S22: 1870.9755 | T22: 1875.0114 | U22: 1878.9578 | V22: 1882.8684 | W22: 1886.7397 | X22: 1890.5779 | Y22: 1894.3921 | Z22: 1898.1798 | AA22: 1901.9388 | AB22: 1905.6209 | AC22: 1909.2523 | AD22: 1912.8229 | AE22: 1916.3303 | AF22: 0.002261
B24: Energy Intensity
B25: (million Btu per household)
A26: RKI000:da_DeliveredEner | B26: Gross End-use Consumption 1/ | C26: 93.909477 | D26: 92.769119 | E26: 89.479935 | F26: 89.052956 | G26: 88.647408 | H26: 88.231392 | I26: 87.719673 | J26: 87.082458 | K26: 86.372932 | L26: 85.637901 | M26: 84.930008 | N26: 84.330368 | O26: 83.726021 | P26: 83.229088 | Q26: 82.803543 | R26: 82.42997 | S26: 82.039726 | T26: 81.693481 | U26: 81.360573 | V26: 81.06002 | W26: 80.817673 | X26: 80.633194 | Y26: 80.500008 | Z26: 80.389549 | AA26: 80.279945 | AB26: 80.223389 | AC26: 80.211197 | AD26: 80.229492 | AE26: 80.285049 | AF26: -0.005583
A27: RKI000:da_TotalEnergyCo | B27: Delivered Energy Consumption | C27: 93.023323 | D27: 91.801674 | E27: 88.420021 | F27: 87.901169 | G27: 87.405548 | H27: 86.898582 | I27: 86.294922 | J27: 85.563858 | K27: 84.758438 | L27: 83.924873 | M27: 83.114105 | N27: 82.411514 | O27: 81.703484 | P27: 81.117577 | Q27: 80.600105 | R27: 80.131668 | S27: 79.641068 | T27: 79.188065 | U27: 78.743118 | V27: 78.324791 | W27: 77.958664 | X27: 77.644554 | Y27: 77.377632 | Z27: 77.127983 | AA27: 76.87487 | AB27: 76.670601 | AC27: 76.504471 | AD27: 76.365883 | AE27: 76.260414 | AF27: -0.007071
B28: (thousand Btu per square foot)
A29: RKI000:ea_DeliveredEner | B29: Gross End-use Consumption 1/ | C29: 52.203377 | D29: 51.437782 | E29: 49.479443 | F29: 49.110489 | G29: 48.758793 | H29: 48.406364 | I29: 48.005661 | J29: 47.539284 | K29: 47.035389 | L29: 46.520859 | M29: 46.025402 | N29: 45.591934 | O29: 45.158184 | P29: 44.785076 | Q29: 44.454079 | R29: 44.15419 | S29: 43.848637 | T29: 43.569595 | U29: 43.300903 | V29: 43.051346 | W29: 42.83456 | X29: 42.650024 | Y29: 42.493847 | Z29: 42.350861 | AA29: 42.209534 | AB29: 42.098293 | AC29: 42.011837 | AD29: 41.942982 | AE29: 41.895203 | AF29: -0.007825
A30: RKI000:ea_TotalEnergyCo | B30: Delivered Energy Consumption | C30: 51.710773 | D30: 50.901363 | E30: 48.893349 | F30: 48.475307 | G30: 48.075733 | H30: 47.675148 | I30: 47.225948 | J30: 46.710258 | K30: 46.156193 | L30: 45.590298 | M30: 45.041325 | N30: 44.554535 | O30: 44.067314 | P30: 43.648884 | Q30: 43.271141 | R30: 42.923088 | S30: 42.566601 | T30: 42.233379 | U30: 41.907867 | V30: 41.598656 | W30: 41.319248 | X30: 41.069218 | Y30: 40.845627 | Z30: 40.632603 | AA30: 40.419212 | AB30: 40.233921 | AC30: 40.070381 | AD30: 39.923134 | AE30: 39.795025 | AF30: -0.009311
B32: Energy Consumption by Fuel
B33: Electricity 1/
A34: RKI000:fa_SpaceHeating | B34: Space Heating | C34: 0.74562 | D34: 0.744025 | E34: 0.657572 | F34: 0.656949 | G34: 0.655732 | H34: 0.653215 | I34: 0.649408 | J34: 0.644338 | K34: 0.637851 | L34: 0.630493 | M34: 0.623023 | N34: 0.615132 | O34: 0.606908 | P34: 0.599838 | Q34: 0.593122 | R34: 0.586547 | S34: 0.579423 | T34: 0.572275 | U34: 0.565611 | V34: 0.559325 | W34: 0.553414 | X34: 0.54783 | Y34: 0.542214 | Z34: 0.536676 | AA34: 0.531381 | AB34: 0.526393 | AC34: 0.521432 | AD34: 0.516688 | AE34: 0.512384 | AF34: -0.013309
A35: RKI000:fa_SpaceCooling | B35: Space Cooling | C35: 0.853587 | D35: 0.735192 | E35: 0.890909 | F35: 0.91105 | G35: 0.930181 | H35: 0.950142 | I35: 0.969709 | J35: 0.988224 | K35: 1.004471 | L35: 1.019774 | M35: 1.036202 | N35: 1.052583 | O35: 1.069291 | P35: 1.088333 | Q35: 1.109122 | R35: 1.130924 | S35: 1.152515 | T35: 1.174549 | U35: 1.196908 | V35: 1.219416 | W35: 1.242558 | X35: 1.266365 | Y35: 1.29112 | Z35: 1.3168 | AA35: 1.344624 | AB35: 1.373569 | AC35: 1.403082 | AD35: 1.432529 | AE35: 1.463148 | AF35: 0.019433
A36: RKI000:fa_WaterHeating | B36: Water Heating | C36: 0.599797 | D36: 0.598845 | E36: 0.598786 | F36: 0.599582 | G36: 0.599536 | H36: 0.599125 | I36: 0.59802 | J36: 0.596113 | K36: 0.593223 | L36: 0.589911 | M36: 0.586847 | N36: 0.586124 | O36: 0.586146 | P36: 0.588552 | Q36: 0.591464 | R36: 0.594365 | S36: 0.596931 | T36: 0.599321 | U36: 0.601795 | V36: 0.604464 | W36: 0.607404 | X36: 0.610584 | Y36: 0.613738 | Z36: 0.616835 | AA36: 0.620251 | AB36: 0.623921 | AC36: 0.627667 | AD36: 0.631618 | AE36: 0.63608 | AF36: 0.0021
A37: RKI000:fa_Refrigeration | B37: Refrigeration | C37: 0.295558 | D37: 0.293987 | E37: 0.292668 | F37: 0.29163 | G37: 0.290783 | H37: 0.290158 | I37: 0.289778 | J37: 0.289615 | K37: 0.289659 | L37: 0.289986 | M37: 0.29063 | N37: 0.29157 | O37: 0.292795 | P37: 0.294343 | Q37: 0.296242 | R37: 0.298447 | S37: 0.30096 | T37: 0.303745 | U37: 0.306848 | V37: 0.310249 | W37: 0.313888 | X37: 0.317482 | Y37: 0.321024 | Z37: 0.324507 | AA37: 0.327915 | AB37: 0.33125 | AC37: 0.334496 | AD37: 0.337645 | AE37: 0.340702 | AF37: 0.00509
A38: RKI000:fa_Cooking | B38: Cooking | C38: 0.055863 | D38: 0.056202 | E38: 0.056536 | F38: 0.056875 | G38: 0.057205 | H38: 0.05753 | I38: 0.057848 | J38: 0.058138 | K38: 0.058391 | L38: 0.058604 | M38: 0.058781 | N38: 0.058966 | O38: 0.05917 | P38: 0.059404 | Q38: 0.05968 | R38: 0.059996 | S38: 0.060304 | T38: 0.060601 | U38: 0.060895 | V38: 0.061182 | W38: 0.061454 | X38: 0.061714 | Y38: 0.061964 | Z38: 0.062203 | AA38: 0.062434 | AB38: 0.062659 | AC38: 0.06288 | AD38: 0.063098 | AE38: 0.063319 | AF38: 0.004485
A39: RKI000:fa_ClothesDryers | B39: Clothes Dryers | C39: 0.222467 | D39: 0.227024 | E39: 0.231891 | F39: 0.237295 | G39: 0.242448 | H39: 0.247266 | I39: 0.251793 | J39: 0.25596 | K39: 0.259671 | L39: 0.263071 | M39: 0.266436 | N39: 0.269392 | O39: 0.272342 | P39: 0.275723 | Q39: 0.279342 | R39: 0.282799 | S39: 0.285963 | T39: 0.289075 | U39: 0.292206 | V39: 0.295411 | W39: 0.298723 | X39: 0.30216 | Y39: 0.305635 | Z39: 0.309109 | AA39: 0.31273 | AB39: 0.31651 | AC39: 0.320307 | AD39: 0.324172 | AE39: 0.328278 | AF39: 0.013993
A40: RKI000:fa_Freezers | B40: Freezers | C40: 0.069007 | D40: 0.06885 | E40: 0.068687 | F40: 0.068516 | G40: 0.068318 | H40: 0.068105 | I40: 0.067922 | J40: 0.067761 | K40: 0.067615 | L40: 0.067486 | M40: 0.067377 | N40: 0.067287 | O40: 0.067216 | P40: 0.067169 | Q40: 0.067159 | R40: 0.067178 | S40: 0.067229 | T40: 0.067311 | U40: 0.067431 | V40: 0.067596 | W40: 0.067794 | X40: 0.068036 | Y40: 0.068326 | Z40: 0.068666 | AA40: 0.069053 | AB40: 0.069481 | AC40: 0.069904 | AD40: 0.070319 | AE40: 0.070729 | AF40: 0.000881
A41: RKI000:fa_Lighting | B41: Lighting | C41: 0.22927 | D41: 0.21316 | E41: 0.206794 | F41: 0.205129 | G41: 0.2052 | H41: 0.206404 | I41: 0.20833 | J41: 0.210226 | K41: 0.209704 | L41: 0.209164 | M41: 0.208855 | N41: 0.208568 | O41: 0.208536 | P41: 0.209016 | Q41: 0.209627 | R41: 0.210178 | S41: 0.210558 | T41: 0.210954 | U41: 0.207703 | V41: 0.205012 | W41: 0.202911 | X41: 0.201467 | Y41: 0.200848 | Z41: 0.20064 | AA41: 0.200592 | AB41: 0.20073 | AC41: 0.200991 | AD41: 0.201423 | AE41: 0.202056 | AF41: -0.004503
A42: RKI000:fa_ClothesWasher | B42: Clothes Washers 2/ | C42: 0.037489 | D42: 0.037813 | E42: 0.038144 | F42: 0.038486 | G42: 0.038827 | H42: 0.039168 | I42: 0.039519 | J42: 0.039875 | K42: 0.040246 | L42: 0.040617 | M42: 0.040992 | N42: 0.041365 | O42: 0.041733 | P42: 0.042099 | Q42: 0.042465 | R42: 0.042828 | S42: 0.043187 | T42: 0.043542 | U42: 0.043898 | V42: 0.044252 | W42: 0.044599 | X42: 0.044942 | Y42: 0.045282 | Z42: 0.045619 | AA42: 0.045952 | AB42: 0.046283 | AC42: 0.046611 | AD42: 0.046936 | AE42: 0.047258 | AF42: 0.008305
A43: RKI000:fa_Dishwashers | B43: Dishwashers 2/ | C43: 0.027618 | D43: 0.028064 | E43: 0.028506 | F43: 0.028945 | G43: 0.02937 | H43: 0.029782 | I43: 0.030233 | J43: 0.030722 | K43: 0.031242 | L43: 0.031797 | M43: 0.032392 | N43: 0.033027 | O43: 0.033702 | P43: 0.034373 | Q43: 0.035043 | R43: 0.03571 | S43: 0.036375 | T43: 0.037036 | U43: 0.037698 | V43: 0.038359 | W43: 0.039015 | X43: 0.039667 | Y43: 0.040316 | Z43: 0.040962 | AA43: 0.041605 | AB43: 0.042245 | AC43: 0.042882 | AD43: 0.043514 | AE43: 0.044143 | AF43: 0.01689
A44: RKI000:fa_ColorTelevisi | B44: Televisions and Related Equipment 3/ | C44: 0.185092 | D44: 0.181559 | E44: 0.178365 | F44: 0.175692 | G44: 0.172951 | H44: 0.170143 | I44: 0.167198 | J44: 0.164139 | K44: 0.160987 | L44: 0.157867 | M44: 0.154866 | N44: 0.151867 | O44: 0.148998 | P44: 0.146585 | Q44: 0.144473 | R44: 0.142566 | S44: 0.14076 | T44: 0.139189 | U44: 0.13791 | V44: 0.136911 | W44: 0.136207 | X44: 0.135755 | Y44: 0.135537 | Z44: 0.135552 | AA44: 0.135802 | AB44: 0.136265 | AC44: 0.13685 | AD44: 0.137593 | AE44: 0.138527 | AF44: -0.010296
A45: RKI000:fa_PersonalCompu | B45: Computers and Related Equipment 4/ | C45: 0.120106 | D45: 0.118562 | E45: 0.116931 | F45: 0.115363 | G45: 0.113493 | H45: 0.111328 | I45: 0.108857 | J45: 0.106117 | K45: 0.103168 | L45: 0.100088 | M45: 0.09698 | N45: 0.093786 | O45: 0.09061 | P45: 0.087647 | Q45: 0.084848 | R45: 0.082133 | S45: 0.079493 | T45: 0.077008 | U45: 0.074726 | V45: 0.072652 | W45: 0.070825 | X45: 0.069227 | Y45: 0.067875 | Z45: 0.066753 | AA45: 0.065956 | AB45: 0.065417 | AC45: 0.065087 | AD45: 0.064993 | AE45: 0.065107 | AF45: -0.021632
... A50: RKI000:fa_PurchasedElec | B50: Purchased Electricity | C50: 5.147618 | D50: 5.046671 | E50: 5.113911 | F50: 5.157499 | G50: 5.199634 | H50: 5.245647 | I50: 5.28379 | J50: 5.31335 | K50: 5.334268 | L50: 5.351949 | M50: 5.371014 | N50: 5.391346 | O50: 5.410297 | P50: 5.442602 | Q50: 5.480425 | R50: 5.521421 | S50: 5.559047 | T50: 5.597267 | U50: 5.6349 | V50: 5.674541 | W50: 5.718532 | X50: 5.765529 | Y50: 5.815574 | Z50: 5.868124 | AA50: 5.925225 | AB50: 5.986255 | AC50: 6.048272 | AD50: 6.112339 | AE50: 6.182475 | AF50: 0.006564
B52: Natural Gas
A53: RKI000:ga_SpaceHeating | B53: Space Heating | C53: 3.73693 | D53: 3.786134 | E53: 3.524206 | F53: 3.534772 | G53: 3.540792 | H53: 3.53828 | I53: 3.529304 | J53: 3.510945 | K53: 3.487897 | L53: 3.462235 | M53: 3.436536 | N53: 3.41919 | O53: 3.398954 | P53: 3.379413 | Q53: 3.362053 | R53: 3.346112 | S53: 3.329438 | T53: 3.314799 | U53: 3.301509 | V53: 3.288682 | W53: 3.276622 | X53: 3.266367 | Y53: 3.257648 | Z53: 3.247816 | AA53: 3.234627 | AB53: 3.222775 | AC53: 3.212637 | AD53: 3.202551 | AE53: 3.191122 | AF53: -0.005623
A54: RKI000:ga_SpaceCooling | B54: Space Cooling | C54: 0.058888 | D54: 0.05053 | E54: 0.059461 | F54: 0.059824 | G54: 0.060086 | H54: 0.060237 | I54: 0.060283 | J54: 0.060235 | K54: 0.060099 | L54: 0.05989 | M54: 0.059666 | N54: 0.05942 | O54: 0.059215 | P54: 0.059099 | Q54: 0.059116 | R54: 0.059266 | S54: 0.059431 | T54: 0.059636 | U54: 0.059841 | V54: 0.060023 | W54: 0.060231 | X54: 0.060454 | Y54: 0.060706 | Z54: 0.060936 | AA54: 0.061137 | AB54: 0.06134 | AC54: 0.061597 | AD54: 0.06187 | AE54: 0.062122 | AF54: 0.001911
A55: RKI000:ga_WaterHeating | B55: Water Heating | C55: 0.982988 | D55: 0.980209 | E55: 0.989771 | F55: 1.005515 | G55: 1.022239 | H55: 1.038243 | I55: 1.053751 | J55: 1.066705 | K55: 1.078192 | L55: 1.087593 | M55: 1.096298 | N55: 1.104917 | O55: 1.113101 | P55: 1.121259 | Q55: 1.129493 | R55: 1.13727 | S55: 1.144052 | T55: 1.151144 | U55: 1.158029 | V55: 1.164591 | W55: 1.171285 | X55: 1.178668 | Y55: 1.186804 | Z55: 1.194551 | AA55: 1.199459 | AB55: 1.205508 | AC55: 1.213089 | AD55: 1.221263 | AE55: 1.228967 | AF55: 0.008008
A56: RKI000:ga_Cooking | B56: Cooking | C56: 0.103539 | D56: 0.103721 | E56: 0.10393 | F56: 0.104173 | G56: 0.104412 | H56: 0.10465 | I56: 0.10492 | J56: 0.105265 | K56: 0.105678 | L56: 0.106176 | M56: 0.106773 | N56: 0.107469 | O56: 0.108208 | P56: 0.109004 | Q56: 0.109852 | R56: 0.110743 | S56: 0.111655 | T56: 0.112587 | U56: 0.113552 | V56: 0.114545 | W56: 0.115558 | X56: 0.116595 | Y56: 0.117656 | Z56: 0.118736 | AA56: 0.119822 | AB56: 0.120911 | AC56: 0.121992 | AD56: 0.123053 | AE56: 0.12409 | AF56: 0.006487
A57: RKI000:ga_ClothesDryers | B57: Clothes Dryers | C57: 0.039713 | D57: 0.040031 | E57: 0.040827 | F57: 0.041872 | G57: 0.042965 | H57: 0.044042 | I57: 0.04506 | J57: 0.045927 | K57: 0.046698 | L57: 0.047413 | M57: 0.048116 | N57: 0.04879 | O57: 0.049444 | P57: 0.05008 | Q57: 0.050721 | R57: 0.051386 | S57: 0.052048 | T57: 0.052755 | U57: 0.053475 | V57: 0.054198 | W57: 0.054938 | X57: 0.055711 | Y57: 0.056512 | Z57: 0.057282 | AA57: 0.057895 | AB57: 0.058551 | AC57: 0.059274 | AD57: 0.060025 | AE57: 0.06075 | AF57: 0.015298
A58: RKI000:ga_OtherNatGas | B58: Other Uses 6/ | C58: 0.227335 | D58: 0.225826 | E58: 0.226278 | F58: 0.227805 | G58: 0.22943 | H58: 0.230812 | I58: 0.231871 | J58: 0.232141 | K58: 0.231911 | L58: 0.231396 | M58: 0.230831 | N58: 0.230173 | O58: 0.229503 | P58: 0.228858 | Q58: 0.228335 | R58: 0.227843 | S58: 0.227266 | T58: 0.226819 | U58: 0.226353 | V58: 0.225855 | W58: 0.225413 | X58: 0.225093 | Y58: 0.224878 | Z58: 0.224557 | AA58: 0.223546 | AB58: 0.222772 | AC58: 0.222338 | AD58: 0.222088 | AE58: 0.221789 | AF58: -0.000882
A59: RKI000:ga_DeliveredEner | B59: Delivered Energy | C59: 5.149392 | D59: 5.186451 | E59: 4.944474 | F59: 4.973961 | G59: 4.999925 | H59: 5.016266 | I59: 5.025189 | J59: 5.021217 | K59: 5.010476 | L59: 4.994703 | M59: 4.978221 | N59: 4.969959 | O59: 4.958426 | P59: 4.947713 | Q59: 4.93957 | R59: 4.932621 | S59: 4.923891 | T59: 4.91774 | U59: 4.912759 | V59: 4.907895 | W59: 4.904047 | X59: 4.902888 | Y59: 4.904204 | Z59: 4.903876 | AA59: 4.896485 | AB59: 4.891857 | AC59: 4.890927 | AD59: 4.890851 | AE59: 4.888841 | AF59: -0.001853
B61: Distillate Fuel Oil 7/
A62: RKI000:ha_SpaceHeating | B62: Space Heating | C62: 0.381925 | D62: 0.383536 | E62: 0.32749 | F62: 0.323264 | G62: 0.318155 | H62: 0.312652 | I62: 0.306879 | J62: 0.300867 | K62: 0.29494 | L62: 0.289076 | M62: 0.283366 | N62: 0.278218 | O62: 0.273003 | P62: 0.267846 | Q62: 0.262899 | R62: 0.258123 | S62: 0.253507 | T62: 0.249017 | U62: 0.244715 | V62: 0.240453 | W62: 0.236259 | X62: 0.232016 | Y62: 0.22792 | Z62: 0.223829 | AA62: 0.219666 | AB62: 0.215518 | AC62: 0.211458 | AD62: 0.20742 | AE62: 0.203485 | AF62: -0.022236
A63: RKI000:ha_WaterHeating | B63: Water Heating | C63: 0.043041 | D63: 0.040315 | E63: 0.038573 | F63: 0.037466 | G63: 0.036442 | H63: 0.035552 | I63: 0.03481 | J63: 0.034219 | K63: 0.033803 | L63: 0.033317 | M63: 0.032805 | N63: 0.03227 | O63: 0.031735 | P63: 0.031182 | Q63: 0.030637 | R63: 0.030092 | S63: 0.029556 | T63: 0.029034 | U63: 0.028531 | V63: 0.028038 | W63: 0.027574 | X63: 0.027129 | Y63: 0.026715 | Z63: 0.026321 | AA63: 0.025933 | AB63: 0.025563 | AC63: 0.025213 | AD63: 0.024871 | AE63: 0.024542 | AF63: -0.019863
A64: RKI000:Other_ha_ha | B64: Other Uses 8/ | C64: 0.007531 | D64: 0.007367 | E64: 0.00733 | F64: 0.007369 | G64: 0.007389 | H64: 0.007397 | I64: 0.007396 | J64: 0.007385 | K64: 0.00737 | L64: 0.00735 | M64: 0.007331 | N64: 0.007312 | O64: 0.007293 | P64: 0.007275 | Q64: 0.007257 | R64: 0.007239 | S64: 0.007222 | T64: 0.007205 | U64: 0.007189 | V64: 0.007171 | W64: 0.007155 | X64: 0.007139 | Y64: 0.007125 | Z64: 0.007111 | AA64: 0.007093 | AB64: 0.007076 | AC64: 0.007061 | AD64: 0.007047 | AE64: 0.007033 | AF64: -0.002442
A65: RKI000:ha_DeliveredEner | B65: Delivered Energy | C65: 0.432497 | D65: 0.431217 | E65: 0.373393 | F65: 0.368099 | G65: 0.361986 | H65: 0.355601 | I65: 0.349085 | J65: 0.342471 | K65: 0.336113 | L65: 0.329744 | M65: 0.323502 | N65: 0.317799 | O65: 0.312032 | P65: 0.306303 | Q65: 0.300794 | R65: 0.295454 | S65: 0.290284 | T65: 0.285256 | U65: 0.280434 | V65: 0.275663 | W65: 0.270988 | X65: 0.266283 | Y65: 0.26176 | Z65: 0.257261 | AA65: 0.252692 | AB65: 0.248185 | AC65: 0.24379 | AD65: 0.239424 | AE65: 0.235174 | AF65: -0.021524
B67: Propane
A68: RKI000:ia_SpaceHeating | B68: Space Heating | C68: 0.340393 | D68: 0.328603 | E68: 0.298348 | F68: 0.294508 | G68: 0.291721 | H68: 0.289288 | I68: 0.286684 | J68: 0.283808 | K68: 0.280645 | L68: 0.277305 | M68: 0.27385 | N68: 0.270671 | O68: 0.267416 | P68: 0.264355 | Q68: 0.261527 | R68: 0.258915 | S68: 0.25637 | T68: 0.253968 | U68: 0.251703 | V68: 0.249546 | W68: 0.247417 | X68: 0.245385 | Y68: 0.243459 | Z68: 0.241594 | AA68: 0.239707 | AB68: 0.237884 | AC68: 0.236081 | AD68: 0.234328 | AE68: 0.232634 | AF68: -0.013502
A69: RKI000:ia_WaterHeating | B69: Water Heating | C69: 0.060221 | D69: 0.057039 | E69: 0.054758 | F69: 0.053262 | G69: 0.052171 | H69: 0.051295 | I69: 0.050536 | J69: 0.04987 | K69: 0.049293 | L69: 0.048556 | M69: 0.047707 | N69: 0.046804 | O69: 0.045866 | P69: 0.044928 | Q69: 0.044022 | R69: 0.043145 | S69: 0.042286 | T69: 0.041473 | U69: 0.040704 | V69: 0.039977 | W69: 0.0393 | X69: 0.038685 | Y69: 0.038131 | Z69: 0.037623 | AA69: 0.03713 | AB69: 0.036677 | AC69: 0.036256 | AD69: 0.035863 | AE69: 0.035496 | AF69: -0.018702
A70: RKI000:ia_Cooking | B70: Cooking | C70: 0.016931 | D70: 0.016749 | E70: 0.016561 | F70: 0.016368 | G70: 0.016165 | H70: 0.015948 | I70: 0.015723 | J70: 0.015489 | K70: 0.015245 | L70: 0.014994 | M70: 0.014737 | N70: 0.014521 | O70: 0.014345 | P70: 0.01421 | Q70: 0.014119 | R70: 0.014071 | S70: 0.014016 | T70: 0.013956 | U70: 0.01389 | V70: 0.013818 | W70: 0.013741 | X70: 0.013661 | Y70: 0.013581 | Z70: 0.013502 | AA70: 0.013427 | AB70: 0.013357 | AC70: 0.013293 | AD70: 0.013233 | AE70: 0.013175 | AF70: -0.008917
A71: RKI000:ia_OtherUses | B71: Other Uses 9/ | C71: 0.07354 | D71: 0.073881 | E71: 0.075038 | F71: 0.076967 | G71: 0.079218 | H71: 0.081565 | I71: 0.083859 | J71: 0.086047 | K71: 0.088106 | L71: 0.090054 | M71: 0.091918 | N71: 0.093709 | O71: 0.095459 | P71: 0.097231 | Q71: 0.099066 | R71: 0.100945 | S71: 0.102823 | T71: 0.104744 | U71: 0.106688 | V71: 0.108645 | W71: 0.110621 | X71: 0.112653 | Y71: 0.114748 | Z71: 0.116869 | AA71: 0.118934 | AB71: 0.121035 | AC71: 0.123162 | AD71: 0.125322 | AE71: 0.127509 | AF71: 0.01985
A72: RKI000:ia_DeliveredEner | B72: Delivered Energy | C72: 0.491085 | D72: 0.476272 | E72: 0.444705 | F72: 0.441105 | G72: 0.439275 | H72: 0.438096 | I72: 0.436801 | J72: 0.435214 | K72: 0.433289 | L72: 0.430909 | M72: 0.428213 | N72: 0.425705 | O72: 0.423085 | P72: 0.420724 | Q72: 0.418734 | R72: 0.417076 | S72: 0.415495 | T72: 0.414142 | U72: 0.412984 | V72: 0.411986 | W72: 0.41108 | X72: 0.410385 | Y72: 0.409919 | Z72: 0.409588 | AA72: 0.409198 | AB72: 0.408952 | AC72: 0.408792 | AD72: 0.408746 | AE72: 0.408814 | AF72: -0.006527
A74: RKI000:ja_MarketedRenew | B74: Marketed Renewables (wood) 10/ | C74: 0.538932 | D74: 0.57441 | E74: 0.513068 | F74: 0.489864 | G74: 0.472164 | H74: 0.45764 | I74: 0.4452 | J74: 0.435137 | K74: 0.426017 | L74: 0.417909 | M74: 0.409804 | N74: 0.402631 | O74: 0.395039 | P74: 0.387514 | Q74: 0.379935 | R74: 0.372857 | S74: 0.366083 | T74: 0.359575 | U74: 0.353241 | V74: 0.347622 | W74: 0.342071 | X74: 0.337054 | Y74: 0.332011 | Z74: 0.327538 | AA74: 0.323872 | AB74: 0.320083 | AC74: 0.316089 | AD74: 0.312111 | AE74: 0.308024 | AF74: -0.019781
B76: Energy Consumption by End Use 1/
A77: RKI000:ka_SpaceHeating | B77: Space Heating | C77: 5.743799 | D77: 5.816709 | E77: 5.320683 | F77: 5.299356 | G77: 5.278564 | H77: 5.251076 | I77: 5.217474 | J77: 5.175095 | K77: 5.127351 | L77: 5.077018 | M77: 5.02658 | N77: 4.985841 | O77: 4.94132 | P77: 4.898966 | Q77: 4.859536 | R77: 4.822555 | S77: 4.784821 | T77: 4.749634 | U77: 4.716778 | V77: 4.685628 | W77: 4.655783 | X77: 4.628654 | Y77: 4.603252 | Z77: 4.577453 | AA77: 4.549252 | AB77: 4.522653 | AC77: 4.497698 | AD77: 4.473098 | AE77: 4.447649 | AF77: -0.009092
A78: RKI000:ka_SpaceCooling | B78: Space Cooling | C78: 0.912475 | D78: 0.785722 | E78: 0.95037 | F78: 0.970874 | G78: 0.990268 | H78: 1.010379 | I78: 1.029992 | J78: 1.048459 | K78: 1.064569 | L78: 1.079664 | M78: 1.095868 | N78: 1.112003 | O78: 1.128507 | P78: 1.147432 | Q78: 1.168238 | R78: 1.19019 | S78: 1.211945 | T78: 1.234185 | U78: 1.256749 | V78: 1.279439 | W78: 1.302789 | X78: 1.326819 | Y78: 1.351826 | Z78: 1.377735 | AA78: 1.405762 | AB78: 1.434909 | AC78: 1.464679 | AD78: 1.494399 | AE78: 1.52527 | AF78: 0.018518
A79: RKI000:ka_WaterHeating | B79: Water Heating | C79: 1.686047 | D79: 1.676408 | E79: 1.681888 | F79: 1.695826 | G79: 1.710388 | H79: 1.724215 | I79: 1.737117 | J79: 1.746907 | K79: 1.75451 | L79: 1.759377 | M79: 1.763657 | N79: 1.770115 | O79: 1.776848 | P79: 1.785921 | Q79: 1.795616 | R79: 1.804871 | S79: 1.812825 | T79: 1.820973 | U79: 1.829057 | V79: 1.837071 | W79: 1.845563 | X79: 1.855066 | Y79: 1.865388 | Z79: 1.87533 | AA79: 1.882772 | AB79: 1.891669 | AC79: 1.902225 | AD79: 1.913615 | AE79: 1.925086 | AF79: 0.004746
A80: RKI000:ka_Refrigeration | B80: Refrigeration | C80: 0.295558 | D80: 0.293987 | E80: 0.292668 | F80: 0.29163 | G80: 0.290783 | H80: 0.290158 | I80: 0.289778 | J80: 0.289615 | K80: 0.289659 | L80: 0.289986 | M80: 0.29063 | N80: 0.29157 | O80: 0.292795 | P80: 0.294343 | Q80: 0.296242 | R80: 0.298447 | S80: 0.30096 | T80: 0.303745 | U80: 0.306848 | V80: 0.310249 | W80: 0.313888 | X80: 0.317482 | Y80: 0.321024 | Z80: 0.324507 | AA80: 0.327915 | AB80: 0.33125 | AC80: 0.334496 | AD80: 0.337645 | AE80: 0.340702 | AF80: 0.00509
A81: RKI000:ka_Cooking | B81: Cooking | C81: 0.176332 | D81: 0.176672 | E81: 0.177028 | F81: 0.177417 | G81: 0.177783 | H81: 0.178128 | I81: 0.17849 | J81: 0.178893 | K81: 0.179315 | L81: 0.179774 | M81: 0.180291 | N81: 0.180956 | O81: 0.181724 | P81: 0.182619 | Q81: 0.183652 | R81: 0.18481 | S81: 0.185975 | T81: 0.187144 | U81: 0.188336 | V81: 0.189544 | W81: 0.190752 | X81: 0.191971 | Y81: 0.193201 | Z81: 0.194441 | AA81: 0.195682 | AB81: 0.196927 | AC81: 0.198164 | AD81: 0.199384 | AE81: 0.200584 | AF81: 0.004613
A82: RKI000:ka_ClothesDryers | B82: Clothes Dryers | C82: 0.262179 | D82: 0.267055 | E82: 0.272718 | F82: 0.279166 | G82: 0.285413 | H82: 0.291308 | I82: 0.296853 | J82: 0.301887 | K82: 0.306369 | L82: 0.310484 | M82: 0.314552 | N82: 0.318182 | O82: 0.321786 | P82: 0.325803 | Q82: 0.330063 | R82: 0.334185 | S82: 0.338012 | T82: 0.341829 | U82: 0.345681 | V82: 0.349609 | W82: 0.353661 | X82: 0.357871 | Y82: 0.362147 | Z82: 0.366391 | AA82: 0.370625 | AB82: 0.375061 | AC82: 0.379581 | AD82: 0.384197 | AE82: 0.389028 | AF82: 0.014194
A83: RKI000:ka_Freezers | B83: Freezers | C83: 0.069007 | D83: 0.06885 | E83: 0.068687 | F83: 0.068516 | G83: 0.068318 | H83: 0.068105 | I83: 0.067922 | J83: 0.067761 | K83: 0.067615 | L83: 0.067486 | M83: 0.067377 | N83: 0.067287 | O83: 0.067216 | P83: 0.067169 | Q83: 0.067159 | R83: 0.067178 | S83: 0.067229 | T83: 0.067311 | U83: 0.067431 | V83: 0.067596 | W83: 0.067794 | X83: 0.068036 | Y83: 0.068326 | Z83: 0.068666 | AA83: 0.069053 | AB83: 0.069481 | AC83: 0.069904 | AD83: 0.070319 | AE83: 0.070729 | AF83: 0.000881
A84: RKI000:ka_Lighting | B84: Lighting | C84: 0.22927 | D84: 0.21316 | E84: 0.206794 | F84: 0.205129 | G84: 0.2052 | H84: 0.206404 | I84: 0.20833 | J84: 0.210226 | K84: 0.209704 | L84: 0.209164 | M84: 0.208855 | N84: 0.208568 | O84: 0.208536 | P84: 0.209016 | Q84: 0.209627 | R84: 0.210178 | S84: 0.210558 | T84: 0.210954 | U84: 0.207703 | V84: 0.205012 | W84: 0.202911 | X84: 0.201467 | Y84: 0.200848 | Z84: 0.20064 | AA84: 0.200592 | AB84: 0.20073 | AC84: 0.200991 | AD84: 0.201423 | AE84: 0.202056 | AF84: -0.004503
A85: RKI000:ka_ClothesWasher | B85: Clothes Washers 2/ | C85: 0.037489 | D85: 0.037813 | E85: 0.038144 | F85: 0.038486 | G85: 0.038827 | H85: 0.039168 | I85: 0.039519 | J85: 0.039875 | K85: 0.040246 | L85: 0.040617 | M85: 0.040992 | N85: 0.041365 | O85: 0.041733 | P85: 0.042099 | Q85: 0.042465 | R85: 0.042828 | S85: 0.043187 | T85: 0.043542 | U85: 0.043898 | V85: 0.044252 | W85: 0.044599 | X85: 0.044942 | Y85: 0.045282 | Z85: 0.045619 | AA85: 0.045952 | AB85: 0.046283 | AC85: 0.046611 | AD85: 0.046936 | AE85: 0.047258 | AF85: 0.008305
A86: RKI000:ka_Dishwashers | B86: Dishwashers 2/ | C86: 0.027618 | D86: 0.028064 | E86: 0.028506 | F86: 0.028945 | G86: 0.02937 | H86: 0.029782 | I86: 0.030233 | J86: 0.030722 | K86: 0.031242 | L86: 0.031797 | M86: 0.032392 | N86: 0.033027 | O86: 0.033702 | P86: 0.034373 | Q86: 0.035043 | R86: 0.03571 | S86: 0.036375 | T86: 0.037036 | U86: 0.037698 | V86: 0.038359 | W86: 0.039015 | X86: 0.039667 | Y86: 0.040316 | Z86: 0.040962 | AA86: 0.041605 | AB86: 0.042245 | AC86: 0.042882 | AD86: 0.043514 | AE86: 0.044143 | AF86: 0.01689
A87: RKI000:ka_ColorTelevisi | B87: Televisions and Related Equipment 3/ | C87: 0.185092 | D87: 0.181559 | E87: 0.178365 | F87: 0.175692 | G87: 0.172951 | H87: 0.170143 | I87: 0.167198 | J87: 0.164139 | K87: 0.160987 | L87: 0.157867 | M87: 0.154866 | N87: 0.151867 | O87: 0.148998 | P87: 0.146585 | Q87: 0.144473 | R87: 0.142566 | S87: 0.14076 | T87: 0.139189 | U87: 0.13791 | V87: 0.136911 | W87: 0.136207 | X87: 0.135755 | Y87: 0.135537 | Z87: 0.135552 | AA87: 0.135802 | AB87: 0.136265 | AC87: 0.13685 | AD87: 0.137593 | AE87: 0.138527 | AF87: -0.010296
A88: RKI000:ka_PersonalCompu | B88: Computers and Related Equipment 4/ | C88: 0.120106 | D88: 0.118562 | E88: 0.116931 | F88: 0.115363 | G88: 0.113493 | H88: 0.111328 | I88: 0.108857 | J88: 0.106117 | K88: 0.103168 | L88: 0.100088 | M88: 0.09698 | N88: 0.093786 | O88: 0.09061 | P88: 0.087647 | Q88: 0.084848 | R88: 0.082133 | S88: 0.079493 | T88: 0.077008 | U88: 0.074726 | V88: 0.072652 | W88: 0.070825 | X88: 0.069227 | Y88: 0.067875 | Z88: 0.066753 | AA88: 0.065956 | AB88: 0.065417 | AC88: 0.065087 | AD88: 0.064993 | AE88: 0.065107 | AF88: -0.021632
... A95: RKI000:la_ElectricityRe | B95: Electricity Related Losses | C95: 9.431884 | D95: 9.061446 | E95: 9.215983 | F95: 9.27758 | G95: 9.264794 | H95: 9.248041 | I95: 9.204556 | J95: 9.16187 | K95: 9.133 | L95: 9.153221 | M95: 9.218598 | N95: 9.2463 | O95: 9.313498 | P95: 9.377416 | Q95: 9.447539 | R95: 9.487012 | S95: 9.491396 | T95: 9.49157 | U95: 9.514772 | V95: 9.557769 | W95: 9.643615 | X95: 9.717905 | Y95: 9.805035 | Z95: 9.906764 | AA95: 9.974902 | AB95: 10.062102 | AC95: 10.154728 | AD95: 10.235389 | AE95: 10.336385 | AF95: 0.003276
B97: Total Energy Consumption by End Use 1/
A98: RKI000:ma_SpaceHeating | B98: Space Heating | C98: 7.110015 | D98: 7.152661 | E98: 6.505752 | F98: 6.481146 | G98: 6.446995 | H98: 6.402728 | I98: 6.348807 | J98: 6.286177 | K98: 6.219484 | L98: 6.155372 | M98: 6.095963 | N98: 6.04086 | O98: 5.986131 | P98: 5.932523 | Q98: 5.882059 | R98: 5.830431 | S98: 5.774178 | T98: 5.720133 | U98: 5.671903 | V98: 5.62778 | W98: 5.589119 | X98: 5.552104 | Y98: 5.517498 | Z98: 5.483564 | AA98: 5.443891 | AB98: 5.407531 | AC98: 5.373238 | AD98: 5.338401 | AE98: 5.304385 | AF98: -0.010409
A99: RKI000:ma_SpaceCooling | B99: Space Cooling | C99: 2.47652 | D99: 2.105813 | E99: 2.555955 | F99: 2.609767 | G99: 2.647732 | H99: 2.685529 | I99: 2.71932 | J99: 2.752531 | K99: 2.784432 | L99: 2.823819 | M99: 2.874449 | N99: 2.917299 | O99: 2.969324 | P99: 3.022695 | Q99: 3.080329 | R99: 3.133481 | S99: 3.179847 | T99: 3.226057 | U99: 3.277918 | V99: 3.333478 | W99: 3.398369 | X99: 3.461468 | Y99: 3.528827 | Z99: 3.600989 | AA99: 3.669588 | AB99: 3.743907 | AC99: 3.820605 | AD99: 3.893471 | AE99: 3.971736 | AF99: 0.017013
A100: RKI000:ma_WaterHeating | B100: Water Heating | C100: 2.785069 | D100: 2.751679 | E100: 2.761014 | F100: 2.774418 | G100: 2.778686 | H100: 2.780505 | I100: 2.778927 | J100: 2.774831 | K100: 2.770231 | L100: 2.768322 | M100: 2.770947 | N100: 2.775383 | O100: 2.785916 | P100: 2.800031 | Q100: 2.815281 | R100: 2.82618 | S100: 2.832077 | T100: 2.837339 | U100: 2.845284 | V100: 2.855257 | W100: 2.869954 | X100: 2.884296 | Y100: 2.900232 | Z100: 2.91678 | AA100: 2.927033 | AB100: 2.940495 | AC100: 2.956146 | AD100: 2.971393 | AE100: 2.988648 | AF100: 0.002523
A101: RKI000:ma_Refrigeration | B101: Refrigeration | C101: 0.837116 | D101: 0.821863 | E101: 0.82011 | F101: 0.816244 | G101: 0.80892 | H101: 0.801723 | I101: 0.794599 | J101: 0.789021 | K101: 0.785615 | L101: 0.785959 | M101: 0.78948 | N101: 0.791646 | O101: 0.796851 | P101: 0.801514 | Q101: 0.806954 | R101: 0.811274 | S101: 0.814845 | T101: 0.818855 | U101: 0.825009 | V101: 0.832846 | W101: 0.843261 | X101: 0.852645 | Y101: 0.862313 | Z101: 0.872397 | AA101: 0.879996 | AB101: 0.888089 | AC101: 0.896151 | AD101: 0.903103 | AE101: 0.910376 | AF101: 0.003001
A102: RKI000:ma_Cooking | B102: Cooking | C102: 0.278691 | D102: 0.277586 | E102: 0.278916 | F102: 0.279729 | G102: 0.279715 | H102: 0.279556 | I102: 0.279267 | J102: 0.279145 | K102: 0.279292 | L102: 0.280007 | M102: 0.281185 | N102: 0.282089 | O102: 0.283588 | P102: 0.284976 | Q102: 0.286538 | R102: 0.287902 | S102: 0.288942 | T102: 0.289914 | U102: 0.291167 | V102: 0.292601 | W102: 0.294395 | X102: 0.296 | Y102: 0.29768 | Z102: 0.299464 | AA102: 0.300796 | AB102: 0.302258 | AC102: 0.303746 | AD102: 0.305056 | AE102: 0.306457 | AF102: 0.003398
A103: RKI000:ma_ClothesDryers | B103: Clothes Dryers | C103: 0.66981 | D103: 0.674694 | E103: 0.690628 | F103: 0.706037 | G103: 0.717424 | H103: 0.727251 | I103: 0.735502 | J103: 0.743259 | K103: 0.75098 | L103: 0.760422 | M103: 0.771873 | N103: 0.780219 | O103: 0.79063 | P103: 0.80089 | Q103: 0.811639 | R103: 0.820126 | S103: 0.82629 | T103: 0.83206 | U103: 0.839117 | V103: 0.847212 | W103: 0.857459 | X103: 0.867207 | Y103: 0.877489 | Z103: 0.888283 | AA103: 0.897141 | AB103: 0.907121 | AC103: 0.917411 | AD103: 0.927091 | AE103: 0.937927 | AF103: 0.012097
A104: RKI000:ma_Freezers | B104: Freezers | C104: 0.195449 | D104: 0.192474 | E104: 0.192473 | F104: 0.191769 | G104: 0.190053 | H104: 0.188178 | I104: 0.186248 | J104: 0.184606 | K104: 0.183387 | L104: 0.182909 | M104: 0.183025 | N104: 0.182693 | O104: 0.182931 | P104: 0.182904 | Q104: 0.182938 | R104: 0.18261 | S104: 0.182022 | T104: 0.18146 | U104: 0.181299 | V104: 0.181458 | W104: 0.182129 | X104: 0.18272 | Y104: 0.183532 | Z104: 0.184599 | AA104: 0.185312 | AB104: 0.186281 | AC104: 0.18728 | AD104: 0.188084 | AE104: 0.188993 | AF104: -0.001199
A105: RKI000:ma_Lighting | B105: Lighting | C105: 0.649367 | D105: 0.595905 | E105: 0.579474 | F105: 0.574137 | G105: 0.570839 | H105: 0.570306 | I105: 0.57126 | J105: 0.572736 | K105: 0.56876 | L105: 0.566906 | M105: 0.567342 | N105: 0.566285 | O105: 0.567537 | P105: 0.569162 | Q105: 0.571018 | R105: 0.571332 | S105: 0.570084 | T105: 0.568703 | U105: 0.558443 | V105: 0.550342 | W105: 0.545122 | X105: 0.54107 | Y105: 0.539506 | Z105: 0.539396 | AA105: 0.538311 | AB105: 0.538162 | AC105: 0.538476 | AD105: 0.538749 | AE105: 0.539906 | AF105: -0.006571
A106: RKI000:ma_ClothesWasher | B106: Clothes Washers 2/ | C106: 0.106182 | D106: 0.105708 | E106: 0.106885 | F106: 0.107719 | G106: 0.108011 | H106: 0.108223 | I106: 0.108365 | J106: 0.108634 | K106: 0.109156 | L106: 0.110086 | M106: 0.111352 | N106: 0.11231 | O106: 0.113578 | P106: 0.114638 | Q106: 0.115674 | R106: 0.11642 | S106: 0.116929 | T106: 0.117383 | U106: 0.118026 | V106: 0.118792 | W106: 0.119816 | X106: 0.1207 | Y106: 0.121634 | Z106: 0.12264 | AA106: 0.123317 | AB106: 0.124087 | AC106: 0.124877 | AD106: 0.12554 | AE106: 0.126277 | AF106: 0.006209
A107: RKI000:ma_Dishwashers | B107: Dishwashers 2/ | C107: 0.078223 | D107: 0.078456 | E107: 0.079879 | F107: 0.081015 | G107: 0.081704 | H107: 0.082288 | I107: 0.082902 | J107: 0.083698 | K107: 0.084734 | L107: 0.086179 | M107: 0.087991 | N107: 0.089672 | O107: 0.091722 | P107: 0.0936 | Q107: 0.095456 | R107: 0.097072 | S107: 0.098484 | T107: 0.099843 | U107: 0.101357 | V107: 0.102973 | W107: 0.104813 | X107: 0.106531 | Y107: 0.108293 | Z107: 0.110121 | AA107: 0.111651 | AB107: 0.11326 | AC107: 0.114884 | AD107: 0.116387 | AE107: 0.117952 | AF107: 0.014777
A108: RKI000:ma_ColorTelevisi | B108: Televisions and Related Equipment 3/ | C108: 0.524241 | D108: 0.50756 | E108: 0.499812 | F108: 0.491745 | G108: 0.481127 | H108: 0.470115 | I108: 0.458474 | J108: 0.447178 | K108: 0.43663 | L108: 0.427872 | M108: 0.420683 | N108: 0.412336 | O108: 0.405502 | P108: 0.39916 | Q108: 0.393541 | R108: 0.387539 | S108: 0.381106 | T108: 0.375235 | U108: 0.370793 | V108: 0.36753 | W108: 0.36592 | X108: 0.36459 | Y108: 0.364071 | Z108: 0.364416 | AA108: 0.364439 | AB108: 0.36533 | AC108: 0.366635 | AD108: 0.368021 | AE108: 0.370152 | AF108: -0.012353
A109: RKI000:ma_PersonalCompu | B109: Computers and Related Equipment 4/ | C109: 0.340178 | D109: 0.33145 | E109: 0.327662 | F109: 0.322891 | G109: 0.315723 | H109: 0.307605 | I109: 0.298498 | J109: 0.289104 | K109: 0.279812 | L109: 0.271273 | M109: 0.263439 | N109: 0.25464 | O109: 0.246597 | P109: 0.238668 | Q109: 0.231122 | R109: 0.223264 | S109: 0.215225 | T109: 0.207604 | U109: 0.200912 | V109: 0.195029 | W109: 0.190272 | X109: 0.18592 | Y109: 0.182322 | Z109: 0.179457 | AA109: 0.177 | AB109: 0.175386 | AC109: 0.174376 | AD109: 0.173838 | AE109: 0.17397 | AF109: -0.023665
... A114: RKI000:ma_TtllOwnUseGen | B114: Total Net Own-use Generation | C114: 21.396873 | D114: 20.998363 | E114: 20.851828 | F114: 20.97781 | G114: 21.028528 | H114: 21.072931 | I114: 21.076872 | J114: 21.063019 | K114: 21.049913 | L114: 21.081186 | M114: 21.161451 | N114: 21.213741 | O114: 21.302902 | P114: 21.398798 | Q114: 21.510448 | R114: 21.59572 | S114: 21.641014 | T114: 21.687172 | U114: 21.76055 | V114: 21.859549 | W114: 22.011398 | X114: 22.158773 | Y114: 22.326963 | Z114: 22.514084 | AA114: 22.663778 | AB114: 22.841806 | AC114: 23.032265 | AD114: 23.213434 | AE114: 23.421619 | AF114: 0.003234
B116: Nonmarketed Renewables 12/
A117: RKI000:na_GeothermalHea | B117: Geothermal Heat Pumps | C117: 0.014845 | D117: 0.015337 | E117: 0.017393 | F117: 0.019101 | G117: 0.020705 | H117: 0.022253 | I117: 0.023747 | J117: 0.025304 | K117: 0.026698 | L117: 0.02816 | M117: 0.029547 | N117: 0.030886 | O117: 0.032045 | P117: 0.032748 | Q117: 0.03327 | R117: 0.033674 | S117: 0.033866 | T117: 0.03424 | U117: 0.034598 | V117: 0.035141 | W117: 0.035661 | X117: 0.036153 | Y117: 0.036614 | Z117: 0.037158 | AA117: 0.03777 | AB117: 0.038506 | AC117: 0.039143 | AD117: 0.039899 | AE117: 0.040578 | AF117: 0.036565
A118: RKI000:na_SolarHotWater | B118: Solar Hot Water Heating | C118: 0.057071 | D118: 0.065247 | E118: 0.07449 | F118: 0.082332 | G118: 0.089647 | H118: 0.096699 | I118: 0.103424 | J118: 0.110056 | K118: 0.117083 | L118: 0.1244 | M118: 0.131754 | N118: 0.136737 | O118: 0.139994 | P118: 0.139617 | Q118: 0.139465 | R118: 0.139221 | S118: 0.13922 | T118: 0.139213 | U118: 0.139127 | V118: 0.139539 | W118: 0.13956 | X118: 0.139798 | Y118: 0.139983 | Z118: 0.140358 | AA118: 0.140489 | AB118: 0.140678 | AC118: 0.140518 | AD118: 0.140775 | AE118: 0.140678 | AF118: 0.032745
A119: RKI000:na_SolarPhotovol | B119: Solar Photovoltaic | C119: 0.320742 | D119: 0.353178 | E119: 0.397252 | F119: 0.434426 | G119: 0.470733 | H119: 0.509778 | I119: 0.548173 | J119: 0.589558 | K119: 0.635009 | L119: 0.682952 | M119: 0.7333 | N119: 0.78193 | O119: 0.835914 | P119: 0.883022 | Q119: 0.929259 | R119: 0.974571 | S119: 1.022575 | T119: 1.077076 | U119: 1.132468 | V119: 1.197609 | W119: 1.26177 | X119: 1.330909 | Y119: 1.405431 | Z119: 1.483531 | AA119: 1.559299 | AB119: 1.639516 | AC119: 1.720668 | AD119: 1.808161 | AE119: 1.890247 | AF119: 0.065401
A120: RKI000:na_WindHuffPuff | B120: Wind | C120: 0.000561 | D120: 0.000603 | E120: 0.000659 | F120: 0.000705 | G120: 0.000748 | H120: 0.000801 | I120: 0.000854 | J120: 0.000907 | K120: 0.00096 | L120: 0.001017 | M120: 0.001072 | N120: 0.001122 | O120: 0.001122 | P120: 0.001127 | Q120: 0.001126 | R120: 0.001128 | S120: 0.001128 | T120: 0.00113 | U120: 0.001135 | V120: 0.001144 | W120: 0.001146 | X120: 0.001154 | Y120: 0.001162 | Z120: 0.00117 | AA120: 0.001177 | AB120: 0.001183 | AC120: 0.001187 | AD120: 0.001194 | AE120: 0.001192 | AF120: 0.027265
A121: RKI000:na_Total | B121: Total | C121: 0.393219 | D121: 0.434366 | E121: 0.489793 | F121: 0.536564 | G121: 0.581833 | H121: 0.629531 | I121: 0.676198 | J121: 0.725824 | K121: 0.779751 | L121: 0.836529 | M121: 0.895673 | N121: 0.950675 | O121: 1.009075 | P121: 1.056513 | Q121: 1.103119 | R121: 1.148593 | S121: 1.196789 | T121: 1.251659 | U121: 1.307328 | V121: 1.373433 | W121: 1.438137 | X121: 1.508014 | Y121: 1.58319 | Z121: 1.662218 | AA121: 1.738735 | AB121: 1.819884 | AC121: 1.901515 | AD121: 1.990029 | AE121: 2.072695 | AF121: 0.061163
B123: Heating Degree Days
A124: RKI000:hdd_NewEngland | B124: New England | C124: 6198 | D124: 6420 | E124: 5972 | F124: 5949 | G124: 5925 | H124: 5902 | I124: 5878 | J124: 5854 | K124: 5830 | L124: 5807 | M124: 5783 | N124: 5759 | O124: 5735 | P124: 5711 | Q124: 5687 | R124: 5663 | S124: 5639 | T124: 5615 | U124: 5591 | V124: 5567 | W124: 5543 | X124: 5519 | Y124: 5495 | Z124: 5471 | AA124: 5447 | AB124: 5423 | AC124: 5399 | AD124: 5374 | AE124: 5350 | AF124: -0.005241
A125: RKI000:hdd_MiddleAtlant | B125: Middle Atlantic | C125: 5742 | D125: 5779 | E125: 5348 | F125: 5325 | G125: 5303 | H125: 5281 | I125: 5259 | J125: 5236 | K125: 5214 | L125: 5192 | M125: 5169 | N125: 5147 | O125: 5125 | P125: 5102 | Q125: 5080 | R125: 5058 | S125: 5036 | T125: 5013 | U125: 4991 | V125: 4969 | W125: 4947 | X125: 4924 | Y125: 4902 | Z125: 4880 | AA125: 4858 | AB125: 4835 | AC125: 4813 | AD125: 4791 | AE125: 4769 | AF125: -0.006609
A126: RKI000:hdd_EastNorthCen | B126: East North Central | C126: 6427 | D126: 6306 | E126: 5982 | F126: 5967 | G126: 5953 | H126: 5938 | I126: 5923 | J126: 5908 | K126: 5893 | L126: 5879 | M126: 5864 | N126: 5849 | O126: 5834 | P126: 5819 | Q126: 5804 | R126: 5790 | S126: 5775 | T126: 5760 | U126: 5745 | V126: 5730 | W126: 5715 | X126: 5701 | Y126: 5686 | Z126: 5671 | AA126: 5656 | AB126: 5641 | AC126: 5626 | AD126: 5611 | AE126: 5597 | AF126: -0.004926
A127: RKI000:hdd_WestNorthCen | B127: West North Central | C127: 6845 | D127: 6601 | E127: 6349 | F127: 6340 | G127: 6330 | H127: 6321 | I127: 6311 | J127: 6301 | K127: 6291 | L127: 6281 | M127: 6271 | N127: 6261 | O127: 6250 | P127: 6240 | Q127: 6230 | R127: 6219 | S127: 6209 | T127: 6198 | U127: 6188 | V127: 6177 | W127: 6167 | X127: 6156 | Y127: 6145 | Z127: 6135 | AA127: 6124 | AB127: 6113 | AC127: 6103 | AD127: 6092 | AE127: 6081 | AF127: -0.004218
A128: RKI000:hdd_SouthAtlantc | B128: South Atlantic | C128: 2566 | D128: 2600 | E128: 2375 | F128: 2358 | G128: 2342 | H128: 2326 | I128: 2310 | J128: 2294 | K128: 2277 | L128: 2261 | M128: 2245 | N128: 2229 | O128: 2213 | P128: 2197 | Q128: 2180 | R128: 2164 | S128: 2148 | T128: 2132 | U128: 2116 | V128: 2100 | W128: 2084 | X128: 2068 | Y128: 2052 | Z128: 2036 | AA128: 2020 | AB128: 2005 | AC128: 1989 | AD128: 1973 | AE128: 1957 | AF128: -0.00963
A129: RKI000:hdd_EastSouthCen | B129: East South Central | C129: 3487 | D129: 3442 | E129: 3180 | F129: 3168 | G129: 3156 | H129: 3144 | I129: 3131 | J129: 3119 | K129: 3106 | L129: 3094 | M129: 3081 | N129: 3069 | O129: 3056 | P129: 3043 | Q129: 3031 | R129: 3018 | S129: 3005 | T129: 2992 | U129: 2980 | V129: 2967 | W129: 2954 | X129: 2941 | Y129: 2929 | Z129: 2916 | AA129: 2903 | AB129: 2890 | AC129: 2877 | AD129: 2865 | AE129: 2852 | AF129: -0.007154
A130: RKI000:hdd_WestSouthCen | B130: West South Central | C130: 2195 | D130: 2056 | E130: 1942 | F130: 1934 | G130: 1925 | H130: 1916 | I130: 1908 | J130: 1899 | K130: 1891 | L130: 1882 | M130: 1874 | N130: 1865 | O130: 1857 | P130: 1849 | Q130: 1840 | R130: 1832 | S130: 1824 | T130: 1815 | U130: 1807 | V130: 1799 | W130: 1791 | X130: 1783 | Y130: 1774 | Z130: 1766 | AA130: 1758 | AB130: 1750 | AC130: 1742 | AD130: 1734 | AE130: 1726 | AF130: -0.008548
...

Sheet AEO 2022 Table 4
B1: ref2021.d113020a | C1: 2020 | D1: 2021 | E1: 2022 | F1: 2023 | G1: 2024 | H1: 2025 | I1: 2026 | J1: 2027 | K1: 2028 | L1: 2029 | M1: 2030 | N1: 2031 | O1: 2032 | P1: 2033 | Q1: 2034 | R1: 2035 | S1: 2036 | T1: 2037 | U1: 2038 | V1: 2039 | W1: 2040 | X1: 2041 | Y1: 2042 | Z1: 2043 | AA1: 2044 | AB1: 2045 | AC1: 2046 | AD1: 2047 | AE1: 2048 | AF1: 2049 | AG1: 2050
C3: Report | D3: Annual Energy Outlook 2021
C4: Scenario | D4: ref2021 | G4: Reference case
C5: Datekey | D5: d113020a
C6: Release Date | E6: January 2021
A10: RKI000 | B10: 4. Residential Sector Key Indicators and Consumption | AH10: Compound
B11: (quadrillion Btu, unless otherwise noted) | AH11: Growth
AH12: 2020-2050
B13: Key Indicators and Consumption | C13: 2020 | D13: 2021 | E13: 2022 | F13: 2023 | G13: 2024 | H13: 2025 | I13: 2026 | J13: 2027 | K13: 2028 | L13: 2029 | M13: 2030 | N13: 2031 | O13: 2032 | P13: 2033 | Q13: 2034 | R13: 2035 | S13: 2036 | T13: 2037 | U13: 2038 | V13: 2039 | W13: 2040 | X13: 2041 | Y13: 2042 | Z13: 2043 | AA13: 2044 | AB13: 2045 | AC13: 2046 | AD13: 2047 | AE13: 2048 | AF13: 2049 | AG13: 2050 | AH13: (percent)
B15: Key Indicators
B16: Households (millions)
A17: RKI000:ba_Single-Family | B17: Single-Family | C17: 84.750443 | D17: 85.593697 | E17: 86.438118 | F17: 87.263756 | G17: 88.078079 | H17: 88.908073 | I17: 89.73056 | J17: 90.531715 | K17: 91.318695 | L17: 92.095459 | M17: 92.86319 | N17: 93.620483 | O17: 94.374603 | P17: 95.112335 | Q17: 95.831551 | R17: 96.548988 | S17: 97.25177 | T17: 97.942635 | U17: 98.626312 | V17: 99.30011 | W17: 99.974014 | X17: 100.64284 | Y17: 101.30791 | Z17: 101.97792 | AA17: 102.65668 | AB17: 103.34093 | AC17: 104.02688 | AD17: 104.70899 | AE17: 105.38845 | AF17: 106.0673 | AG17: 106.7465 | AH17: 0.007721
A18: RKI000:ba_Multifamily | B18: Multifamily | C18: 31.968704 | D18: 32.227859 | E18: 32.481697 | F18: 32.722111 | G18: 32.964333 | H18: 33.21796 | I18: 33.469734 | J18: 33.709866 | K18: 33.941967 | L18: 34.169193 | M18: 34.396915 | N18: 34.621048 | O18: 34.840218 | P18: 35.051422 | Q18: 35.255718 | R18: 35.458874 | S18: 35.655647 | T18: 35.851791 | U18: 36.050476 | V18: 36.251507 | W18: 36.451229 | X18: 36.649303 | Y18: 36.850163 | Z18: 37.053848 | AA18: 37.255768 | AB18: 37.454777 | AC18: 37.649311 | AD18: 37.844074 | AE18: 38.040798 | AF18: 38.240433 | AG18: 38.443745 | AH18: 0.006167
A19: RKI000:ba_MobileHomes | B19: Mobile Homes | C19: 6.663464 | D19: 6.648386 | E19: 6.634101 | F19: 6.620814 | G19: 6.610516 | H19: 6.604194 | I19: 6.605052 | J19: 6.602856 | K19: 6.597648 | L19: 6.586789 | M19: 6.571608 | N19: 6.555332 | O19: 6.53966 | P19: 6.524387 | Q19: 6.51122 | R19: 6.502039 | S19: 6.493465 | T19: 6.483514 | U19: 6.472738 | V19: 6.462773 | W19: 6.455459 | X19: 6.449031 | Y19: 6.444581 | Z19: 6.44286 | AA19: 6.443233 | AB19: 6.444091 | AC19: 6.442573 | AD19: 6.438198 | AE19: 6.432255 | AF19: 6.425656 | AG19: 6.41708 | AH19: -0.001255
A20: RKI000:ba_Total | B20: Total | C20: 123.38261 | D20: 124.46994 | E20: 125.55392 | F20: 126.60668 | G20: 127.65293 | H20: 128.73022 | I20: 129.80534 | J20: 130.84444 | K20: 131.85831 | L20: 132.85144 | M20: 133.83171 | N20: 134.79686 | O20: 135.75447 | P20: 136.68814 | Q20: 137.59848 | R20: 138.5099 | S20: 139.40088 | T20: 140.27795 | U20: 141.14952 | V20: 142.01439 | W20: 142.88071 | X20: 143.74118 | Y20: 144.60265 | Z20: 145.47463 | AA20: 146.35568 | AB20: 147.23979 | AC20: 148.11876 | AD20: 148.99127 | AE20: 149.8615 | AF20: 150.7334 | AG20: 151.60733 | AH20: 0.00689
A22: RKI000:ca_AverageHouseS | B22: Average House Square Footage | C22: 1789.3104 | D22: 1795.3578 | E22: 1801.4011 | F22: 1807.4683 | G22: 1813.4492 | H22: 1819.314 | I22: 1825.1085 | J22: 1830.9334 | K22: 1836.7738 | L22: 1842.624 | M22: 1848.4427 | N22: 1854.2422 | O22: 1860.0408 | P22: 1865.8373 | Q22: 1871.6088 | R22: 1877.3394 | S22: 1883.0591 | T22: 1888.739 | U22: 1894.366 | V22: 1899.9277 | W22: 1905.464 | X22: 1910.9752 | Y22: 1916.4247 | Z22: 1921.8323 | AA22: 1927.2421 | AB22: 1932.6647 | AC22: 1938.1177 | AD22: 1943.5543 | AE22: 1948.9592 | AF22: 1954.3284 | AG22: 1959.6641 | AH22: 0.003036
B24: Energy Intensity
B25: (million Btu per household)
A26: RKI000:da_DeliveredEner | B26: Gross End-use Consumption 1/ | C26: 92.738022 | D26: 91.586784 | E26: 91.880096 | F26: 91.11187 | G26: 90.4701 | H26: 89.770355 | I26: 89.065895 | J26: 88.379463 | K26: 87.773743 | L26: 87.20845 | M26: 86.633553 | N26: 86.134857 | O26: 85.702553 | P26: 85.281403 | Q26: 84.91935 | R26: 84.596985 | S26: 84.326233 | T26: 84.093864 | U26: 83.883667 | V26: 83.681618 | W26: 83.477539 | X26: 83.281693 | Y26: 83.101692 | Z26: 82.956818 | AA26: 82.820435 | AB26: 82.683517 | AC26: 82.575638 | AD26: 82.460793 | AE26: 82.357018 | AF26: 82.265587 | AG26: 82.199287 | AH26: -0.004013
A27: RKI000:da_TotalEnergyCo | B27: Delivered Energy Consumption | C27: 92.104782 | D27: 90.868225 | E27: 91.091621 | F27: 90.256592 | G27: 89.550323 | H27: 88.786705 | I27: 88.017479 | J27: 87.266571 | K27: 86.596436 | L27: 85.966888 | M27: 85.326958 | N27: 84.76181 | O27: 84.262253 | P27: 83.772934 | Q27: 83.341469 | R27: 82.949066 | S27: 82.607262 | T27: 82.303116 | U27: 82.020409 | V27: 81.745148 | W27: 81.466759 | X27: 81.195541 | Y27: 80.938629 | Z27: 80.715416 | AA27: 80.499275 | AB27: 80.280556 | AC27: 80.088921 | AD27: 79.888603 | AE27: 79.697121 | AF27: 79.516228 | AG27: 79.358765 | AH27: -0.004953
B28: (thousand Btu per square foot)
A29: RKI000:ea_DeliveredEner | B29: Gross End-use Consumption 1/ | C29: 51.828918 | D29: 51.013107 | E29: 51.004799 | F29: 50.408558 | G29: 49.888409 | H29: 49.342972 | I29: 48.800327 | J29: 48.270168 | K29: 47.786911 | L29: 47.3284 | M29: 46.868401 | N29: 46.452862 | O29: 46.07563 | P29: 45.706776 | Q29: 45.372383 | R29: 45.062168 | S29: 44.781513 | T29: 44.523811 | U29: 44.280605 | V29: 44.044632 | W29: 43.809559 | X29: 43.58073 | Y29: 43.362877 | Z29: 43.165482 | AA29: 42.973553 | AB29: 42.782131 | AC29: 42.606102 | AD29: 42.42783 | AE29: 42.25692 | AF29: 42.094044 | AG29: 41.945602 | AH29: -0.007028
A30: RKI000:ea_TotalEnergyCo | B30: Delivered Energy Consumption | C30: 51.475014 | D30: 50.612877 | E30: 50.567093 | F30: 49.935368 | G30: 49.381214 | H30: 48.802299 | I30: 48.225887 | J30: 47.662338 | K30: 47.145943 | L30: 46.654602 | M30: 46.161537 | N30: 45.712376 | O30: 45.301292 | P30: 44.898304 | Q30: 44.529324 | R30: 44.184376 | S30: 43.868649 | T30: 43.575695 | U30: 43.297024 | V30: 43.025398 | W30: 42.754288 | X30: 42.489059 | Y30: 42.234184 | Z30: 41.999199 | AA30: 41.769157 | AB30: 41.538795 | AC30: 41.323044 | AD30: 41.104385 | AE30: 40.892143 | AF30: 40.687241 | AG30: 40.496109 | AH30: -0.007964
B32: Energy Consumption by Fuel
B33: Electricity 1/
A34: RKI000:fa_SpaceHeating | B34: Space Heating | C34: 0.648975 | D34: 0.698359 | E34: 0.705675 | F34: 0.700579 | G34: 0.697104 | H34: 0.693829 | I34: 0.689615 | J34: 0.684867 | K34: 0.680389 | L34: 0.675741 | M34: 0.671278 | N34: 0.667093 | O34: 0.663156 | P34: 0.658869 | Q34: 0.654543 | R34: 0.650647 | S34: 0.646979 | T34: 0.643454 | U34: 0.640012 | V34: 0.636487 | W34: 0.633042 | X34: 0.629411 | Y34: 0.62568 | Z34: 0.622594 | AA34: 0.61931 | AB34: 0.61588 | AC34: 0.612716 | AD34: 0.609319 | AE34: 0.605898 | AF34: 0.602859 | AG34: 0.60021 | AH34: -0.0026
A35: RKI000:fa_SpaceCooling | B35: Space Cooling | C35: 0.805393 | D35: 0.766594 | E35: 0.861182 | F35: 0.874083 | G35: 0.887777 | H35: 0.902099 | I35: 0.915943 | J35: 0.929715 | K35: 0.944123 | L35: 0.958867 | M35: 0.974193 | N35: 0.990744 | O35: 1.008481 | P35: 1.025846 | Q35: 1.043779 | R35: 1.062911 | S35: 1.0832 | T35: 1.105031 | U35: 1.127032 | V35: 1.149105 | W35: 1.171538 | X35: 1.19348 | Y35: 1.216245 | Z35: 1.239965 | AA35: 1.264531 | AB35: 1.288882 | AC35: 1.313945 | AD35: 1.338515 | AE35: 1.364224 | AF35: 1.390646 | AG35: 1.418784 | AH35: 0.019053
A36: RKI000:fa_WaterHeating | B36: Water Heating | C36: 0.607549 | D36: 0.610272 | E36: 0.612486 | F36: 0.613276 | G36: 0.614697 | H36: 0.615558 | I36: 0.615516 | J36: 0.615339 | K36: 0.615263 | L36: 0.615159 | M36: 0.615446 | N36: 0.616189 | O36: 0.617558 | P36: 0.61869 | Q36: 0.620048 | R36: 0.621836 | S36: 0.624211 | T36: 0.626908 | U36: 0.629862 | V36: 0.632567 | W36: 0.635049 | X36: 0.637403 | Y36: 0.639668 | Z36: 0.642614 | AA36: 0.645529 | AB36: 0.648506 | AC36: 0.651785 | AD36: 0.655048 | AE36: 0.658462 | AF36: 0.662375 | AG36: 0.666767 | AH36: 0.003105
A37: RKI000:fa_Refrigeration | B37: Refrigeration | C37: 0.297571 | D37: 0.295346 | E37: 0.293784 | F37: 0.292026 | G37: 0.290424 | H37: 0.289083 | I37: 0.287936 | J37: 0.286922 | K37: 0.286075 | L37: 0.285419 | M37: 0.285 | N37: 0.284881 | O37: 0.285089 | P37: 0.285596 | Q37: 0.286414 | R37: 0.287589 | S37: 0.289068 | T37: 0.290839 | U37: 0.292919 | V37: 0.295274 | W37: 0.297926 | X37: 0.300858 | Y37: 0.304065 | Z37: 0.307271 | AA37: 0.310466 | AB37: 0.313629 | AC37: 0.316735 | AD37: 0.319768 | AE37: 0.322732 | AF37: 0.325633 | AG37: 0.32847 | AH37: 0.003299
A38: RKI000:fa_Cooking | B38: Cooking | C38: 0.055007 | D38: 0.055161 | E38: 0.055458 | F38: 0.055738 | G38: 0.056009 | H38: 0.056286 | I38: 0.056556 | J38: 0.056803 | K38: 0.057032 | L38: 0.057229 | M38: 0.057396 | N38: 0.057526 | O38: 0.057621 | P38: 0.057725 | Q38: 0.057854 | R38: 0.058017 | S38: 0.058215 | T38: 0.05845 | U38: 0.058677 | V38: 0.058894 | W38: 0.059105 | X38: 0.059305 | Y38: 0.059498 | Z38: 0.059687 | AA38: 0.059871 | AB38: 0.06005 | AC38: 0.060221 | AD38: 0.060386 | AE38: 0.060551 | AF38: 0.060719 | AG38: 0.060893 | AH38: 0.003394
A39: RKI000:fa_ClothesDryers | B39: Clothes Dryers | C39: 0.216421 | D39: 0.220387 | E39: 0.223927 | F39: 0.227024 | G39: 0.230421 | H39: 0.233791 | I39: 0.236868 | J39: 0.239735 | K39: 0.24266 | L39: 0.245586 | M39: 0.248642 | N39: 0.251748 | O39: 0.254999 | P39: 0.258105 | Q39: 0.261348 | R39: 0.264724 | S39: 0.268346 | T39: 0.271985 | U39: 0.27562 | V39: 0.279211 | W39: 0.282735 | X39: 0.286192 | Y39: 0.289572 | Z39: 0.293211 | AA39: 0.296797 | AB39: 0.300345 | AC39: 0.303959 | AD39: 0.307505 | AE39: 0.311091 | AF39: 0.314901 | AG39: 0.318894 | AH39: 0.013005
A40: RKI000:fa_Freezers | B40: Freezers | C40: 0.069181 | D40: 0.068847 | E40: 0.068696 | F40: 0.068514 | G40: 0.068303 | H40: 0.06808 | I40: 0.067833 | J40: 0.067552 | K40: 0.067286 | L40: 0.067036 | M40: 0.066805 | N40: 0.066594 | O40: 0.066407 | P40: 0.066239 | Q40: 0.066095 | R40: 0.065983 | S40: 0.0659 | T40: 0.065845 | U40: 0.065824 | V40: 0.065833 | W40: 0.065878 | X40: 0.065963 | Y40: 0.066088 | Z40: 0.066264 | AA40: 0.066497 | AB40: 0.066784 | AC40: 0.067123 | AD40: 0.067501 | AE40: 0.067876 | AF40: 0.068251 | AG40: 0.068624 | AH40: -0.00027
A41: RKI000:fa_Lighting | B41: Lighting | C41: 0.211247 | D41: 0.204709 | E41: 0.202325 | F41: 0.201331 | G41: 0.201363 | H41: 0.199969 | I41: 0.198834 | J41: 0.198385 | K41: 0.198653 | L41: 0.199213 | M41: 0.197419 | N41: 0.196248 | O41: 0.195597 | P41: 0.195114 | Q41: 0.194978 | R41: 0.195143 | S41: 0.195525 | T41: 0.196 | U41: 0.196543 | V41: 0.197114 | W41: 0.1944 | X41: 0.192285 | Y41: 0.190588 | Z41: 0.189504 | AA41: 0.18876 | AB41: 0.188243 | AC41: 0.187897 | AD41: 0.187552 | AE41: 0.187251 | AF41: 0.187096 | AG41: 0.187254 | AH41: -0.004011
A42: RKI000:fa_ClothesWasher | B42: Clothes Washers 2/ | C42: 0.036779 | D42: 0.037026 | E42: 0.037373 | F42: 0.03771 | G42: 0.038044 | H42: 0.038387 | I42: 0.038727 | J42: 0.039055 | K42: 0.039377 | L42: 0.039694 | M42: 0.040025 | N42: 0.040352 | O42: 0.040679 | P42: 0.041 | Q42: 0.041315 | R42: 0.041632 | S42: 0.041942 | T42: 0.042249 | U42: 0.042553 | V42: 0.042854 | W42: 0.043155 | X42: 0.043454 | Y42: 0.043751 | Z42: 0.044052 | AA42: 0.044355 | AB42: 0.044659 | AC42: 0.044962 | AD42: 0.045263 | AE42: 0.045562 | AF42: 0.045862 | AG42: 0.046163 | AH42: 0.007603
A43: RKI000:fa_Dishwashers | B43: Dishwashers 2/ | C43: 0.026617 | D43: 0.026992 | E43: 0.02743 | F43: 0.027852 | G43: 0.028262 | H43: 0.028667 | I43: 0.029058 | J43: 0.029425 | K43: 0.029825 | L43: 0.030258 | M43: 0.030725 | N43: 0.031229 | O43: 0.031774 | P43: 0.032359 | Q43: 0.032987 | R43: 0.033613 | S43: 0.034234 | T43: 0.03485 | U43: 0.035463 | V43: 0.036073 | W43: 0.036682 | X43: 0.037289 | Y43: 0.037894 | Z43: 0.038501 | AA43: 0.039109 | AB43: 0.039717 | AC43: 0.040323 | AD43: 0.040927 | AE43: 0.041529 | AF43: 0.04213 | AG43: 0.042731 | AH43: 0.015905
A44: RKI000:fa_ColorTelevisi | B44: Televisions and Related Equipment 3/ | C44: 0.209133 | D44: 0.205207 | E44: 0.202543 | F44: 0.200232 | G44: 0.198892 | H44: 0.198295 | I44: 0.19823 | J44: 0.19879 | K44: 0.200061 | L44: 0.202003 | M44: 0.204636 | N44: 0.207823 | O44: 0.2116 | P44: 0.215644 | Q44: 0.220005 | R44: 0.224683 | S44: 0.22967 | T44: 0.234747 | U44: 0.239803 | V44: 0.244645 | W44: 0.249117 | X44: 0.253057 | Y44: 0.25642 | Z44: 0.259709 | AA44: 0.262872 | AB44: 0.265931 | AC44: 0.268959 | AD44: 0.271838 | AE44: 0.274645 | AF44: 0.277515 | AG44: 0.280476 | AH44: 0.009832
A45: RKI000:fa_PersonalCompu | B45: Computers and Related Equipment 4/ | C45: 0.086664 | D45: 0.083833 | E45: 0.081495 | F45: 0.079249 | G45: 0.077311 | H45: 0.07555 | I45: 0.073889 | J45: 0.072344 | K45: 0.07094 | L45: 0.069648 | M45: 0.068455 | N45: 0.067301 | O45: 0.066194 | P45: 0.065015 | Q45: 0.063786 | R45: 0.062497 | S45: 0.061143 | T45: 0.059822 | U45: 0.058526 | V45: 0.05722 | W45: 0.055892 | X45: 0.054535 | Y45: 0.053136 | Z45: 0.051763 | AA45: 0.050343 | AB45: 0.048862 | AC45: 0.047324 | AD45: 0.045688 | AE45: 0.043971 | AF45: 0.042151 | AG45: 0.040223 | AH45: -0.025262
... A50: RKI000:fa_PurchasedElec | B50: Purchased Electricity | C50: 5.052812 | D50: 5.085636 | E50: 5.091427 | F50: 5.101829 | G50: 5.115852 | H50: 5.13157 | I50: 5.153872 | J50: 5.175931 | K50: 5.201604 | L50: 5.229164 | M50: 5.258111 | N50: 5.290325 | O50: 5.326496 | P50: 5.361025 | Q50: 5.400707 | R50: 5.442327 | S50: 5.487264 | T50: 5.534616 | U50: 5.582767 | V50: 5.630761 | W50: 5.67496 | X50: 5.718818 | Y50: 5.76369 | Z50: 5.813079 | AA50: 5.862924 | AB50: 5.91239 | AC50: 5.963741 | AD50: 6.01394 | AE50: 6.065893 | AF50: 6.12035 | AG50: 6.178349 | AH50: 0.006726
B52: Natural Gas
A53: RKI000:ga_SpaceHeating | B53: Space Heating | C53: 3.527199 | D53: 3.405752 | E53: 3.53601 | F53: 3.523748 | G53: 3.517663 | H53: 3.505749 | I53: 3.487102 | J53: 3.467178 | K53: 3.44851 | L53: 3.429626 | M53: 3.408028 | N53: 3.390023 | O53: 3.374133 | P53: 3.358309 | Q53: 3.342819 | R53: 3.329606 | S53: 3.317669 | T53: 3.306064 | U53: 3.295281 | V53: 3.284991 | W53: 3.276392 | X53: 3.267857 | Y53: 3.259522 | Z53: 3.251126 | AA53: 3.243215 | AB53: 3.234619 | AC53: 3.226072 | AD53: 3.216632 | AE53: 3.206716 | AF53: 3.195817 | AG53: 3.184887 | AH53: -0.003397
A54: RKI000:ga_SpaceCooling | B54: Space Cooling | C54: 0.058618 | D54: 0.055471 | E54: 0.060271 | F54: 0.060037 | G54: 0.059881 | H54: 0.059658 | I54: 0.059377 | J54: 0.059109 | K54: 0.058878 | L54: 0.058652 | M54: 0.058368 | N54: 0.058111 | O54: 0.05787 | P54: 0.05761 | Q54: 0.057397 | R54: 0.057279 | S54: 0.057263 | T54: 0.057386 | U54: 0.057528 | V54: 0.057692 | W54: 0.057879 | X54: 0.058028 | Y54: 0.058204 | Z54: 0.058356 | AA54: 0.058546 | AB54: 0.058698 | AC54: 0.058871 | AD54: 0.059021 | AE54: 0.0592 | AF54: 0.059353 | AG54: 0.059527 | AH54: 0.000513
A55: RKI000:ga_WaterHeating | B55: Water Heating | C55: 1.007278 | D55: 1.004974 | E55: 1.006877 | F55: 1.01111 | G55: 1.018028 | H55: 1.02503 | I55: 1.031625 | J55: 1.038169 | K55: 1.045381 | L55: 1.053167 | M55: 1.05917 | N55: 1.065634 | O55: 1.072573 | P55: 1.079503 | Q55: 1.086028 | R55: 1.09264 | S55: 1.09902 | T55: 1.10493 | U55: 1.110321 | V55: 1.115458 | W55: 1.120637 | X55: 1.125703 | Y55: 1.130949 | Z55: 1.136429 | AA55: 1.142382 | AB55: 1.148484 | AC55: 1.154837 | AD55: 1.161232 | AE55: 1.167653 | AF55: 1.173938 | AG55: 1.180177 | AH55: 0.005294
A56: RKI000:ga_Cooking | B56: Cooking | C56: 0.103456 | D56: 0.103328 | E56: 0.103486 | F56: 0.103627 | G56: 0.103771 | H56: 0.103942 | I56: 0.104106 | J56: 0.104246 | K56: 0.104399 | L56: 0.104623 | M56: 0.104916 | N56: 0.105296 | O56: 0.105773 | P56: 0.106349 | Q56: 0.106974 | R56: 0.107661 | S56: 0.108391 | T56: 0.109161 | U56: 0.109952 | V56: 0.110763 | W56: 0.111603 | X56: 0.112468 | Y56: 0.113362 | Z56: 0.114289 | AA56: 0.115247 | AB56: 0.116229 | AC56: 0.117224 | AD56: 0.118223 | AE56: 0.119216 | AF56: 0.120198 | AG56: 0.121161 | AH56: 0.005279
A57: RKI000:ga_ClothesDryers | B57: Clothes Dryers | C57: 0.039427 | D57: 0.039824 | E57: 0.040362 | F57: 0.040979 | G57: 0.041686 | H57: 0.042376 | I57: 0.043044 | J57: 0.043714 | K57: 0.044369 | L57: 0.045013 | M57: 0.045546 | N57: 0.046134 | O57: 0.046762 | P57: 0.047406 | Q57: 0.048042 | R57: 0.04868 | S57: 0.049309 | T57: 0.049957 | U57: 0.050619 | V57: 0.051295 | W57: 0.051991 | X57: 0.052694 | Y57: 0.053405 | Z57: 0.05412 | AA57: 0.054841 | AB57: 0.055552 | AC57: 0.056256 | AD57: 0.056944 | AE57: 0.05762 | AF57: 0.058278 | AG57: 0.058927 | AH57: 0.013485
A58: RKI000:ga_OtherNatGas | B58: Other Uses 6/ | C58: 0.233372 | D58: 0.232035 | E58: 0.231411 | F58: 0.231206 | G58: 0.231351 | H58: 0.231273 | I58: 0.23091 | J58: 0.230359 | K58: 0.229736 | L58: 0.229058 | M58: 0.227727 | N58: 0.226713 | O58: 0.225941 | P58: 0.225347 | Q58: 0.224801 | R58: 0.22434 | S58: 0.223948 | T58: 0.223573 | U58: 0.223191 | V58: 0.222817 | W58: 0.22247 | X58: 0.222117 | Y58: 0.221776 | Z58: 0.22144 | AA58: 0.221116 | AB58: 0.220759 | AC58: 0.220403 | AD58: 0.220019 | AE58: 0.219616 | AF58: 0.219178 | AG58: 0.218732 | AH58: -0.002157
A59: RKI000:ga_DeliveredEner | B59: Delivered Energy | C59: 4.96935 | D59: 4.841384 | E59: 4.978416 | F59: 4.970707 | G59: 4.97238 | H59: 4.968029 | I59: 4.956164 | J59: 4.942776 | K59: 4.931273 | L59: 4.920139 | M59: 4.903756 | N59: 4.891912 | O59: 4.883052 | P59: 4.874524 | Q59: 4.866061 | R59: 4.860207 | S59: 4.8556 | T59: 4.851071 | U59: 4.846893 | V59: 4.843016 | W59: 4.840974 | X59: 4.838866 | Y59: 4.837218 | Z59: 4.83576 | AA59: 4.835349 | AB59: 4.834342 | AC59: 4.833664 | AD59: 4.832069 | AE59: 4.83002 | AF59: 4.82676 | AG59: 4.82341 | AH59: -0.000993
B61: Distillate Fuel Oil 7/
A62: RKI000:ha_SpaceHeating | B62: Space Heating | C62: 0.372665 | D62: 0.399957 | E62: 0.399269 | F62: 0.387844 | G62: 0.377013 | H62: 0.36751 | I62: 0.358964 | J62: 0.351649 | K62: 0.344749 | L62: 0.338443 | M62: 0.332362 | N62: 0.326687 | O62: 0.32118 | P62: 0.316004 | Q62: 0.311029 | R62: 0.306369 | S62: 0.301784 | T62: 0.297216 | U62: 0.292705 | V62: 0.28851 | W62: 0.284259 | X62: 0.280037 | Y62: 0.275861 | Z62: 0.27164 | AA62: 0.267626 | AB62: 0.263675 | AC62: 0.259557 | AD62: 0.255362 | AE62: 0.251329 | AF62: 0.247337 | AG62: 0.243419 | AH62: -0.014096
A63: RKI000:ha_WaterHeating | B63: Water Heating | C63: 0.048758 | D63: 0.047106 | E63: 0.045186 | F63: 0.042962 | G63: 0.040974 | H63: 0.039325 | I63: 0.03795 | J63: 0.036873 | K63: 0.035999 | L63: 0.035349 | M63: 0.034874 | N63: 0.034368 | O63: 0.033827 | P63: 0.033282 | Q63: 0.03273 | R63: 0.032176 | S63: 0.031614 | T63: 0.031032 | U63: 0.030442 | V63: 0.029881 | W63: 0.02931 | X63: 0.028753 | Y63: 0.028227 | Z63: 0.027721 | AA63: 0.027263 | AB63: 0.026834 | AC63: 0.026407 | AD63: 0.025998 | AE63: 0.025622 | AF63: 0.025258 | AG63: 0.024912 | AH63: -0.022136
A64: RKI000:Other_ha_ha | B64: Other Uses 8/ | C64: 0.007851 | D64: 0.007902 | E64: 0.007884 | F64: 0.007788 | G64: 0.007694 | H64: 0.00762 | I64: 0.007561 | J64: 0.007519 | K64: 0.00748 | L64: 0.007447 | M64: 0.007414 | N64: 0.007385 | O64: 0.007356 | P64: 0.00733 | Q64: 0.007307 | R64: 0.007287 | S64: 0.007266 | T64: 0.007243 | U64: 0.007218 | V64: 0.007198 | W64: 0.007173 | X64: 0.007148 | Y64: 0.007125 | Z64: 0.007101 | AA64: 0.007083 | AB64: 0.007067 | AC64: 0.007046 | AD64: 0.007025 | AE64: 0.007009 | AF64: 0.006993 | AG64: 0.006979 | AH64: -0.003916
A65: RKI000:ha_DeliveredEner | B65: Delivered Energy | C65: 0.429274 | D65: 0.454966 | E65: 0.452338 | F65: 0.438593 | G65: 0.425681 | H65: 0.414456 | I65: 0.404474 | J65: 0.396042 | K65: 0.388227 | L65: 0.381239 | M65: 0.374649 | N65: 0.36844 | O65: 0.362362 | P65: 0.356616 | Q65: 0.351066 | R65: 0.345831 | S65: 0.340664 | T65: 0.335491 | U65: 0.330365 | V65: 0.325589 | W65: 0.320742 | X65: 0.315938 | Y65: 0.311213 | Z65: 0.306462 | AA65: 0.301972 | AB65: 0.297575 | AC65: 0.29301 | AD65: 0.288385 | AE65: 0.283959 | AF65: 0.279589 | AG65: 0.275341 | AH65: -0.014694
B67: Propane
A68: RKI000:ia_SpaceHeating | B68: Space Heating | C68: 0.300826 | D68: 0.319289 | E68: 0.315982 | F68: 0.312451 | G68: 0.308692 | H68: 0.304761 | I68: 0.300772 | J68: 0.296969 | K68: 0.293252 | L68: 0.289703 | M68: 0.286165 | N68: 0.282899 | O68: 0.279768 | P68: 0.276819 | Q68: 0.274063 | R68: 0.27155 | S68: 0.269108 | T68: 0.266735 | U68: 0.264423 | V68: 0.262186 | W68: 0.260022 | X68: 0.257875 | Y68: 0.255736 | Z68: 0.25361 | AA68: 0.251514 | AB68: 0.249536 | AC68: 0.247547 | AD68: 0.245482 | AE68: 0.24344 | AF68: 0.241466 | AG68: 0.239557 | AH68: -0.007563
A69: RKI000:ia_WaterHeating | B69: Water Heating | C69: 0.065345 | D69: 0.063697 | E69: 0.061964 | F69: 0.060192 | G69: 0.058562 | H69: 0.057089 | I69: 0.055774 | J69: 0.054624 | K69: 0.053608 | L69: 0.052749 | M69: 0.051995 | N69: 0.051181 | O69: 0.050317 | P69: 0.04943 | Q69: 0.048529 | R69: 0.047636 | S69: 0.046735 | T69: 0.045836 | U69: 0.044946 | V69: 0.044083 | W69: 0.043251 | X69: 0.042453 | Y69: 0.041708 | Z69: 0.041016 | AA69: 0.040382 | AB69: 0.039815 | AC69: 0.039277 | AD69: 0.038758 | AE69: 0.038265 | AF69: 0.037802 | AG69: 0.037361 | AH69: -0.018463
A70: RKI000:ia_Cooking | B70: Cooking | C70: 0.017067 | D70: 0.016859 | E70: 0.016695 | F70: 0.016525 | G70: 0.01635 | H70: 0.016171 | I70: 0.015983 | J70: 0.015777 | K70: 0.015561 | L70: 0.015335 | M70: 0.015099 | N70: 0.014854 | O70: 0.014605 | P70: 0.014394 | Q70: 0.014221 | R70: 0.014089 | S70: 0.013999 | T70: 0.013949 | U70: 0.013894 | V70: 0.013834 | W70: 0.013769 | X70: 0.013698 | Y70: 0.013624 | Z70: 0.013547 | AA70: 0.01347 | AB70: 0.013395 | AC70: 0.013324 | AD70: 0.013256 | AE70: 0.013192 | AF70: 0.013132 | AG70: 0.013075 | AH70: -0.008842
A71: RKI000:ia_OtherUses | B71: Other Uses 9/ | C71: 0.071942 | D71: 0.0742 | E71: 0.076178 | F71: 0.077883 | G71: 0.079518 | H71: 0.081139 | I71: 0.082758 | J71: 0.084404 | K71: 0.08604 | L71: 0.087696 | M71: 0.08928 | N71: 0.090918 | O71: 0.092589 | P71: 0.094303 | Q71: 0.096049 | R71: 0.097842 | S71: 0.099644 | T71: 0.10145 | U71: 0.103254 | V71: 0.105071 | W71: 0.10689 | X71: 0.108706 | Y71: 0.110547 | Z71: 0.112414 | AA71: 0.114321 | AB71: 0.116299 | AC71: 0.118276 | AD71: 0.120227 | AE71: 0.122188 | AF71: 0.12418 | AG71: 0.126199 | AH71: 0.01891
A72: RKI000:ia_DeliveredEner | B72: Delivered Energy | C72: 0.45518 | D72: 0.474045 | E72: 0.470818 | F72: 0.46705 | G72: 0.463122 | H72: 0.45916 | I72: 0.455288 | J72: 0.451774 | K72: 0.448461 | L72: 0.445483 | M72: 0.442539 | N72: 0.439852 | O72: 0.437278 | P72: 0.434946 | Q72: 0.432862 | R72: 0.431117 | S72: 0.429486 | T72: 0.42797 | U72: 0.426517 | V72: 0.425173 | W72: 0.423932 | X72: 0.422732 | Y72: 0.421615 | Z72: 0.420587 | AA72: 0.419687 | AB72: 0.419045 | AC72: 0.418424 | AD72: 0.417723 | AE72: 0.417084 | AF72: 0.41658 | AG72: 0.416192 | AH72: -0.00298
A74: RKI000:ja_MarketedRenew | B74: Marketed Renewables (wood) 10/ | C74: 0.457512 | D74: 0.454333 | E74: 0.443909 | F74: 0.448911 | G74: 0.454326 | H74: 0.456316 | I74: 0.45534 | J74: 0.451821 | K74: 0.448893 | L74: 0.444799 | M74: 0.440398 | N74: 0.435099 | O74: 0.42979 | P74: 0.423655 | Q74: 0.416962 | R74: 0.409784 | S74: 0.40251 | T74: 0.396165 | U74: 0.3906 | V74: 0.384448 | W74: 0.379422 | X74: 0.37479 | Y74: 0.370205 | Z74: 0.366157 | AA74: 0.361594 | AB74: 0.357145 | AC74: 0.353832 | AD74: 0.35059 | AE74: 0.346575 | AF74: 0.34247 | AG74: 0.338111 | AH74: -0.01003
B76: Energy Consumption by End Use 1/
A77: RKI000:ka_SpaceHeating | B77: Space Heating | C77: 5.307178 | D77: 5.277691 | E77: 5.400845 | F77: 5.373533 | G77: 5.354799 | H77: 5.328166 | I77: 5.291792 | J77: 5.252483 | K77: 5.215792 | L77: 5.178312 | M77: 5.13823 | N77: 5.1018 | O77: 5.068027 | P77: 5.033655 | Q77: 4.999416 | R77: 4.967956 | S77: 4.938052 | T77: 4.909634 | U77: 4.88302 | V77: 4.856622 | W77: 4.833138 | X77: 4.80997 | Y77: 4.787004 | Z77: 4.765126 | AA77: 4.743259 | AB77: 4.720855 | AC77: 4.699725 | AD77: 4.677385 | AE77: 4.653957 | AF77: 4.629951 | AG77: 4.606185 | AH77: -0.004711
A78: RKI000:ka_SpaceCooling | B78: Space Cooling | C78: 0.86401 | D78: 0.822065 | E78: 0.921452 | F78: 0.93412 | G78: 0.947658 | H78: 0.961756 | I78: 0.97532 | J78: 0.988824 | K78: 1.003001 | L78: 1.017519 | M78: 1.032561 | N78: 1.048855 | O78: 1.066351 | P78: 1.083456 | Q78: 1.101176 | R78: 1.12019 | S78: 1.140463 | T78: 1.162417 | U78: 1.18456 | V78: 1.206796 | W78: 1.229417 | X78: 1.251508 | Y78: 1.274449 | Z78: 1.298321 | AA78: 1.323076 | AB78: 1.347579 | AC78: 1.372817 | AD78: 1.397536 | AE78: 1.423424 | AF78: 1.449998 | AG78: 1.47831 | AH78: 0.018064
A79: RKI000:ka_WaterHeating | B79: Water Heating | C79: 1.72893 | D79: 1.72605 | E79: 1.726513 | F79: 1.727539 | G79: 1.732261 | H79: 1.737002 | I79: 1.740865 | J79: 1.745006 | K79: 1.750251 | L79: 1.756425 | M79: 1.761485 | N79: 1.767372 | O79: 1.774275 | P79: 1.780905 | Q79: 1.787335 | R79: 1.794287 | S79: 1.80158 | T79: 1.808705 | U79: 1.815571 | V79: 1.821989 | W79: 1.828247 | X79: 1.834312 | Y79: 1.840553 | Z79: 1.84778 | AA79: 1.855557 | AB79: 1.863638 | AC79: 1.872307 | AD79: 1.881035 | AE79: 1.890002 | AF79: 1.899373 | AG79: 1.909216 | AH79: 0.003312
A80: RKI000:ka_Refrigeration | B80: Refrigeration | C80: 0.297571 | D80: 0.295346 | E80: 0.293784 | F80: 0.292026 | G80: 0.290424 | H80: 0.289083 | I80: 0.287936 | J80: 0.286922 | K80: 0.286075 | L80: 0.285419 | M80: 0.285 | N80: 0.284881 | O80: 0.285089 | P80: 0.285596 | Q80: 0.286414 | R80: 0.287589 | S80: 0.289068 | T80: 0.290839 | U80: 0.292919 | V80: 0.295274 | W80: 0.297926 | X80: 0.300858 | Y80: 0.304065 | Z80: 0.307271 | AA80: 0.310466 | AB80: 0.313629 | AC80: 0.316735 | AD80: 0.319768 | AE80: 0.322732 | AF80: 0.325633 | AG80: 0.32847 | AH80: 0.003299
A81: RKI000:ka_Cooking | B81: Cooking | C81: 0.17553 | D81: 0.175348 | E81: 0.17564 | F81: 0.175889 | G81: 0.17613 | H81: 0.1764 | I81: 0.176644 | J81: 0.176827 | K81: 0.176993 | L81: 0.177187 | M81: 0.177411 | N81: 0.177677 | O81: 0.177999 | P81: 0.178468 | Q81: 0.179048 | R81: 0.179768 | S81: 0.180604 | T81: 0.18156 | U81: 0.182523 | V81: 0.183492 | W81: 0.184477 | X81: 0.185472 | Y81: 0.186484 | Z81: 0.187523 | AA81: 0.188589 | AB81: 0.189674 | AC81: 0.190769 | AD81: 0.191865 | AE81: 0.192959 | AF81: 0.194049 | AG81: 0.195128 | AH81: 0.003534
A82: RKI000:ka_ClothesDryers | B82: Clothes Dryers | C82: 0.255847 | D82: 0.260211 | E82: 0.264289 | F82: 0.268003 | G82: 0.272106 | H82: 0.276168 | I82: 0.279912 | J82: 0.283449 | K82: 0.287029 | L82: 0.2906 | M82: 0.294188 | N82: 0.297882 | O82: 0.30176 | P82: 0.305511 | Q82: 0.30939 | R82: 0.313404 | S82: 0.317655 | T82: 0.321942 | U82: 0.326239 | V82: 0.330506 | W82: 0.334727 | X82: 0.338886 | Y82: 0.342977 | Z82: 0.347331 | AA82: 0.351639 | AB82: 0.355897 | AC82: 0.360215 | AD82: 0.364449 | AE82: 0.36871 | AF82: 0.373179 | AG82: 0.377821 | AH82: 0.013079
A83: RKI000:ka_Freezers | B83: Freezers | C83: 0.069181 | D83: 0.068847 | E83: 0.068696 | F83: 0.068514 | G83: 0.068303 | H83: 0.06808 | I83: 0.067833 | J83: 0.067552 | K83: 0.067286 | L83: 0.067036 | M83: 0.066805 | N83: 0.066594 | O83: 0.066407 | P83: 0.066239 | Q83: 0.066095 | R83: 0.065983 | S83: 0.0659 | T83: 0.065845 | U83: 0.065824 | V83: 0.065833 | W83: 0.065878 | X83: 0.065963 | Y83: 0.066088 | Z83: 0.066264 | AA83: 0.066497 | AB83: 0.066784 | AC83: 0.067123 | AD83: 0.067501 | AE83: 0.067876 | AF83: 0.068251 | AG83: 0.068624 | AH83: -0.00027
A84: RKI000:ka_Lighting | B84: Lighting | C84: 0.211247 | D84: 0.204709 | E84: 0.202325 | F84: 0.201331 | G84: 0.201363 | H84: 0.199969 | I84: 0.198834 | J84: 0.198385 | K84: 0.198653 | L84: 0.199213 | M84: 0.197419 | N84: 0.196248 | O84: 0.195597 | P84: 0.195114 | Q84: 0.194978 | R84: 0.195143 | S84: 0.195525 | T84: 0.196 | U84: 0.196543 | V84: 0.197114 | W84: 0.1944 | X84: 0.192285 | Y84: 0.190588 | Z84: 0.189504 | AA84: 0.18876 | AB84: 0.188243 | AC84: 0.187897 | AD84: 0.187552 | AE84: 0.187251 | AF84: 0.187096 | AG84: 0.187254 | AH84: -0.004011
A85: RKI000:ka_ClothesWasher | B85: Clothes Washers 2/ | C85: 0.036779 | D85: 0.037026 | E85: 0.037373 | F85: 0.03771 | G85: 0.038044 | H85: 0.038387 | I85: 0.038727 | J85: 0.039055 | K85: 0.039377 | L85: 0.039694 | M85: 0.040025 | N85: 0.040352 | O85: 0.040679 | P85: 0.041 | Q85: 0.041315 | R85: 0.041632 | S85: 0.041942 | T85: 0.042249 | U85: 0.042553 | V85: 0.042854 | W85: 0.043155 | X85: 0.043454 | Y85: 0.043751 | Z85: 0.044052 | AA85: 0.044355 | AB85: 0.044659 | AC85: 0.044962 | AD85: 0.045263 | AE85: 0.045562 | AF85: 0.045862 | AG85: 0.046163 | AH85: 0.007603
A86: RKI000:ka_Dishwashers | B86: Dishwashers 2/ | C86: 0.026617 | D86: 0.026992 | E86: 0.02743 | F86: 0.027852 | G86: 0.028262 | H86: 0.028667 | I86: 0.029058 | J86: 0.029425 | K86: 0.029825 | L86: 0.030258 | M86: 0.030725 | N86: 0.031229 | O86: 0.031774 | P86: 0.032359 | Q86: 0.032987 | R86: 0.033613 | S86: 0.034234 | T86: 0.03485 | U86: 0.035463 | V86: 0.036073 | W86: 0.036682 | X86: 0.037289 | Y86: 0.037894 | Z86: 0.038501 | AA86: 0.039109 | AB86: 0.039717 | AC86: 0.040323 | AD86: 0.040927 | AE86: 0.041529 | AF86: 0.04213 | AG86: 0.042731 | AH86: 0.015905
A87: RKI000:ka_ColorTelevisi | B87: Televisions and Related Equipment 3/ | C87: 0.209133 | D87: 0.205207 | E87: 0.202543 | F87: 0.200232 | G87: 0.198892 | H87: 0.198295 | I87: 0.19823 | J87: 0.19879 | K87: 0.200061 | L87: 0.202003 | M87: 0.204636 | N87: 0.207823 | O87: 0.2116 | P87: 0.215644 | Q87: 0.220005 | R87: 0.224683 | S87: 0.22967 | T87: 0.234747 | U87: 0.239803 | V87: 0.244645 | W87: 0.249117 | X87: 0.253057 | Y87: 0.25642 | Z87: 0.259709 | AA87: 0.262872 | AB87: 0.265931 | AC87: 0.268959 | AD87: 0.271838 | AE87: 0.274645 | AF87: 0.277515 | AG87: 0.280476 | AH87: 0.009832
A88: RKI000:ka_PersonalCompu | B88: Computers and Related Equipment 4/ | C88: 0.086664 | D88: 0.083833 | E88: 0.081495 | F88: 0.079249 | G88: 0.077311 | H88: 0.07555 | I88: 0.073889 | J88: 0.072344 | K88: 0.07094 | L88: 0.069648 | M88: 0.068455 | N88: 0.067301 | O88: 0.066194 | P88: 0.065015 | Q88: 0.063786 | R88: 0.062497 | S88: 0.061143 | T88: 0.059822 | U88: 0.058526 | V88: 0.05722 | W88: 0.055892 | X88: 0.054535 | Y88: 0.053136 | Z88: 0.051763 | AA88: 0.050343 | AB88: 0.048862 | AC88: 0.047324 | AD88: 0.045688 | AE88: 0.043971 | AF88: 0.042151 | AG88: 0.040223 | AH88: -0.025262
... A95: RKI000:la_ElectricityRe | B95: Electricity Related Losses | C95: 9.417956 | D95: 9.469259 | E95: 9.523586 | F95: 9.353558 | G95: 9.192634 | H95: 8.961144 | I95: 8.754603 | J95: 8.691695 | K95: 8.686027 | L95: 8.699572 | M95: 8.728955 | N95: 8.761385 | O95: 8.769801 | P95: 8.792642 | Q95: 8.811792 | R95: 8.85434 | S95: 8.896054 | T95: 8.943662 | U95: 8.971651 | V95: 9.00147 | W95: 9.030401 | X95: 9.071213 | Y95: 9.114241 | Z95: 9.156261 | AA95: 9.196094 | AB95: 9.234004 | AC95: 9.281438 | AD95: 9.33171 | AE95: 9.396441 | AF95: 9.454361 | AG95: 9.504673 | AH95: 0.000306
B97: Total Energy Consumption by End Use 1/
A98: RKI000:ma_SpaceHeating | B98: Space Heating | C98: 6.516824 | D98: 6.578032 | E98: 6.720846 | F98: 6.657983 | G98: 6.607449 | H98: 6.539815 | I98: 6.463235 | J98: 6.40258 | K98: 6.35199 | L98: 6.302553 | M98: 6.252652 | N98: 6.206622 | O98: 6.159919 | P98: 6.11431 | Q98: 6.067412 | R98: 6.026564 | S98: 5.986992 | T98: 5.949471 | U98: 5.911584 | V98: 5.874175 | W98: 5.84053 | X98: 5.808396 | Y98: 5.776459 | Z98: 5.745837 | AA98: 5.714713 | AB98: 5.682797 | AC98: 5.65336 | AD98: 5.622914 | AE98: 5.592592 | AF98: 5.561275 | AG98: 5.529602 | AH98: -0.005461
A99: RKI000:ma_SpaceCooling | B99: Space Cooling | C99: 2.365208 | D99: 2.24946 | E99: 2.532336 | F99: 2.536675 | G99: 2.542935 | H99: 2.53711 | I99: 2.531224 | J99: 2.550094 | K99: 2.579615 | L99: 2.612803 | M99: 2.649865 | N99: 2.689699 | O99: 2.726824 | P99: 2.766016 | Q99: 2.804274 | R99: 2.849555 | S99: 2.896644 | T99: 2.948172 | U99: 2.995814 | V99: 3.043872 | W99: 3.093746 | X99: 3.14471 | Y99: 3.197828 | Z99: 3.251517 | AA99: 3.306629 | AB99: 3.360682 | AC99: 3.417851 | AD99: 3.474614 | AE99: 3.536829 | AF99: 3.598332 | AG99: 3.661096 | AH99: 0.01467
A100: RKI000:ma_WaterHeating | B100: Water Heating | C100: 2.86136 | D100: 2.862373 | E100: 2.872199 | F100: 2.851927 | G100: 2.836831 | H100: 2.811964 | I100: 2.786436 | J100: 2.778344 | K100: 2.777694 | L100: 2.779874 | M100: 2.783217 | N100: 2.787889 | O100: 2.791091 | P100: 2.79566 | Q100: 2.799047 | R100: 2.80602 | S100: 2.813607 | T100: 2.821803 | U100: 2.827823 | V100: 2.833275 | W100: 2.838834 | X100: 2.845416 | Y100: 2.852129 | Z100: 2.860027 | AA100: 2.868139 | AB100: 2.876539 | AC100: 2.88675 | AD100: 2.897524 | AE100: 2.910067 | AF100: 2.92264 | AG100: 2.935031 | AH100: 0.000848
A101: RKI000:ma_Refrigeration | B101: Refrigeration | C101: 0.852222 | D101: 0.845279 | E101: 0.843322 | F101: 0.827429 | G101: 0.812296 | H101: 0.793916 | I101: 0.777051 | J101: 0.76875 | K101: 0.7638 | L101: 0.760274 | M101: 0.758144 | N101: 0.756694 | O101: 0.754489 | P101: 0.754021 | Q101: 0.753746 | R101: 0.755498 | S101: 0.757731 | T101: 0.760842 | U101: 0.76367 | V101: 0.767328 | W101: 0.77203 | X101: 0.778106 | Y101: 0.784917 | Z101: 0.791285 | AA101: 0.797466 | AB101: 0.803486 | AC101: 0.809704 | AD101: 0.815978 | AE101: 0.822697 | AF101: 0.828687 | AG101: 0.833818 | AH101: -0.000727
A102: RKI000:ma_Cooking | B102: Cooking | C102: 0.278059 | D102: 0.278058 | E102: 0.279377 | F102: 0.27808 | G102: 0.276775 | H102: 0.274694 | I102: 0.272715 | J102: 0.272217 | K102: 0.272233 | L102: 0.2724 | M102: 0.272696 | N102: 0.27295 | O102: 0.272873 | P102: 0.273147 | Q102: 0.273446 | R102: 0.274163 | S102: 0.274987 | T102: 0.276017 | U102: 0.276822 | V102: 0.277646 | W102: 0.278533 | X102: 0.279547 | Y102: 0.280575 | Z102: 0.281542 | AA102: 0.282503 | AB102: 0.283466 | AC102: 0.284497 | AD102: 0.285571 | AE102: 0.286762 | AF102: 0.28785 | AG102: 0.288811 | AH102: 0.001265
A103: RKI000:ma_ClothesDryers | B103: Clothes Dryers | C103: 0.659241 | D103: 0.67057 | E103: 0.683155 | F103: 0.684232 | G103: 0.686157 | H103: 0.684442 | I103: 0.682277 | J103: 0.686035 | K103: 0.692253 | L103: 0.699185 | M103: 0.706971 | N103: 0.71482 | O103: 0.721618 | P103: 0.728846 | Q103: 0.735823 | R103: 0.744113 | S103: 0.752722 | T103: 0.761477 | U103: 0.769189 | V103: 0.776882 | W103: 0.784658 | X103: 0.792869 | Y103: 0.800908 | Z103: 0.809197 | AA103: 0.817197 | AB103: 0.825006 | AC103: 0.833299 | AD103: 0.841629 | AE103: 0.85064 | AF103: 0.859653 | AG103: 0.868436 | AH103: 0.009229
A104: RKI000:ma_Freezers | B104: Freezers | C104: 0.198131 | D104: 0.197039 | E104: 0.197196 | F104: 0.194129 | G104: 0.19104 | H104: 0.18697 | I104: 0.18306 | J104: 0.180992 | K104: 0.179649 | L104: 0.178564 | M104: 0.177711 | N104: 0.176886 | O104: 0.175746 | P104: 0.174882 | Q104: 0.173939 | R104: 0.173337 | S104: 0.172744 | T104: 0.172253 | U104: 0.171609 | V104: 0.17108 | W104: 0.170713 | X104: 0.1706 | Y104: 0.1706 | Z104: 0.170643 | AA104: 0.170804 | AB104: 0.171095 | AC104: 0.171593 | AD104: 0.172247 | AE104: 0.173027 | AF104: 0.173687 | AG104: 0.174201 | AH104: -0.004281
A105: RKI000:ma_Lighting | B105: Lighting | C105: 0.604997 | D105: 0.585875 | E105: 0.580785 | F105: 0.570454 | G105: 0.563199 | H105: 0.54918 | I105: 0.536592 | J105: 0.531532 | K105: 0.530389 | L105: 0.530647 | M105: 0.525163 | N105: 0.521269 | O105: 0.517648 | P105: 0.515133 | Q105: 0.513117 | R105: 0.512643 | S105: 0.512528 | T105: 0.512741 | U105: 0.512408 | V105: 0.51224 | W105: 0.50376 | X105: 0.497304 | Y105: 0.491984 | Z105: 0.488011 | AA105: 0.484849 | AB105: 0.482259 | AC105: 0.480342 | AD105: 0.478592 | AE105: 0.477334 | AF105: 0.476131 | AG105: 0.475342 | AH105: -0.008007
A106: RKI000:ma_ClothesWasher | B106: Clothes Washers 2/ | C106: 0.105334 | D106: 0.105969 | E106: 0.10728 | F106: 0.106848 | G106: 0.106407 | H106: 0.105422 | I106: 0.104513 | J106: 0.10464 | K106: 0.105134 | L106: 0.105734 | M106: 0.106471 | N106: 0.107181 | O106: 0.107657 | P106: 0.108247 | Q106: 0.108728 | R106: 0.109367 | S106: 0.109943 | T106: 0.110523 | U106: 0.110939 | V106: 0.111364 | W106: 0.11183 | X106: 0.112384 | Y106: 0.11294 | Z106: 0.113442 | AA106: 0.113931 | AB106: 0.114413 | AC106: 0.114942 | AD106: 0.1155 | AE106: 0.116144 | AF106: 0.116711 | AG106: 0.117184 | AH106: 0.00356
A107: RKI000:ma_Dishwashers | B107: Dishwashers 2/ | C107: 0.076228 | D107: 0.077252 | E107: 0.078738 | F107: 0.078917 | G107: 0.079047 | H107: 0.07873 | I107: 0.078419 | J107: 0.078839 | K107: 0.079629 | L107: 0.080598 | M107: 0.081734 | N107: 0.082951 | O107: 0.084091 | P107: 0.085434 | Q107: 0.08681 | R107: 0.088303 | S107: 0.089737 | T107: 0.091168 | U107: 0.092455 | V107: 0.093743 | W107: 0.095057 | X107: 0.09644 | Y107: 0.097821 | Z107: 0.099148 | AA107: 0.100456 | AB107: 0.101752 | AC107: 0.103083 | AD107: 0.104437 | AE107: 0.105864 | AF107: 0.107214 | AG107: 0.108471 | AH107: 0.011828
A108: RKI000:ma_ColorTelevisi | B108: Televisions and Related Equipment 3/ | C108: 0.598942 | D108: 0.587302 | E108: 0.58141 | F108: 0.567339 | G108: 0.556286 | H108: 0.544583 | I108: 0.534962 | J108: 0.532617 | K108: 0.534146 | L108: 0.538078 | M108: 0.544363 | N108: 0.552013 | O108: 0.560002 | P108: 0.569335 | Q108: 0.57898 | R108: 0.590244 | S108: 0.602031 | T108: 0.614103 | U108: 0.625191 | V108: 0.635759 | W108: 0.64555 | X108: 0.654478 | Y108: 0.661925 | Z108: 0.668804 | AA108: 0.675214 | AB108: 0.681288 | AC108: 0.68757 | AD108: 0.693669 | AE108: 0.700114 | AF108: 0.706234 | AG108: 0.711986 | AH108: 0.00578
A109: RKI000:ma_PersonalCompu | B109: Computers and Related Equipment 4/ | C109: 0.2482 | D109: 0.23993 | E109: 0.233935 | F109: 0.224545 | G109: 0.216234 | H109: 0.207486 | I109: 0.199404 | J109: 0.19383 | K109: 0.189405 | L109: 0.185523 | M109: 0.182101 | N109: 0.178764 | O109: 0.175182 | P109: 0.171651 | Q109: 0.167864 | R109: 0.164181 | S109: 0.160275 | T109: 0.156495 | U109: 0.152583 | V109: 0.148698 | W109: 0.144835 | X109: 0.141043 | Y109: 0.137166 | Z109: 0.1333 | AA109: 0.129312 | AB109: 0.12518 | AC109: 0.120979 | AD109: 0.116587 | AE109: 0.112088 | AF109: 0.107267 | AG109: 0.102107 | AH109: -0.029173
... A114: RKI000:ma_TtllOwnUseGen | B114: Total Net Own-use Generation | C114: 20.927862 | D114: 20.946323 | E114: 21.145861 | F114: 20.979374 | G114: 20.835186 | H114: 20.612026 | I114: 20.411148 | J114: 20.354815 | K114: 20.363981 | L114: 20.395088 | M114: 20.438997 | N114: 20.493843 | O114: 20.531038 | P114: 20.58193 | Q114: 20.63406 | R114: 20.715347 | S114: 20.800468 | T114: 20.895329 | U114: 20.97188 | V114: 21.050549 | W114: 21.128086 | X114: 21.218506 | Y114: 21.31332 | Z114: 21.412439 | AA114: 21.51103 | AB114: 21.607672 | AC114: 21.717951 | AD114: 21.829706 | AE114: 21.958109 | AF114: 22.080967 | AG114: 22.199245 | AH114: 0.001968
B116: Nonmarketed Renewables 12/
A117: RKI000:na_GeothermalHea | B117: Geothermal Heat Pumps | C117: 0.013027 | D117: 0.015183 | E117: 0.017817 | F117: 0.019005 | G117: 0.020484 | H117: 0.02139 | I117: 0.022735 | J117: 0.023963 | K117: 0.025275 | L117: 0.026539 | M117: 0.027795 | N117: 0.028951 | O117: 0.030151 | P117: 0.031367 | Q117: 0.032542 | R117: 0.033729 | S117: 0.034931 | T117: 0.0361 | U117: 0.037217 | V117: 0.038406 | W117: 0.039655 | X117: 0.040899 | Y117: 0.042191 | Z117: 0.043469 | AA117: 0.044774 | AB117: 0.046103 | AC117: 0.047516 | AD117: 0.048975 | AE117: 0.050461 | AF117: 0.051894 | AG117: 0.053342 | AH117: 0.048111
A118: RKI000:na_SolarHotWater | B118: Solar Hot Water Heating | C118: 0.041876 | D118: 0.045831 | E118: 0.046118 | F118: 0.045619 | G118: 0.045566 | H118: 0.044779 | I118: 0.04459 | J118: 0.044705 | K118: 0.044933 | L118: 0.045138 | M118: 0.045602 | N118: 0.045951 | O118: 0.046161 | P118: 0.04639 | Q118: 0.046643 | R118: 0.046837 | S118: 0.047088 | T118: 0.047438 | U118: 0.04751 | V118: 0.047744 | W118: 0.047962 | X118: 0.048199 | Y118: 0.048434 | Z118: 0.048628 | AA118: 0.04878 | AB118: 0.048828 | AC118: 0.048941 | AD118: 0.049234 | AE118: 0.049318 | AF118: 0.049361 | AG118: 0.049486 | AH118: 0.005581
A119: RKI000:na_SolarPhotovol | B119: Solar Photovoltaic | C119: 0.224748 | D119: 0.25953 | E119: 0.28951 | F119: 0.315226 | G119: 0.341958 | H119: 0.364655 | I119: 0.389788 | J119: 0.417903 | K119: 0.446817 | L119: 0.47486 | M119: 0.507024 | N119: 0.537506 | O119: 0.566874 | P119: 0.597013 | Q119: 0.629149 | R119: 0.662301 | S119: 0.696749 | T119: 0.733667 | U119: 0.765233 | V119: 0.801814 | W119: 0.838758 | X119: 0.876308 | Y119: 0.914827 | Z119: 0.953369 | AA119: 0.992798 | AB119: 1.031041 | AC119: 1.070882 | AD119: 1.114576 | AE119: 1.155936 | AF119: 1.196906 | AG119: 1.241698 | AH119: 0.05863
A120: RKI000:na_WindHuffPuff | B120: Wind | C120: 0.000172 | D120: 0.000174 | E120: 0.000173 | F120: 0.000171 | G120: 0.00017 | H120: 0.000165 | I120: 0.000164 | J120: 0.000163 | K120: 0.000163 | L120: 0.000162 | M120: 0.000162 | N120: 0.000162 | O120: 0.000162 | P120: 0.000161 | Q120: 0.000161 | R120: 0.000161 | S120: 0.000161 | T120: 0.000161 | U120: 0.00016 | V120: 0.000161 | W120: 0.000162 | X120: 0.000163 | Y120: 0.000165 | Z120: 0.000167 | AA120: 0.000169 | AB120: 0.00017 | AC120: 0.000172 | AD120: 0.000174 | AE120: 0.000176 | AF120: 0.000178 | AG120: 0.00018 | AH120: 0.001374
A121: RKI000:na_Total | B121: Total | C121: 0.279824 | D121: 0.320717 | E121: 0.353618 | F121: 0.38002 | G121: 0.408177 | H121: 0.43099 | I121: 0.457277 | J121: 0.486734 | K121: 0.517189 | L121: 0.546699 | M121: 0.580583 | N121: 0.61257 | O121: 0.643348 | P121: 0.674932 | Q121: 0.708495 | R121: 0.743028 | S121: 0.778929 | T121: 0.817367 | U121: 0.85012 | V121: 0.888125 | W121: 0.926537 | X121: 0.96557 | Y121: 1.005617 | Z121: 1.045633 | AA121: 1.08652 | AB121: 1.126142 | AC121: 1.167511 | AD121: 1.21296 | AE121: 1.255891 | AF121: 1.298339 | AG121: 1.344705 | AH121: 0.053719
B123: Heating Degree Days
A124: RKI000:hdd_NewEngland | B124: New England | C124: 5958 | D124: 6244 | E124: 6198 | F124: 6187 | G124: 6176 | H124: 6165 | I124: 6153 | J124: 6142 | K124: 6130 | L124: 6118 | M124: 6107 | N124: 6095 | O124: 6083 | P124: 6071 | Q124: 6059 | R124: 6048 | S124: 6036 | T124: 6024 | U124: 6012 | V124: 6000 | W124: 5988 | X124: 5976 | Y124: 5964 | Z124: 5952 | AA124: 5940 | AB124: 5929 | AC124: 5917 | AD124: 5905 | AE124: 5893 | AF124: 5881 | AG124: 5869 | AH124: -0.000502
A125: RKI000:hdd_MiddleAtlant | B125: Middle Atlantic | C125: 5371 | D125: 5595 | E125: 5569 | F125: 5558 | G125: 5548 | H125: 5538 | I125: 5528 | J125: 5517 | K125: 5507 | L125: 5497 | M125: 5487 | N125: 5477 | O125: 5467 | P125: 5457 | Q125: 5446 | R125: 5436 | S125: 5426 | T125: 5416 | U125: 5406 | V125: 5396 | W125: 5386 | X125: 5376 | Y125: 5366 | Z125: 5355 | AA125: 5345 | AB125: 5335 | AC125: 5325 | AD125: 5315 | AE125: 5305 | AF125: 5295 | AG125: 5285 | AH125: -0.000538
A126: RKI000:hdd_EastNorthCen | B126: East North Central | C126: 6000 | D126: 6217 | E126: 6172 | F126: 6167 | G126: 6163 | H126: 6159 | I126: 6155 | J126: 6151 | K126: 6147 | L126: 6143 | M126: 6138 | N126: 6134 | O126: 6130 | P126: 6126 | Q126: 6122 | R126: 6118 | S126: 6114 | T126: 6109 | U126: 6105 | V126: 6101 | W126: 6097 | X126: 6093 | Y126: 6089 | Z126: 6084 | AA126: 6080 | AB126: 6076 | AC126: 6072 | AD126: 6068 | AE126: 6064 | AF126: 6059 | AG126: 6055 | AH126: 0.000304
A127: RKI000:hdd_WestNorthCen | B127: West North Central | C127: 6410 | D127: 6529 | E127: 6490 | F127: 6489 | G127: 6487 | H127: 6485 | I127: 6483 | J127: 6481 | K127: 6479 | L127: 6477 | M127: 6474 | N127: 6472 | O127: 6470 | P127: 6467 | Q127: 6465 | R127: 6462 | S127: 6459 | T127: 6457 | U127: 6454 | V127: 6451 | W127: 6449 | X127: 6446 | Y127: 6443 | Z127: 6440 | AA127: 6437 | AB127: 6434 | AC127: 6431 | AD127: 6428 | AE127: 6426 | AF127: 6423 | AG127: 6420 | AH127: 5.2e-05
A128: RKI000:hdd_SouthAtlantc | B128: South Atlantic | C128: 2335 | D128: 2486 | E128: 2520 | F128: 2511 | G128: 2503 | H128: 2495 | I128: 2487 | J128: 2479 | K128: 2471 | L128: 2463 | M128: 2455 | N128: 2448 | O128: 2440 | P128: 2432 | Q128: 2424 | R128: 2417 | S128: 2409 | T128: 2401 | U128: 2393 | V128: 2385 | W128: 2378 | X128: 2370 | Y128: 2362 | Z128: 2355 | AA128: 2347 | AB128: 2339 | AC128: 2332 | AD128: 2324 | AE128: 2316 | AF128: 2309 | AG128: 2301 | AH128: -0.000489
A129: RKI000:hdd_EastSouthCen | B129: East South Central | C129: 3119 | D129: 3304 | E129: 3319 | F129: 3314 | G129: 3310 | H129: 3306 | I129: 3302 | J129: 3297 | K129: 3293 | L129: 3288 | M129: 3284 | N129: 3280 | O129: 3275 | P129: 3271 | Q129: 3266 | R129: 3262 | S129: 3257 | T129: 3252 | U129: 3248 | V129: 3243 | W129: 3238 | X129: 3234 | Y129: 3229 | Z129: 3224 | AA129: 3220 | AB129: 3215 | AC129: 3210 | AD129: 3206 | AE129: 3201 | AF129: 3196 | AG129: 3191 | AH129: 0.000761
A130: RKI000:hdd_WestSouthCen | B130: West South Central | C130: 1829 | D130: 1910 | E130: 2015 | F130: 2009 | G130: 2004 | H130: 1999 | I130: 1994 | J130: 1988 | K130: 1983 | L130: 1978 | M130: 1973 | N130: 1967 | O130: 1962 | P130: 1957 | Q130: 1952 | R130: 1947 | S130: 1942 | T130: 1937 | U130: 1932 | V130: 1927 | W130: 1922 | X130: 1917 | Y130: 1912 | Z130: 1907 | AA130: 1902 | AB130: 1897 | AC130: 1892 | AD130: 1887 | AE130: 1882 | AF130: 1877 | AG130: 1873 | AH130: 0.000793
...

Sheet AEO 2026 Table 4
A1: Table 4. Residential Sector Key Indicators and Consumption
A2: https://www.eia.gov/outlooks/aeo/data/browser/#/?id=4-AEO2026&cases=electrnp&sourcekey=0
A3: Thu Apr 23 2026 14:30:24 GMT-0700 (Pacific Daylight Time)
A4: Source: U.S. Energy Information Administration
B5: full name | C5: api key | D5: units | E5: 2025 | F5: 2026 | G5: 2027 | H5: 2028 | I5: 2029 | J5: 2030 | K5: 2031 | L5: 2032 | M5: 2033 | N5: 2034 | O5: 2035 | P5: 2036 | Q5: 2037 | R5: 2038 | S5: 2039 | T5: 2040 | U5: 2041 | V5: 2042 | W5: 2043 | X5: 2044 | Y5: 2045 | Z5: 2046 | AA5: 2047 | AB5: 2048 | AC5: 2049 | AD5: 2050 | AE5: Growth (2025-2050)
A6: Key Indicators
A7: Households (millions)
A8: Single-Family | B8: Residential: Key Indicators: Households: Single-Family: Alternative Electricity and Transportation | C8: AEO.2026.ELECTRNP.KEI_HHD_RESD_SFR_NA_NA_USA_MILL.A | D8: millions | E8: 89.551808 | F8: 90.49932 | G8: 91.445952 | H8: 92.375528 | I8: 93.308328 | J8: 94.24312 | K8: 95.158208 | L8: 96.071576 | M8: 96.973696 | N8: 97.85328 | O8: 98.71644 | P8: 99.555664 | Q8: 100.3796 | R8: 101.17977 | S8: 101.94854 | T8: 102.6897 | U8: 103.40026 | V8: 104.0939 | W8: 104.76102 | X8: 105.40485 | Y8: 106.04946 | Z8: 106.69842 | AA8: 107.34532 | AB8: 107.99104 | AC8: 108.63598 | AD8: 109.28382 | AE8: 0.008
A9: Multifamily | B9: Residential: Key Indicators: Households: Multifamily: Alternative Electricity and Transportation | C9: AEO.2026.ELECTRNP.KEI_HHD_RESD_MFR_NA_NA_USA_MILL.A | D9: millions | E9: 34.432312 | F9: 34.836668 | G9: 35.242792 | H9: 35.639104 | I9: 36.037196 | J9: 36.453672 | K9: 36.90364 | L9: 37.355532 | M9: 37.797056 | N9: 38.222764 | O9: 38.636756 | P9: 39.039476 | Q9: 39.397844 | R9: 39.73052 | S9: 40.040472 | T9: 40.33182 | U9: 40.601424 | V9: 40.85396 | W9: 41.099856 | X9: 41.347656 | Y9: 41.597008 | Z9: 41.846876 | AA9: 42.095096 | AB9: 42.342736 | AC9: 42.590232 | AD9: 42.838628 | AE9: 0.009
A10: Mobile Homes | B10: Residential: Key Indicators: Households: Mobile Homes: Alternative Electricity and Transportation | C10: AEO.2026.ELECTRNP.KEI_HHD_RESD_MBH_NA_NA_USA_MILL.A | D10: millions | E10: 6.745095 | F10: 6.759423 | G10: 6.806991 | H10: 6.858165 | I10: 6.903711 | J10: 6.913014 | K10: 6.915089 | L10: 6.918252 | M10: 6.921087 | N10: 6.923413 | O10: 6.926996 | P10: 6.931356 | Q10: 6.932999 | R10: 6.932745 | S10: 6.927611 | T10: 6.924169 | U10: 6.922683 | V10: 6.921756 | W10: 6.922089 | X10: 6.924877 | Y10: 6.929586 | Z10: 6.934404 | AA10: 6.93933 | AB10: 6.943018 | AC10: 6.946523 | AD10: 6.950291 | AE10: 0.001
A11: Total | B11: Residential: Key Indicators: Households: Total: Alternative Electricity and Transportation | C11: AEO.2026.ELECTRNP.KEI_HHD_RESD_TEN_NA_NA_USA_MILL.A | D11: millions | E11: 130.72922 | F11: 132.09541 | G11: 133.49573 | H11: 134.8728 | I11: 136.24923 | J11: 137.60981 | K11: 138.97694 | L11: 140.34536 | M11: 141.69184 | N11: 142.99946 | O11: 144.28019 | P11: 145.5265 | Q11: 146.71044 | R11: 147.84303 | S11: 148.91662 | T11: 149.94569 | U11: 150.92436 | V11: 151.86962 | W11: 152.78297 | X11: 153.67738 | Y11: 154.57605 | Z11: 155.4797 | AA11: 156.37975 | AB11: 157.27679 | AC11: 158.17273 | AD11: 159.07273 | AE11: 0.008
A12: Average House Square Footage | B12: Residential: Key Indicators: Average House Square Footage: Alternative Electricity and Transportation | C12: AEO.2026.ELECTRNP.KEI_HHD_RESD_NA_NA_NA_USA_SQFT.A | D12: sq ft | E12: 1648.5809 | F12: 1653.8009 | G12: 1658.7534 | H12: 1663.6196 | I12: 1668.3839 | J12: 1673.0569 | K12: 1677.3986 | L12: 1681.6154 | M12: 1685.7919 | N12: 1689.9557 | O12: 1694.0829 | P12: 1698.1729 | Q12: 1702.4686 | R12: 1706.8398 | S12: 1711.274 | T12: 1715.7278 | U12: 1720.2239 | V12: 1724.7522 | W12: 1729.2341 | X12: 1733.6156 | Y12: 1737.9188 | Z12: 1742.1624 | AA12: 1746.3572 | AB12: 1750.5023 | AC12: 1754.593 | AD12: 1758.624 | AE12: 0.003
A13: Energy Intensity
A14: (MMBtu per household)
A15: Gross End-use Consumption | B15: Residential: Household Energy Intensity: Gross End-use Consumption: Alternative Electricity and Transportation | C15: AEO.2026.ELECTRNP.INY_HHD_RESD_DELE_NA_NA_USA_MILLBTUPHOSD.A | D15: MMBtu/household | E15: 89.060958 | F15: 86.654179 | G15: 85.803576 | H15: 85.129928 | I15: 84.070611 | J15: 82.772625 | K15: 81.43822 | L15: 80.199732 | M15: 79.037515 | N15: 78.012084 | O15: 77.086948 | P15: 76.247253 | Q15: 75.471804 | R15: 74.779412 | S15: 74.147297 | T15: 73.529513 | U15: 72.98766 | V15: 72.550301 | W15: 72.19137 | X15: 71.873314 | Y15: 71.554366 | Z15: 71.242594 | AA15: 70.912942 | AB15: 70.590441 | AC15: 70.298459 | AD15: 70.025753 | AE15: -0.01
A16: Delivered Energy Consumption | B16: Residential: Household Energy Intensity: Delivered Energy Consumption: Alternative Electricity and Transportation | C16: AEO.2026.ELECTRNP.INY_HHD_RESD_TEN_NA_NA_USA_MILLBTUPHOSD.A | D16: MMBtu/household | E16: 87.644801 | F16: 85.169031 | G16: 84.24495 | H16: 83.496612 | I16: 82.368483 | J16: 80.999154 | K16: 79.589086 | L16: 78.275952 | M16: 77.036292 | N16: 75.928768 | O16: 74.916513 | P16: 73.985585 | Q16: 73.112308 | R16: 72.31741 | S16: 71.577848 | T16: 70.8491 | U16: 70.192104 | V16: 69.636396 | W16: 69.156582 | X16: 68.713555 | Y16: 68.267577 | Z16: 67.825555 | AA16: 67.362432 | AB16: 66.902169 | AC16: 66.470931 | AD16: 66.055663 | AE16: -0.011
A17: (thousand Btu per square foot)
A18: Gross End-use Consumption | B18: Residential: Energy Intensity per Square Foot: Gross End-use Consumption: Alternative Electricity and Transportation | C18: AEO.2026.ELECTRNP.INY_HHD_RESD_DELE_NA_NA_USA_THBTUPSQFT.A | D18: thousand Btu/sq ft | E18: 54.0228 | F18: 52.396983 | G18: 51.727746 | H18: 51.17151 | I18: 50.390447 | J18: 49.473886 | K18: 48.55031 | L18: 47.692079 | M18: 46.884504 | N18: 46.162207 | O18: 45.503646 | P18: 44.899583 | Q18: 44.330805 | R18: 43.811616 | S18: 43.32871 | T18: 42.856165 | U18: 42.429164 | V18: 42.064188 | W18: 41.747597 | X18: 41.458622 | Y18: 41.172444 | Z18: 40.8932 | AA18: 40.606208 | AB18: 40.32582 | AC18: 40.065393 | AD18: 39.81849 | AE18: -0.012
A19: Delivered Energy Consumption | B19: Residential: Energy Intensity per Square Foot: Delivered Energy Consumption: Alternative Electricity and Transportation | C19: AEO.2026.ELECTRNP.INY_HHD_RESD_TEN_NA_NA_USA_THBTUPSQFT.A | D19: thousand Btu/sq ft | E19: 53.163785 | F19: 51.498963 | G19: 50.788109 | H19: 50.189725 | I19: 49.370221 | J19: 48.413867 | K19: 47.447928 | L19: 46.548072 | M19: 45.697392 | N19: 44.929443 | O19: 44.22246 | P19: 43.567759 | Q19: 42.944878 | R19: 42.369183 | S19: 41.827227 | T19: 41.293905 | U19: 40.804052 | V19: 40.374725 | W19: 39.992608 | X19: 39.635981 | Y19: 39.281223 | Z19: 38.931822 | AA19: 38.573113 | AB19: 38.21884 | AC19: 37.88396 | AD19: 37.560992 | AE19: -0.014
A20: Energy Consumption by Fuel
A21: Electricity
A22: Space Heating | B22: Residential: Electricity: Space Heating: Alternative Electricity and Transportation | C22: AEO.2026.ELECTRNP.CNSM_HHD_RESD_SPH_ELC_NA_USA_QBTU.A | D22: quads | E22: 0.594987 | F22: 0.565591 | G22: 0.56617 | H22: 0.56695 | I22: 0.565817 | J22: 0.562275 | K22: 0.557641 | L22: 0.553019 | M22: 0.548665 | N22: 0.544101 | O22: 0.539627 | P22: 0.535383 | Q22: 0.530849 | R22: 0.526527 | S22: 0.522045 | T22: 0.517517 | U22: 0.512782 | V22: 0.508507 | W22: 0.504388 | X22: 0.500026 | Y22: 0.495959 | Z22: 0.491539 | AA22: 0.48666 | AB22: 0.481831 | AC22: 0.477193 | AD22: 0.472459 | AE22: -0.009
A23: Space Cooling | B23: Residential: Electricity: Space Cooling: Alternative Electricity and Transportation | C23: AEO.2026.ELECTRNP.CNSM_NA_RESD_SPC_ELC_NA_USA_QBTU.A | D23: quads | E23: 0.924574 | F23: 0.983886 | G23: 0.997782 | H23: 1.011565 | I23: 1.022745 | J23: 1.029994 | K23: 1.036595 | L23: 1.044131 | M23: 1.052389 | N23: 1.061989 | O23: 1.072572 | P23: 1.084402 | Q23: 1.097 | R23: 1.11012 | S23: 1.123595 | T23: 1.137956 | U23: 1.153139 | V23: 1.170164 | W23: 1.188274 | X23: 1.206452 | Y23: 1.225277 | Z23: 1.243111 | AA23: 1.260267 | AB23: 1.276902 | AC23: 1.294258 | AD23: 1.31138 | AE23: 0.014
A24: Water Heating | B24: Residential: Electricity: Water Heating: Alternative Electricity and Transportation | C24: AEO.2026.ELECTRNP.CNSM_NA_RESD_WTHT_ELC_NA_USA_QBTU.A | D24: quads | E24: 0.452529 | F24: 0.444829 | G24: 0.439241 | H24: 0.434669 | I24: 0.417931 | J24: 0.396813 | K24: 0.37455 | L24: 0.353889 | M24: 0.334859 | N24: 0.31755 | O24: 0.301886 | P24: 0.288067 | Q24: 0.276008 | R24: 0.265726 | S24: 0.257168 | T24: 0.250335 | U24: 0.24518 | V24: 0.24183 | W24: 0.240263 | X24: 0.238624 | Y24: 0.236984 | Z24: 0.235242 | AA24: 0.233407 | AB24: 0.23158 | AC24: 0.229981 | AD24: 0.228558 | AE24: -0.027
A25: Refrigeration | B25: Residential: Electricity: Refrigeration: Alternative Electricity and Transportation | C25: AEO.2026.ELECTRNP.CNSM_NA_RESD_REFR_ELC_NA_USA_QBTU.A | D25: quads | E25: 0.349563 | F25: 0.348527 | G25: 0.347433 | H25: 0.346209 | I25: 0.345259 | J25: 0.342024 | K25: 0.33903 | L25: 0.336304 | M25: 0.333799 | N25: 0.331468 | O25: 0.329366 | P25: 0.327653 | Q25: 0.326343 | R25: 0.325461 | S25: 0.32499 | T25: 0.324938 | U25: 0.325294 | V25: 0.326072 | W25: 0.327281 | X25: 0.328913 | Y25: 0.33105 | Z25: 0.333714 | AA25: 0.336865 | AB25: 0.340006 | AC25: 0.343129 | AD25: 0.346229 | AE25: 0
A26: Cooking | B26: Residential: Electricity: Cooking: Alternative Electricity and Transportation | C26: AEO.2026.ELECTRNP.CNSM_NA_RESD_CGR_ELC_NA_USA_QBTU.A | D26: quads | E26: 0.068362 | F26: 0.069242 | G26: 0.07015 | H26: 0.071053 | I26: 0.07196 | J26: 0.07286 | K26: 0.07377 | L26: 0.074686 | M26: 0.075595 | N26: 0.076502 | O26: 0.077415 | P26: 0.078332 | Q26: 0.079236 | R26: 0.080074 | S26: 0.080823 | T26: 0.081486 | U26: 0.082052 | V26: 0.082525 | W26: 0.082965 | X26: 0.083381 | Y26: 0.083789 | Z26: 0.084191 | AA26: 0.084584 | AB26: 0.084967 | AC26: 0.085342 | AD26: 0.085709 | AE26: 0.009
A27: Clothes Dryers | B27: Residential: Electricity: Clothes Dryers: Alternative Electricity and Transportation | C27: AEO.2026.ELECTRNP.CNSM_NA_RESD_CDR_ELC_NA_USA_QBTU.A | D27: quads | E27: 0.190333 | F27: 0.190841 | G27: 0.191803 | H27: 0.193076 | I27: 0.193741 | J27: 0.193361 | K27: 0.192361 | L27: 0.191029 | M27: 0.19012 | N27: 0.1896 | O27: 0.189483 | P27: 0.189817 | Q27: 0.190518 | R27: 0.191708 | S27: 0.19336 | T27: 0.195529 | U27: 0.198302 | V27: 0.20107 | W27: 0.20391 | X27: 0.206758 | Y27: 0.209611 | Z27: 0.212328 | AA27: 0.214859 | AB27: 0.217261 | AC27: 0.21971 | AD27: 0.222073 | AE27: 0.006
A28: Freezers | B28: Residential: Electricity: Freezers: Alternative Electricity and Transportation | C28: AEO.2026.ELECTRNP.CNSM_NA_RESD_FRZ_ELC_NA_USA_QBTU.A | D28: quads | E28: 0.079278 | F28: 0.079241 | G28: 0.079217 | H28: 0.07916 | I28: 0.079073 | J28: 0.07857 | K28: 0.078007 | L28: 0.077404 | M28: 0.076823 | N28: 0.076257 | O28: 0.075716 | P28: 0.075195 | Q28: 0.074693 | R28: 0.074214 | S28: 0.073757 | T28: 0.073328 | U28: 0.072937 | V28: 0.072586 | W28: 0.072278 | X28: 0.072012 | Y28: 0.071802 | Z28: 0.07166 | AA28: 0.071579 | AB28: 0.071571 | AC28: 0.071643 | AD28: 0.0718 | AE28: -0.004
A29: Lighting | B29: Residential: Electricity: Lighting: Alternative Electricity and Transportation | C29: AEO.2026.ELECTRNP.CNSM_NA_RESD_LGHTNG_ELC_NA_USA_QBTU.A | D29: quads | E29: 0.182847 | F29: 0.182216 | G29: 0.183569 | H29: 0.18564 | I29: 0.187439 | J29: 0.186994 | K29: 0.186424 | L29: 0.186261 | M29: 0.186404 | N29: 0.186742 | O29: 0.187215 | P29: 0.187754 | Q29: 0.188226 | R29: 0.188723 | S29: 0.1894 | T29: 0.187035 | U29: 0.185089 | V29: 0.183691 | W29: 0.182846 | X29: 0.182477 | Y29: 0.182384 | Z29: 0.18231 | AA29: 0.182202 | AB29: 0.182192 | AC29: 0.182375 | AD29: 0.182588 | AE29: 0
A30: Clothes Washers | B30: Residential: Electricity: Clothes Washers: Alternative Electricity and Transportation | C30: AEO.2026.ELECTRNP.CNSM_NA_RESD_CLW_ELC_NA_USA_QBTU.A | D30: quads | E30: 0.040723 | F30: 0.039741 | G30: 0.03875 | H30: 0.037583 | I30: 0.036385 | J30: 0.034992 | K30: 0.03354 | L30: 0.032 | M30: 0.030665 | N30: 0.029534 | O30: 0.028609 | P30: 0.027904 | Q30: 0.027429 | R30: 0.02721 | S30: 0.027261 | T30: 0.027311 | U30: 0.027362 | V30: 0.02742 | W30: 0.027486 | X30: 0.027564 | Y30: 0.027658 | Z30: 0.027768 | AA30: 0.02789 | AB30: 0.028024 | AC30: 0.028167 | AD30: 0.028319 | AE30: -0.014
A31: Dishwashers | B31: Residential: Electricity: Dishwashers: Alternative Electricity and Transportation | C31: AEO.2026.ELECTRNP.CNSM_NA_RESD_DSW_ELC_NA_USA_QBTU.A | D31: quads | E31: 0.037162 | F31: 0.038076 | G31: 0.03836 | H31: 0.038523 | I31: 0.038637 | J31: 0.038703 | K31: 0.03872 | L31: 0.038689 | M31: 0.038734 | N31: 0.038861 | O31: 0.039071 | P31: 0.039371 | Q31: 0.039764 | R31: 0.040262 | S31: 0.040872 | T31: 0.041477 | U31: 0.042076 | V31: 0.042674 | W31: 0.043273 | X31: 0.043876 | Y31: 0.044488 | Z31: 0.045111 | AA31: 0.045741 | AB31: 0.046379 | AC31: 0.047023 | AD31: 0.047676 | AE31: 0.01
A32: Televisions and Related Equipment | B32: Residential: Electricity: Televisions: Alternative Electricity and Transportation | C32: AEO.2026.ELECTRNP.CNSM_NA_RESD_TVR_ELC_NA_USA_QBTU.A | D32: quads | E32: 0.124839 | F32: 0.122177 | G32: 0.119963 | H32: 0.118088 | I32: 0.116097 | J32: 0.113806 | K32: 0.111516 | L32: 0.109399 | M32: 0.107489 | N32: 0.105735 | O32: 0.104144 | P32: 0.102719 | Q32: 0.101411 | R32: 0.100273 | S32: 0.099267 | T32: 0.098398 | U32: 0.097694 | V32: 0.097154 | W32: 0.096815 | X32: 0.096643 | Y32: 0.096638 | Z32: 0.096759 | AA32: 0.096903 | AB32: 0.097108 | AC32: 0.097404 | AD32: 0.097758 | AE32: -0.01
A33: Computers and Related Equipment | B33: Residential: Electricity: Computers: Alternative Electricity and Transportation | C33: AEO.2026.ELECTRNP.CNSM_NA_RESD_CMPR_ELC_NA_USA_QBTU.A | D33: quads | E33: 0.097012 | F33: 0.095324 | G33: 0.093865 | H33: 0.092524 | I33: 0.090934 | J33: 0.088982 | K33: 0.086906 | L33: 0.084865 | M33: 0.082885 | N33: 0.080946 | O33: 0.079062 | P33: 0.07725 | Q33: 0.075484 | R33: 0.073799 | S33: 0.072189 | T33: 0.070667 | U33: 0.069258 | V33: 0.06799 | W33: 0.066879 | X33: 0.065919 | Y33: 0.065114 | Z33: 0.064456 | AA33: 0.063893 | AB33: 0.063459 | AC33: 0.063206 | AD33: 0.063082 | AE33: -0.017
... A39: Purchased Electricity at Residential Location | B39: Residential: Electricity: Purchased Electricity at Residential Location: Alternative Electricity and Transportation | C39: AEO.2026.ELECTRNP.CNSM_NA_RESD_PURCHELEC_ELC_NA_USA_QBTU.A | D39: quads | E39: 5.216623 | F39: 5.257673 | G39: 5.182968 | H39: 5.247639 | I39: 5.291314 | J39: 5.309832 | K39: 5.3177 | L39: 5.32703 | M39: 5.34066 | N39: 5.361271 | O39: 5.386619 | P39: 5.416244 | Q39: 5.448967 | R39: 5.485255 | S39: 5.522946 | T39: 5.555702 | U39: 5.592755 | V39: 5.63542 | W39: 5.683198 | X39: 5.73157 | Y39: 5.777129 | Z39: 5.824309 | AA39: 5.868561 | AB39: 5.911637 | AC39: 5.95669 | AD39: 6.00164 | AE39: 0.006
A40: Natural Gas
A41: Space Heating | B41: Residential: Natural Gas: Space Heating: Alternative Electricity and Transportation | C41: AEO.2026.ELECTRNP.CNSM_NA_RESD_SPH_NG_NA_USA_QBTU.A | D41: quads | E41: 3.118029 | F41: 2.929732 | G41: 3.047068 | H41: 3.028339 | I41: 2.991961 | J41: 2.947513 | K41: 2.90039 | L41: 2.856502 | M41: 2.813128 | N41: 2.772394 | O41: 2.732819 | P41: 2.695713 | Q41: 2.658051 | R41: 2.62224 | S41: 2.587139 | T41: 2.553313 | U41: 2.519939 | V41: 2.490338 | W41: 2.462606 | X41: 2.436644 | Y41: 2.412093 | Z41: 2.386654 | AA41: 2.359964 | AB41: 2.333602 | AC41: 2.307677 | AD41: 2.28263 | AE41: -0.012
A42: Space Cooling | B42: Residential: Natural Gas: Space Cooling: Alternative Electricity and Transportation | C42: AEO.2026.ELECTRNP.CNSM_NA_RESD_SPC_NG_NA_USA_QBTU.A | D42: quads | E42: 0.058598 | F42: 0.062155 | G42: 0.06259 | H42: 0.062752 | I42: 0.062711 | J42: 0.062576 | K42: 0.062453 | L42: 0.06243 | M42: 0.062446 | N42: 0.062545 | O42: 0.062667 | P42: 0.062853 | Q42: 0.06307 | R42: 0.063308 | S42: 0.063572 | T42: 0.063894 | U42: 0.064259 | V42: 0.064725 | W42: 0.065211 | X42: 0.065681 | Y42: 0.066162 | Z42: 0.066587 | AA42: 0.066993 | AB42: 0.067365 | AC42: 0.067759 | AD42: 0.068145 | AE42: 0.006
A43: Water Heating | B43: Residential: Natural Gas: Water Heating: Alternative Electricity and Transportation | C43: AEO.2026.ELECTRNP.CNSM_NA_RESD_WTHT_NG_NA_USA_QBTU.A | D43: quads | E43: 1.024266 | F43: 1.035179 | G43: 1.045421 | H43: 1.055186 | I43: 1.053344 | J43: 1.049761 | K43: 1.0469 | L43: 1.0452 | M43: 1.042567 | N43: 1.041999 | O43: 1.043007 | P43: 1.043505 | Q43: 1.043021 | R43: 1.042215 | S43: 1.04091 | T43: 1.039289 | U43: 1.037016 | V43: 1.034723 | W43: 1.032111 | X43: 1.029129 | Y43: 1.025429 | Z43: 1.020672 | AA43: 1.015129 | AB43: 1.009384 | AC43: 1.003914 | AD43: 0.99913 | AE43: -0.001
A44: Cooking | B44: Residential: Natural Gas: Cooking: Alternative Electricity and Transportation | C44: AEO.2026.ELECTRNP.CNSM_NA_RESD_CGR_NG_NA_USA_QBTU.A | D44: quads | E44: 0.077268 | F44: 0.077256 | G44: 0.077247 | H44: 0.077222 | I44: 0.077195 | J44: 0.077167 | K44: 0.077124 | L44: 0.077065 | M44: 0.077006 | N44: 0.07697 | O44: 0.076962 | P44: 0.076991 | Q44: 0.07706 | R44: 0.077217 | S44: 0.077432 | T44: 0.077712 | U44: 0.078045 | V44: 0.07843 | W44: 0.078816 | X44: 0.079203 | Y44: 0.079599 | Z44: 0.080006 | AA44: 0.080424 | AB44: 0.080855 | AC44: 0.081299 | AD44: 0.081761 | AE44: 0.002
A45: Clothes Dryers | B45: Residential: Natural Gas: Clothes Dryers: Alternative Electricity and Transportation | C45: AEO.2026.ELECTRNP.CNSM_NA_RESD_CDR_NG_NA_USA_QBTU.A | D45: quads | E45: 0.039574 | F45: 0.040284 | G45: 0.04092 | H45: 0.041544 | I45: 0.042109 | J45: 0.042643 | K45: 0.043187 | L45: 0.043759 | M45: 0.044208 | N45: 0.044701 | O45: 0.045238 | P45: 0.045826 | Q45: 0.046396 | R45: 0.046978 | S45: 0.047561 | T45: 0.048146 | U45: 0.048724 | V45: 0.049352 | W45: 0.050015 | X45: 0.050707 | Y45: 0.051406 | Z45: 0.052088 | AA45: 0.052756 | AB45: 0.053424 | AC45: 0.0541 | AD45: 0.054789 | AE45: 0.013
A46: Other Uses | B46: Residential: Natural Gas: Other Uses: Alternative Electricity and Transportation | C46: AEO.2026.ELECTRNP.CNSM_NA_RESD_OTHU_NG_NA_USA_QBTU.A | D46: quads | E46: 0.608346 | F46: 0.611666 | G46: 0.613946 | H46: 0.615014 | I46: 0.61462 | J46: 0.613215 | K46: 0.611575 | L46: 0.61025 | M46: 0.608433 | N46: 0.607088 | O46: 0.6059 | P46: 0.605091 | Q46: 0.604134 | R46: 0.603321 | S46: 0.602556 | T46: 0.601908 | U46: 0.601365 | V46: 0.601209 | W46: 0.601296 | X46: 0.601583 | Y46: 0.601791 | Z46: 0.601659 | AA46: 0.60125 | AB46: 0.600759 | AC46: 0.600295 | AD46: 0.599917 | AE46: -0.001
A47: Delivered Energy | B47: Residential: Natural Gas: Delivered Energy: Alternative Electricity and Transportation | C47: AEO.2026.ELECTRNP.CNSM_NA_RESD_DELE_NG_NA_USA_QBTU.A | D47: quads | E47: 4.92608 | F47: 4.756272 | G47: 4.887193 | H47: 4.880057 | I47: 4.841941 | J47: 4.792875 | K47: 4.741629 | L47: 4.695206 | M47: 4.647789 | N47: 4.605699 | O47: 4.566593 | P47: 4.529979 | Q47: 4.491732 | R47: 4.45528 | S47: 4.419171 | T47: 4.384261 | U47: 4.349348 | V47: 4.318778 | W47: 4.290055 | X47: 4.262946 | Y47: 4.23648 | Z47: 4.207667 | AA47: 4.176517 | AB47: 4.145389 | AC47: 4.115045 | AD47: 4.086372 | AE47: -0.007
A48: Distillate Fuel Oil
A49: Space Heating | B49: Residential: Distillate Fuel Oil: Space Heating: Alternative Electricity and Transportation | C49: AEO.2026.ELECTRNP.CNSM_NA_RESD_SPH_DFO_NA_USA_QBTU.A | D49: quads | E49: 0.425368 | F49: 0.409161 | G49: 0.404818 | H49: 0.398429 | I49: 0.391596 | J49: 0.385418 | K49: 0.37914 | L49: 0.373178 | M49: 0.36729 | N49: 0.361877 | O49: 0.356548 | P49: 0.351436 | Q49: 0.346478 | R49: 0.341706 | S49: 0.337111 | T49: 0.332576 | U49: 0.328081 | V49: 0.323778 | W49: 0.319534 | X49: 0.315427 | Y49: 0.311371 | Z49: 0.307402 | AA49: 0.303418 | AB49: 0.299459 | AC49: 0.295523 | AD49: 0.291729 | AE49: -0.015
A50: Water Heating | B50: Residential: Distillate Fuel Oil: Water Heating: Alternative Electricity and Transportation | C50: AEO.2026.ELECTRNP.CNSM_NA_RESD_WTHT_DFO_NA_USA_QBTU.A | D50: quads | E50: 0.037857 | F50: 0.035875 | G50: 0.033765 | H50: 0.03176 | I50: 0.029822 | J50: 0.028183 | K50: 0.026771 | L50: 0.025623 | M50: 0.024712 | N50: 0.024075 | O50: 0.023676 | P50: 0.023234 | Q50: 0.022778 | R50: 0.022309 | S50: 0.021834 | T50: 0.021354 | U50: 0.020862 | V50: 0.020367 | W50: 0.01987 | X50: 0.019372 | Y50: 0.01887 | Z50: 0.018372 | AA50: 0.017881 | AB50: 0.017401 | AC50: 0.01694 | AD50: 0.016509 | AE50: -0.033
A51: Other Uses | B51: Residential: Distillate Fuel Oil: Other Uses: Alternative Electricity and Transportation | C51: AEO.2026.ELECTRNP.CNSM_NA_RESD_OTHU_DFO_NA_USA_QBTU.A | D51: quads | E51: 0.026055 | F51: 0.026324 | G51: 0.026369 | H51: 0.02631 | I51: 0.026206 | J51: 0.026145 | K51: 0.026071 | L51: 0.02601 | M51: 0.025943 | N51: 0.025899 | O51: 0.025849 | P51: 0.025803 | Q51: 0.025762 | R51: 0.025724 | S51: 0.02569 | T51: 0.025657 | U51: 0.025618 | V51: 0.025583 | W51: 0.025549 | X51: 0.025516 | Y51: 0.025477 | Z51: 0.025438 | AA51: 0.025396 | AB51: 0.025351 | AC51: 0.025306 | AD51: 0.025271 | AE51: -0.001
A52: Delivered Energy | B52: Residential: Distillate Fuel Oil: Delivered Energy: Alternative Electricity and Transportation | C52: AEO.2026.ELECTRNP.CNSM_NA_RESD_NA_DFO_NA_USA_QBTU.A | D52: quads | E52: 0.48928 | F52: 0.47136 | G52: 0.464952 | H52: 0.4565 | I52: 0.447624 | J52: 0.439746 | K52: 0.431983 | L52: 0.424812 | M52: 0.417945 | N52: 0.411851 | O52: 0.406073 | P52: 0.400473 | Q52: 0.395019 | R52: 0.389742 | S52: 0.38464 | T52: 0.379595 | U52: 0.374572 | V52: 0.369741 | W52: 0.364969 | X52: 0.360335 | Y52: 0.35574 | Z52: 0.351238 | AA52: 0.346724 | AB52: 0.342244 | AC52: 0.337805 | AD52: 0.333547 | AE52: -0.015
A53: Propane
A54: Space Heating | B54: Residential: Propane: Space Heating: Alternative Electricity and Transportation | C54: AEO.2026.ELECTRNP.CNSM_NA_RESD_SPH_PROP_NA_USA_QBTU.A | D54: quads | E54: 0.377521 | F54: 0.363123 | G54: 0.341202 | H54: 0.338581 | I54: 0.334098 | J54: 0.32857 | K54: 0.322221 | L54: 0.315948 | M54: 0.309981 | N54: 0.304522 | O54: 0.299477 | P54: 0.294769 | Q54: 0.290234 | R54: 0.285864 | S54: 0.281613 | T54: 0.277603 | U54: 0.273848 | V54: 0.27052 | W54: 0.267547 | X54: 0.264858 | Y54: 0.262357 | Z54: 0.25988 | AA54: 0.25727 | AB54: 0.25462 | AC54: 0.251971 | AD54: 0.249379 | AE54: -0.016
A55: Water Heating | B55: Residential: Propane: Water Heating: Alternative Electricity and Transportation | C55: AEO.2026.ELECTRNP.CNSM_NA_RESD_WTHT_PROP_NA_USA_QBTU.A | D55: quads | E55: 0.058525 | F55: 0.059045 | G55: 0.059788 | H55: 0.06039 | I55: 0.059603 | J55: 0.058604 | K55: 0.057557 | L55: 0.056584 | M55: 0.055702 | N55: 0.055021 | O55: 0.054534 | P55: 0.053959 | Q55: 0.053307 | R55: 0.052582 | S55: 0.051789 | T55: 0.050962 | U55: 0.050118 | V55: 0.049286 | W55: 0.048476 | X55: 0.047684 | Y55: 0.046888 | Z55: 0.04607 | AA55: 0.045236 | AB55: 0.044409 | AC55: 0.043616 | AD55: 0.042878 | AE55: -0.012
A56: Cooking | B56: Residential: Propane: Cooking: Alternative Electricity and Transportation | C56: AEO.2026.ELECTRNP.CNSM_NA_RESD_CGR_PROP_NA_USA_QBTU.A | D56: quads | E56: 0.010417 | F56: 0.010383 | G56: 0.010353 | H56: 0.010321 | I56: 0.010288 | J56: 0.010251 | K56: 0.010209 | L56: 0.010161 | M56: 0.01011 | N56: 0.010055 | O56: 0.009996 | P56: 0.009933 | Q56: 0.009865 | R56: 0.009813 | S56: 0.009777 | T56: 0.009759 | U56: 0.009759 | V56: 0.00978 | W56: 0.009799 | X56: 0.009815 | Y56: 0.00983 | Z56: 0.009844 | AA56: 0.009857 | AB56: 0.009868 | AC56: 0.009877 | AD56: 0.009886 | AE56: -0.002
A57: Other Uses | B57: Residential: Propane: Other Uses: Alternative Electricity and Transportation | C57: AEO.2026.ELECTRNP.CNSM_NA_RESD_OTHU_PROP_NA_USA_QBTU.A | D57: quads | E57: 0.078037 | F57: 0.081169 | G57: 0.084197 | H57: 0.086919 | I57: 0.089322 | J57: 0.091503 | K57: 0.0935 | L57: 0.095471 | M57: 0.09741 | N57: 0.099465 | O57: 0.101614 | P57: 0.103822 | Q57: 0.106024 | R57: 0.108216 | S57: 0.110387 | T57: 0.112575 | U57: 0.114814 | V57: 0.117152 | W57: 0.119594 | X57: 0.122121 | Y57: 0.12467 | Z57: 0.127182 | AA57: 0.129648 | AB57: 0.132094 | AC57: 0.134555 | AD57: 0.137049 | AE57: 0.023
A58: Delivered Energy | B58: Residential: Propane: Delivered Energy: Alternative Electricity and Transportation | C58: AEO.2026.ELECTRNP.CNSM_NA_RESD_DELE_PROP_NA_USA_QBTU.A | D58: quads | E58: 0.5245 | F58: 0.51372 | G58: 0.495541 | H58: 0.496211 | I58: 0.493311 | J58: 0.488928 | K58: 0.483486 | L58: 0.478163 | M58: 0.473203 | N58: 0.469062 | O58: 0.465621 | P58: 0.462483 | Q58: 0.459429 | R58: 0.456475 | S58: 0.453566 | T58: 0.450898 | U58: 0.448539 | V58: 0.446738 | W58: 0.445416 | X58: 0.444479 | Y58: 0.443746 | Z58: 0.442976 | AA58: 0.442012 | AB58: 0.440991 | AC58: 0.44002 | AD58: 0.439191 | AE58: -0.007
A59: Marketed Renewables (wood) | B59: Residential: Marketed Renewables (wood): Alternative Electricity and Transportation | C59: AEO.2026.ELECTRNP.CNSM_NA_RESD_NA_MRW_NA_USA_QBTU.A | D59: quads | E59: 0.371387 | F59: 0.342901 | G59: 0.33499 | H59: 0.331205 | I59: 0.328954 | J59: 0.323627 | K59: 0.319369 | L59: 0.315643 | M59: 0.312812 | N59: 0.309126 | O59: 0.305829 | P59: 0.302008 | Q59: 0.298094 | R59: 0.294199 | S59: 0.289954 | T59: 0.285538 | U59: 0.28127 | V59: 0.277378 | W59: 0.273631 | X59: 0.270078 | Y59: 0.266974 | Z59: 0.263978 | AA59: 0.26129 | AB59: 0.258824 | AC59: 0.256576 | AD59: 0.254137 | AE59: -0.015
A60: Energy Consumption by End Use
A61: Space Heating | B61: Residential: Delivered Energy Use by End Use: Space Heating: Alternative Electricity and Transportation | C61: AEO.2026.ELECTRNP.CNSM_NA_RESD_SPH_DEE_NA_USA_QBTU.A | D61: quads | E61: 4.887292 | F61: 4.610508 | G61: 4.694248 | H61: 4.663504 | I61: 4.612425 | J61: 4.547403 | K61: 4.478761 | L61: 4.41429 | M61: 4.351876 | N61: 4.29202 | O61: 4.234299 | P61: 4.179309 | Q61: 4.123706 | R61: 4.070536 | S61: 4.017863 | T61: 3.966546 | U61: 3.91592 | V61: 3.870521 | W61: 3.827706 | X61: 3.787034 | Y61: 3.748754 | Z61: 3.709452 | AA61: 3.668602 | AB61: 3.628336 | AC61: 3.588941 | AD61: 3.550334 | AE61: -0.013
A62: Space Cooling | B62: Residential: Delivered Energy Use by End Use: Space Cooling: Alternative Electricity and Transportation | C62: AEO.2026.ELECTRNP.CNSM_NA_RESD_SPC_DEE_NA_USA_QBTU.A | D62: quads | E62: 0.983173 | F62: 1.046041 | G62: 1.060372 | H62: 1.074317 | I62: 1.085457 | J62: 1.09257 | K62: 1.099049 | L62: 1.106561 | M62: 1.114836 | N62: 1.124534 | O62: 1.135239 | P62: 1.147255 | Q62: 1.16007 | R62: 1.173428 | S62: 1.187167 | T62: 1.20185 | U62: 1.217398 | V62: 1.23489 | W62: 1.253486 | X62: 1.272133 | Y62: 1.291439 | Z62: 1.309698 | AA62: 1.327261 | AB62: 1.344268 | AC62: 1.362016 | AD62: 1.379525 | AE62: 0.014
A63: Water Heating | B63: Residential: Delivered Energy Use by End Use: Water Heating: Alternative Electricity and Transportation | C63: AEO.2026.ELECTRNP.CNSM_NA_RESD_WTHT_DEE_NA_USA_QBTU.A | D63: quads | E63: 1.573177 | F63: 1.574928 | G63: 1.578215 | H63: 1.582005 | I63: 1.5607 | J63: 1.533361 | K63: 1.505778 | L63: 1.481296 | M63: 1.457842 | N63: 1.438645 | O63: 1.423103 | P63: 1.408764 | Q63: 1.395114 | R63: 1.382833 | S63: 1.371701 | T63: 1.36194 | U63: 1.353176 | V63: 1.346207 | W63: 1.340719 | X63: 1.334809 | Y63: 1.328171 | Z63: 1.320356 | AA63: 1.311653 | AB63: 1.302775 | AC63: 1.294452 | AD63: 1.287076 | AE63: -0.008
A64: Refrigeration | B64: Residential: Delivered Energy Use by End Use: Refrigeration: Alternative Electricity and Transportation | C64: AEO.2026.ELECTRNP.CNSM_NA_RESD_REFR_DEE_NA_USA_QBTU.A | D64: quads | E64: 0.349563 | F64: 0.348527 | G64: 0.347433 | H64: 0.346209 | I64: 0.345259 | J64: 0.342024 | K64: 0.33903 | L64: 0.336304 | M64: 0.333799 | N64: 0.331468 | O64: 0.329366 | P64: 0.327653 | Q64: 0.326343 | R64: 0.325461 | S64: 0.32499 | T64: 0.324938 | U64: 0.325294 | V64: 0.326072 | W64: 0.327281 | X64: 0.328913 | Y64: 0.33105 | Z64: 0.333714 | AA64: 0.336865 | AB64: 0.340006 | AC64: 0.343129 | AD64: 0.346229 | AE64: 0
A65: Cooking | B65: Residential: Delivered Energy Use by End Use: Cooking: Alternative Electricity and Transportation | C65: AEO.2026.ELECTRNP.CNSM_NA_RESD_CGR_DEE_NA_USA_QBTU.A | D65: quads | E65: 0.156047 | F65: 0.15688 | G65: 0.157749 | H65: 0.158596 | I65: 0.159444 | J65: 0.160278 | K65: 0.161103 | L65: 0.161912 | M65: 0.162711 | N65: 0.163527 | O65: 0.164373 | P65: 0.165256 | Q65: 0.166161 | R65: 0.167104 | S65: 0.168032 | T65: 0.168956 | U65: 0.169856 | V65: 0.170735 | W65: 0.171579 | X65: 0.172399 | Y65: 0.173218 | Z65: 0.174042 | AA65: 0.174865 | AB65: 0.17569 | AC65: 0.176518 | AD65: 0.177355 | AE65: 0.005
A66: Clothes Dryers | B66: Residential: Delivered Energy Use by End Use: Clothes Dryers: Alternative Electricity and Transportation | C66: AEO.2026.ELECTRNP.CNSM_NA_RESD_CDR_DEE_NA_USA_QBTU.A | D66: quads | E66: 0.229907 | F66: 0.231125 | G66: 0.232723 | H66: 0.23462 | I66: 0.235849 | J66: 0.236004 | K66: 0.235548 | L66: 0.234788 | M66: 0.234328 | N66: 0.234302 | O66: 0.234721 | P66: 0.235643 | Q66: 0.236914 | R66: 0.238686 | S66: 0.240921 | T66: 0.243675 | U66: 0.247026 | V66: 0.250422 | W66: 0.253925 | X66: 0.257464 | Y66: 0.261017 | Z66: 0.264416 | AA66: 0.267615 | AB66: 0.270685 | AC66: 0.27381 | AD66: 0.276862 | AE66: 0.007
A67: Freezers | B67: Residential: Delivered Energy Use by End Use: Freezers: Alternative Electricity and Transportation | C67: AEO.2026.ELECTRNP.CNSM_NA_RESD_FRZ_DEE_NA_USA_QBTU.A | D67: quads | E67: 0.079278 | F67: 0.079241 | G67: 0.079217 | H67: 0.07916 | I67: 0.079073 | J67: 0.07857 | K67: 0.078007 | L67: 0.077404 | M67: 0.076823 | N67: 0.076257 | O67: 0.075716 | P67: 0.075195 | Q67: 0.074693 | R67: 0.074214 | S67: 0.073757 | T67: 0.073328 | U67: 0.072937 | V67: 0.072586 | W67: 0.072278 | X67: 0.072012 | Y67: 0.071802 | Z67: 0.07166 | AA67: 0.071579 | AB67: 0.071571 | AC67: 0.071643 | AD67: 0.0718 | AE67: -0.004
A68: Lighting | B68: Residential: Delivered Energy Use by End Use: Lighting: Alternative Electricity and Transportation | C68: AEO.2026.ELECTRNP.CNSM_NA_RESD_LGHTNG_DEE_NA_USA_QBTU.A | D68: quads | E68: 0.182847 | F68: 0.182216 | G68: 0.183569 | H68: 0.18564 | I68: 0.187439 | J68: 0.186994 | K68: 0.186424 | L68: 0.186261 | M68: 0.186404 | N68: 0.186742 | O68: 0.187215 | P68: 0.187754 | Q68: 0.188226 | R68: 0.188723 | S68: 0.1894 | T68: 0.187035 | U68: 0.185089 | V68: 0.183691 | W68: 0.182846 | X68: 0.182477 | Y68: 0.182384 | Z68: 0.18231 | AA68: 0.182202 | AB68: 0.182192 | AC68: 0.182375 | AD68: 0.182588 | AE68: 0
A69: Clothes Washers | B69: Residential: Delivered Energy Use by End Use: Clothes Washers: Alternative Electricity and Transportation | C69: AEO.2026.ELECTRNP.CNSM_NA_RESD_CLW_DEE_NA_USA_QBTU.A | D69: quads | E69: 0.040723 | F69: 0.039741 | G69: 0.03875 | H69: 0.037583 | I69: 0.036385 | J69: 0.034992 | K69: 0.03354 | L69: 0.032 | M69: 0.030665 | N69: 0.029534 | O69: 0.028609 | P69: 0.027904 | Q69: 0.027429 | R69: 0.02721 | S69: 0.027261 | T69: 0.027311 | U69: 0.027362 | V69: 0.02742 | W69: 0.027486 | X69: 0.027564 | Y69: 0.027658 | Z69: 0.027768 | AA69: 0.02789 | AB69: 0.028024 | AC69: 0.028167 | AD69: 0.028319 | AE69: -0.014
A70: Dishwashers | B70: Residential: Delivered Energy Use by End Use: Dishwashers: Alternative Electricity and Transportation | C70: AEO.2026.ELECTRNP.CNSM_NA_RESD_DSW_DEE_NA_USA_QBTU.A | D70: quads | E70: 0.037162 | F70: 0.038076 | G70: 0.03836 | H70: 0.038523 | I70: 0.038637 | J70: 0.038703 | K70: 0.03872 | L70: 0.038689 | M70: 0.038734 | N70: 0.038861 | O70: 0.039071 | P70: 0.039371 | Q70: 0.039764 | R70: 0.040262 | S70: 0.040872 | T70: 0.041477 | U70: 0.042076 | V70: 0.042674 | W70: 0.043273 | X70: 0.043876 | Y70: 0.044488 | Z70: 0.045111 | AA70: 0.045741 | AB70: 0.046379 | AC70: 0.047023 | AD70: 0.047676 | AE70: 0.01
A71: Televisions and Related Equipment | B71: Residential: Delivered Energy Use by End Use: Televisions: Alternative Electricity and Transportation | C71: AEO.2026.ELECTRNP.CNSM_NA_RESD_TVR_DEE_NA_USA_QBTU.A | D71: quads | E71: 0.124839 | F71: 0.122177 | G71: 0.119963 | H71: 0.118088 | I71: 0.116097 | J71: 0.113806 | K71: 0.111516 | L71: 0.109399 | M71: 0.107489 | N71: 0.105735 | O71: 0.104144 | P71: 0.102719 | Q71: 0.101411 | R71: 0.100273 | S71: 0.099267 | T71: 0.098398 | U71: 0.097694 | V71: 0.097154 | W71: 0.096815 | X71: 0.096643 | Y71: 0.096638 | Z71: 0.096759 | AA71: 0.096903 | AB71: 0.097108 | AC71: 0.097404 | AD71: 0.097758 | AE71: -0.01
A72: Computers and Related Equipment | B72: Residential: Delivered Energy Use by End Use: Computers: Alternative Electricity and Transportation | C72: AEO.2026.ELECTRNP.CNSM_NA_RESD_CMPR_DEE_NA_USA_QBTU.A | D72: quads | E72: 0.097012 | F72: 0.095324 | G72: 0.093865 | H72: 0.092524 | I72: 0.090934 | J72: 0.088982 | K72: 0.086906 | L72: 0.084865 | M72: 0.082885 | N72: 0.080946 | O72: 0.079062 | P72: 0.07725 | Q72: 0.075484 | R72: 0.073799 | S72: 0.072189 | T72: 0.070667 | U72: 0.069258 | V72: 0.06799 | W72: 0.066879 | X72: 0.065919 | Y72: 0.065114 | Z72: 0.064456 | AA72: 0.063893 | AB72: 0.063459 | AC72: 0.063206 | AD72: 0.063082 | AE72: -0.017
... A79: Electricity Related Losses | B79: Residential: Electricity Related Losses: Alternative Electricity and Transportation | C79: AEO.2026.ELECTRNP.CNSM_LOSSES_RESD_NA_ENRL_NA_USA_QBTU.A | D79: quads | E79: 7.167652 | F79: 7.154598 | G79: 6.514531 | H79: 6.312526 | I79: 6.221182 | J79: 6.131667 | K79: 5.945178 | L79: 5.839331 | M79: 5.783456 | N79: 5.692315 | O79: 5.633997 | P79: 5.578078 | Q79: 5.556406 | R79: 5.551892 | S79: 5.537122 | T79: 5.503886 | U79: 5.475434 | V79: 5.478948 | W79: 5.494038 | X79: 5.511872 | Y79: 5.527482 | Z79: 5.546856 | AA79: 5.568882 | AB79: 5.588573 | AC79: 5.589644 | AD79: 5.607822 | AE79: -0.01
A80: Total Energy Consumption by End Use
A81: Space Heating | B81: Residential: Total Energy Use by End Use: Space Heating: Alternative Electricity and Transportation | C81: AEO.2026.ELECTRNP.CNSM_NA_RESD_SPH_TEE_NA_USA_QBTU.A | D81: quads | E81: 5.676419 | F81: 5.352002 | G81: 5.377786 | H81: 5.317251 | I81: 5.248799 | J81: 5.167059 | K81: 5.072208 | L81: 4.989853 | M81: 4.914524 | N81: 4.837609 | O81: 4.765844 | P81: 4.697088 | Q81: 4.630502 | R81: 4.567931 | S81: 4.504799 | T81: 4.441942 | U81: 4.379862 | V81: 4.32588 | W81: 4.275331 | X81: 4.226983 | Y81: 4.181409 | Z81: 4.134776 | AA81: 4.086676 | AB81: 4.039164 | AC81: 3.991319 | AD81: 3.945525 | AE81: -0.014
A82: Space Cooling | B82: Residential: Total Energy Use by End Use: Space Cooling: Alternative Electricity and Transportation | C82: AEO.2026.ELECTRNP.CNSM_NA_RESD_SPC_TEE_NA_USA_QBTU.A | D82: quads | E82: 2.209428 | F82: 2.335922 | G82: 2.264997 | H82: 2.240748 | I82: 2.235738 | J82: 2.227676 | K82: 2.202204 | L82: 2.193258 | M82: 2.194045 | N82: 2.189426 | O82: 2.191747 | P82: 2.196002 | Q82: 2.207364 | R82: 2.222128 | S82: 2.235198 | T82: 2.247186 | U82: 2.260706 | V82: 2.282749 | W82: 2.308033 | X82: 2.333632 | Y82: 2.360322 | Z82: 2.385351 | AA82: 2.409916 | AB82: 2.433004 | AC82: 2.453359 | AD82: 2.476438 | AE82: 0.005
A83: Water Heating | B83: Residential: Total Energy Use by End Use: Water Heating: Alternative Electricity and Transportation | C83: AEO.2026.ELECTRNP.CNSM_NA_RESD_WTHT_TEE_NA_USA_QBTU.A | D83: quads | E83: 2.173363 | F83: 2.158102 | G83: 2.108511 | H83: 2.083219 | I83: 2.030746 | J83: 1.970669 | K83: 1.904377 | L83: 1.849611 | M83: 1.801235 | N83: 1.757064 | O83: 1.720468 | P83: 1.687359 | Q83: 1.658616 | R83: 1.633857 | S83: 1.611574 | T83: 1.5919 | U83: 1.575004 | V83: 1.562761 | W83: 1.553944 | X83: 1.544762 | Y83: 1.534907 | Z83: 1.523909 | AA83: 1.512165 | AB83: 1.50023 | AC83: 1.488377 | AD83: 1.478255 | AE83: -0.015
A84: Refrigeration | B84: Residential: Total Energy Use by End Use: Refrigeration: Alternative Electricity and Transportation | C84: AEO.2026.ELECTRNP.CNSM_NA_RESD_REFR_TEE_NA_USA_QBTU.A | D84: quads | E84: 0.813186 | F84: 0.805449 | G84: 0.766889 | H84: 0.74542 | I84: 0.733572 | J84: 0.718951 | K84: 0.699829 | L84: 0.686318 | M84: 0.676105 | N84: 0.663842 | O84: 0.653799 | P84: 0.644533 | Q84: 0.6379 | R84: 0.632915 | S84: 0.628124 | T84: 0.62343 | U84: 0.619606 | V84: 0.618063 | W84: 0.61773 | X84: 0.618307 | Y84: 0.619845 | Z84: 0.622474 | AA84: 0.626255 | AB84: 0.629908 | AC84: 0.632462 | AD84: 0.635834 | AE84: -0.01
A85: Cooking | B85: Residential: Total Energy Use by End Use: Cooking: Alternative Electricity and Transportation | C85: AEO.2026.ELECTRNP.CNSM_NA_RESD_CGR_TEE_NA_USA_QBTU.A | D85: quads | E85: 0.246715 | F85: 0.247656 | G85: 0.242441 | H85: 0.240527 | I85: 0.240378 | J85: 0.240574 | K85: 0.239609 | L85: 0.239643 | M85: 0.240232 | N85: 0.240239 | O85: 0.240629 | P85: 0.241012 | Q85: 0.241807 | R85: 0.242748 | S85: 0.243419 | T85: 0.24381 | U85: 0.244093 | V85: 0.244635 | W85: 0.245207 | X85: 0.245762 | Y85: 0.246312 | Z85: 0.246892 | AA85: 0.247529 | AB85: 0.248136 | AC85: 0.24848 | AD85: 0.249047 | AE85: 0
A86: Clothes Dryers | B86: Residential: Total Energy Use by End Use: Clothes Dryers: Alternative Electricity and Transportation | C86: AEO.2026.ELECTRNP.CNSM_NA_RESD_CDR_TEE_NA_USA_QBTU.A | D86: quads | E86: 0.482345 | F86: 0.481318 | G86: 0.464287 | H86: 0.457255 | I86: 0.45375 | J86: 0.449098 | K86: 0.440261 | L86: 0.433604 | M86: 0.429294 | N86: 0.42442 | O86: 0.421366 | P86: 0.419219 | Q86: 0.4188 | R86: 0.419788 | S86: 0.421278 | T86: 0.42329 | U86: 0.42644 | V86: 0.430477 | W86: 0.434887 | X86: 0.43938 | Y86: 0.443873 | Z86: 0.448141 | AA86: 0.452194 | AB86: 0.45593 | AC86: 0.459074 | AD86: 0.462616 | AE86: -0.002
A87: Freezers | B87: Residential: Total Energy Use by End Use: Freezers: Alternative Electricity and Transportation | C87: AEO.2026.ELECTRNP.CNSM_NA_RESD_FRZ_TEE_NA_USA_QBTU.A | D87: quads | E87: 0.184423 | F87: 0.183127 | G87: 0.174856 | H87: 0.170439 | I87: 0.168006 | J87: 0.165158 | K87: 0.161022 | L87: 0.157963 | M87: 0.155603 | N87: 0.152722 | O87: 0.150298 | P87: 0.147918 | Q87: 0.146001 | R87: 0.144321 | S87: 0.142554 | T87: 0.140688 | U87: 0.138927 | V87: 0.137586 | W87: 0.136421 | X87: 0.135373 | Y87: 0.134438 | Z87: 0.133666 | AA87: 0.133071 | AB87: 0.132596 | AC87: 0.132054 | AD87: 0.131858 | AE87: -0.013
A88: Lighting | B88: Residential: Total Energy Use by End Use: Lighting: Alternative Electricity and Transportation | C88: AEO.2026.ELECTRNP.CNSM_NA_RESD_LGHTNG_TEE_NA_USA_QBTU.A | D88: quads | E88: 0.425356 | F88: 0.421101 | G88: 0.405193 | H88: 0.399701 | I88: 0.398252 | J88: 0.393072 | K88: 0.384818 | L88: 0.380116 | M88: 0.377559 | N88: 0.373995 | O88: 0.371627 | P88: 0.369335 | Q88: 0.367924 | R88: 0.367005 | S88: 0.366063 | T88: 0.358847 | U88: 0.35255 | V88: 0.348183 | W88: 0.345114 | X88: 0.34303 | Y88: 0.341488 | Z88: 0.340061 | AA88: 0.338726 | AB88: 0.337537 | AC88: 0.336157 | AD88: 0.335314 | AE88: -0.009
A89: Clothes Washers | B89: Residential: Total Energy Use by End Use: Clothes Washers: Alternative Electricity and Transportation | C89: AEO.2026.ELECTRNP.CNSM_NA_RESD_CLW_TEE_NA_USA_QBTU.A | D89: quads | E89: 0.094734 | F89: 0.091842 | G89: 0.085534 | H89: 0.080919 | I89: 0.077308 | J89: 0.073556 | K89: 0.069233 | L89: 0.065305 | M89: 0.062111 | N89: 0.059149 | O89: 0.05679 | P89: 0.05489 | Q89: 0.053614 | R89: 0.052914 | S89: 0.052689 | T89: 0.052399 | U89: 0.052117 | V89: 0.051974 | W89: 0.051879 | X89: 0.051816 | Y89: 0.051786 | Z89: 0.051795 | AA89: 0.05185 | AB89: 0.051918 | AC89: 0.051918 | AD89: 0.052006 | AE89: -0.024
A90: Dishwashers | B90: Residential: Total Energy Use by End Use: Dishwashers: Alternative Electricity and Transportation | C90: AEO.2026.ELECTRNP.CNSM_NA_RESD_DSW_TEE_NA_USA_QBTU.A | D90: quads | E90: 0.086449 | F90: 0.087993 | G90: 0.084672 | H90: 0.082943 | I90: 0.082093 | J90: 0.081355 | K90: 0.079926 | L90: 0.078954 | M90: 0.078456 | N90: 0.077828 | O90: 0.077556 | P90: 0.077447 | Q90: 0.077726 | R90: 0.078297 | S90: 0.078995 | T90: 0.079577 | U90: 0.080144 | V90: 0.080888 | W90: 0.081676 | X90: 0.08248 | Y90: 0.083298 | Z90: 0.084146 | AA90: 0.085037 | AB90: 0.085923 | AC90: 0.086674 | AD90: 0.087555 | AE90: 0.001
A91: Televisions and Related Equipment | B91: Residential: Total Energy Use by End Use: Televisions: Alternative Electricity and Transportation | C91: AEO.2026.ELECTRNP.CNSM_NA_RESD_TVR_TEE_NA_USA_QBTU.A | D91: quads | E91: 0.290411 | F91: 0.282352 | G91: 0.264795 | H91: 0.254254 | I91: 0.246672 | J91: 0.239226 | K91: 0.230192 | L91: 0.223258 | M91: 0.217716 | N91: 0.211758 | O91: 0.206729 | P91: 0.202062 | Q91: 0.198226 | R91: 0.194997 | S91: 0.191859 | T91: 0.188787 | U91: 0.186082 | V91: 0.184154 | W91: 0.182735 | X91: 0.181675 | Y91: 0.180941 | Z91: 0.180484 | AA91: 0.180148 | AB91: 0.179906 | AC91: 0.179537 | AD91: 0.179528 | AE91: -0.019
A92: Computers and Related Equipment | B92: Residential: Total Energy Use by End Use: Computers: Alternative Electricity and Transportation | C92: AEO.2026.ELECTRNP.CNSM_NA_RESD_CMPR_TEE_NA_USA_QBTU.A | D92: quads | E92: 0.225678 | F92: 0.220294 | G92: 0.207188 | H92: 0.199212 | I92: 0.193208 | J92: 0.187046 | K92: 0.179393 | L92: 0.173189 | M92: 0.167883 | N92: 0.162114 | O92: 0.15694 | P92: 0.151961 | Q92: 0.147547 | R92: 0.143515 | S92: 0.139523 | T92: 0.135582 | U92: 0.131919 | V92: 0.128874 | W92: 0.126231 | X92: 0.123919 | Y92: 0.121916 | Z92: 0.12023 | AA92: 0.118781 | AB92: 0.117566 | AC92: 0.116503 | AD92: 0.115848 | AE92: -0.026
... A98: Total Energy | B98: Residential: Total Net Own-use Generation: Total Gross End-use Consumption: Alternative Electricity and Transportation | C98: AEO.2026.ELECTRNP.GEN_NA_RESD_TTG_TEE_NA_USA_QBTU.A | D98: quads | E98: 18.695526 | F98: 18.496528 | G98: 17.880176 | H98: 17.724139 | I98: 17.624324 | J98: 17.486674 | K98: 17.23934 | L98: 17.080187 | M98: 16.975886 | N98: 16.849346 | O98: 16.764755 | P98: 16.689287 | Q98: 16.64967 | R98: 16.632865 | S98: 16.60742 | T98: 16.559899 | U98: 16.521933 | V98: 16.527018 | W98: 16.551318 | X98: 16.581289 | Y98: 16.607556 | Z98: 16.637029 | AA98: 16.663988 | AB98: 16.687661 | AC98: 16.69578 | AD98: 16.722709 | AE98: -0.004
A99: Nonmarketed Renewables
A100: Solar Hot Water Heating | B100: Residential: Nonmarketed Renewables: Solar Hot Water Heating: Alternative Electricity and Transportation | C100: AEO.2026.ELECTRNP.CNSM_NA_RESD_SHW_NRW_NA_USA_QBTU.A | D100: quads | E100: 0.049686 | F100: 0.048802 | G100: 0.049417 | H100: 0.048901 | I100: 0.048595 | J100: 0.048426 | K100: 0.048259 | L100: 0.047826 | M100: 0.047667 | N100: 0.047592 | O100: 0.04739 | P100: 0.047233 | Q100: 0.047174 | R100: 0.04714 | S100: 0.047048 | T100: 0.047019 | U100: 0.046748 | V100: 0.046573 | W100: 0.046286 | X100: 0.04604 | Y100: 0.045849 | Z100: 0.045748 | AA100: 0.04554 | AB100: 0.045423 | AC100: 0.045241 | AD100: 0.044974 | AE100: -0.004
A101: Solar Photovoltaic | B101: Residential: Nonmarketed Renewables: Solar Photovoltaic: Alternative Electricity and Transportation | C101: AEO.2026.ELECTRNP.CNSM_NA_RESD_SOPH_NRW_NA_USA_QBTU.A | D101: quads | E101: 0.224384 | F101: 0.237185 | G101: 0.251634 | H101: 0.266537 | I101: 0.280427 | J101: 0.295017 | K101: 0.31081 | L101: 0.326533 | M101: 0.343009 | N101: 0.360468 | O101: 0.379082 | P101: 0.398583 | Q101: 0.419471 | R101: 0.441342 | S101: 0.464384 | T101: 0.488235 | U101: 0.513029 | V101: 0.538517 | W101: 0.564794 | X101: 0.592087 | Y101: 0.619996 | Z101: 0.648722 | AA101: 0.67829 | AB101: 0.709091 | AC101: 0.740381 | AD101: 0.772793 | AE101: 0.051
A102: Wind | B102: Residential: Nonmarketed Renewables: Wind: Alternative Electricity and Transportation | C102: AEO.2026.ELECTRNP.CNSM_NA_RESD_WND_NRW_NA_USA_QBTU.A | D102: quads | E102: 0.000588 | F102: 0.000588 | G102: 0.000589 | H102: 0.00059 | I102: 0.000591 | J102: 0.000592 | K102: 0.000596 | L102: 0.000601 | M102: 0.000608 | N102: 0.000619 | O102: 0.000632 | P102: 0.000646 | Q102: 0.000662 | R102: 0.000678 | S102: 0.000695 | T102: 0.000713 | U102: 0.000733 | V102: 0.000754 | W102: 0.000776 | X102: 0.000799 | Y102: 0.000822 | Z102: 0.000847 | AA102: 0.000873 | AB102: 0.000903 | AC102: 0.000933 | AD102: 0.000963 | AE102: 0.02
A103: Total | B103: Residential: Nonmarketed Renewables: Total: Alternative Electricity and Transportation | C103: AEO.2026.ELECTRNP.CNSM_NA_RESD_NA_NRW_NA_USA_QBTU.A | D103: quads | E103: 0.274658 | F103: 0.286575 | G103: 0.30164 | H103: 0.316028 | I103: 0.329612 | J103: 0.344035 | K103: 0.359664 | L103: 0.37496 | M103: 0.391284 | N103: 0.408679 | O103: 0.427104 | P103: 0.446461 | Q103: 0.467306 | R103: 0.48916 | S103: 0.512127 | T103: 0.535967 | U103: 0.56051 | V103: 0.585844 | W103: 0.611856 | X103: 0.638926 | Y103: 0.666667 | Z103: 0.695318 | AA103: 0.724702 | AB103: 0.755417 | AC103: 0.786555 | AD103: 0.81873 | AE103: 0.045
A104: Heating Degree Days
A105: New England | B105: Residential: Heating Degree Days: New England: Alternative Electricity and Transportation | C105: AEO.2026.ELECTRNP.KEI_HDD_RESD_NA_NA_NA_NENGL_HDD.A | D105: HDD | E105: 6045 | F105: 5873 | G105: 5850 | H105: 5826 | I105: 5803 | J105: 5779 | K105: 5755 | L105: 5732 | M105: 5708 | N105: 5684 | O105: 5661 | P105: 5637 | Q105: 5613 | R105: 5589 | S105: 5566 | T105: 5542 | U105: 5518 | V105: 5495 | W105: 5471 | X105: 5447 | Y105: 5423 | Z105: 5400 | AA105: 5376 | AB105: 5352 | AC105: 5328 | AD105: 5305 | AE105: -0.005
A106: Middle Atlantic | B106: Residential: Heating Degree Days: Middle Atlantic: Alternative Electricity and Transportation | C106: AEO.2026.ELECTRNP.KEI_HDD_RESD_NA_NA_NA_MATL_HDD.A | D106: HDD | E106: 5404 | F106: 5271 | G106: 5249 | H106: 5228 | I106: 5207 | J106: 5185 | K106: 5164 | L106: 5142 | M106: 5121 | N106: 5100 | O106: 5078 | P106: 5057 | Q106: 5035 | R106: 5014 | S106: 4993 | T106: 4971 | U106: 4950 | V106: 4929 | W106: 4907 | X106: 4886 | Y106: 4865 | Z106: 4843 | AA106: 4822 | AB106: 4801 | AC106: 4780 | AD106: 4758 | AE106: -0.005
A107: East North Central | B107: Residential: Heating Degree Days: East North Central: Alternative Electricity and Transportation | C107: AEO.2026.ELECTRNP.KEI_HDD_RESD_NA_NA_NA_ENC_HDD.A | D107: HDD | E107: 5984 | F107: 5836 | G107: 5817 | H107: 5798 | I107: 5779 | J107: 5760 | K107: 5741 | L107: 5722 | M107: 5703 | N107: 5683 | O107: 5664 | P107: 5645 | Q107: 5626 | R107: 5607 | S107: 5588 | T107: 5569 | U107: 5549 | V107: 5530 | W107: 5511 | X107: 5492 | Y107: 5473 | Z107: 5453 | AA107: 5434 | AB107: 5415 | AC107: 5396 | AD107: 5377 | AE107: -0.004
A108: West North Central | B108: Residential: Heating Degree Days: West North Central: Alternative Electricity and Transportation | C108: AEO.2026.ELECTRNP.KEI_HDD_RESD_NA_NA_NA_WNC_HDD.A | D108: HDD | E108: 6267 | F108: 6263 | G108: 6251 | H108: 6239 | I108: 6227 | J108: 6215 | K108: 6203 | L108: 6191 | M108: 6178 | N108: 6166 | O108: 6153 | P108: 6141 | Q108: 6128 | R108: 6116 | S108: 6103 | T108: 6091 | U108: 6078 | V108: 6066 | W108: 6053 | X108: 6040 | Y108: 6028 | Z108: 6015 | AA108: 6002 | AB108: 5990 | AC108: 5977 | AD108: 5964 | AE108: -0.002
A109: South Atlantic | B109: Residential: Heating Degree Days: South Atlantic: Alternative Electricity and Transportation | C109: AEO.2026.ELECTRNP.KEI_HDD_RESD_NA_NA_NA_SATL_HDD.A | D109: HDD | E109: 2431 | F109: 2296 | G109: 2280 | H109: 2263 | I109: 2245 | J109: 2228 | K109: 2210 | L109: 2192 | M109: 2175 | N109: 2157 | O109: 2139 | P109: 2122 | Q109: 2104 | R109: 2087 | S109: 2069 | T109: 2052 | U109: 2034 | V109: 2017 | W109: 2000 | X109: 1982 | Y109: 1965 | Z109: 1948 | AA109: 1930 | AB109: 1913 | AC109: 1896 | AD109: 1879 | AE109: -0.01
A110: East South Central | B110: Residential: Heating Degree Days: East South Central: Alternative Electricity and Transportation | C110: AEO.2026.ELECTRNP.KEI_HDD_RESD_NA_NA_NA_ESC_HDD.A | D110: HDD | E110: 3231 | F110: 3099 | G110: 3084 | H110: 3069 | I110: 3053 | J110: 3038 | K110: 3023 | L110: 3008 | M110: 2992 | N110: 2977 | O110: 2961 | P110: 2946 | Q110: 2930 | R110: 2915 | S110: 2900 | T110: 2884 | U110: 2869 | V110: 2853 | W110: 2838 | X110: 2822 | Y110: 2807 | Z110: 2791 | AA110: 2776 | AB110: 2760 | AC110: 2745 | AD110: 2730 | AE110: -0.007
A111: West South Central | B111: Residential: Heating Degree Days: West South Central: Alternative Electricity and Transportation | C111: AEO.2026.ELECTRNP.KEI_HDD_RESD_NA_NA_NA_WSC_HDD.A | D111: HDD | E111: 1966 | F111: 1889 | G111: 1880 | H111: 1870 | I111: 1860 | J111: 1851 | K111: 1841 | L111: 1831 | M111: 1822 | N111: 1812 | O111: 1803 | P111: 1793 | Q111: 1784 | R111: 1774 | S111: 1765 | T111: 1756 | U111: 1746 | V111: 1737 | W111: 1728 | X111: 1718 | Y111: 1709 | Z111: 1700 | AA111: 1690 | AB111: 1681 | AC111: 1672 | AD111: 1663 | AE111: -0.007
A112: Mountain | B112: Residential: Heating Degree Days: Mountain: Alternative Electricity and Transportation | C112: AEO.2026.ELECTRNP.KEI_HDD_RESD_NA_NA_NA_MTN_HDD.A | D112: HDD | E112: 4734 | F112: 4833 | G112: 4825 | H112: 4816 | I112: 4807 | J112: 4799 | K112: 4790 | L112: 4782 | M112: 4774 | N112: 4766 | O112: 4758 | P112: 4750 | Q112: 4742 | R112: 4734 | S112: 4726 | T112: 4718 | U112: 4710 | V112: 4702 | W112: 4694 | X112: 4687 | Y112: 4679 | Z112: 4671 | AA112: 4664 | AB112: 4656 | AC112: 4648 | AD112: 4641 | AE112: -0.001
A113: Pacific | B113: Residential: Heating Degree Days: Pacific: Alternative Electricity and Transportation | C113: AEO.2026.ELECTRNP.KEI_HDD_RESD_NA_NA_NA_PCF_HDD.A | D113: HDD | E113: 3251 | F113: 3291 | G113: 3285 | H113: 3279 | I113: 3272 | J113: 3266 | K113: 3259 | L113: 3252 | M113: 3245 | N113: 3238 | O113: 3231 | P113: 3224 | Q113: 3216 | R113: 3209 | S113: 3202 | T113: 3195 | U113: 3187 | V113: 3180 | W113: 3173 | X113: 3165 | Y113: 3158 | Z113: 3151 | AA113: 3143 | AB113: 3136 | AC113: 3129 | AD113: 3122 | AE113: -0.002
A114: United States | B114: Residential: Heating Degree Days: United States: Alternative Electricity and Transportation | C114: AEO.2026.ELECTRNP.KEI_HDD_RESD_NA_NA_NA_USA_HDD.A | D114: HDD | E114: 3989.5723 | F114: 3910.106 | G114: 3891.6016 | H114: 3872.8252 | I114: 3853.7156 | J114: 3835.1279 | K114: 3816.1113 | L114: 3797.1377 | M114: 3778.501 | N114: 3759.5527 | O114: 3740.7109 | P114: 3722.1609 | Q114: 3703.1575 | R114: 3684.6523 | S114: 3666.0649 | T114: 3647.5562 | U114: 3628.5244 | V114: 3610.1992 | W114: 3591.7322 | X114: 3572.9053 | Y114: 3554.6526 | Z114: 3536.1577 | AA114: 3517.585 | AB114: 3499.5967 | AC114: 3481.7886 | AD114: 3464.1162 | AE114: -0.006
A115: Cooling Degree Days
A116: New England | B116: Residential: Cooling Degree Days: New England: Alternative Electricity and Transportation | C116: AEO.2026.ELECTRNP.KEI_CDD_RESD_NA_NA_NA_NENGL_CDD.A | D116: CDD | E116: 530 | F116: 626 | G116: 633 | H116: 640 | I116: 647 | J116: 654 | K116: 662 | L116: 669 | M116: 676 | N116: 683 | O116: 690 | P116: 697 | Q116: 704 | R116: 712 | S116: 719 | T116: 726 | U116: 733 | V116: 740 | W116: 747 | X116: 754 | Y116: 761 | Z116: 769 | AA116: 776 | AB116: 783 | AC116: 790 | AD116: 797 | AE116: 0.016
...

Sheet NoH
A1: Dmnl | B1: 2024 | C1: 2025 | D1: 2026 | E1: 2027 | F1: 2028 | G1: 2029 | H1: 2030 | I1: 2031 | J1: 2032 | K1: 2033 | L1: 2034 | M1: 2035 | N1: 2036 | O1: 2037 | P1: 2038 | Q1: 2039 | R1: 2040 | S1: 2041 | T1: 2042 | U1: 2043 | V1: 2044 | W1: 2045 | X1: 2046 | Y1: 2047 | Z1: 2048 | AA1: 2049 | AB1: 2050
A2: Households | B2: ='AEO 2023 Table 4'!E20*10^6 -> 128811890 | C2: ='AEO 2026 Table 4'!E11*10^6 -> 1.3072922e+08 | D2: ='AEO 2026 Table 4'!F11*10^6 -> 1.3209541e+08 | E2: ='AEO 2026 Table 4'!G11*10^6 -> 133495735 | F2: ='AEO 2026 Table 4'!H11*10^6 -> 134872797 | G2: ='AEO 2026 Table 4'!I11*10^6 -> 136249235 | H2: ='AEO 2026 Table 4'!J11*10^6 -> 137609806 | I2: ='AEO 2026 Table 4'!K11*10^6 -> 138976937 | J2: ='AEO 2026 Table 4'!L11*10^6 -> 140345360 | ... AB2: ='AEO 2026 Table 4'!AD11*10^6 -> 159072735
