Workbook

Sheet About
A1: EHPpUC Electrolyzer Hydrogen Production per Unit Capacity
A3: Sources:
B4: Electricity needed per unit of hydrogen (by year)
B5: The FIoHP input in this model: Fuel Intensity of Hydrogen Production, electrolysis row 'electricity' (see the 'FIoHP Source' tab)
B6: NREL
B7: 2013
B8: Hydrogen Pathways: Updated Cost, Well-to-Wheels Energy Use, and Emissions for the Current Technology Status of Ten Hydrogen Production, Delivery, and Distribution Scenarios
B9: https://www.nrel.gov/docs/fy14osti/60528.pdf
B10: Appendix I (electrolysis)
B12: Improvement rate over time
B13: International Energy Agency
B14: 2019
B15: The Future of Hydrogen
B16: https://iea.blob.core.windows.net/assets/a02a0c80-77b2-462e-a9d5-1099e0e572ce/IEA-The-Future-of-Hydrogen-Assumptions-Annex.pdf
B17: Assumptions annex, Page 3
B19: Energy content of electricity
B20: U.S. Energy Information Administration
B21: Units and calculators explained: British thermal units (Btu)
B22: https://www.eia.gov/energyexplained/units-and-calculators/british-thermal-units.php
B23: 1 kWh = 3,412 Btu (this workbook uses the more precise value of 3,412.14163 Btu per kWh)
A26: Notes
A27: This input tells EPS how much hydrogen one megawatt (MW) of electrolyzer capacity produces in a year, in BTU of hydrogen per year per MW.
A28: EPS uses it to convert hydrogen made by electrolysis into the electrolyzer capacity needed to make it, for example the spare capacity that can
A29: shift when it draws electricity from the grid.
A31: How the workbook is laid out: this About tab; a 'FIoHP Source' tab holding the electricity needed per unit of hydrogen for each year (copied from
A32: the FIoHP input); a Calculations tab that does the arithmetic; and the EHPpUC tab, which EPS reads (exported to EHPpUC.csv).
A34: The electrolyzer is assumed to run at full load all year (24 hours x 365 days = 8,760 hours), so 1 MW uses 8,760 MWh of electricity a year.
A35: We convert that electricity to BTU and divide by the electricity needed per BTU of hydrogen. That need falls over time as electrolyzers become
A36: more efficient, so the hydrogen produced per MW rises over time. If the electrolysis efficiency in the FIoHP input is revised, paste the new
A37: electricity row into the 'FIoHP Source' tab and the rest updates automatically.

Sheet FIoHP Source
A1: Electricity needed per unit of hydrogen produced by electrolysis (BTU of electricity per BTU of hydrogen)
A2: Pasted from the 'electricity' row of the 'FIoHP-electrolysis' tab of Fuel Intensity of Hydrogen Production.xlsx (FIoHP; exported as FIoHP-electrolysis.csv) in InputData/hydgn/FIoHP.
A3: Year | B3: 2017 | C3: 2018 | D3: 2019 | E3: 2020 | F3: 2021 | G3: 2022 | H3: 2023 | I3: 2024 | J3: 2025 | K3: 2026 | L3: 2027 | M3: 2028 | N3: 2029 | O3: 2030 | P3: 2031 | Q3: 2032 | R3: 2033 | S3: 2034 | T3: 2035 | U3: 2036 | V3: 2037 | W3: 2038 | X3: 2039 | Y3: 2040 | Z3: 2041 | AA3: 2042 | AB3: 2043 | AC3: 2044 | AD3: 2045 | AE3: 2046 | AF3: 2047 | AG3: 2048 | AH3: 2049 | AI3: 2050
A4: electricity | B4: 1.4915254 | C4: 1.4829198 | D4: 1.4743637 | E4: 1.4658571 | F4: 1.4573995 | G4: 1.4489908 | H4: 1.4406305 | I4: 1.4323185 | J4: 1.4240544 | K4: 1.4158381 | L4: 1.4076691 | M4: 1.3995472 | N4: 1.3914723 | O4: 1.3834439 | P4: 1.3786131 | Q4: 1.3737993 | R4: 1.3690022 | S4: 1.3642219 | T4: 1.3594583 | U4: 1.3547113 | V4: 1.3499809 | W4: 1.345267 | X4: 1.3405696 | Y4: 1.3358886 | Z4: 1.3312239 | AA4: 1.3265755 | AB4: 1.3219433 | AC4: 1.3173273 | AD4: 1.3127275 | AE4: 1.3081437 | AF4: 1.3035759 | AG4: 1.299024 | AH4: 1.2944881 | AI4: 1.2899679

Sheet Calculations
A1: Constants
A2: Hours in a year at full load | B2: 8760 | C2: 24 hours x 365 days; the electrolyzer is assumed to run flat out all year
A3: BTU per MWh | B3: 3412141.6 | C3: Standard energy conversion: 1 kWh = 3,412.14163 BTU (see Sources on the About tab)
A5: Electricity used per MW of electrolyzer per year at full load
A6: BTU electricity / MW / year | B6: =B2*B3 -> 2.9890361e+10
A8: Hydrogen produced per MW of electrolyzer per year at full load
A9: Year | B9: ='FIoHP Source'!B3 -> 2017 | C9: ='FIoHP Source'!C3 -> 2018 | D9: ='FIoHP Source'!D3 -> 2019 | E9: ='FIoHP Source'!E3 -> 2020 | F9: ='FIoHP Source'!F3 -> 2021 | G9: ='FIoHP Source'!G3 -> 2022 | H9: ='FIoHP Source'!H3 -> 2023 | I9: ='FIoHP Source'!I3 -> 2024 | ... AI9: ='FIoHP Source'!AI3 -> 2050
A10: BTU H2 / MW / year | B10: =$B$6/'FIoHP Source'!B4 -> 2.0040128e+10 | C10: =$B$6/'FIoHP Source'!C4 -> 2.0156425e+10 | D10: =$B$6/'FIoHP Source'!D4 -> 2.0273396e+10 | E10: =$B$6/'FIoHP Source'!E4 -> 2.0391047e+10 | F10: =$B$6/'FIoHP Source'!F4 -> 2.050938e+10 | G10: =$B$6/'FIoHP Source'!G4 -> 2.06284e+10 | H10: =$B$6/'FIoHP Source'!H4 -> 2.074811e+10 | I10: =$B$6/'FIoHP Source'!I4 -> 2.0868516e+10 | ... AI10: =$B$6/'FIoHP Source'!AI4 -> 2.3171398e+10
A11: Formula: (BTU of electricity per MW per year) / (BTU of electricity per BTU of hydrogen)

Sheet EHPpUC
B1: 2017 | C1: 2018 | D1: 2019 | E1: 2020 | F1: 2021 | G1: 2022 | H1: 2023 | I1: 2024 | J1: 2025 | K1: 2026 | L1: 2027 | M1: 2028 | N1: 2029 | O1: 2030 | P1: 2031 | Q1: 2032 | R1: 2033 | S1: 2034 | T1: 2035 | U1: 2036 | V1: 2037 | W1: 2038 | X1: 2039 | Y1: 2040 | Z1: 2041 | AA1: 2042 | AB1: 2043 | AC1: 2044 | AD1: 2045 | AE1: 2046 | AF1: 2047 | AG1: 2048 | AH1: 2049 | AI1: 2050
A2: (BTU H2/yr) / MW | B2: =Calculations!B10 -> 2.0040128e+10 | C2: =Calculations!C10 -> 2.0156425e+10 | D2: =Calculations!D10 -> 2.0273396e+10 | E2: =Calculations!E10 -> 2.0391047e+10 | F2: =Calculations!F10 -> 2.050938e+10 | G2: =Calculations!G10 -> 2.06284e+10 | H2: =Calculations!H10 -> 2.074811e+10 | I2: =Calculations!I10 -> 2.0868516e+10 | ... AI2: =Calculations!AI10 -> 2.3171398e+10
