Workbook

Sheet About
A1: SoSVbFF Share of Syngas Vent CO2 by Feedstock Fuel
A3: Sources: | B3: US petrochemical and ammonia process CO2 (2023)
B4: U.S. Environmental Protection Agency
B5: Inventory of U.S. Greenhouse Gas Emissions and Sinks: 1990-2023 (EPA 430-R-25-003), Chapter 4 Industrial Processes and Product Use: Petrochemical Production (Tables 4-55 to 4-57) and Ammonia Production (Tables 4-23 and 4-24)
B6: 2025
B7: https://www.epa.gov/ghgemissions/inventory-us-greenhouse-gas-emissions-and-sinks
B8: Tables 4-55/4-56 give 2023 petrochemical CO2 by product in MMT CO2 Eq. and kt (total 30,540 kt: carbon black 2,550; ethylene 22,600; ethylene dichloride 460; ethylene oxide 1,730; methanol 2,130; acrylonitrile 1,070). Table 4-57 gives production (ethylene 2023: 39,400 kt). The ethylene figure is the CO2 from burning ethylene process off-gas (the GHGRP optional combustion method), so it excludes CO2 from any natural gas make-up fuel. Ammonia (Table 4-24): 12,211 kt CO2 in 2023, net of CO2 recovered for urea. Held verbatim on the Source Data tab. Do not use these as a facility-level or non-US figure.
B10: Ammonia process routes and the shift step
B11: International Energy Agency
B12: Ammonia Technology Roadmap: Towards more sustainable nitrogen fertiliser production
B13: 2021
B14: https://www.iea.org/reports/ammonia-technology-roadmap
B15: Chapter 1: describes natural gas and coal ammonia routes, including the water-gas shift step and the CO2 removal vent, used to say which feedstock fuel each process draws on. Qualitative use only; no number from this source is on the Source Data tab.
B17: Coal-based chemicals case (China)
B18: Oxford Institute for Energy Studies (Kevin Jianjun Tu)
B19: Prospects of the Chinese coal chemical industry in an increasingly carbon-constrained world (OIES Paper CE13)
B20: 2024
B21: https://www.oxfordenergy.org/
B22: Describes coal-based ammonia (air separation, gasifier, sour gas shift, acid gas removal) and reports about 4.6 tCO2 per tonne of ammonia. Used qualitatively for the regional note. URL is the publisher home page; locate the paper by title.
A25: Notes:
A26: Purpose and layout | B26: In the chemicals module, part of the industry's process CO2 is vented from syngas (the hydrogen and carbon monoxide mixture made from a fossil feedstock). Hydrogen injection avoids that vent CO2, and the carbon it contained no longer has to be bought as fossil feedstock. This file says which fossil fuel that carbon came from, as a share of the syngas-vent CO2 for each industrial fuel, so the model knows which fuel purchase to reduce. The shares sum to 1. The Source Data tab holds the inventory figures, the Calcs tab lists each process source and adds up the pool by fuel (the 1/0 flags in column D are the editable part), the Checks tab tests the result, and the last tab, SoSVbFF, is exactly what is written to SoSVbFF.csv.
A27: What we did for the U.S. | B27: In the U.S. build the syngas-vent pool is the natural gas methanol vent, so natural gas carries a share of 1 and every other fuel is 0. We use the inventory's 2023 methanol CO2 (2,130 kt) for the pool, and ammonia process CO2 (12,211 kt, net of urea) is kept out of the pool because it is already accounted for elsewhere in the module. The amount in the pool does not change the answer while only one fuel is in it; the amounts matter for regions with several.
A28: If your region is not the U.S. | B28: The shares are the thing a regional adapter changes. For a region with coal-based chemicals (China is the main example: its coal-based ammonia is about 4.6 t CO2 per tonne of ammonia and runs through a coal gasifier with a sour-gas shift step, per the Oxford Institute for Energy Studies paper), enter each syngas source plant type on the Calcs tab with its own CO2, set its feedstock fuel (hard coal if, natural gas if, or another EPS fuel name from the list below it) and put 1 in the pool column. A coal-dominant region will then show most of the weight on hard coal. Also review the companion hydrogen injection ratio file, which has a separate value for coal.
A29: Limits | B29: The inventory does not report CO2 by feedstock fuel within each process, so we assume each process uses one feedstock fuel. The methanol line is a single national figure, not plant data.
A30: Export format | B30: One row for each industrial fuel in the model's order, with a Values heading, in the same layout as IFSR-chemicals.csv. CSV values computed in Python from the same formulas; recalc in Excel to verify.

Sheet Source Data
A1: SOURCE DATA: US EPA Greenhouse Gas Inventory 1990-2023, Chapter 4 (values pasted as published)
A3: Table 4-56 CO2 from petrochemical production, 2023 | B3: kt CO2 | C3: Unit | D3: Location
A4: Carbon black | B4: 2550 | C4: kt CO2 | D4: GHGI 2025 (EPA 430-R-25-003) Table 4-56, 2023 column
A5: Ethylene | B5: 22600 | C5: kt CO2 | D5: GHGI 2025 (EPA 430-R-25-003) Table 4-56, 2023 column
A6: Ethylene dichloride | B6: 460 | C6: kt CO2 | D6: GHGI 2025 (EPA 430-R-25-003) Table 4-56, 2023 column
A7: Ethylene oxide | B7: 1730 | C7: kt CO2 | D7: GHGI 2025 (EPA 430-R-25-003) Table 4-56, 2023 column
A8: Methanol | B8: 2130 | C8: kt CO2 | D8: GHGI 2025 (EPA 430-R-25-003) Table 4-56, 2023 column
A9: Acrylonitrile | B9: 1070 | C9: kt CO2 | D9: GHGI 2025 (EPA 430-R-25-003) Table 4-56, 2023 column
A10: Total petrochemical production (as published) | B10: 30540 | C10: kt CO2 | D10: Table 4-56 total; text: 30.5 MMT CO2 Eq. in 2023
A12: Table 4-24 CO2 from ammonia production, 2023 (net of CO2 recovered for urea)
A13: Ammonia production net CO2 | B13: 12211 | C13: kt CO2 | D13: GHGI 2025 Table 4-24 (text: 12.2 MMT CO2 Eq.)

Sheet Calcs
A1: CALCULATIONS: which fossil fuel did the syngas-vent CO2 come from?
A2: Question this tab answers: of the CO2 vented from the syngas of chemical plants, what fraction came from each feedstock fuel? Section 1 lists the process sources and says which belong in the syngas-vent pool (change the 1/0 in column D to edit the pool). Section 2 adds up the pool by fuel and divides by the pool total. The answer is the column marked SHARE.
A4: Section 1: US process CO2 sources and whether they sit in the syngas-vent pool
A5: Process source | B5: Feedstock fuel (EPS fuel name) | C5: CO2 2023 kt | D5: In syngas-vent pool? 1 = yes 0 = no | E5: Why
A6: Methanol (natural gas steam reforming) | B6: natural gas if | C6: ='Source Data'!B8 -> 2130 | D6: 1 | E6: Natural gas methanol syngas is hydrogen-rich, so the CO2 comes from the reforming and CO2-removal vent, not a shift step. It is the whole U.S. syngas-vent pool.
A7: Ammonia (natural gas reforming) | B7: natural gas if | C7: ='Source Data'!B13 -> 12211 | D7: 0 | E7: U.S. ammonia process CO2 is excluded from this pool so it is not counted twice (the chemicals process CO2 is split into pools elsewhere in the module).
A8: Ammonia or methanol from coal | B8: hard coal if | C8: 0 | D8: 0 | E8: No U.S. coal-based chemical syngas source is identified in the inventory; a coal-dominant region enters its own coal-fed plants here and sets the flag to 1 (see About).
A10: Section 2: pool CO2 and share by feedstock fuel
A11: Industrial fuel | B11: Pool CO2 from this fuel kt | C11: SHARE OF SYNGAS-VENT CO2 USED IN THE OUTPUT FILE
A12: electricity if | B12: =SUMIFS($C$6:$C$8,$B$6:$B$8,A12,$D$6:$D$8,1) -> 0 | C12: =IF($B$22>0,B12/$B$22,0) -> 0
A13: hard coal if | B13: =SUMIFS($C$6:$C$8,$B$6:$B$8,A13,$D$6:$D$8,1) -> 0 | C13: =IF($B$22>0,B13/$B$22,0) -> 0
A14: natural gas if | B14: =SUMIFS($C$6:$C$8,$B$6:$B$8,A14,$D$6:$D$8,1) -> 2130 | C14: =IF($B$22>0,B14/$B$22,0) -> 1
A15: biomass if | B15: =SUMIFS($C$6:$C$8,$B$6:$B$8,A15,$D$6:$D$8,1) -> 0 | C15: =IF($B$22>0,B15/$B$22,0) -> 0
A16: petroleum diesel if | B16: =SUMIFS($C$6:$C$8,$B$6:$B$8,A16,$D$6:$D$8,1) -> 0 | C16: =IF($B$22>0,B16/$B$22,0) -> 0
A17: heat if | B17: =SUMIFS($C$6:$C$8,$B$6:$B$8,A17,$D$6:$D$8,1) -> 0 | C17: =IF($B$22>0,B17/$B$22,0) -> 0
A18: crude oil if | B18: =SUMIFS($C$6:$C$8,$B$6:$B$8,A18,$D$6:$D$8,1) -> 0 | C18: =IF($B$22>0,B18/$B$22,0) -> 0
A19: heavy or residual fuel oil if | B19: =SUMIFS($C$6:$C$8,$B$6:$B$8,A19,$D$6:$D$8,1) -> 0 | C19: =IF($B$22>0,B19/$B$22,0) -> 0
A20: LPG propane or butane if | B20: =SUMIFS($C$6:$C$8,$B$6:$B$8,A20,$D$6:$D$8,1) -> 0 | C20: =IF($B$22>0,B20/$B$22,0) -> 0
A21: hydrogen if | B21: =SUMIFS($C$6:$C$8,$B$6:$B$8,A21,$D$6:$D$8,1) -> 0 | C21: =IF($B$22>0,B21/$B$22,0) -> 0
A22: Total pool CO2 (kt) | B22: =SUM(B12:B21) -> 2130 | C22: =SUM(C12:C21) -> 1

Sheet Checks
A1: CHECKS: live tests on the calculation
A2: What is tested | B2: Value | C2: Result
A3: Shares sum to 1 | B3: =Calcs!C22 -> 1 | C3: =IF(ABS(B3-1)<0.000001,"PASS","FAIL") -> PASS
A4: Every share is between 0 and 1 | B4: =MAX(Calcs!C12:C21) -> 1 | C4: =IF(AND(MIN(Calcs!C12:C21)>=0,B4<=1),"PASS","FAIL") -> PASS
A5: The six 2023 petrochemical lines add up to the published total (confirms the table was read correctly) | B5: =SUM('Source Data'!B4:B9)-'Source Data'!B10 -> 0 | C5: =IF(ABS(B5)<0.5,"PASS","FAIL") -> PASS
A6: Total pool CO2 is greater than zero | B6: =Calcs!B22 -> 2130 | C6: =IF(B6>0,"PASS","FAIL") -> PASS

Sheet SoSVbFF
B1: Values
A2: electricity if | B2: =Calcs!C12 -> 0
A3: hard coal if | B3: =Calcs!C13 -> 0
A4: natural gas if | B4: =Calcs!C14 -> 1
A5: biomass if | B5: =Calcs!C15 -> 0
A6: petroleum diesel if | B6: =Calcs!C16 -> 0
A7: heat if | B7: =Calcs!C17 -> 0
A8: crude oil if | B8: =Calcs!C18 -> 0
A9: heavy or residual fuel oil if | B9: =Calcs!C19 -> 0
A10: LPG propane or butane if | B10: =Calcs!C20 -> 0
A11: hydrogen if | B11: =Calcs!C21 -> 0
