Workbook

Sheet About
A1: CKFSR Cement Kiln Fuel Shift Recipient Fractions
A3: Sources: | B3: Why the U.S. values send every fossil kiln fuel to alternative fuels
B4: Global Cement and Concrete Association (GCCA)
B5: Concrete Future: The GCCA 2050 Cement and Concrete Industry Roadmap for Net Zero Concrete
B6: 2021
B7: https://gccassociation.org/concretefuture/
B8: The roadmap treats the thermal substitution rate, the share of kiln heat supplied by alternative fuels, as the main kiln-fuel lever (about 6 percent worldwide today rising to 22 percent in 2030 and 43 percent in 2050), and national kiln-fuel policies are written the same way (India, China, Mexico, the EU). Sending every fossil kiln fuel to alternative fuels in the same proportion makes the lever a thermal substitution rate on the fossil fuels. Used for that design choice only; no number from the roadmap enters this file.
B10: Where alternative fuels, gas and hydrogen are fired in a precalciner kiln (for editing the rows)
B11: European Cement Research Academy (ECRA) and Cement Sustainability Initiative (CSI)
B12: Development of State of the Art Techniques in Cement Manufacturing: Trying to Look Ahead (CSI/ECRA Technology Papers)
B13: 2017
B14: https://ecra-online.org/research/technology-papers/
B15: Coarse solid wastes (tires, refuse-derived fuel, plastics) are fed to the calciner and kiln inlet, where coal and petroleum coke are fired; liquid wastes are injected at the main burner. Useful when deciding how to route each fuel for a region (for example, sending only part of the natural gas row to alternative fuels and keeping the rest as gas). Not used for the U.S. values.
A18: Notes:
A19: Purpose and layout | B19: The kiln fuel shift policy (Fraction of Fossil Kiln Energy Shifted) takes the same share of every fossil fuel the kilns burn: coal, natural gas, and the petroleum coke the model carries on the petroleum diesel and residual fuel oil elements. This file says where that shifted energy goes. Each fossil fuel's row splits its shifted energy across three destinations: alternative fuels (tire-derived fuel, engineered waste fuels, waste oils and solvents, biomass residues, which the model carries on the biomass element), natural gas, and hydrogen. Each fossil row must add up to one. Rows for the other fuels are not used and stay zero. Edit the 'Recipient Fractions' tab; the 'Checks' tab tests the rows; the 'CKFSR' tab is exported to CKFSR.csv.
A20: How the U.S. values were set | B20: For the U.S. every fossil kiln fuel sends all of its shifted energy to alternative fuels, because nearly all kiln-fuel policy in force or proposed is a thermal substitution target. With these values the policy setting is simply the share of fossil kiln heat replaced by alternative fuels. A target T for a fleet that already gets a share A of its kiln heat from alternative fuels corresponds to a setting of (T - A) / (1 - A).
A21: Other ways to use the rows | B21: A coal-to-gas kiln conversion program, as in parts of China, sends the coal and petroleum coke rows to natural gas and leaves the natural gas row on natural gas (a fuel sent to itself is unchanged). A hydrogen co-firing program sends every fossil row to hydrogen. A mixed policy splits a row, for example half of coal to alternative fuels and half to natural gas. The same policy setting then applies to whatever routing the rows describe.
A22: Confidence | B22: The U.S. routing is a modelling choice that matches how kiln-fuel policies are written, not a measured quantity. Kilns fire coarse solid wastes mainly in place of coal and petroleum coke, so a uniform share across the fuels may take somewhat more from natural gas than real plants would.

Sheet Recipient Fractions
A1: Where each fossil kiln fuel's shifted energy goes (edit here)
A2: Each row is one fuel in the model's fuel list. For the four fossil kiln fuels, enter the fraction of the energy the policy takes from that fuel that goes to each destination; the three fractions must add up to one. Leave the other rows at zero.
A3: Fuel | B3: Model fuel name | C3: Fossil kiln fuel? 1 = yes | D3: To alternative fuels fraction | E3: To natural gas fraction | F3: To hydrogen fraction | G3: Row total must be 1 for fossil fuels
A4: Electricity | B4: electricity if | C4: 0 | D4: 0 | E4: 0 | F4: 0 | G4: =SUM(D4:F4) -> 0
A5: Coal | B5: hard coal if | C5: 1 | D5: 1 | E5: 0 | F5: 0 | G5: =SUM(D5:F5) -> 1
A6: Natural gas | B6: natural gas if | C6: 1 | D6: 1 | E6: 0 | F6: 0 | G6: =SUM(D6:F6) -> 1
A7: Biomass (carries the alternative fuels) | B7: biomass if | C7: 0 | D7: 0 | E7: 0 | F7: 0 | G7: =SUM(D7:F7) -> 0
A8: Petroleum diesel (carries part of the petroleum coke) | B8: petroleum diesel if | C8: 1 | D8: 1 | E8: 0 | F8: 0 | G8: =SUM(D8:F8) -> 1
A9: Heat | B9: heat if | C9: 0 | D9: 0 | E9: 0 | F9: 0 | G9: =SUM(D9:F9) -> 0
A10: Crude oil | B10: crude oil if | C10: 0 | D10: 0 | E10: 0 | F10: 0 | G10: =SUM(D10:F10) -> 0
A11: Heavy or residual fuel oil (carries part of the petroleum coke) | B11: heavy or residual fuel oil if | C11: 1 | D11: 1 | E11: 0 | F11: 0 | G11: =SUM(D11:F11) -> 1
A12: LPG, propane or butane | B12: LPG propane or butane if | C12: 0 | D12: 0 | E12: 0 | F12: 0 | G12: =SUM(D12:F12) -> 0
A13: Hydrogen | B13: hydrogen if | C13: 0 | D13: 0 | E13: 0 | F13: 0 | G13: =SUM(D13:F13) -> 0
A14: Green hydrogen | B14: green hydrogen if | C14: 0 | D14: 0 | E14: 0 | F14: 0 | G14: =SUM(D14:F14) -> 0
A15: Low carbon hydrogen | B15: low carbon hydrogen if | C15: 0 | D15: 0 | E15: 0 | F15: 0 | G15: =SUM(D15:F15) -> 0

Sheet Checks
A1: Live checks
A2: Check | B2: Value | C2: Result
A3: Fossil fuel rows whose fractions do not add up to 1 (count) | B3: =SUMPRODUCT(('Recipient Fractions'!C4:C15=1)*(ABS('Recipient Fractions'!G4:G15-1)>0.000001)) -> 0 | C3: =IF(B3=0,"PASS","FAIL") -> PASS
A4: Fractions below 0 or above 1 (count) | B4: =COUNTIF('Recipient Fractions'!D4:F15,"<0")+COUNTIF('Recipient Fractions'!D4:F15,">1") -> 0 | C4: =IF(B4=0,"PASS","FAIL") -> PASS
A5: Non-fossil rows with any nonzero fraction (count; these rows are not used) | B5: =SUMPRODUCT(('Recipient Fractions'!C4:C15=0)*('Recipient Fractions'!G4:G15<>0)) -> 0 | C5: =IF(B5=0,"PASS","CHECK") -> PASS

Sheet CKFSR
A1: Unit: dimensionless | B1: to alternative fuels | C1: to natural gas | D1: to hydrogen
A2: ='Recipient Fractions'!B4 -> electricity if | B2: ='Recipient Fractions'!D4 -> 0 | C2: ='Recipient Fractions'!E4 -> 0 | D2: ='Recipient Fractions'!F4 -> 0
A3: ='Recipient Fractions'!B5 -> hard coal if | B3: ='Recipient Fractions'!D5 -> 1 | C3: ='Recipient Fractions'!E5 -> 0 | D3: ='Recipient Fractions'!F5 -> 0
A4: ='Recipient Fractions'!B6 -> natural gas if | B4: ='Recipient Fractions'!D6 -> 1 | C4: ='Recipient Fractions'!E6 -> 0 | D4: ='Recipient Fractions'!F6 -> 0
A5: ='Recipient Fractions'!B7 -> biomass if | B5: ='Recipient Fractions'!D7 -> 0 | C5: ='Recipient Fractions'!E7 -> 0 | D5: ='Recipient Fractions'!F7 -> 0
A6: ='Recipient Fractions'!B8 -> petroleum diesel if | B6: ='Recipient Fractions'!D8 -> 1 | C6: ='Recipient Fractions'!E8 -> 0 | D6: ='Recipient Fractions'!F8 -> 0
A7: ='Recipient Fractions'!B9 -> heat if | B7: ='Recipient Fractions'!D9 -> 0 | C7: ='Recipient Fractions'!E9 -> 0 | D7: ='Recipient Fractions'!F9 -> 0
A8: ='Recipient Fractions'!B10 -> crude oil if | B8: ='Recipient Fractions'!D10 -> 0 | C8: ='Recipient Fractions'!E10 -> 0 | D8: ='Recipient Fractions'!F10 -> 0
A9: ='Recipient Fractions'!B11 -> heavy or residual fuel oil if | B9: ='Recipient Fractions'!D11 -> 1 | C9: ='Recipient Fractions'!E11 -> 0 | D9: ='Recipient Fractions'!F11 -> 0
A10: ='Recipient Fractions'!B12 -> LPG propane or butane if | B10: ='Recipient Fractions'!D12 -> 0 | C10: ='Recipient Fractions'!E12 -> 0 | D10: ='Recipient Fractions'!F12 -> 0
A11: ='Recipient Fractions'!B13 -> hydrogen if | B11: ='Recipient Fractions'!D13 -> 0 | C11: ='Recipient Fractions'!E13 -> 0 | D11: ='Recipient Fractions'!F13 -> 0
A12: ='Recipient Fractions'!B14 -> green hydrogen if | B12: ='Recipient Fractions'!D14 -> 0 | C12: ='Recipient Fractions'!E14 -> 0 | D12: ='Recipient Fractions'!F14 -> 0
A13: ='Recipient Fractions'!B15 -> low carbon hydrogen if | B13: ='Recipient Fractions'!D15 -> 0 | C13: ='Recipient Fractions'!E15 -> 0 | D13: ='Recipient Fractions'!F15 -> 0
