Workbook

Sheet About
A1: BCD BAU Cement Demand
A3: Sources: | B3: US apparent cement consumption and salient statistics, 2021-2025 (anchor and history)
B4: USGS
B5: Mineral Commodity Summaries 2026 - Cement
B6: 2026
B7: https://pubs.usgs.gov/periodicals/mcs2026/mcs2026-cement.pdf
B8: Apparent consumption 111/114/113/110/110 million t (2021-2025e). Also carries the world production table used for other regions' production column. Pasted verbatim from the PDF text on tab 'USGS MCS 2026 Cement'.
B10: US demand growth index 2025-2050 (cement and lime value of shipments)
B11: EIA
B12: Annual Energy Outlook 2026, Table 23 Industrial Sector Macroeconomic Indicators
B13: 2026
B14: https://www.eia.gov/outlooks/aeo/tables_ref.php
B15: Cement and Lime value of shipments, billion 2012 $, ELECTRNP case (the same table and case the io-model BPCiObIC workbook builds BAU ISIC 239 output growth from, so cement tons and 239 dollars move together). Dips to 2029 then grows to 2050 (+15% vs 2025). Includes lime; real dollars carry price/mix effects - used only as an index.
B17: Other regions' consumption anchors (draft, staff research 2026-09-28)
B18: Various national associations via trade press (see Regions tab flags)
B19: cemnet / Global Cement / CEMBUREAU / SNIC / CANACEM / ASI summaries
B20: 2024
B21: https://www.cemnet.com/
B22: SNIPPET-level values from search summaries, not read from primary reports; JUDGMENT where marked. Blank = TO FILL. Growth outlooks to 2050 were not sourced (column left blank, so the Derivation holds those regions flat) - fill from IEA/GCCA regional outlooks or national roadmaps.
A25: Notes:
A26: DRAFT status | B26: This is an input for staff review, not a finished or approved EI position; treat as a starting point pending team sign-off. Verify all cited figures against the primary sources before use.
A27: Basis change 2026-09-28 | B27: BCD is now apparent CONSUMPTION (production + imports - exports), not domestic production. Net imports are removed downstream in the model at Domestic Clinker Demand via the BFoCDMbNI share, so only in-region production drives capacity, energy, and emissions. Previous file: 84 Mt production held flat.
A28: Trajectory | B28: 2021-2025: USGS apparent consumption. 2026-2050: 2025 value x AEO 2026 cement-and-lime shipments index (value in year / value in 2025). 2050 = 126.4 Mt.
A29: Region selector | B29: Regions!B1 picks the row the Derivation uses. For the US the history and AEO index apply; for other regions the anchor is grown at the CAGR in the Regions row (blank = flat). Export tab literals are the US values; re-export after switching.
A30: Provenance | B30: Built by Claude Code (Fable 5.1 session), cement section-1 demand restructure, worktree cement-calculation-flow-89da5b, 2026-09-28. Reviewed by: (pending).
A31: Regional rows loaded 2026-10-01 | B31: Non-US rows of the Regions tab loaded from Cement_Regional_Data_Draft.md (cement-calculation-flow-89da5b worktree root), passes 1 and 2; pass 2 (primary sources) wins on conflict and the conflict is kept in the row note. Flags: DIRECT = read in the primary document; SNIPPET = secondary/trade-press summary or an unopened primary; JUDGMENT = own arithmetic or estimate (written as a visible formula where computed); blank = TO FILL. Supersedes any placeholder description in the Sources block above. The US row, Derivation and export tab are unchanged. Verify every non-US value against its cited primary source before use. Loader: Cement_Regional_Rows_Loading/load_regional_rows.py.

Sheet Regions
A1: Selected region (drop-down): | B1: United States
A2: Change B1 to switch the Derivation to another region's row; the export tab holds literal values, so re-export the CSV (CSV Export Tool) after switching. Blank cells = TO FILL (no sourced value yet).
A4: Region | B4: Anchor year | C4: Apparent consumption anchor (Mt) | D4: Flag | E4: Growth CAGR to 2050 (fraction/yr; blank = flat; US uses AEO index instead) | F4: Flag | G4: Cement production, USGS 2025e (Mt, context) | H4: Source / note
A5: United States | B5: 2025 | C5: 110 | D5: DIRECT | F5: AEO | G5: 84 | H5: USGS MCS 2026 apparent consumption; growth = AEO 2026 Table 23 cement & lime index
A6: China | B6: 2024 | C6: 1858.9 | D6: SNIPPET | G6: 1700 | H6: cemnet citing demand data (pass 1, carried in pass 2). 2025 projection 1,790 (ICR via Cement Europe, SNIPPET); NBS 2025 production 1,670-1,693 (SNIPPET); 2024 fell ~8-10% y/y. Long-run CAGR TO FILL (IEA 2018 roadmap: China declines to 2050, no number).
A7: India | B7: 2024 | C7: 435 | D7: SNIPPET | E7: =ROUND((2100/391)^(1/(2070-2023))-1,3) | F7: JUDGMENT | G7: 470 | H7: FY2024-25 (Apr 2024-Mar 2025, assigned to 2024) consumption 435 / production 427, ACEEE Jul-2026 citing IBEF (pass 2). Pass 1 had no consumption (USGS production 440 in 2024e, 470 in 2025e - calendar vs FY basis). | CAGR (2023-70): NITI Aayog Jan-2026 path 391 (2023) -> 2,100 Mt (2070) (SNIPPET); CAGR is own arithmetic. Front-loaded path: 7.8%/yr 2023-30, 5.9%/yr 2030-47; GCCA India/TERI ~3.1%/yr; IEA 2018 'triple by 2050' ~3.1%/yr. A flat CAGR understates near-term growth.
A8: EU-27 | B8: 2024 | C8: 148.1 | D8: DIRECT | H8: Cement Europe Statistics Report 2025, EU-27 scope (pass 2 read the PDF; pass 1 had it as SNIPPET). Production 160.8 (2024, DIRECT). UNRESOLVED: production - consumption = +12.7 Mt vs ~0 Eurostat net trade - ask Cement Europe. Do not mix with the 165.1 wider-membership figure.
A9: Japan | B9: 2024 | C9: 40 | D9: JUDGMENT | G9: 44 | H9: production minus net clinker exports, rough; JCA not opened
A10: Brazil | B10: 2023 | C10: 62.21 | D10: DIRECT | E10: 0.017 | F10: JUDGMENT | G10: 67 | H10: SNIC Annual Report 2023 apparent consumption (pass 2, DIRECT). CONFLICT: pass 1 used 64.652 (2024 SNIC sales via cemnet, SNIPPET); 2024 consumption 64.8 and 2025 dispatches 66.984 are SNIPPET. A 73 Mt 2024 'consumption' figure (pass 1) is unreliable. | CAGR (2014-50): SNIC/IEA/WBCSD 2019 roadmap: demand +60% (low) to +120% (high) vs 2014 by 2050 (DIRECT) = 1.3-2.2%/yr; 1.7%/yr chosen within the range (staff plan). Applied from the 2023 anchor, which sits below the 2014 base, so 2050 lands under the roadmap low case.
A11: Mexico | B11: 2024 | C11: 42 | D11: SNIPPET | G11: 42 | H11: ~42 Mt 2024 sales (Cementos Moctezuma CEO via Global Cement, pass 2). CONFLICT: pass 1 had 46.4 (2024 CANACEM forecast via Global Cement) - resolve against CANACEM statistics. 2025 consumption -6% (SNIPPET).
A12: Canada | B12: 2024 | C12: =12.7+1.2-(4.39+0.47) | D12: JUDGMENT | E12: 0.01 | F12: DIRECT | H12: LOW CONFIDENCE: 2020 CAC-member production 12.7 (DIRECT, Concrete Zero) + 2024 Comtrade imports 1.20 - exports (cement 4.39 + clinker 0.47) (DIRECT trade); mixes years. StatCan 16-10-0009-01 ends 2018. Next: StatCan monthly cement table / NRCan Minerals Yearbook. | CAGR (2020-50): CAC Concrete Zero Action Plan assumes cement volume +1%/yr from 2020 (DIRECT).
A13: Indonesia | B13: 2025 | C13: 63.912 | D13: DIRECT | G13: 64 | H13: Asperssi (ASI) 2025 domestic sales, used as apparent consumption (imports negligible) (pass 2, DIRECT). 2024: 64.895. Pass 1 had 64.9 (2024, SNIPPET via cemnet). Production 64.720 (2025).
A14: Australia | H14: TO FILL - CIF Industry Report (secondary market-report figures rejected as low confidence)

Sheet USGS MCS 2026 Cement
A1: USGS Mineral Commodity Summaries 2026 - Cement (Ashley K. Hatfield). Pasted from the PDF text; 'e' = estimated. Data in thousand metric tons unless otherwise specified.
A3: Salient Statistics - United States (thousand metric tons unless noted) | B3: 2021 | C3: 2022 | D3: 2023 | E3: 2024 | F3: 2025e
A4: Production: Portland, blended, and masonry cement (includes cement made from imported clinker) | B4: 91000 | C4: 91200 | D4: 89700 | E4: 85000 | F4: 84000
A5: Production: Clinker | B5: 79616 | C5: 79489 | D5: 76789 | E5: 72000 | F5: 69000
A6: Shipments to final customers, includes exports | B6: 108969 | C6: 111092 | D6: 110290 | E6: 100000 | F6: 100000
A7: Imports for consumption: Hydraulic cement | B7: 19937 | C7: 24985 | D7: 24986 | E7: 23675 | F7: 23000
A8: Imports for consumption: Clinker | B8: 1563 | C8: 1021 | D8: 921 | E8: 685 | F8: 660
A9: Exports, hydraulic cement and clinker | B9: 939 | C9: 904 | D9: 889 | E9: 932 | F9: 1000
A10: Consumption, apparent (production incl. from imported clinker + imports excl. clinker - exports - stock changes) | B10: 111000 | C10: 114000 | D10: 113000 | E10: 110000 | F10: 110000
A11: Price, average mill unit value, dollars per metric ton | B11: 127 | C11: 139 | D11: 152 | E11: 160 | F11: 160
A12: Stocks, cement, yearend | B12: 6280 | C12: 8010 | D12: 8830 | E12: 9700 | F12: 8200
A13: Net import reliance as a percentage of apparent consumption | B13: 19 | C13: 22 | D13: 22 | E13: 22 | F13: 21
A15: World Production and Capacity (thousand metric tons) | B15: Cement production 2024 | C15: Cement production 2025e | D15: Clinker capacity 2024 | E15: Clinker capacity 2025e
A16: United States (includes Puerto Rico) | B16: 85000 | C16: 84000 | D16: 100000 | E16: 100000
A17: Brazil | B17: 65000 | C17: 67000 | D17: 60000 | E17: 61000
A18: China | B18: 1800000 | C18: 1700000 | D18: 1900000 | E18: 1800000
A19: Egypt | B19: 53000 | C19: 64000 | D19: 60000 | E19: 75000
A20: India | B20: 440000 | C20: 470000 | D20: 380000 | E20: 400000
A21: Indonesia | B21: 68000 | C21: 64000 | D21: 79000 | E21: 83000
A22: Iran | B22: 71000 | C22: 68000 | D22: 85000 | E22: 85000
A23: Japan | B23: 46000 | C23: 44000 | D23: 50000 | E23: 50000
A24: Korea, Republic of | B24: 44000 | C24: 37000 | D24: 62000 | E24: 62000
A25: Mexico | B25: 44000 | C25: 42000 | D25: 42000 | E25: 42000
A26: Russia | B26: 67000 | C26: 59000 | D26: 80000 | E26: 80000
A27: Saudi Arabia | B27: 51000 | C27: 54000 | D27: 75000 | E27: 75000
... A31: World total (rounded) | B31: 3900000 | C31: 3800000 | D31: 3800000 | E31: 3800000

Sheet AEO 2026 Table 23
A1: EIA Annual Energy Outlook 2026, Table 23 Industrial Sector Macroeconomic Indicators, Value of Shipments (billion 2012 dollars), case ELECTRNP (Alternative Electricity and Transportation - the case the io-model BPCiObIC workbook uses). Row pasted from that workbook's 'AEO 2026 Table 23 ' tab.
A3: api id | B3: full name | C3: series key | D3: units | E3: 2025 | F3: 2026 | G3: 2027 | H3: 2028 | I3: 2029 | J3: 2030 | K3: 2031 | L3: 2032 | M3: 2033 | N3: 2034 | O3: 2035 | P3: 2036 | Q3: 2037 | R3: 2038 | S3: 2039 | T3: 2040 | U3: 2041 | V3: 2042 | W3: 2043 | X3: 2044 | Y3: 2045 | Z3: 2046 | AA3: 2047 | AB3: 2048 | AC3: 2049 | AD3: 2050
A4: ISM000:fa_CementandHydr | B4: Cement and Lime | C4: AEO.2026.ELECTRNP.ECI_VOS_MANF_SCGCL_NA_NA_NA_BLNY09DLR.A | D4: billion 2012 $ | E4: 9.336027 | F4: 9.138749 | G4: 8.976787 | H4: 8.899744 | I4: 8.858376 | J4: 8.879111 | K4: 8.939971 | L4: 9.02407 | M4: 9.135289 | N4: 9.258553 | O4: 9.389754 | P4: 9.524654 | Q4: 9.657454 | R4: 9.793234 | S4: 9.925656 | T4: 10.036542 | U4: 10.121435 | V4: 10.178687 | W4: 10.198941 | X4: 10.195507 | Y4: 10.222628 | Z4: 10.289026 | AA4: 10.381219 | AB4: 10.489734 | AC4: 10.605895 | AD4: 10.7287

Sheet Derivation
A1: Selected region | B1: =Regions!B1
A2: Anchor year | B2: =INDEX(Regions!$B$5:$B$14,MATCH(Regions!$B$1,Regions!$A$5:$A$14,0))
A3: Anchor apparent consumption (Mt) | B3: =INDEX(Regions!$C$5:$C$14,MATCH(Regions!$B$1,Regions!$A$5:$A$14,0))
A4: Growth CAGR (fraction/yr, blank = 0) | B4: =IF(ISNUMBER(INDEX(Regions!$E$5:$E$14,MATCH(Regions!$B$1,Regions!$A$5:$A$14,0))),INDEX(Regions!$E$5:$E$14,MATCH(Regions!$B$1,Regions!$A$5:$A$14,0)),0)
A5: Is US? (history + AEO index) | B5: =IF(B1="United States",1,0)
A7: Year | B7: 2021 | C7: 2022 | D7: 2023 | E7: 2024 | F7: 2025 | G7: 2026 | H7: 2027 | I7: 2028 | J7: 2029 | K7: 2030 | L7: 2031 | M7: 2032 | N7: 2033 | O7: 2034 | P7: 2035 | Q7: 2036 | R7: 2037 | S7: 2038 | T7: 2039 | U7: 2040 | V7: 2041 | W7: 2042 | X7: 2043 | Y7: 2044 | Z7: 2045 | AA7: 2046 | AB7: 2047 | AC7: 2048 | AD7: 2049 | AE7: 2050
A8: USGS apparent consumption (Mt; US only, 2021-2025) | B8: ='USGS MCS 2026 Cement'!B10/1000 | C8: ='USGS MCS 2026 Cement'!C10/1000 | D8: ='USGS MCS 2026 Cement'!D10/1000 | E8: ='USGS MCS 2026 Cement'!E10/1000 | F8: ='USGS MCS 2026 Cement'!F10/1000
A9: AEO cement & lime index (US only; = shipments(y) / shipments(2025)) | F9: ='AEO 2026 Table 23'!E4/'AEO 2026 Table 23'!$E$4 | G9: ='AEO 2026 Table 23'!F4/'AEO 2026 Table 23'!$E$4 | H9: ='AEO 2026 Table 23'!G4/'AEO 2026 Table 23'!$E$4 | I9: ='AEO 2026 Table 23'!H4/'AEO 2026 Table 23'!$E$4 | J9: ='AEO 2026 Table 23'!I4/'AEO 2026 Table 23'!$E$4 | K9: ='AEO 2026 Table 23'!J4/'AEO 2026 Table 23'!$E$4 | L9: ='AEO 2026 Table 23'!K4/'AEO 2026 Table 23'!$E$4 | M9: ='AEO 2026 Table 23'!L4/'AEO 2026 Table 23'!$E$4 | ... AE9: ='AEO 2026 Table 23'!AD4/'AEO 2026 Table 23'!$E$4
A10: Generic index ((1+CAGR)^(y - anchor year)) | B10: =(1+$B$4)^(B7-$B$2) | C10: =(1+$B$4)^(C7-$B$2) | D10: =(1+$B$4)^(D7-$B$2) | E10: =(1+$B$4)^(E7-$B$2) | F10: =(1+$B$4)^(F7-$B$2) | G10: =(1+$B$4)^(G7-$B$2) | H10: =(1+$B$4)^(H7-$B$2) | I10: =(1+$B$4)^(I7-$B$2) | ... AE10: =(1+$B$4)^(AE7-$B$2)
A11: BAU Cement Demand (metric tons/year) | B11: =1000000*IF($B$5=1,IF(B7<=2025,B8,$B$3*B9),$B$3*B10) | C11: =1000000*IF($B$5=1,IF(C7<=2025,C8,$B$3*C9),$B$3*C10) | D11: =1000000*IF($B$5=1,IF(D7<=2025,D8,$B$3*D9),$B$3*D10) | E11: =1000000*IF($B$5=1,IF(E7<=2025,E8,$B$3*E9),$B$3*E10) | F11: =1000000*IF($B$5=1,IF(F7<=2025,F8,$B$3*F9),$B$3*F10) | G11: =1000000*IF($B$5=1,IF(G7<=2025,G8,$B$3*G9),$B$3*G10) | H11: =1000000*IF($B$5=1,IF(H7<=2025,H8,$B$3*H9),$B$3*H10) | I11: =1000000*IF($B$5=1,IF(I7<=2025,I8,$B$3*I9),$B$3*I10) | ... AE11: =1000000*IF($B$5=1,IF(AE7<=2025,AE8,$B$3*AE9),$B$3*AE10)

Sheet Checks
A1: Cross-check: 'BCD' export-tab literal values vs. Derivation formulas (PASS once opened and recalculated in Excel).
B3: 2021 | C3: 2022 | D3: 2023 | E3: 2024 | F3: 2025 | G3: 2026 | H3: 2027 | I3: 2028 | J3: 2029 | K3: 2030 | L3: 2031 | M3: 2032 | N3: 2033 | O3: 2034 | P3: 2035 | Q3: 2036 | R3: 2037 | S3: 2038 | T3: 2039 | U3: 2040 | V3: 2041 | W3: 2042 | X3: 2043 | Y3: 2044 | Z3: 2045 | AA3: 2046 | AB3: 2047 | AC3: 2048 | AD3: 2049 | AE3: 2050
A4: Export literal | B4: 111000000 | C4: 114000000 | D4: 113000000 | E4: 110000000 | F4: 110000000 | G4: 107675609 | H4: 105767322 | I4: 104859577 | J4: 104372166 | K4: 104616472 | L4: 105333544 | M4: 106324425 | N4: 107634842 | O4: 109087177 | P4: 110633028 | Q4: 112222463 | R4: 113787154 | S4: 115386956 | T4: 116947194 | U4: 118253688 | V4: 119253924 | W4: 119928485 | X4: 120167124 | Y4: 120126663 | Z4: 120446211 | AA4: 121228533 | AB4: 122314780 | AC4: 123593338 | AD4: 124961983 | AE4: 126408910
A5: Derivation formula | B5: =Derivation!B11 | C5: =Derivation!C11 | D5: =Derivation!D11 | E5: =Derivation!E11 | F5: =Derivation!F11 | G5: =Derivation!G11 | H5: =Derivation!H11 | I5: =Derivation!I11 | ... AE5: =Derivation!AE11
A6: ABS(Export - Derivation) | B6: =ABS(B4-B5) | C6: =ABS(C4-C5) | D6: =ABS(D4-D5) | E6: =ABS(E4-E5) | F6: =ABS(F4-F5) | G6: =ABS(G4-G5) | H6: =ABS(H4-H5) | I6: =ABS(I4-I5) | ... AE6: =ABS(AE4-AE5)
A8: Max abs diff | B8: =MAX(B6:AE6)
A9: Result | B9: =IF(B8<1e-06,"PASS","FAIL")
A10: Selected region | B10: =Regions!B1
A11: Region-matches-export? | B11: =IF(B10="United States","PASS - literals were exported for the US","WARN - export tab literals are US values; re-export after switching")

Sheet BCD
A1: Unit: metric tons/year (apparent CONSUMPTION basis since 2026-09-28: USGS MCS2026 2021-25 actual; 2026-50 = 2025 x AEO2026 Table 23 cement-and-lime value-of-shipments index (ELECTRNP case) - see workbook) | B1: 2021 | C1: 2022 | D1: 2023 | E1: 2024 | F1: 2025 | G1: 2026 | H1: 2027 | I1: 2028 | J1: 2029 | K1: 2030 | L1: 2031 | M1: 2032 | N1: 2033 | O1: 2034 | P1: 2035 | Q1: 2036 | R1: 2037 | S1: 2038 | T1: 2039 | U1: 2040 | V1: 2041 | W1: 2042 | X1: 2043 | Y1: 2044 | Z1: 2045 | AA1: 2046 | AB1: 2047 | AC1: 2048 | AD1: 2049 | AE1: 2050
A2: BAU Cement Demand | B2: 111000000 | C2: 114000000 | D2: 113000000 | E2: 110000000 | F2: 110000000 | G2: 107675609 | H2: 105767322 | I2: 104859577 | J2: 104372166 | K2: 104616472 | L2: 105333544 | M2: 106324425 | N2: 107634842 | O2: 109087177 | P2: 110633028 | Q2: 112222463 | R2: 113787154 | S2: 115386956 | T2: 116947194 | U2: 118253688 | V2: 119253924 | W2: 119928485 | X2: 120167124 | Y2: 120126663 | Z2: 120446211 | AA2: 121228533 | AB2: 122314780 | AC2: 123593338 | AD2: 124961983 | AE2: 126408910
