Workbook

Sheet About
A1: CTOAvT Cement Tightness Operating Adder vs Tightness
A3: Sources: | B3: U.S. cement price
B4: U.S. Geological Survey
B5: Mineral Commodity Summaries 2026: Cement
B6: 2026
B7: https://pubs.usgs.gov/periodicals/mcs2026/mcs2026-cement.pdf
B8: Average mill unit value of $160 per metric ton for 2024-2025. This is the domestic price against which landed imports of roughly $95-120 per ton look cheap.
B10: Landed import cost
B11: S&P Global Commodity Insights (Platts)
B12: Platts Turkey CEMDEX cement export price assessment, plus freight
B14: (no public link)
B15: Used, with a freight estimate, to put landed U.S. import cost at roughly $95-120 per metric ton. We worked from secondary summaries, not the Platts assessment itself, and the terminal-handling component of the premium is our own judgment.
A18: Notes:
A19: Purpose and layout | B19: This file gives a 'congestion adder' for the overhaul-or-replace decision on cement kilns. When the existing fleet is running near the top of its historical range, serving demand from it gets more expensive: maintenance gets deferred and the marginal tons cost about what imports would. The adder is a multiplier on the average cost of new clinker capacity per ton, added to the fleet's marginal operating cost in the retire-alternative cost (see CRBW for the other half of that blend). It is a function of fleet tightness, which runs from 0 (bottom of the region's historical utilization range, CULB) to 1 (top, CUUB). The adder is zero up to a starting tightness tau0, then rises as a quadratic to a saturation level at tightness 1: multiplier = saturation x ((tau - tau0) / (1 - tau0))^2. It is a shadow decision cost only: it changes which option looks cheaper but books no dollars to any cash-flow entity. The tabs are 'Regions' (tau0 and saturation for each region), 'Derivation' (samples the curve at 21 points, tau = 0 to 1 in steps of 0.05), and the last tab, 'CTOAvT', which reads the Derivation and is exported to CTOAvT.csv.
A20: Using it for other regions | B20: We set this file up to be adaptable to each of the main EPS regions. If you are working on a non-US region, use the drop-down selector at the top of the 'Regions' tab to choose a different country, and the 'CTOAvT' tab updates on its own; just re-export the CSV. Only the U.S. has values. For every other region the row is blank (TO FILL), which turns the adder off, so the curve is all zeros. To fill one in, estimate a regional import-parity congestion premium, divide it by that region's average new clinker capacity cost, and enter that as the saturation multiplier with a starting tightness.
A21: U.S. values | B21: For the U.S. national file version, the adder starts at tightness 0.7, so it is zero throughout the normal operating range and a no-policy run is not affected. It saturates at a multiplier of 0.31 at tightness 1. On the roughly $62-69 per ton reference new-build cost, that is about $19-21 per ton, the middle of our $15-25 per ton central estimate of the import-parity congestion premium (the research range is $0-50 per ton). The premium comes from terminal and logistics congestion rather than from price, because imports at the coast are structurally cheaper than domestic cement. The curve is a rough estimate, not a fitted one.
A22: Limited effect | B22: The adder enters only the slack-market part of the retire-alternative cost, which is weighted by one minus the blend weight in CRBW. Where the adder is non-zero (tightness above 0.7), the U.S. blend weight is already 0.94 or higher, so the adder's effect on the decision cost is under 10 cents per ton at any tightness (about 6 cents at most). A region with a differently calibrated blend weight curve could see a larger effect.

Sheet Regions
A1: Selected region (drop-down): | B1: United States
A2: Pick a region from the drop-down in B1. The Derivation and the export tab update on their own; re-export the CSV afterward. A blank cell means no sourced value yet.
A4: Region | B4: Ramp start tau0 | C4: Saturation multiplier at tau=1 | D4: Status | E4: Note
A5: United States | B5: 0.7 | C5: 0.31 | D5: ROUGH | E5: import-parity premium ~$19-21/t on ~$62-69/t reference
A6: China | D6: TO FILL | E6: regional import-parity premium not researched; blank = adder off (Derivation returns zero)
A7: India | D7: TO FILL | E7: regional import-parity premium not researched; blank = adder off (Derivation returns zero)
A8: EU-27 | D8: TO FILL | E8: regional import-parity premium not researched; blank = adder off (Derivation returns zero)
A9: Japan | D9: TO FILL | E9: regional import-parity premium not researched; blank = adder off (Derivation returns zero)
A10: Brazil | D10: TO FILL | E10: regional import-parity premium not researched; blank = adder off (Derivation returns zero)
A11: Mexico | D11: TO FILL | E11: regional import-parity premium not researched; blank = adder off (Derivation returns zero)
A12: Canada | D12: TO FILL | E12: regional import-parity premium not researched; blank = adder off (Derivation returns zero)
A13: Indonesia | D13: TO FILL | E13: regional import-parity premium not researched; blank = adder off (Derivation returns zero)
A14: Australia | D14: TO FILL | E14: regional import-parity premium not researched; blank = adder off (Derivation returns zero)

Sheet Derivation
A1: Selected region | B1: =Regions!B1 -> United States
A2: tau0 (blank = 1, adder off) | B2: =IF(ISNUMBER(INDEX(Regions!$B$5:$B$14,MATCH(Regions!$B$1,Regions!$A$5:$A$14,0))),INDEX(Regions!$B$5:$B$14,MATCH(Regions!$B$1,Regions!$A$5:$A$14,0)),1) -> 0.7
A3: Saturation multiplier (blank = 0) | B3: =IF(ISNUMBER(INDEX(Regions!$C$5:$C$14,MATCH(Regions!$B$1,Regions!$A$5:$A$14,0))),INDEX(Regions!$C$5:$C$14,MATCH(Regions!$B$1,Regions!$A$5:$A$14,0)),0) -> 0.31
A5: tau | B5: 0 | C5: 0.05 | D5: 0.1 | E5: 0.15 | F5: 0.2 | G5: 0.25 | H5: 0.3 | I5: 0.35 | J5: 0.4 | K5: 0.45 | L5: 0.5 | M5: 0.55 | N5: 0.6 | O5: 0.65 | P5: 0.7 | Q5: 0.75 | R5: 0.8 | S5: 0.85 | T5: 0.9 | U5: 0.95 | V5: 1
A6: multiplier = 0 for tau <= tau0, else sat x ((tau - tau0)/(1 - tau0))^2, rounded to 4 decimals | B6: =IF(B5<=$B$2,0,ROUND($B$3*((B5-$B$2)/(1-$B$2))^2,4)) -> 0 | C6: =IF(C5<=$B$2,0,ROUND($B$3*((C5-$B$2)/(1-$B$2))^2,4)) -> 0 | D6: =IF(D5<=$B$2,0,ROUND($B$3*((D5-$B$2)/(1-$B$2))^2,4)) -> 0 | E6: =IF(E5<=$B$2,0,ROUND($B$3*((E5-$B$2)/(1-$B$2))^2,4)) -> 0 | F6: =IF(F5<=$B$2,0,ROUND($B$3*((F5-$B$2)/(1-$B$2))^2,4)) -> 0 | G6: =IF(G5<=$B$2,0,ROUND($B$3*((G5-$B$2)/(1-$B$2))^2,4)) -> 0 | H6: =IF(H5<=$B$2,0,ROUND($B$3*((H5-$B$2)/(1-$B$2))^2,4)) -> 0 | I6: =IF(I5<=$B$2,0,ROUND($B$3*((I5-$B$2)/(1-$B$2))^2,4)) -> 0 | ... V6: =IF(V5<=$B$2,0,ROUND($B$3*((V5-$B$2)/(1-$B$2))^2,4)) -> 0.31

Sheet CTOAvT
A1: Unit: dimensionless | B1: 0 | C1: 0.05 | D1: 0.1 | E1: 0.15 | F1: 0.2 | G1: 0.25 | H1: 0.3 | I1: 0.35 | J1: 0.4 | K1: 0.45 | L1: 0.5 | M1: 0.55 | N1: 0.6 | O1: 0.65 | P1: 0.7 | Q1: 0.75 | R1: 0.8 | S1: 0.85 | T1: 0.9 | U1: 0.95 | V1: 1
A2: Cement Tightness Operating Adder Multiplier | B2: =Derivation!B6 -> 0 | C2: =Derivation!C6 -> 0 | D2: =Derivation!D6 -> 0 | E2: =Derivation!E6 -> 0 | F2: =Derivation!F6 -> 0 | G2: =Derivation!G6 -> 0 | H2: =Derivation!H6 -> 0 | I2: =Derivation!I6 -> 0 | ... V2: =Derivation!V6 -> 0.31
