Workbook

Sheet About
A1: BCtCR BAU Clinker to Cement Ratio
A3: Sources: | B3: US clinker and cement production, 2021-2025 (for the domestic clinker/cement ratio)
B4: USGS
B5: Mineral Commodity Summaries 2026 - Cement
B6: 2026
B7: https://pubs.usgs.gov/periodicals/mcs2026/mcs2026-cement.pdf
B8: Read via reader proxy (direct PDF 403s from this environment). Domestic clinker production 79.616 / 79.489 / 76.789 / 72.0 / 69.0 million metric tons, 2021-2025 (2024 and 2025 figures are USGS estimates); total cement production (portland + blended + masonry) 91.0 / 91.2 / 89.7 / 85.0 / 84.0 Mt, same years. Imported clinker (approximately 0.66 Mt in 2025) is deliberately excluded from this ratio - see Notes. [PROXY]
B10: Corroborating (older-vintage) clinker-to-cement ratio figure
B11: WRI (World Resources Institute)
B12: "How Blended Cements Can Reduce Emissions and Improve Resilience"
B13: 2023
B14: https://www.wri.org/insights/lower-carbon-blended-cement
B15: Cites a clinker-to-cement ratio of approximately 0.88 for the US, from an older vintage of the same underlying USGS series (predates the 2021-2025 blended-cement / Type IL adoption wave). Reconciled in Notes as consistent with, not contradicting, the 0.8214 2025 figure. [DIRECT]
A18: Notes:
A19: DRAFT status | B19: This is an input for staff review, not a finished or approved EI position; treat as a starting point pending team sign-off. Verify all cited figures against the primary USGS source before use in any work product.
A20: 2025 anchor | B20: 0.8214 = USGS 2025 domestic clinker production (69 Mt) / USGS 2025 total cement production (84 Mt), rounded to 4 decimal places. See the Derivation tab for the historical 2021-2025 ratio series (0.8749 -> 0.8214), which shows a clear declining trend driven by Portland-Limestone Cement (PLC) / Type IL adoption: USGS reports blended cement at 63% of 2025 shipments, 95% of that Type IL.
A21: Domestic basis / WRI reconciliation | B21: Imported clinker is deliberately EXCLUDED from this ratio - the module's clinker-demand basis is domestically produced clinker only; including imports would make the module build capacity to "replace" imports, which is not the intended structure. The WRI-cited 0.88 figure is an older vintage of the same USGS series (pre-PLC-wave); it is RECONCILED with, not in conflict with, the 0.8214 2025 figure once the declining trend is accounted for.
A22: BAU trajectory | B22: The shipped 2021-2025 values are flat at 0.8214 (the 2025 anchor), not the historical declining series shown on the Derivation tab - this keeps the model's start year (2025) exactly balanced against the anchor. 2026-2034 decline linearly to a judgment target of 0.78 by 2035 (continuing the observed PLC-adoption trend, EI judgment on how far and how fast it continues); 2035-2050 held flat at 0.78. PCA's roadmap figure of 0.75 by 2050 is a decarbonization TARGET, not a BAU projection, and is not used here.
A23: MASCM interaction | B23: This BAU trajectory is NOT capped by, or reconciled against, the Maximum Annual SCM Supply for Cement (MASCM) workbook - limestone / Type IL substitution is not SCM-supply-limited (limestone is not scarce), so BCtCR evolves independently of the MASCM ceiling, which instead constrains the policy-lever SCM-blending pathway.
A24: Provenance | B24: Written by Claude Code (Fable/Sonnet agent session), cement industry breakout, worktree cement-industry-breakout-f901fc, 2026-08-26. Reviewed by: (pending).

Sheet USGS MCS26 Clinker & Cement
A1: US clinker and cement production (million metric tons), domestic basis
A2: Year | B2: Clinker Production (Mt) | C2: Cement Production (Mt) | D2: Note
A3: 2021 | B3: 79.616 | C3: 91
A4: 2022 | B4: 79.489 | C4: 91.2
A5: 2023 | B5: 76.789 | C5: 89.7
A6: 2024 | B6: 72 | C6: 85 | D6: USGS estimate
A7: 2025 | B7: 69 | C7: 84 | D7: USGS estimate

Sheet Derivation
A1: Historical domestic clinker/cement ratio by year (context; NOT the shipped series)
A2: Year | B2: Clinker/Cement Ratio
A3: 2021 | B3: ='USGS MCS26 Clinker & Cement'!B3/'USGS MCS26 Clinker & Cement'!C3
A4: 2022 | B4: ='USGS MCS26 Clinker & Cement'!B4/'USGS MCS26 Clinker & Cement'!C4
A5: 2023 | B5: ='USGS MCS26 Clinker & Cement'!B5/'USGS MCS26 Clinker & Cement'!C5
A6: 2024 | B6: ='USGS MCS26 Clinker & Cement'!B6/'USGS MCS26 Clinker & Cement'!C6
A7: 2025 | B7: ='USGS MCS26 Clinker & Cement'!B7/'USGS MCS26 Clinker & Cement'!C7
A9: 2025 anchor ratio, rounded to 4 decimals | B9: =ROUND(B7,4)
A10: 2035+ judgment target | B10: 0.78
A11: Anchor year | B11: 2025
A12: Target year | B12: 2035
A14: BAU trajectory by year (flat at anchor through 2025, linear decline to target by 2035, flat after)
B15: 2021 | C15: 2022 | D15: 2023 | E15: 2024 | F15: 2025 | G15: 2026 | H15: 2027 | I15: 2028 | J15: 2029 | K15: 2030 | L15: 2031 | M15: 2032 | N15: 2033 | O15: 2034 | P15: 2035 | Q15: 2036 | R15: 2037 | S15: 2038 | T15: 2039 | U15: 2040 | V15: 2041 | W15: 2042 | X15: 2043 | Y15: 2044 | Z15: 2045 | AA15: 2046 | AB15: 2047 | AC15: 2048 | AD15: 2049 | AE15: 2050
A16: BAU Clinker to Cement Ratio | B16: =$B$9 | C16: =$B$9 | D16: =$B$9 | E16: =$B$9 | F16: =$B$9 | G16: =ROUND($B$9+($B$10-$B$9)*(2026-$B$11)/($B$12-$B$11),5) | H16: =ROUND($B$9+($B$10-$B$9)*(2027-$B$11)/($B$12-$B$11),5) | I16: =ROUND($B$9+($B$10-$B$9)*(2028-$B$11)/($B$12-$B$11),5) | J16: =ROUND($B$9+($B$10-$B$9)*(2029-$B$11)/($B$12-$B$11),5) | K16: =ROUND($B$9+($B$10-$B$9)*(2030-$B$11)/($B$12-$B$11),5) | L16: =ROUND($B$9+($B$10-$B$9)*(2031-$B$11)/($B$12-$B$11),5) | M16: =ROUND($B$9+($B$10-$B$9)*(2032-$B$11)/($B$12-$B$11),5) | N16: =ROUND($B$9+($B$10-$B$9)*(2033-$B$11)/($B$12-$B$11),5) | O16: =ROUND($B$9+($B$10-$B$9)*(2034-$B$11)/($B$12-$B$11),5) | P16: =$B$10 | Q16: =$B$10 | R16: =$B$10 | S16: =$B$10 | T16: =$B$10 | U16: =$B$10 | V16: =$B$10 | W16: =$B$10 | ... AE16: =$B$10

Sheet Checks
A1: Cross-check: 'BCtCR' export-tab literal values vs. Derivation formula results
B3: 2021 | C3: 2022 | D3: 2023 | E3: 2024 | F3: 2025 | G3: 2026 | H3: 2027 | I3: 2028 | J3: 2029 | K3: 2030 | L3: 2031 | M3: 2032 | N3: 2033 | O3: 2034 | P3: 2035 | Q3: 2036 | R3: 2037 | S3: 2038 | T3: 2039 | U3: 2040 | V3: 2041 | W3: 2042 | X3: 2043 | Y3: 2044 | Z3: 2045 | AA3: 2046 | AB3: 2047 | AC3: 2048 | AD3: 2049 | AE3: 2050
A4: Export literal | B4: 0.8214 | C4: 0.8214 | D4: 0.8214 | E4: 0.8214 | F4: 0.8214 | G4: 0.81726 | H4: 0.81312 | I4: 0.80898 | J4: 0.80484 | K4: 0.8007 | L4: 0.79656 | M4: 0.79242 | N4: 0.78828 | O4: 0.78414 | P4: 0.78 | Q4: 0.78 | R4: 0.78 | S4: 0.78 | T4: 0.78 | U4: 0.78 | V4: 0.78 | W4: 0.78 | X4: 0.78 | Y4: 0.78 | Z4: 0.78 | AA4: 0.78 | AB4: 0.78 | AC4: 0.78 | AD4: 0.78 | AE4: 0.78
A5: Derivation formula | B5: =Derivation!B16 | C5: =Derivation!C16 | D5: =Derivation!D16 | E5: =Derivation!E16 | F5: =Derivation!F16 | G5: =Derivation!G16 | H5: =Derivation!H16 | I5: =Derivation!I16 | ... AE5: =Derivation!AE16
A6: ABS(Export - Derivation) | B6: =ABS(B4-B5) | C6: =ABS(C4-C5) | D6: =ABS(D4-D5) | E6: =ABS(E4-E5) | F6: =ABS(F4-F5) | G6: =ABS(G4-G5) | H6: =ABS(H4-H5) | I6: =ABS(I4-I5) | ... AE6: =ABS(AE4-AE5)
A8: Max abs diff | B8: =MAX(B6:AE6)
A9: Result | B9: =IF(B8<1e-06,"PASS","FAIL")

Sheet BCtCR
A1: Unit: dimensionless (VERIFIED 2025 = USGS 69/84 domestic basis; declining to 0.78 by 2035 per 2021-25 PLC trend, judgment - see generator comments) | B1: 2021 | C1: 2022 | D1: 2023 | E1: 2024 | F1: 2025 | G1: 2026 | H1: 2027 | I1: 2028 | J1: 2029 | K1: 2030 | L1: 2031 | M1: 2032 | N1: 2033 | O1: 2034 | P1: 2035 | Q1: 2036 | R1: 2037 | S1: 2038 | T1: 2039 | U1: 2040 | V1: 2041 | W1: 2042 | X1: 2043 | Y1: 2044 | Z1: 2045 | AA1: 2046 | AB1: 2047 | AC1: 2048 | AD1: 2049 | AE1: 2050
A2: BAU Clinker to Cement Ratio | B2: 0.8214 | C2: 0.8214 | D2: 0.8214 | E2: 0.8214 | F2: 0.8214 | G2: 0.81726 | H2: 0.81312 | I2: 0.80898 | J2: 0.80484 | K2: 0.8007 | L2: 0.79656 | M2: 0.79242 | N2: 0.78828 | O2: 0.78414 | P2: 0.78 | Q2: 0.78 | R2: 0.78 | S2: 0.78 | T2: 0.78 | U2: 0.78 | V2: 0.78 | W2: 0.78 | X2: 0.78 | Y2: 0.78 | Z2: 0.78 | AA2: 0.78 | AB2: 0.78 | AC2: 0.78 | AD2: 0.78 | AE2: 0.78
