Workbook

Sheet About
A1: BHPSbP BAU Hydrogen Production Shares by Pathway
A3: Sources: | B3: BNEF
B4: 2025
B5: US Clean Hydrogen Market Outlook
B6: https://efiling.energy.ca.gov/GetDocument.aspx?tn=265044
B7: pgs. 10, 16

Sheet BNEF
M3: % Blue: | N3: =11.71/15.49 -> 0.75597159
M4: % Green: | N4: =1-N3 -> 0.24402841
M6: Capacity | N6: 1.57 | O6: Mt
M8: EPS Data | N8: =SUM('EPS Data'!I3:I10)/'EPS Data'!I13 -> 5.733827 | O8: Mt
M10: % Blue: | N10: =N6/N8*N3 -> 0.20699533
M11: % Green: | N11: =N6/N8*N4 -> 0.066818305
M12: *data for 2030
M14: 2025 | N14: 2030
L15: blue | M15: 0 | N15: =N10 -> 0.20699533
L16: green | M16: 0 | N16: =N11 -> 0.066818305

Sheet EPS Data
B2: Time (Year) | C2: 2024 | D2: 2025 | E2: 2026 | F2: 2027 | G2: 2028 | H2: 2029 | I2: 2030 | J2: 2031 | K2: 2032 | L2: 2033 | M2: 2034 | N2: 2035 | O2: 2036 | P2: 2037 | Q2: 2038 | R2: 2039 | S2: 2040 | T2: 2041 | U2: 2042 | V2: 2043 | W2: 2044 | X2: 2045 | Y2: 2046 | Z2: 2047 | AA2: 2048 | AB2: 2049 | AC2: 2050
B3: Hydrogen Demand by Sector[transportation sector] : NoSettings | C3: 503573000000 | D3: 478265000000 | E3: 448968000000 | F3: 417873000000 | G3: 385901000000 | H3: 353868000000 | I3: 321799000000 | J3: 289522000000 | K3: 256628000000 | L3: 223769000000 | M3: 190918000000 | N3: 158037000000 | O3: 126326000000 | P3: 94801800000 | Q3: 63274700000 | R3: 31607500000 | S3: 0 | T3: 0 | U3: 0 | V3: 0 | W3: 0 | X3: 0 | Y3: 0 | Z3: 0 | AA3: 0 | AB3: 0 | AC3: 0
B4: Hydrogen Demand by Sector[electricity sector] : NoSettings | C4: 0 | D4: 0 | E4: 0 | F4: 0 | G4: 0 | H4: 0 | I4: 0 | J4: 0 | K4: 99731900000 | L4: 199464000000 | M4: 199464000000 | N4: 199464000000 | O4: 99731900000 | P4: 99731900000 | Q4: 99731900000 | R4: 99731900000 | S4: 99731900000 | T4: 199464000000 | U4: 199464000000 | V4: 199464000000 | W4: 299196000000 | X4: 398928000000 | Y4: 897587000000 | Z4: 1396250000000 | AA4: 1595710000000 | AB4: 1894910000000 | AC4: 2293830000000
B5: Hydrogen Demand by Sector[residential buildings sector] : NoSettings | C5: 0 | D5: 0 | E5: 0 | F5: 0 | G5: 0 | H5: 0 | I5: 0 | J5: 0 | K5: 0 | L5: 0 | M5: 0 | N5: 0 | O5: 0 | P5: 0 | Q5: 0 | R5: 0 | S5: 0 | T5: 0 | U5: 0 | V5: 0 | W5: 0 | X5: 0 | Y5: 0 | Z5: 0 | AA5: 0 | AB5: 0 | AC5: 0
B6: Hydrogen Demand by Sector[commercial buildings sector] : NoSettings | C6: 0 | D6: 0 | E6: 0 | F6: 0 | G6: 0 | H6: 0 | I6: 0 | J6: 0 | K6: 0 | L6: 0 | M6: 0 | N6: 0 | O6: 0 | P6: 0 | Q6: 0 | R6: 0 | S6: 0 | T6: 0 | U6: 0 | V6: 0 | W6: 0 | X6: 0 | Y6: 0 | Z6: 0 | AA6: 0 | AB6: 0 | AC6: 0
B7: Hydrogen Demand by Sector[industry sector] : NoSettings | C7: 766434000000000 | D7: 761811000000000 | E7: 767823000000000 | F7: 770612000000000 | G7: 759357000000000 | H7: 761580000000000 | I7: 770941000000000 | J7: 778058000000000 | K7: 789035000000000 | L7: 797316000000000 | M7: 800662000000000 | N7: 804543000000000 | O7: 810367000000000 | P7: 815126000000000 | Q7: 815739000000000 | R7: 816504000000000 | S7: 817544000000000 | T7: 817593000000000 | U7: 812498000000000 | V7: 808775000000000 | W7: 809511000000000 | X7: 811900000000000 | Y7: 812341000000000 | Z7: 805955000000000 | AA7: 798030000000000 | AB7: 794455000000000 | AC7: 794974000000000
B8: Hydrogen Demand by Sector[district heat and hydrogen sector] : NoSettings | C8: 0 | D8: 0 | E8: 0 | F8: 0 | G8: 0 | H8: 0 | I8: 0 | J8: 0 | K8: 0 | L8: 0 | M8: 0 | N8: 0 | O8: 0 | P8: 0 | Q8: 0 | R8: 0 | S8: 0 | T8: 0 | U8: 0 | V8: 0 | W8: 0 | X8: 0 | Y8: 0 | Z8: 0 | AA8: 0 | AB8: 0 | AC8: 0
B9: Hydrogen Demand by Sector[LULUCF sector] : NoSettings | C9: 0 | D9: 0 | E9: 0 | F9: 0 | G9: 0 | H9: 0 | I9: 0 | J9: 0 | K9: 0 | L9: 0 | M9: 0 | N9: 0 | O9: 0 | P9: 0 | Q9: 0 | R9: 0 | S9: 0 | T9: 0 | U9: 0 | V9: 0 | W9: 0 | X9: 0 | Y9: 0 | Z9: 0 | AA9: 0 | AB9: 0 | AC9: 0
B10: Hydrogen Demand by Sector[geoengineering sector] : NoSettings | C10: 0 | D10: 0 | E10: 0 | F10: 0 | G10: 0 | H10: 0 | I10: 0 | J10: 0 | K10: 0 | L10: 0 | M10: 0 | N10: 0 | O10: 0 | P10: 0 | Q10: 0 | R10: 0 | S10: 0 | T10: 0 | U10: 0 | V10: 0 | W10: 0 | X10: 0 | Y10: 0 | Z10: 0 | AA10: 0 | AB10: 0 | AC10: 0
B12: Time (Year) | C12: 2024 | D12: 2025 | E12: 2026 | F12: 2027 | G12: 2028 | H12: 2029 | I12: 2030 | J12: 2031 | K12: 2032 | L12: 2033 | M12: 2034 | N12: 2035 | O12: 2036 | P12: 2037 | Q12: 2038 | R12: 2039 | S12: 2040 | T12: 2041 | U12: 2042 | V12: 2043 | W12: 2044 | X12: 2045 | Y12: 2046 | Z12: 2047 | AA12: 2048 | AB12: 2049 | AC12: 2050
B13: BpMMTH BTU per MMT Hydrogen : NoSettings | C13: 134511000000000 | D13: 134511000000000 | E13: 134511000000000 | F13: 134511000000000 | G13: 134511000000000 | H13: 134511000000000 | I13: 134511000000000 | J13: 134511000000000 | K13: 134511000000000 | L13: 134511000000000 | M13: 134511000000000 | N13: 134511000000000 | O13: 134511000000000 | P13: 134511000000000 | Q13: 134511000000000 | R13: 134511000000000 | S13: 134511000000000 | T13: 134511000000000 | U13: 134511000000000 | V13: 134511000000000 | W13: 134511000000000 | X13: 134511000000000 | Y13: 134511000000000 | Z13: 134511000000000 | AA13: 134511000000000 | AB13: 134511000000000 | AC13: 134511000000000

Sheet BHPSbP
A1: Production Share (dimensionless) | B1: 2021 | C1: 2022 | D1: 2023 | E1: 2024 | F1: 2025 | G1: 2026 | H1: 2027 | I1: 2028 | J1: 2029 | K1: 2030 | L1: 2031 | M1: 2032 | N1: 2033 | O1: 2034 | P1: 2035 | Q1: 2036 | R1: 2037 | S1: 2038 | T1: 2039 | U1: 2040 | V1: 2041 | W1: 2042 | X1: 2043 | Y1: 2044 | Z1: 2045 | AA1: 2046 | AB1: 2047 | AC1: 2048 | AD1: 2049 | AE1: 2050
A2: electrolysis | B2: 0 | C2: =$B2 -> 0 | D2: =$B2 -> 0 | E2: =$B2 -> 0 | F2: =$B2 -> 0 | G2: =$B2 -> 0 | H2: =$B2 -> 0 | I2: =$B2 -> 0 | J2: =$B2 -> 0 | ... AE2: =$B2 -> 0
A3: natural gas reforming | B3: 1 | C3: 1 | D3: 1 | E3: 1 | F3: 1 | G3: =1-SUM(G7:G8) -> 0.94523727 | H3: =1-SUM(H7:H8) -> 0.89047455 | I3: =1-SUM(I7:I8) -> 0.83571182 | J3: =1-SUM(J7:J8) -> 0.78094909 | K3: =1-SUM(K7:K8) -> 0.72618637 | L3: =1-SUM(L7:L8) -> 0.72618637 | M3: =1-SUM(M7:M8) -> 0.72618637 | N3: =1-SUM(N7:N8) -> 0.72618637 | ... AE3: =1-SUM(AE7:AE8) -> 0.72618637
A4: coal gasification | B4: 0 | C4: 0 | D4: 0 | E4: 0 | F4: 0 | G4: 0 | H4: 0 | I4: 0 | J4: 0 | K4: 0 | L4: 0 | M4: 0 | N4: 0 | O4: 0 | P4: 0 | Q4: 0 | R4: 0 | S4: 0 | T4: 0 | U4: 0 | V4: 0 | W4: 0 | X4: 0 | Y4: 0 | Z4: 0 | AA4: 0 | AB4: 0 | AC4: 0 | AD4: 0 | AE4: 0
A5: biomass gasification | B5: 0 | C5: 0 | D5: 0 | E5: 0 | F5: 0 | G5: 0 | H5: 0 | I5: 0 | J5: 0 | K5: 0 | L5: 0 | M5: 0 | N5: 0 | O5: 0 | P5: 0 | Q5: 0 | R5: 0 | S5: 0 | T5: 0 | U5: 0 | V5: 0 | W5: 0 | X5: 0 | Y5: 0 | Z5: 0 | AA5: 0 | AB5: 0 | AC5: 0 | AD5: 0 | AE5: 0
A6: hydrocarbon partial oxidation | B6: 0 | C6: 0 | D6: 0 | E6: 0 | F6: 0 | G6: 0 | H6: 0 | I6: 0 | J6: 0 | K6: 0 | L6: 0 | M6: 0 | N6: 0 | O6: 0 | P6: 0 | Q6: 0 | R6: 0 | S6: 0 | T6: 0 | U6: 0 | V6: 0 | W6: 0 | X6: 0 | Y6: 0 | Z6: 0 | AA6: 0 | AB6: 0 | AC6: 0 | AD6: 0 | AE6: 0
A7: electrolysis with guaranteed clean electricity | B7: 0 | C7: 0 | D7: 0 | E7: 0 | F7: 0 | G7: {=TREND(BNEF!$M16:$N16,BNEF!$M$14:$N$14,BHPSbP!G$1)} -> 0.013363661 | H7: {=TREND(BNEF!$M16:$N16,BNEF!$M$14:$N$14,BHPSbP!H$1)} -> 0.026727322 | I7: {=TREND(BNEF!$M16:$N16,BNEF!$M$14:$N$14,BHPSbP!I$1)} -> 0.040090983 | J7: {=TREND(BNEF!$M16:$N16,BNEF!$M$14:$N$14,BHPSbP!J$1)} -> 0.053454644 | K7: {=TREND(BNEF!$M16:$N16,BNEF!$M$14:$N$14,BHPSbP!K$1)} -> 0.066818305 | L7: =K7 -> 0.066818305 | M7: =L7 -> 0.066818305 | N7: =M7 -> 0.066818305 | O7: =N7 -> 0.066818305 | P7: =O7 -> 0.066818305 | Q7: =P7 -> 0.066818305 | R7: =Q7 -> 0.066818305 | S7: =R7 -> 0.066818305 | ... AE7: =AD7 -> 0.066818305
A8: natural gas reforming with CCS | B8: 0 | C8: 0 | D8: 0 | E8: 0 | F8: 0 | G8: {=TREND(BNEF!$M15:$N15,BNEF!$M$14:$N$14,BHPSbP!G$1)} -> 0.041399066 | H8: {=TREND(BNEF!$M15:$N15,BNEF!$M$14:$N$14,BHPSbP!H$1)} -> 0.082798132 | I8: {=TREND(BNEF!$M15:$N15,BNEF!$M$14:$N$14,BHPSbP!I$1)} -> 0.1241972 | J8: {=TREND(BNEF!$M15:$N15,BNEF!$M$14:$N$14,BHPSbP!J$1)} -> 0.16559626 | K8: {=TREND(BNEF!$M15:$N15,BNEF!$M$14:$N$14,BHPSbP!K$1)} -> 0.20699533 | L8: =K8 -> 0.20699533 | M8: =L8 -> 0.20699533 | N8: =M8 -> 0.20699533 | O8: =N8 -> 0.20699533 | P8: =O8 -> 0.20699533 | Q8: =P8 -> 0.20699533 | R8: =Q8 -> 0.20699533 | S8: =R8 -> 0.20699533 | ... AE8: =AD8 -> 0.20699533
