Workbook

Sheet About
A1: SoCEUtiNTY Share of Components Energy Use that is New This Year
A3: Sources: | B3: Share of commercial floorspace that is new
B4: U.S. Energy Information Administration
B5: 2025
B6: Annual Energy Outlook 2025
B7: Scenario: High zero-carbon technology cost
B8: Table 5
B9: https://www.eia.gov/outlooks/aeo/tables_side_xls.php
B11: Number of homes
B12: U.S. Energy Information Administration
B13: 2026
B14: Annual Energy Outlook 2026
B15: Alternative electricity and transportation: Table 4, Table 5
B16: https://www.eia.gov/outlooks/aeo/tables_side_xls.php
B19: Share of homes that are new
B20: EIA
B21: 2020
B22: Residential Demand Module of the National Energy Modeling System: Model Documentation
B23: https://www.eia.gov/outlooks/aeo/nems/documentation/residential/pdf/m067(2020).pdf
B24: Page 58, Existing housing evolution rate
B26: Replacement rate of components in surviving buildings
B27: See bldgs/CL variable
A29: About
A30: This variable is used to estimate the share of BAU component energy use
A31: that is new (i.e. from newly installed components) each year. This includes
A32: both components to serve new buildings (demand growth) and components
A33: to replace retiring components.
A35: The "envelope" value in this variable does not matter, because envelope
A36: does not itself use energy. To avoid confusion, envelope is assigned
A37: a value of zero.
A39: We separately estimate the share of buildings that are new (whose components
A40: are all new) and the share of components in surviving buildings that are
A41: replaced each year. We consider the share of surviving buildings and
A42: new buildings to properly calculate overall component replacement rates.
... A45: to new regions.
A47: Data centers | B47: Data centers use the commercial shares except for IT load ('other component'), which is one over the IT equipment lifetime on the 'Data Centers' tab.

Sheet source data>

Sheet Component Lifetimes
A1: Building Component | B1: Lifetime (yr)
A2: heating | B2: 19
A3: cooling and ventilation | B3: 15.833333
A4: envelope | B4: 51.818182
A5: lighting | B5: 9.1324201
A6: appliances | B6: 13.533333
A7: other component | B7: 15.4

Sheet AEO 2026 Table 4
A1: Table 4. Residential Sector Key Indicators and Consumption
A2: https://www.eia.gov/outlooks/aeo/data/browser/#/?id=4-AEO2026&cases=electrnp&sourcekey=0
A3: Thu Apr 23 2026 14:30:24 GMT-0700 (Pacific Daylight Time)
A4: Source: U.S. Energy Information Administration
B5: full name | C5: api key | D5: units | E5: 2025 | F5: 2026 | G5: 2027 | H5: 2028 | I5: 2029 | J5: 2030 | K5: 2031 | L5: 2032 | M5: 2033 | N5: 2034 | O5: 2035 | P5: 2036 | Q5: 2037 | R5: 2038 | S5: 2039 | T5: 2040 | U5: 2041 | V5: 2042 | W5: 2043 | X5: 2044 | Y5: 2045 | Z5: 2046 | AA5: 2047 | AB5: 2048 | AC5: 2049 | AD5: 2050 | AE5: Growth (2025-2050)
A6: Key Indicators
A7: Households (millions)
A8: Single-Family | B8: Residential: Key Indicators: Households: Single-Family: Alternative Electricity and Transportation | C8: AEO.2026.ELECTRNP.KEI_HHD_RESD_SFR_NA_NA_USA_MILL.A | D8: millions | E8: 89.551808 | F8: 90.49932 | G8: 91.445952 | H8: 92.375528 | I8: 93.308328 | J8: 94.24312 | K8: 95.158208 | L8: 96.071576 | M8: 96.973696 | N8: 97.85328 | O8: 98.71644 | P8: 99.555664 | Q8: 100.3796 | R8: 101.17977 | S8: 101.94854 | T8: 102.6897 | U8: 103.40026 | V8: 104.0939 | W8: 104.76102 | X8: 105.40485 | Y8: 106.04946 | Z8: 106.69842 | AA8: 107.34532 | AB8: 107.99104 | AC8: 108.63598 | AD8: 109.28382 | AE8: 0.8%
A9: Multifamily | B9: Residential: Key Indicators: Households: Multifamily: Alternative Electricity and Transportation | C9: AEO.2026.ELECTRNP.KEI_HHD_RESD_MFR_NA_NA_USA_MILL.A | D9: millions | E9: 34.432312 | F9: 34.836668 | G9: 35.242792 | H9: 35.639104 | I9: 36.037196 | J9: 36.453672 | K9: 36.90364 | L9: 37.355532 | M9: 37.797056 | N9: 38.222764 | O9: 38.636756 | P9: 39.039476 | Q9: 39.397844 | R9: 39.73052 | S9: 40.040472 | T9: 40.33182 | U9: 40.601424 | V9: 40.85396 | W9: 41.099856 | X9: 41.347656 | Y9: 41.597008 | Z9: 41.846876 | AA9: 42.095096 | AB9: 42.342736 | AC9: 42.590232 | AD9: 42.838628 | AE9: 0.9%
A10: Mobile Homes | B10: Residential: Key Indicators: Households: Mobile Homes: Alternative Electricity and Transportation | C10: AEO.2026.ELECTRNP.KEI_HHD_RESD_MBH_NA_NA_USA_MILL.A | D10: millions | E10: 6.745095 | F10: 6.759423 | G10: 6.806991 | H10: 6.858165 | I10: 6.903711 | J10: 6.913014 | K10: 6.915089 | L10: 6.918252 | M10: 6.921087 | N10: 6.923413 | O10: 6.926996 | P10: 6.931356 | Q10: 6.932999 | R10: 6.932745 | S10: 6.927611 | T10: 6.924169 | U10: 6.922683 | V10: 6.921756 | W10: 6.922089 | X10: 6.924877 | Y10: 6.929586 | Z10: 6.934404 | AA10: 6.93933 | AB10: 6.943018 | AC10: 6.946523 | AD10: 6.950291 | AE10: 0.1%
A11: Total | B11: Residential: Key Indicators: Households: Total: Alternative Electricity and Transportation | C11: AEO.2026.ELECTRNP.KEI_HHD_RESD_TEN_NA_NA_USA_MILL.A | D11: millions | E11: 130.72922 | F11: 132.09541 | G11: 133.49573 | H11: 134.8728 | I11: 136.24923 | J11: 137.60981 | K11: 138.97694 | L11: 140.34536 | M11: 141.69184 | N11: 142.99946 | O11: 144.28019 | P11: 145.5265 | Q11: 146.71044 | R11: 147.84303 | S11: 148.91662 | T11: 149.94569 | U11: 150.92436 | V11: 151.86962 | W11: 152.78297 | X11: 153.67738 | Y11: 154.57605 | Z11: 155.4797 | AA11: 156.37975 | AB11: 157.27679 | AC11: 158.17273 | AD11: 159.07273 | AE11: 0.8%
A12: Average House Square Footage | B12: Residential: Key Indicators: Average House Square Footage: Alternative Electricity and Transportation | C12: AEO.2026.ELECTRNP.KEI_HHD_RESD_NA_NA_NA_USA_SQFT.A | D12: sq ft | E12: 1648.5809 | F12: 1653.8009 | G12: 1658.7534 | H12: 1663.6196 | I12: 1668.3839 | J12: 1673.0569 | K12: 1677.3986 | L12: 1681.6154 | M12: 1685.7919 | N12: 1689.9557 | O12: 1694.0829 | P12: 1698.1729 | Q12: 1702.4686 | R12: 1706.8398 | S12: 1711.274 | T12: 1715.7278 | U12: 1720.2239 | V12: 1724.7522 | W12: 1729.2341 | X12: 1733.6156 | Y12: 1737.9188 | Z12: 1742.1624 | AA12: 1746.3572 | AB12: 1750.5023 | AC12: 1754.593 | AD12: 1758.624 | AE12: 0.3%
A13: Energy Intensity
A14: (MMBtu per household)
A15: Gross End-use Consumption | B15: Residential: Household Energy Intensity: Gross End-use Consumption: Alternative Electricity and Transportation | C15: AEO.2026.ELECTRNP.INY_HHD_RESD_DELE_NA_NA_USA_MILLBTUPHOSD.A | D15: MMBtu/household | E15: 89.060958 | F15: 86.654179 | G15: 85.803576 | H15: 85.129928 | I15: 84.070611 | J15: 82.772625 | K15: 81.43822 | L15: 80.199732 | M15: 79.037515 | N15: 78.012084 | O15: 77.086948 | P15: 76.247253 | Q15: 75.471804 | R15: 74.779412 | S15: 74.147297 | T15: 73.529513 | U15: 72.98766 | V15: 72.550301 | W15: 72.19137 | X15: 71.873314 | Y15: 71.554366 | Z15: 71.242594 | AA15: 70.912942 | AB15: 70.590441 | AC15: 70.298459 | AD15: 70.025753 | AE15: -1.0%
A16: Delivered Energy Consumption | B16: Residential: Household Energy Intensity: Delivered Energy Consumption: Alternative Electricity and Transportation | C16: AEO.2026.ELECTRNP.INY_HHD_RESD_TEN_NA_NA_USA_MILLBTUPHOSD.A | D16: MMBtu/household | E16: 87.644801 | F16: 85.169031 | G16: 84.24495 | H16: 83.496612 | I16: 82.368483 | J16: 80.999154 | K16: 79.589086 | L16: 78.275952 | M16: 77.036292 | N16: 75.928768 | O16: 74.916513 | P16: 73.985585 | Q16: 73.112308 | R16: 72.31741 | S16: 71.577848 | T16: 70.8491 | U16: 70.192104 | V16: 69.636396 | W16: 69.156582 | X16: 68.713555 | Y16: 68.267577 | Z16: 67.825555 | AA16: 67.362432 | AB16: 66.902169 | AC16: 66.470931 | AD16: 66.055663 | AE16: -1.1%
A17: (thousand Btu per square foot)
A18: Gross End-use Consumption | B18: Residential: Energy Intensity per Square Foot: Gross End-use Consumption: Alternative Electricity and Transportation | C18: AEO.2026.ELECTRNP.INY_HHD_RESD_DELE_NA_NA_USA_THBTUPSQFT.A | D18: thousand Btu/sq ft | E18: 54.0228 | F18: 52.396983 | G18: 51.727746 | H18: 51.17151 | I18: 50.390447 | J18: 49.473886 | K18: 48.55031 | L18: 47.692079 | M18: 46.884504 | N18: 46.162207 | O18: 45.503646 | P18: 44.899583 | Q18: 44.330805 | R18: 43.811616 | S18: 43.32871 | T18: 42.856165 | U18: 42.429164 | V18: 42.064188 | W18: 41.747597 | X18: 41.458622 | Y18: 41.172444 | Z18: 40.8932 | AA18: 40.606208 | AB18: 40.32582 | AC18: 40.065393 | AD18: 39.81849 | AE18: -1.2%
A19: Delivered Energy Consumption | B19: Residential: Energy Intensity per Square Foot: Delivered Energy Consumption: Alternative Electricity and Transportation | C19: AEO.2026.ELECTRNP.INY_HHD_RESD_TEN_NA_NA_USA_THBTUPSQFT.A | D19: thousand Btu/sq ft | E19: 53.163785 | F19: 51.498963 | G19: 50.788109 | H19: 50.189725 | I19: 49.370221 | J19: 48.413867 | K19: 47.447928 | L19: 46.548072 | M19: 45.697392 | N19: 44.929443 | O19: 44.22246 | P19: 43.567759 | Q19: 42.944878 | R19: 42.369183 | S19: 41.827227 | T19: 41.293905 | U19: 40.804052 | V19: 40.374725 | W19: 39.992608 | X19: 39.635981 | Y19: 39.281223 | Z19: 38.931822 | AA19: 38.573113 | AB19: 38.21884 | AC19: 37.88396 | AD19: 37.560992 | AE19: -1.4%
A20: Energy Consumption by Fuel
A21: Electricity
A22: Space Heating | B22: Residential: Electricity: Space Heating: Alternative Electricity and Transportation | C22: AEO.2026.ELECTRNP.CNSM_HHD_RESD_SPH_ELC_NA_USA_QBTU.A | D22: quads | E22: 0.594987 | F22: 0.565591 | G22: 0.56617 | H22: 0.56695 | I22: 0.565817 | J22: 0.562275 | K22: 0.557641 | L22: 0.553019 | M22: 0.548665 | N22: 0.544101 | O22: 0.539627 | P22: 0.535383 | Q22: 0.530849 | R22: 0.526527 | S22: 0.522045 | T22: 0.517517 | U22: 0.512782 | V22: 0.508507 | W22: 0.504388 | X22: 0.500026 | Y22: 0.495959 | Z22: 0.491539 | AA22: 0.48666 | AB22: 0.481831 | AC22: 0.477193 | AD22: 0.472459 | AE22: -0.9%
A23: Space Cooling | B23: Residential: Electricity: Space Cooling: Alternative Electricity and Transportation | C23: AEO.2026.ELECTRNP.CNSM_NA_RESD_SPC_ELC_NA_USA_QBTU.A | D23: quads | E23: 0.924574 | F23: 0.983886 | G23: 0.997782 | H23: 1.011565 | I23: 1.022745 | J23: 1.029994 | K23: 1.036595 | L23: 1.044131 | M23: 1.052389 | N23: 1.061989 | O23: 1.072572 | P23: 1.084402 | Q23: 1.097 | R23: 1.11012 | S23: 1.123595 | T23: 1.137956 | U23: 1.153139 | V23: 1.170164 | W23: 1.188274 | X23: 1.206452 | Y23: 1.225277 | Z23: 1.243111 | AA23: 1.260267 | AB23: 1.276902 | AC23: 1.294258 | AD23: 1.31138 | AE23: 1.4%
A24: Water Heating | B24: Residential: Electricity: Water Heating: Alternative Electricity and Transportation | C24: AEO.2026.ELECTRNP.CNSM_NA_RESD_WTHT_ELC_NA_USA_QBTU.A | D24: quads | E24: 0.452529 | F24: 0.444829 | G24: 0.439241 | H24: 0.434669 | I24: 0.417931 | J24: 0.396813 | K24: 0.37455 | L24: 0.353889 | M24: 0.334859 | N24: 0.31755 | O24: 0.301886 | P24: 0.288067 | Q24: 0.276008 | R24: 0.265726 | S24: 0.257168 | T24: 0.250335 | U24: 0.24518 | V24: 0.24183 | W24: 0.240263 | X24: 0.238624 | Y24: 0.236984 | Z24: 0.235242 | AA24: 0.233407 | AB24: 0.23158 | AC24: 0.229981 | AD24: 0.228558 | AE24: -2.7%
A25: Refrigeration | B25: Residential: Electricity: Refrigeration: Alternative Electricity and Transportation | C25: AEO.2026.ELECTRNP.CNSM_NA_RESD_REFR_ELC_NA_USA_QBTU.A | D25: quads | E25: 0.349563 | F25: 0.348527 | G25: 0.347433 | H25: 0.346209 | I25: 0.345259 | J25: 0.342024 | K25: 0.33903 | L25: 0.336304 | M25: 0.333799 | N25: 0.331468 | O25: 0.329366 | P25: 0.327653 | Q25: 0.326343 | R25: 0.325461 | S25: 0.32499 | T25: 0.324938 | U25: 0.325294 | V25: 0.326072 | W25: 0.327281 | X25: 0.328913 | Y25: 0.33105 | Z25: 0.333714 | AA25: 0.336865 | AB25: 0.340006 | AC25: 0.343129 | AD25: 0.346229 | AE25: -0.0%
A26: Cooking | B26: Residential: Electricity: Cooking: Alternative Electricity and Transportation | C26: AEO.2026.ELECTRNP.CNSM_NA_RESD_CGR_ELC_NA_USA_QBTU.A | D26: quads | E26: 0.068362 | F26: 0.069242 | G26: 0.07015 | H26: 0.071053 | I26: 0.07196 | J26: 0.07286 | K26: 0.07377 | L26: 0.074686 | M26: 0.075595 | N26: 0.076502 | O26: 0.077415 | P26: 0.078332 | Q26: 0.079236 | R26: 0.080074 | S26: 0.080823 | T26: 0.081486 | U26: 0.082052 | V26: 0.082525 | W26: 0.082965 | X26: 0.083381 | Y26: 0.083789 | Z26: 0.084191 | AA26: 0.084584 | AB26: 0.084967 | AC26: 0.085342 | AD26: 0.085709 | AE26: 0.9%
A27: Clothes Dryers | B27: Residential: Electricity: Clothes Dryers: Alternative Electricity and Transportation | C27: AEO.2026.ELECTRNP.CNSM_NA_RESD_CDR_ELC_NA_USA_QBTU.A | D27: quads | E27: 0.190333 | F27: 0.190841 | G27: 0.191803 | H27: 0.193076 | I27: 0.193741 | J27: 0.193361 | K27: 0.192361 | L27: 0.191029 | M27: 0.19012 | N27: 0.1896 | O27: 0.189483 | P27: 0.189817 | Q27: 0.190518 | R27: 0.191708 | S27: 0.19336 | T27: 0.195529 | U27: 0.198302 | V27: 0.20107 | W27: 0.20391 | X27: 0.206758 | Y27: 0.209611 | Z27: 0.212328 | AA27: 0.214859 | AB27: 0.217261 | AC27: 0.21971 | AD27: 0.222073 | AE27: 0.6%
A28: Freezers | B28: Residential: Electricity: Freezers: Alternative Electricity and Transportation | C28: AEO.2026.ELECTRNP.CNSM_NA_RESD_FRZ_ELC_NA_USA_QBTU.A | D28: quads | E28: 0.079278 | F28: 0.079241 | G28: 0.079217 | H28: 0.07916 | I28: 0.079073 | J28: 0.07857 | K28: 0.078007 | L28: 0.077404 | M28: 0.076823 | N28: 0.076257 | O28: 0.075716 | P28: 0.075195 | Q28: 0.074693 | R28: 0.074214 | S28: 0.073757 | T28: 0.073328 | U28: 0.072937 | V28: 0.072586 | W28: 0.072278 | X28: 0.072012 | Y28: 0.071802 | Z28: 0.07166 | AA28: 0.071579 | AB28: 0.071571 | AC28: 0.071643 | AD28: 0.0718 | AE28: -0.4%
A29: Lighting | B29: Residential: Electricity: Lighting: Alternative Electricity and Transportation | C29: AEO.2026.ELECTRNP.CNSM_NA_RESD_LGHTNG_ELC_NA_USA_QBTU.A | D29: quads | E29: 0.182847 | F29: 0.182216 | G29: 0.183569 | H29: 0.18564 | I29: 0.187439 | J29: 0.186994 | K29: 0.186424 | L29: 0.186261 | M29: 0.186404 | N29: 0.186742 | O29: 0.187215 | P29: 0.187754 | Q29: 0.188226 | R29: 0.188723 | S29: 0.1894 | T29: 0.187035 | U29: 0.185089 | V29: 0.183691 | W29: 0.182846 | X29: 0.182477 | Y29: 0.182384 | Z29: 0.18231 | AA29: 0.182202 | AB29: 0.182192 | AC29: 0.182375 | AD29: 0.182588 | AE29: -0.0%
A30: Clothes Washers | B30: Residential: Electricity: Clothes Washers: Alternative Electricity and Transportation | C30: AEO.2026.ELECTRNP.CNSM_NA_RESD_CLW_ELC_NA_USA_QBTU.A | D30: quads | E30: 0.040723 | F30: 0.039741 | G30: 0.03875 | H30: 0.037583 | I30: 0.036385 | J30: 0.034992 | K30: 0.03354 | L30: 0.032 | M30: 0.030665 | N30: 0.029534 | O30: 0.028609 | P30: 0.027904 | Q30: 0.027429 | R30: 0.02721 | S30: 0.027261 | T30: 0.027311 | U30: 0.027362 | V30: 0.02742 | W30: 0.027486 | X30: 0.027564 | Y30: 0.027658 | Z30: 0.027768 | AA30: 0.02789 | AB30: 0.028024 | AC30: 0.028167 | AD30: 0.028319 | AE30: -1.4%
A31: Dishwashers | B31: Residential: Electricity: Dishwashers: Alternative Electricity and Transportation | C31: AEO.2026.ELECTRNP.CNSM_NA_RESD_DSW_ELC_NA_USA_QBTU.A | D31: quads | E31: 0.037162 | F31: 0.038076 | G31: 0.03836 | H31: 0.038523 | I31: 0.038637 | J31: 0.038703 | K31: 0.03872 | L31: 0.038689 | M31: 0.038734 | N31: 0.038861 | O31: 0.039071 | P31: 0.039371 | Q31: 0.039764 | R31: 0.040262 | S31: 0.040872 | T31: 0.041477 | U31: 0.042076 | V31: 0.042674 | W31: 0.043273 | X31: 0.043876 | Y31: 0.044488 | Z31: 0.045111 | AA31: 0.045741 | AB31: 0.046379 | AC31: 0.047023 | AD31: 0.047676 | AE31: 1.0%
A32: Televisions and Related Equipment | B32: Residential: Electricity: Televisions: Alternative Electricity and Transportation | C32: AEO.2026.ELECTRNP.CNSM_NA_RESD_TVR_ELC_NA_USA_QBTU.A | D32: quads | E32: 0.124839 | F32: 0.122177 | G32: 0.119963 | H32: 0.118088 | I32: 0.116097 | J32: 0.113806 | K32: 0.111516 | L32: 0.109399 | M32: 0.107489 | N32: 0.105735 | O32: 0.104144 | P32: 0.102719 | Q32: 0.101411 | R32: 0.100273 | S32: 0.099267 | T32: 0.098398 | U32: 0.097694 | V32: 0.097154 | W32: 0.096815 | X32: 0.096643 | Y32: 0.096638 | Z32: 0.096759 | AA32: 0.096903 | AB32: 0.097108 | AC32: 0.097404 | AD32: 0.097758 | AE32: -1.0%
A33: Computers and Related Equipment | B33: Residential: Electricity: Computers: Alternative Electricity and Transportation | C33: AEO.2026.ELECTRNP.CNSM_NA_RESD_CMPR_ELC_NA_USA_QBTU.A | D33: quads | E33: 0.097012 | F33: 0.095324 | G33: 0.093865 | H33: 0.092524 | I33: 0.090934 | J33: 0.088982 | K33: 0.086906 | L33: 0.084865 | M33: 0.082885 | N33: 0.080946 | O33: 0.079062 | P33: 0.07725 | Q33: 0.075484 | R33: 0.073799 | S33: 0.072189 | T33: 0.070667 | U33: 0.069258 | V33: 0.06799 | W33: 0.066879 | X33: 0.065919 | Y33: 0.065114 | Z33: 0.064456 | AA33: 0.063893 | AB33: 0.063459 | AC33: 0.063206 | AD33: 0.063082 | AE33: -1.7%
... A39: Purchased Electricity at Residential Location | B39: Residential: Electricity: Purchased Electricity at Residential Location: Alternative Electricity and Transportation | C39: AEO.2026.ELECTRNP.CNSM_NA_RESD_PURCHELEC_ELC_NA_USA_QBTU.A | D39: quads | E39: 5.216623 | F39: 5.257673 | G39: 5.182968 | H39: 5.247639 | I39: 5.291314 | J39: 5.309832 | K39: 5.3177 | L39: 5.32703 | M39: 5.34066 | N39: 5.361271 | O39: 5.386619 | P39: 5.416244 | Q39: 5.448967 | R39: 5.485255 | S39: 5.522946 | T39: 5.555702 | U39: 5.592755 | V39: 5.63542 | W39: 5.683198 | X39: 5.73157 | Y39: 5.777129 | Z39: 5.824309 | AA39: 5.868561 | AB39: 5.911637 | AC39: 5.95669 | AD39: 6.00164 | AE39: 0.6%
A40: Natural Gas
A41: Space Heating | B41: Residential: Natural Gas: Space Heating: Alternative Electricity and Transportation | C41: AEO.2026.ELECTRNP.CNSM_NA_RESD_SPH_NG_NA_USA_QBTU.A | D41: quads | E41: 3.118029 | F41: 2.929732 | G41: 3.047068 | H41: 3.028339 | I41: 2.991961 | J41: 2.947513 | K41: 2.90039 | L41: 2.856502 | M41: 2.813128 | N41: 2.772394 | O41: 2.732819 | P41: 2.695713 | Q41: 2.658051 | R41: 2.62224 | S41: 2.587139 | T41: 2.553313 | U41: 2.519939 | V41: 2.490338 | W41: 2.462606 | X41: 2.436644 | Y41: 2.412093 | Z41: 2.386654 | AA41: 2.359964 | AB41: 2.333602 | AC41: 2.307677 | AD41: 2.28263 | AE41: -1.2%
A42: Space Cooling | B42: Residential: Natural Gas: Space Cooling: Alternative Electricity and Transportation | C42: AEO.2026.ELECTRNP.CNSM_NA_RESD_SPC_NG_NA_USA_QBTU.A | D42: quads | E42: 0.058598 | F42: 0.062155 | G42: 0.06259 | H42: 0.062752 | I42: 0.062711 | J42: 0.062576 | K42: 0.062453 | L42: 0.06243 | M42: 0.062446 | N42: 0.062545 | O42: 0.062667 | P42: 0.062853 | Q42: 0.06307 | R42: 0.063308 | S42: 0.063572 | T42: 0.063894 | U42: 0.064259 | V42: 0.064725 | W42: 0.065211 | X42: 0.065681 | Y42: 0.066162 | Z42: 0.066587 | AA42: 0.066993 | AB42: 0.067365 | AC42: 0.067759 | AD42: 0.068145 | AE42: 0.6%
A43: Water Heating | B43: Residential: Natural Gas: Water Heating: Alternative Electricity and Transportation | C43: AEO.2026.ELECTRNP.CNSM_NA_RESD_WTHT_NG_NA_USA_QBTU.A | D43: quads | E43: 1.024266 | F43: 1.035179 | G43: 1.045421 | H43: 1.055186 | I43: 1.053344 | J43: 1.049761 | K43: 1.0469 | L43: 1.0452 | M43: 1.042567 | N43: 1.041999 | O43: 1.043007 | P43: 1.043505 | Q43: 1.043021 | R43: 1.042215 | S43: 1.04091 | T43: 1.039289 | U43: 1.037016 | V43: 1.034723 | W43: 1.032111 | X43: 1.029129 | Y43: 1.025429 | Z43: 1.020672 | AA43: 1.015129 | AB43: 1.009384 | AC43: 1.003914 | AD43: 0.99913 | AE43: -0.1%
A44: Cooking | B44: Residential: Natural Gas: Cooking: Alternative Electricity and Transportation | C44: AEO.2026.ELECTRNP.CNSM_NA_RESD_CGR_NG_NA_USA_QBTU.A | D44: quads | E44: 0.077268 | F44: 0.077256 | G44: 0.077247 | H44: 0.077222 | I44: 0.077195 | J44: 0.077167 | K44: 0.077124 | L44: 0.077065 | M44: 0.077006 | N44: 0.07697 | O44: 0.076962 | P44: 0.076991 | Q44: 0.07706 | R44: 0.077217 | S44: 0.077432 | T44: 0.077712 | U44: 0.078045 | V44: 0.07843 | W44: 0.078816 | X44: 0.079203 | Y44: 0.079599 | Z44: 0.080006 | AA44: 0.080424 | AB44: 0.080855 | AC44: 0.081299 | AD44: 0.081761 | AE44: 0.2%
A45: Clothes Dryers | B45: Residential: Natural Gas: Clothes Dryers: Alternative Electricity and Transportation | C45: AEO.2026.ELECTRNP.CNSM_NA_RESD_CDR_NG_NA_USA_QBTU.A | D45: quads | E45: 0.039574 | F45: 0.040284 | G45: 0.04092 | H45: 0.041544 | I45: 0.042109 | J45: 0.042643 | K45: 0.043187 | L45: 0.043759 | M45: 0.044208 | N45: 0.044701 | O45: 0.045238 | P45: 0.045826 | Q45: 0.046396 | R45: 0.046978 | S45: 0.047561 | T45: 0.048146 | U45: 0.048724 | V45: 0.049352 | W45: 0.050015 | X45: 0.050707 | Y45: 0.051406 | Z45: 0.052088 | AA45: 0.052756 | AB45: 0.053424 | AC45: 0.0541 | AD45: 0.054789 | AE45: 1.3%
A46: Other Uses | B46: Residential: Natural Gas: Other Uses: Alternative Electricity and Transportation | C46: AEO.2026.ELECTRNP.CNSM_NA_RESD_OTHU_NG_NA_USA_QBTU.A | D46: quads | E46: 0.608346 | F46: 0.611666 | G46: 0.613946 | H46: 0.615014 | I46: 0.61462 | J46: 0.613215 | K46: 0.611575 | L46: 0.61025 | M46: 0.608433 | N46: 0.607088 | O46: 0.6059 | P46: 0.605091 | Q46: 0.604134 | R46: 0.603321 | S46: 0.602556 | T46: 0.601908 | U46: 0.601365 | V46: 0.601209 | W46: 0.601296 | X46: 0.601583 | Y46: 0.601791 | Z46: 0.601659 | AA46: 0.60125 | AB46: 0.600759 | AC46: 0.600295 | AD46: 0.599917 | AE46: -0.1%
A47: Delivered Energy | B47: Residential: Natural Gas: Delivered Energy: Alternative Electricity and Transportation | C47: AEO.2026.ELECTRNP.CNSM_NA_RESD_DELE_NG_NA_USA_QBTU.A | D47: quads | E47: 4.92608 | F47: 4.756272 | G47: 4.887193 | H47: 4.880057 | I47: 4.841941 | J47: 4.792875 | K47: 4.741629 | L47: 4.695206 | M47: 4.647789 | N47: 4.605699 | O47: 4.566593 | P47: 4.529979 | Q47: 4.491732 | R47: 4.45528 | S47: 4.419171 | T47: 4.384261 | U47: 4.349348 | V47: 4.318778 | W47: 4.290055 | X47: 4.262946 | Y47: 4.23648 | Z47: 4.207667 | AA47: 4.176517 | AB47: 4.145389 | AC47: 4.115045 | AD47: 4.086372 | AE47: -0.7%
A48: Distillate Fuel Oil
A49: Space Heating | B49: Residential: Distillate Fuel Oil: Space Heating: Alternative Electricity and Transportation | C49: AEO.2026.ELECTRNP.CNSM_NA_RESD_SPH_DFO_NA_USA_QBTU.A | D49: quads | E49: 0.425368 | F49: 0.409161 | G49: 0.404818 | H49: 0.398429 | I49: 0.391596 | J49: 0.385418 | K49: 0.37914 | L49: 0.373178 | M49: 0.36729 | N49: 0.361877 | O49: 0.356548 | P49: 0.351436 | Q49: 0.346478 | R49: 0.341706 | S49: 0.337111 | T49: 0.332576 | U49: 0.328081 | V49: 0.323778 | W49: 0.319534 | X49: 0.315427 | Y49: 0.311371 | Z49: 0.307402 | AA49: 0.303418 | AB49: 0.299459 | AC49: 0.295523 | AD49: 0.291729 | AE49: -1.5%
A50: Water Heating | B50: Residential: Distillate Fuel Oil: Water Heating: Alternative Electricity and Transportation | C50: AEO.2026.ELECTRNP.CNSM_NA_RESD_WTHT_DFO_NA_USA_QBTU.A | D50: quads | E50: 0.037857 | F50: 0.035875 | G50: 0.033765 | H50: 0.03176 | I50: 0.029822 | J50: 0.028183 | K50: 0.026771 | L50: 0.025623 | M50: 0.024712 | N50: 0.024075 | O50: 0.023676 | P50: 0.023234 | Q50: 0.022778 | R50: 0.022309 | S50: 0.021834 | T50: 0.021354 | U50: 0.020862 | V50: 0.020367 | W50: 0.01987 | X50: 0.019372 | Y50: 0.01887 | Z50: 0.018372 | AA50: 0.017881 | AB50: 0.017401 | AC50: 0.01694 | AD50: 0.016509 | AE50: -3.3%
A51: Other Uses | B51: Residential: Distillate Fuel Oil: Other Uses: Alternative Electricity and Transportation | C51: AEO.2026.ELECTRNP.CNSM_NA_RESD_OTHU_DFO_NA_USA_QBTU.A | D51: quads | E51: 0.026055 | F51: 0.026324 | G51: 0.026369 | H51: 0.02631 | I51: 0.026206 | J51: 0.026145 | K51: 0.026071 | L51: 0.02601 | M51: 0.025943 | N51: 0.025899 | O51: 0.025849 | P51: 0.025803 | Q51: 0.025762 | R51: 0.025724 | S51: 0.02569 | T51: 0.025657 | U51: 0.025618 | V51: 0.025583 | W51: 0.025549 | X51: 0.025516 | Y51: 0.025477 | Z51: 0.025438 | AA51: 0.025396 | AB51: 0.025351 | AC51: 0.025306 | AD51: 0.025271 | AE51: -0.1%
A52: Delivered Energy | B52: Residential: Distillate Fuel Oil: Delivered Energy: Alternative Electricity and Transportation | C52: AEO.2026.ELECTRNP.CNSM_NA_RESD_NA_DFO_NA_USA_QBTU.A | D52: quads | E52: 0.48928 | F52: 0.47136 | G52: 0.464952 | H52: 0.4565 | I52: 0.447624 | J52: 0.439746 | K52: 0.431983 | L52: 0.424812 | M52: 0.417945 | N52: 0.411851 | O52: 0.406073 | P52: 0.400473 | Q52: 0.395019 | R52: 0.389742 | S52: 0.38464 | T52: 0.379595 | U52: 0.374572 | V52: 0.369741 | W52: 0.364969 | X52: 0.360335 | Y52: 0.35574 | Z52: 0.351238 | AA52: 0.346724 | AB52: 0.342244 | AC52: 0.337805 | AD52: 0.333547 | AE52: -1.5%
A53: Propane
A54: Space Heating | B54: Residential: Propane: Space Heating: Alternative Electricity and Transportation | C54: AEO.2026.ELECTRNP.CNSM_NA_RESD_SPH_PROP_NA_USA_QBTU.A | D54: quads | E54: 0.377521 | F54: 0.363123 | G54: 0.341202 | H54: 0.338581 | I54: 0.334098 | J54: 0.32857 | K54: 0.322221 | L54: 0.315948 | M54: 0.309981 | N54: 0.304522 | O54: 0.299477 | P54: 0.294769 | Q54: 0.290234 | R54: 0.285864 | S54: 0.281613 | T54: 0.277603 | U54: 0.273848 | V54: 0.27052 | W54: 0.267547 | X54: 0.264858 | Y54: 0.262357 | Z54: 0.25988 | AA54: 0.25727 | AB54: 0.25462 | AC54: 0.251971 | AD54: 0.249379 | AE54: -1.6%
A55: Water Heating | B55: Residential: Propane: Water Heating: Alternative Electricity and Transportation | C55: AEO.2026.ELECTRNP.CNSM_NA_RESD_WTHT_PROP_NA_USA_QBTU.A | D55: quads | E55: 0.058525 | F55: 0.059045 | G55: 0.059788 | H55: 0.06039 | I55: 0.059603 | J55: 0.058604 | K55: 0.057557 | L55: 0.056584 | M55: 0.055702 | N55: 0.055021 | O55: 0.054534 | P55: 0.053959 | Q55: 0.053307 | R55: 0.052582 | S55: 0.051789 | T55: 0.050962 | U55: 0.050118 | V55: 0.049286 | W55: 0.048476 | X55: 0.047684 | Y55: 0.046888 | Z55: 0.04607 | AA55: 0.045236 | AB55: 0.044409 | AC55: 0.043616 | AD55: 0.042878 | AE55: -1.2%
A56: Cooking | B56: Residential: Propane: Cooking: Alternative Electricity and Transportation | C56: AEO.2026.ELECTRNP.CNSM_NA_RESD_CGR_PROP_NA_USA_QBTU.A | D56: quads | E56: 0.010417 | F56: 0.010383 | G56: 0.010353 | H56: 0.010321 | I56: 0.010288 | J56: 0.010251 | K56: 0.010209 | L56: 0.010161 | M56: 0.01011 | N56: 0.010055 | O56: 0.009996 | P56: 0.009933 | Q56: 0.009865 | R56: 0.009813 | S56: 0.009777 | T56: 0.009759 | U56: 0.009759 | V56: 0.00978 | W56: 0.009799 | X56: 0.009815 | Y56: 0.00983 | Z56: 0.009844 | AA56: 0.009857 | AB56: 0.009868 | AC56: 0.009877 | AD56: 0.009886 | AE56: -0.2%
A57: Other Uses | B57: Residential: Propane: Other Uses: Alternative Electricity and Transportation | C57: AEO.2026.ELECTRNP.CNSM_NA_RESD_OTHU_PROP_NA_USA_QBTU.A | D57: quads | E57: 0.078037 | F57: 0.081169 | G57: 0.084197 | H57: 0.086919 | I57: 0.089322 | J57: 0.091503 | K57: 0.0935 | L57: 0.095471 | M57: 0.09741 | N57: 0.099465 | O57: 0.101614 | P57: 0.103822 | Q57: 0.106024 | R57: 0.108216 | S57: 0.110387 | T57: 0.112575 | U57: 0.114814 | V57: 0.117152 | W57: 0.119594 | X57: 0.122121 | Y57: 0.12467 | Z57: 0.127182 | AA57: 0.129648 | AB57: 0.132094 | AC57: 0.134555 | AD57: 0.137049 | AE57: 2.3%
A58: Delivered Energy | B58: Residential: Propane: Delivered Energy: Alternative Electricity and Transportation | C58: AEO.2026.ELECTRNP.CNSM_NA_RESD_DELE_PROP_NA_USA_QBTU.A | D58: quads | E58: 0.5245 | F58: 0.51372 | G58: 0.495541 | H58: 0.496211 | I58: 0.493311 | J58: 0.488928 | K58: 0.483486 | L58: 0.478163 | M58: 0.473203 | N58: 0.469062 | O58: 0.465621 | P58: 0.462483 | Q58: 0.459429 | R58: 0.456475 | S58: 0.453566 | T58: 0.450898 | U58: 0.448539 | V58: 0.446738 | W58: 0.445416 | X58: 0.444479 | Y58: 0.443746 | Z58: 0.442976 | AA58: 0.442012 | AB58: 0.440991 | AC58: 0.44002 | AD58: 0.439191 | AE58: -0.7%
A59: Marketed Renewables (wood) | B59: Residential: Marketed Renewables (wood): Alternative Electricity and Transportation | C59: AEO.2026.ELECTRNP.CNSM_NA_RESD_NA_MRW_NA_USA_QBTU.A | D59: quads | E59: 0.371387 | F59: 0.342901 | G59: 0.33499 | H59: 0.331205 | I59: 0.328954 | J59: 0.323627 | K59: 0.319369 | L59: 0.315643 | M59: 0.312812 | N59: 0.309126 | O59: 0.305829 | P59: 0.302008 | Q59: 0.298094 | R59: 0.294199 | S59: 0.289954 | T59: 0.285538 | U59: 0.28127 | V59: 0.277378 | W59: 0.273631 | X59: 0.270078 | Y59: 0.266974 | Z59: 0.263978 | AA59: 0.26129 | AB59: 0.258824 | AC59: 0.256576 | AD59: 0.254137 | AE59: -1.5%
A60: Energy Consumption by End Use
A61: Space Heating | B61: Residential: Delivered Energy Use by End Use: Space Heating: Alternative Electricity and Transportation | C61: AEO.2026.ELECTRNP.CNSM_NA_RESD_SPH_DEE_NA_USA_QBTU.A | D61: quads | E61: 4.887292 | F61: 4.610508 | G61: 4.694248 | H61: 4.663504 | I61: 4.612425 | J61: 4.547403 | K61: 4.478761 | L61: 4.41429 | M61: 4.351876 | N61: 4.29202 | O61: 4.234299 | P61: 4.179309 | Q61: 4.123706 | R61: 4.070536 | S61: 4.017863 | T61: 3.966546 | U61: 3.91592 | V61: 3.870521 | W61: 3.827706 | X61: 3.787034 | Y61: 3.748754 | Z61: 3.709452 | AA61: 3.668602 | AB61: 3.628336 | AC61: 3.588941 | AD61: 3.550334 | AE61: -1.3%
A62: Space Cooling | B62: Residential: Delivered Energy Use by End Use: Space Cooling: Alternative Electricity and Transportation | C62: AEO.2026.ELECTRNP.CNSM_NA_RESD_SPC_DEE_NA_USA_QBTU.A | D62: quads | E62: 0.983173 | F62: 1.046041 | G62: 1.060372 | H62: 1.074317 | I62: 1.085457 | J62: 1.09257 | K62: 1.099049 | L62: 1.106561 | M62: 1.114836 | N62: 1.124534 | O62: 1.135239 | P62: 1.147255 | Q62: 1.16007 | R62: 1.173428 | S62: 1.187167 | T62: 1.20185 | U62: 1.217398 | V62: 1.23489 | W62: 1.253486 | X62: 1.272133 | Y62: 1.291439 | Z62: 1.309698 | AA62: 1.327261 | AB62: 1.344268 | AC62: 1.362016 | AD62: 1.379525 | AE62: 1.4%
A63: Water Heating | B63: Residential: Delivered Energy Use by End Use: Water Heating: Alternative Electricity and Transportation | C63: AEO.2026.ELECTRNP.CNSM_NA_RESD_WTHT_DEE_NA_USA_QBTU.A | D63: quads | E63: 1.573177 | F63: 1.574928 | G63: 1.578215 | H63: 1.582005 | I63: 1.5607 | J63: 1.533361 | K63: 1.505778 | L63: 1.481296 | M63: 1.457842 | N63: 1.438645 | O63: 1.423103 | P63: 1.408764 | Q63: 1.395114 | R63: 1.382833 | S63: 1.371701 | T63: 1.36194 | U63: 1.353176 | V63: 1.346207 | W63: 1.340719 | X63: 1.334809 | Y63: 1.328171 | Z63: 1.320356 | AA63: 1.311653 | AB63: 1.302775 | AC63: 1.294452 | AD63: 1.287076 | AE63: -0.8%
A64: Refrigeration | B64: Residential: Delivered Energy Use by End Use: Refrigeration: Alternative Electricity and Transportation | C64: AEO.2026.ELECTRNP.CNSM_NA_RESD_REFR_DEE_NA_USA_QBTU.A | D64: quads | E64: 0.349563 | F64: 0.348527 | G64: 0.347433 | H64: 0.346209 | I64: 0.345259 | J64: 0.342024 | K64: 0.33903 | L64: 0.336304 | M64: 0.333799 | N64: 0.331468 | O64: 0.329366 | P64: 0.327653 | Q64: 0.326343 | R64: 0.325461 | S64: 0.32499 | T64: 0.324938 | U64: 0.325294 | V64: 0.326072 | W64: 0.327281 | X64: 0.328913 | Y64: 0.33105 | Z64: 0.333714 | AA64: 0.336865 | AB64: 0.340006 | AC64: 0.343129 | AD64: 0.346229 | AE64: -0.0%
A65: Cooking | B65: Residential: Delivered Energy Use by End Use: Cooking: Alternative Electricity and Transportation | C65: AEO.2026.ELECTRNP.CNSM_NA_RESD_CGR_DEE_NA_USA_QBTU.A | D65: quads | E65: 0.156047 | F65: 0.15688 | G65: 0.157749 | H65: 0.158596 | I65: 0.159444 | J65: 0.160278 | K65: 0.161103 | L65: 0.161912 | M65: 0.162711 | N65: 0.163527 | O65: 0.164373 | P65: 0.165256 | Q65: 0.166161 | R65: 0.167104 | S65: 0.168032 | T65: 0.168956 | U65: 0.169856 | V65: 0.170735 | W65: 0.171579 | X65: 0.172399 | Y65: 0.173218 | Z65: 0.174042 | AA65: 0.174865 | AB65: 0.17569 | AC65: 0.176518 | AD65: 0.177355 | AE65: 0.5%
A66: Clothes Dryers | B66: Residential: Delivered Energy Use by End Use: Clothes Dryers: Alternative Electricity and Transportation | C66: AEO.2026.ELECTRNP.CNSM_NA_RESD_CDR_DEE_NA_USA_QBTU.A | D66: quads | E66: 0.229907 | F66: 0.231125 | G66: 0.232723 | H66: 0.23462 | I66: 0.235849 | J66: 0.236004 | K66: 0.235548 | L66: 0.234788 | M66: 0.234328 | N66: 0.234302 | O66: 0.234721 | P66: 0.235643 | Q66: 0.236914 | R66: 0.238686 | S66: 0.240921 | T66: 0.243675 | U66: 0.247026 | V66: 0.250422 | W66: 0.253925 | X66: 0.257464 | Y66: 0.261017 | Z66: 0.264416 | AA66: 0.267615 | AB66: 0.270685 | AC66: 0.27381 | AD66: 0.276862 | AE66: 0.7%
A67: Freezers | B67: Residential: Delivered Energy Use by End Use: Freezers: Alternative Electricity and Transportation | C67: AEO.2026.ELECTRNP.CNSM_NA_RESD_FRZ_DEE_NA_USA_QBTU.A | D67: quads | E67: 0.079278 | F67: 0.079241 | G67: 0.079217 | H67: 0.07916 | I67: 0.079073 | J67: 0.07857 | K67: 0.078007 | L67: 0.077404 | M67: 0.076823 | N67: 0.076257 | O67: 0.075716 | P67: 0.075195 | Q67: 0.074693 | R67: 0.074214 | S67: 0.073757 | T67: 0.073328 | U67: 0.072937 | V67: 0.072586 | W67: 0.072278 | X67: 0.072012 | Y67: 0.071802 | Z67: 0.07166 | AA67: 0.071579 | AB67: 0.071571 | AC67: 0.071643 | AD67: 0.0718 | AE67: -0.4%
A68: Lighting | B68: Residential: Delivered Energy Use by End Use: Lighting: Alternative Electricity and Transportation | C68: AEO.2026.ELECTRNP.CNSM_NA_RESD_LGHTNG_DEE_NA_USA_QBTU.A | D68: quads | E68: 0.182847 | F68: 0.182216 | G68: 0.183569 | H68: 0.18564 | I68: 0.187439 | J68: 0.186994 | K68: 0.186424 | L68: 0.186261 | M68: 0.186404 | N68: 0.186742 | O68: 0.187215 | P68: 0.187754 | Q68: 0.188226 | R68: 0.188723 | S68: 0.1894 | T68: 0.187035 | U68: 0.185089 | V68: 0.183691 | W68: 0.182846 | X68: 0.182477 | Y68: 0.182384 | Z68: 0.18231 | AA68: 0.182202 | AB68: 0.182192 | AC68: 0.182375 | AD68: 0.182588 | AE68: -0.0%
A69: Clothes Washers | B69: Residential: Delivered Energy Use by End Use: Clothes Washers: Alternative Electricity and Transportation | C69: AEO.2026.ELECTRNP.CNSM_NA_RESD_CLW_DEE_NA_USA_QBTU.A | D69: quads | E69: 0.040723 | F69: 0.039741 | G69: 0.03875 | H69: 0.037583 | I69: 0.036385 | J69: 0.034992 | K69: 0.03354 | L69: 0.032 | M69: 0.030665 | N69: 0.029534 | O69: 0.028609 | P69: 0.027904 | Q69: 0.027429 | R69: 0.02721 | S69: 0.027261 | T69: 0.027311 | U69: 0.027362 | V69: 0.02742 | W69: 0.027486 | X69: 0.027564 | Y69: 0.027658 | Z69: 0.027768 | AA69: 0.02789 | AB69: 0.028024 | AC69: 0.028167 | AD69: 0.028319 | AE69: -1.4%
A70: Dishwashers | B70: Residential: Delivered Energy Use by End Use: Dishwashers: Alternative Electricity and Transportation | C70: AEO.2026.ELECTRNP.CNSM_NA_RESD_DSW_DEE_NA_USA_QBTU.A | D70: quads | E70: 0.037162 | F70: 0.038076 | G70: 0.03836 | H70: 0.038523 | I70: 0.038637 | J70: 0.038703 | K70: 0.03872 | L70: 0.038689 | M70: 0.038734 | N70: 0.038861 | O70: 0.039071 | P70: 0.039371 | Q70: 0.039764 | R70: 0.040262 | S70: 0.040872 | T70: 0.041477 | U70: 0.042076 | V70: 0.042674 | W70: 0.043273 | X70: 0.043876 | Y70: 0.044488 | Z70: 0.045111 | AA70: 0.045741 | AB70: 0.046379 | AC70: 0.047023 | AD70: 0.047676 | AE70: 1.0%
A71: Televisions and Related Equipment | B71: Residential: Delivered Energy Use by End Use: Televisions: Alternative Electricity and Transportation | C71: AEO.2026.ELECTRNP.CNSM_NA_RESD_TVR_DEE_NA_USA_QBTU.A | D71: quads | E71: 0.124839 | F71: 0.122177 | G71: 0.119963 | H71: 0.118088 | I71: 0.116097 | J71: 0.113806 | K71: 0.111516 | L71: 0.109399 | M71: 0.107489 | N71: 0.105735 | O71: 0.104144 | P71: 0.102719 | Q71: 0.101411 | R71: 0.100273 | S71: 0.099267 | T71: 0.098398 | U71: 0.097694 | V71: 0.097154 | W71: 0.096815 | X71: 0.096643 | Y71: 0.096638 | Z71: 0.096759 | AA71: 0.096903 | AB71: 0.097108 | AC71: 0.097404 | AD71: 0.097758 | AE71: -1.0%
A72: Computers and Related Equipment | B72: Residential: Delivered Energy Use by End Use: Computers: Alternative Electricity and Transportation | C72: AEO.2026.ELECTRNP.CNSM_NA_RESD_CMPR_DEE_NA_USA_QBTU.A | D72: quads | E72: 0.097012 | F72: 0.095324 | G72: 0.093865 | H72: 0.092524 | I72: 0.090934 | J72: 0.088982 | K72: 0.086906 | L72: 0.084865 | M72: 0.082885 | N72: 0.080946 | O72: 0.079062 | P72: 0.07725 | Q72: 0.075484 | R72: 0.073799 | S72: 0.072189 | T72: 0.070667 | U72: 0.069258 | V72: 0.06799 | W72: 0.066879 | X72: 0.065919 | Y72: 0.065114 | Z72: 0.064456 | AA72: 0.063893 | AB72: 0.063459 | AC72: 0.063206 | AD72: 0.063082 | AE72: -1.7%
... A79: Electricity Related Losses | B79: Residential: Electricity Related Losses: Alternative Electricity and Transportation | C79: AEO.2026.ELECTRNP.CNSM_LOSSES_RESD_NA_ENRL_NA_USA_QBTU.A | D79: quads | E79: 7.167652 | F79: 7.154598 | G79: 6.514531 | H79: 6.312526 | I79: 6.221182 | J79: 6.131667 | K79: 5.945178 | L79: 5.839331 | M79: 5.783456 | N79: 5.692315 | O79: 5.633997 | P79: 5.578078 | Q79: 5.556406 | R79: 5.551892 | S79: 5.537122 | T79: 5.503886 | U79: 5.475434 | V79: 5.478948 | W79: 5.494038 | X79: 5.511872 | Y79: 5.527482 | Z79: 5.546856 | AA79: 5.568882 | AB79: 5.588573 | AC79: 5.589644 | AD79: 5.607822 | AE79: -1.0%
A80: Total Energy Consumption by End Use
A81: Space Heating | B81: Residential: Total Energy Use by End Use: Space Heating: Alternative Electricity and Transportation | C81: AEO.2026.ELECTRNP.CNSM_NA_RESD_SPH_TEE_NA_USA_QBTU.A | D81: quads | E81: 5.676419 | F81: 5.352002 | G81: 5.377786 | H81: 5.317251 | I81: 5.248799 | J81: 5.167059 | K81: 5.072208 | L81: 4.989853 | M81: 4.914524 | N81: 4.837609 | O81: 4.765844 | P81: 4.697088 | Q81: 4.630502 | R81: 4.567931 | S81: 4.504799 | T81: 4.441942 | U81: 4.379862 | V81: 4.32588 | W81: 4.275331 | X81: 4.226983 | Y81: 4.181409 | Z81: 4.134776 | AA81: 4.086676 | AB81: 4.039164 | AC81: 3.991319 | AD81: 3.945525 | AE81: -1.4%
A82: Space Cooling | B82: Residential: Total Energy Use by End Use: Space Cooling: Alternative Electricity and Transportation | C82: AEO.2026.ELECTRNP.CNSM_NA_RESD_SPC_TEE_NA_USA_QBTU.A | D82: quads | E82: 2.209428 | F82: 2.335922 | G82: 2.264997 | H82: 2.240748 | I82: 2.235738 | J82: 2.227676 | K82: 2.202204 | L82: 2.193258 | M82: 2.194045 | N82: 2.189426 | O82: 2.191747 | P82: 2.196002 | Q82: 2.207364 | R82: 2.222128 | S82: 2.235198 | T82: 2.247186 | U82: 2.260706 | V82: 2.282749 | W82: 2.308033 | X82: 2.333632 | Y82: 2.360322 | Z82: 2.385351 | AA82: 2.409916 | AB82: 2.433004 | AC82: 2.453359 | AD82: 2.476438 | AE82: 0.5%
A83: Water Heating | B83: Residential: Total Energy Use by End Use: Water Heating: Alternative Electricity and Transportation | C83: AEO.2026.ELECTRNP.CNSM_NA_RESD_WTHT_TEE_NA_USA_QBTU.A | D83: quads | E83: 2.173363 | F83: 2.158102 | G83: 2.108511 | H83: 2.083219 | I83: 2.030746 | J83: 1.970669 | K83: 1.904377 | L83: 1.849611 | M83: 1.801235 | N83: 1.757064 | O83: 1.720468 | P83: 1.687359 | Q83: 1.658616 | R83: 1.633857 | S83: 1.611574 | T83: 1.5919 | U83: 1.575004 | V83: 1.562761 | W83: 1.553944 | X83: 1.544762 | Y83: 1.534907 | Z83: 1.523909 | AA83: 1.512165 | AB83: 1.50023 | AC83: 1.488377 | AD83: 1.478255 | AE83: -1.5%
A84: Refrigeration | B84: Residential: Total Energy Use by End Use: Refrigeration: Alternative Electricity and Transportation | C84: AEO.2026.ELECTRNP.CNSM_NA_RESD_REFR_TEE_NA_USA_QBTU.A | D84: quads | E84: 0.813186 | F84: 0.805449 | G84: 0.766889 | H84: 0.74542 | I84: 0.733572 | J84: 0.718951 | K84: 0.699829 | L84: 0.686318 | M84: 0.676105 | N84: 0.663842 | O84: 0.653799 | P84: 0.644533 | Q84: 0.6379 | R84: 0.632915 | S84: 0.628124 | T84: 0.62343 | U84: 0.619606 | V84: 0.618063 | W84: 0.61773 | X84: 0.618307 | Y84: 0.619845 | Z84: 0.622474 | AA84: 0.626255 | AB84: 0.629908 | AC84: 0.632462 | AD84: 0.635834 | AE84: -1.0%
A85: Cooking | B85: Residential: Total Energy Use by End Use: Cooking: Alternative Electricity and Transportation | C85: AEO.2026.ELECTRNP.CNSM_NA_RESD_CGR_TEE_NA_USA_QBTU.A | D85: quads | E85: 0.246715 | F85: 0.247656 | G85: 0.242441 | H85: 0.240527 | I85: 0.240378 | J85: 0.240574 | K85: 0.239609 | L85: 0.239643 | M85: 0.240232 | N85: 0.240239 | O85: 0.240629 | P85: 0.241012 | Q85: 0.241807 | R85: 0.242748 | S85: 0.243419 | T85: 0.24381 | U85: 0.244093 | V85: 0.244635 | W85: 0.245207 | X85: 0.245762 | Y85: 0.246312 | Z85: 0.246892 | AA85: 0.247529 | AB85: 0.248136 | AC85: 0.24848 | AD85: 0.249047 | AE85: 0.0%
A86: Clothes Dryers | B86: Residential: Total Energy Use by End Use: Clothes Dryers: Alternative Electricity and Transportation | C86: AEO.2026.ELECTRNP.CNSM_NA_RESD_CDR_TEE_NA_USA_QBTU.A | D86: quads | E86: 0.482345 | F86: 0.481318 | G86: 0.464287 | H86: 0.457255 | I86: 0.45375 | J86: 0.449098 | K86: 0.440261 | L86: 0.433604 | M86: 0.429294 | N86: 0.42442 | O86: 0.421366 | P86: 0.419219 | Q86: 0.4188 | R86: 0.419788 | S86: 0.421278 | T86: 0.42329 | U86: 0.42644 | V86: 0.430477 | W86: 0.434887 | X86: 0.43938 | Y86: 0.443873 | Z86: 0.448141 | AA86: 0.452194 | AB86: 0.45593 | AC86: 0.459074 | AD86: 0.462616 | AE86: -0.2%
A87: Freezers | B87: Residential: Total Energy Use by End Use: Freezers: Alternative Electricity and Transportation | C87: AEO.2026.ELECTRNP.CNSM_NA_RESD_FRZ_TEE_NA_USA_QBTU.A | D87: quads | E87: 0.184423 | F87: 0.183127 | G87: 0.174856 | H87: 0.170439 | I87: 0.168006 | J87: 0.165158 | K87: 0.161022 | L87: 0.157963 | M87: 0.155603 | N87: 0.152722 | O87: 0.150298 | P87: 0.147918 | Q87: 0.146001 | R87: 0.144321 | S87: 0.142554 | T87: 0.140688 | U87: 0.138927 | V87: 0.137586 | W87: 0.136421 | X87: 0.135373 | Y87: 0.134438 | Z87: 0.133666 | AA87: 0.133071 | AB87: 0.132596 | AC87: 0.132054 | AD87: 0.131858 | AE87: -1.3%
A88: Lighting | B88: Residential: Total Energy Use by End Use: Lighting: Alternative Electricity and Transportation | C88: AEO.2026.ELECTRNP.CNSM_NA_RESD_LGHTNG_TEE_NA_USA_QBTU.A | D88: quads | E88: 0.425356 | F88: 0.421101 | G88: 0.405193 | H88: 0.399701 | I88: 0.398252 | J88: 0.393072 | K88: 0.384818 | L88: 0.380116 | M88: 0.377559 | N88: 0.373995 | O88: 0.371627 | P88: 0.369335 | Q88: 0.367924 | R88: 0.367005 | S88: 0.366063 | T88: 0.358847 | U88: 0.35255 | V88: 0.348183 | W88: 0.345114 | X88: 0.34303 | Y88: 0.341488 | Z88: 0.340061 | AA88: 0.338726 | AB88: 0.337537 | AC88: 0.336157 | AD88: 0.335314 | AE88: -0.9%
A89: Clothes Washers | B89: Residential: Total Energy Use by End Use: Clothes Washers: Alternative Electricity and Transportation | C89: AEO.2026.ELECTRNP.CNSM_NA_RESD_CLW_TEE_NA_USA_QBTU.A | D89: quads | E89: 0.094734 | F89: 0.091842 | G89: 0.085534 | H89: 0.080919 | I89: 0.077308 | J89: 0.073556 | K89: 0.069233 | L89: 0.065305 | M89: 0.062111 | N89: 0.059149 | O89: 0.05679 | P89: 0.05489 | Q89: 0.053614 | R89: 0.052914 | S89: 0.052689 | T89: 0.052399 | U89: 0.052117 | V89: 0.051974 | W89: 0.051879 | X89: 0.051816 | Y89: 0.051786 | Z89: 0.051795 | AA89: 0.05185 | AB89: 0.051918 | AC89: 0.051918 | AD89: 0.052006 | AE89: -2.4%
A90: Dishwashers | B90: Residential: Total Energy Use by End Use: Dishwashers: Alternative Electricity and Transportation | C90: AEO.2026.ELECTRNP.CNSM_NA_RESD_DSW_TEE_NA_USA_QBTU.A | D90: quads | E90: 0.086449 | F90: 0.087993 | G90: 0.084672 | H90: 0.082943 | I90: 0.082093 | J90: 0.081355 | K90: 0.079926 | L90: 0.078954 | M90: 0.078456 | N90: 0.077828 | O90: 0.077556 | P90: 0.077447 | Q90: 0.077726 | R90: 0.078297 | S90: 0.078995 | T90: 0.079577 | U90: 0.080144 | V90: 0.080888 | W90: 0.081676 | X90: 0.08248 | Y90: 0.083298 | Z90: 0.084146 | AA90: 0.085037 | AB90: 0.085923 | AC90: 0.086674 | AD90: 0.087555 | AE90: 0.1%
A91: Televisions and Related Equipment | B91: Residential: Total Energy Use by End Use: Televisions: Alternative Electricity and Transportation | C91: AEO.2026.ELECTRNP.CNSM_NA_RESD_TVR_TEE_NA_USA_QBTU.A | D91: quads | E91: 0.290411 | F91: 0.282352 | G91: 0.264795 | H91: 0.254254 | I91: 0.246672 | J91: 0.239226 | K91: 0.230192 | L91: 0.223258 | M91: 0.217716 | N91: 0.211758 | O91: 0.206729 | P91: 0.202062 | Q91: 0.198226 | R91: 0.194997 | S91: 0.191859 | T91: 0.188787 | U91: 0.186082 | V91: 0.184154 | W91: 0.182735 | X91: 0.181675 | Y91: 0.180941 | Z91: 0.180484 | AA91: 0.180148 | AB91: 0.179906 | AC91: 0.179537 | AD91: 0.179528 | AE91: -1.9%
A92: Computers and Related Equipment | B92: Residential: Total Energy Use by End Use: Computers: Alternative Electricity and Transportation | C92: AEO.2026.ELECTRNP.CNSM_NA_RESD_CMPR_TEE_NA_USA_QBTU.A | D92: quads | E92: 0.225678 | F92: 0.220294 | G92: 0.207188 | H92: 0.199212 | I92: 0.193208 | J92: 0.187046 | K92: 0.179393 | L92: 0.173189 | M92: 0.167883 | N92: 0.162114 | O92: 0.15694 | P92: 0.151961 | Q92: 0.147547 | R92: 0.143515 | S92: 0.139523 | T92: 0.135582 | U92: 0.131919 | V92: 0.128874 | W92: 0.126231 | X92: 0.123919 | Y92: 0.121916 | Z92: 0.12023 | AA92: 0.118781 | AB92: 0.117566 | AC92: 0.116503 | AD92: 0.115848 | AE92: -2.6%
... A98: Total Energy | B98: Residential: Total Net Own-use Generation: Total Gross End-use Consumption: Alternative Electricity and Transportation | C98: AEO.2026.ELECTRNP.GEN_NA_RESD_TTG_TEE_NA_USA_QBTU.A | D98: quads | E98: 18.695526 | F98: 18.496528 | G98: 17.880176 | H98: 17.724139 | I98: 17.624324 | J98: 17.486674 | K98: 17.23934 | L98: 17.080187 | M98: 16.975886 | N98: 16.849346 | O98: 16.764755 | P98: 16.689287 | Q98: 16.64967 | R98: 16.632865 | S98: 16.60742 | T98: 16.559899 | U98: 16.521933 | V98: 16.527018 | W98: 16.551318 | X98: 16.581289 | Y98: 16.607556 | Z98: 16.637029 | AA98: 16.663988 | AB98: 16.687661 | AC98: 16.69578 | AD98: 16.722709 | AE98: -0.4%
A99: Nonmarketed Renewables
A100: Solar Hot Water Heating | B100: Residential: Nonmarketed Renewables: Solar Hot Water Heating: Alternative Electricity and Transportation | C100: AEO.2026.ELECTRNP.CNSM_NA_RESD_SHW_NRW_NA_USA_QBTU.A | D100: quads | E100: 0.049686 | F100: 0.048802 | G100: 0.049417 | H100: 0.048901 | I100: 0.048595 | J100: 0.048426 | K100: 0.048259 | L100: 0.047826 | M100: 0.047667 | N100: 0.047592 | O100: 0.04739 | P100: 0.047233 | Q100: 0.047174 | R100: 0.04714 | S100: 0.047048 | T100: 0.047019 | U100: 0.046748 | V100: 0.046573 | W100: 0.046286 | X100: 0.04604 | Y100: 0.045849 | Z100: 0.045748 | AA100: 0.04554 | AB100: 0.045423 | AC100: 0.045241 | AD100: 0.044974 | AE100: -0.4%
A101: Solar Photovoltaic | B101: Residential: Nonmarketed Renewables: Solar Photovoltaic: Alternative Electricity and Transportation | C101: AEO.2026.ELECTRNP.CNSM_NA_RESD_SOPH_NRW_NA_USA_QBTU.A | D101: quads | E101: 0.224384 | F101: 0.237185 | G101: 0.251634 | H101: 0.266537 | I101: 0.280427 | J101: 0.295017 | K101: 0.31081 | L101: 0.326533 | M101: 0.343009 | N101: 0.360468 | O101: 0.379082 | P101: 0.398583 | Q101: 0.419471 | R101: 0.441342 | S101: 0.464384 | T101: 0.488235 | U101: 0.513029 | V101: 0.538517 | W101: 0.564794 | X101: 0.592087 | Y101: 0.619996 | Z101: 0.648722 | AA101: 0.67829 | AB101: 0.709091 | AC101: 0.740381 | AD101: 0.772793 | AE101: 5.1%
A102: Wind | B102: Residential: Nonmarketed Renewables: Wind: Alternative Electricity and Transportation | C102: AEO.2026.ELECTRNP.CNSM_NA_RESD_WND_NRW_NA_USA_QBTU.A | D102: quads | E102: 0.000588 | F102: 0.000588 | G102: 0.000589 | H102: 0.00059 | I102: 0.000591 | J102: 0.000592 | K102: 0.000596 | L102: 0.000601 | M102: 0.000608 | N102: 0.000619 | O102: 0.000632 | P102: 0.000646 | Q102: 0.000662 | R102: 0.000678 | S102: 0.000695 | T102: 0.000713 | U102: 0.000733 | V102: 0.000754 | W102: 0.000776 | X102: 0.000799 | Y102: 0.000822 | Z102: 0.000847 | AA102: 0.000873 | AB102: 0.000903 | AC102: 0.000933 | AD102: 0.000963 | AE102: 2.0%
A103: Total | B103: Residential: Nonmarketed Renewables: Total: Alternative Electricity and Transportation | C103: AEO.2026.ELECTRNP.CNSM_NA_RESD_NA_NRW_NA_USA_QBTU.A | D103: quads | E103: 0.274658 | F103: 0.286575 | G103: 0.30164 | H103: 0.316028 | I103: 0.329612 | J103: 0.344035 | K103: 0.359664 | L103: 0.37496 | M103: 0.391284 | N103: 0.408679 | O103: 0.427104 | P103: 0.446461 | Q103: 0.467306 | R103: 0.48916 | S103: 0.512127 | T103: 0.535967 | U103: 0.56051 | V103: 0.585844 | W103: 0.611856 | X103: 0.638926 | Y103: 0.666667 | Z103: 0.695318 | AA103: 0.724702 | AB103: 0.755417 | AC103: 0.786555 | AD103: 0.81873 | AE103: 4.5%
A104: Heating Degree Days
A105: New England | B105: Residential: Heating Degree Days: New England: Alternative Electricity and Transportation | C105: AEO.2026.ELECTRNP.KEI_HDD_RESD_NA_NA_NA_NENGL_HDD.A | D105: HDD | E105: 6045 | F105: 5873 | G105: 5850 | H105: 5826 | I105: 5803 | J105: 5779 | K105: 5755 | L105: 5732 | M105: 5708 | N105: 5684 | O105: 5661 | P105: 5637 | Q105: 5613 | R105: 5589 | S105: 5566 | T105: 5542 | U105: 5518 | V105: 5495 | W105: 5471 | X105: 5447 | Y105: 5423 | Z105: 5400 | AA105: 5376 | AB105: 5352 | AC105: 5328 | AD105: 5305 | AE105: -0.5%
A106: Middle Atlantic | B106: Residential: Heating Degree Days: Middle Atlantic: Alternative Electricity and Transportation | C106: AEO.2026.ELECTRNP.KEI_HDD_RESD_NA_NA_NA_MATL_HDD.A | D106: HDD | E106: 5404 | F106: 5271 | G106: 5249 | H106: 5228 | I106: 5207 | J106: 5185 | K106: 5164 | L106: 5142 | M106: 5121 | N106: 5100 | O106: 5078 | P106: 5057 | Q106: 5035 | R106: 5014 | S106: 4993 | T106: 4971 | U106: 4950 | V106: 4929 | W106: 4907 | X106: 4886 | Y106: 4865 | Z106: 4843 | AA106: 4822 | AB106: 4801 | AC106: 4780 | AD106: 4758 | AE106: -0.5%
A107: East North Central | B107: Residential: Heating Degree Days: East North Central: Alternative Electricity and Transportation | C107: AEO.2026.ELECTRNP.KEI_HDD_RESD_NA_NA_NA_ENC_HDD.A | D107: HDD | E107: 5984 | F107: 5836 | G107: 5817 | H107: 5798 | I107: 5779 | J107: 5760 | K107: 5741 | L107: 5722 | M107: 5703 | N107: 5683 | O107: 5664 | P107: 5645 | Q107: 5626 | R107: 5607 | S107: 5588 | T107: 5569 | U107: 5549 | V107: 5530 | W107: 5511 | X107: 5492 | Y107: 5473 | Z107: 5453 | AA107: 5434 | AB107: 5415 | AC107: 5396 | AD107: 5377 | AE107: -0.4%
A108: West North Central | B108: Residential: Heating Degree Days: West North Central: Alternative Electricity and Transportation | C108: AEO.2026.ELECTRNP.KEI_HDD_RESD_NA_NA_NA_WNC_HDD.A | D108: HDD | E108: 6267 | F108: 6263 | G108: 6251 | H108: 6239 | I108: 6227 | J108: 6215 | K108: 6203 | L108: 6191 | M108: 6178 | N108: 6166 | O108: 6153 | P108: 6141 | Q108: 6128 | R108: 6116 | S108: 6103 | T108: 6091 | U108: 6078 | V108: 6066 | W108: 6053 | X108: 6040 | Y108: 6028 | Z108: 6015 | AA108: 6002 | AB108: 5990 | AC108: 5977 | AD108: 5964 | AE108: -0.2%
A109: South Atlantic | B109: Residential: Heating Degree Days: South Atlantic: Alternative Electricity and Transportation | C109: AEO.2026.ELECTRNP.KEI_HDD_RESD_NA_NA_NA_SATL_HDD.A | D109: HDD | E109: 2431 | F109: 2296 | G109: 2280 | H109: 2263 | I109: 2245 | J109: 2228 | K109: 2210 | L109: 2192 | M109: 2175 | N109: 2157 | O109: 2139 | P109: 2122 | Q109: 2104 | R109: 2087 | S109: 2069 | T109: 2052 | U109: 2034 | V109: 2017 | W109: 2000 | X109: 1982 | Y109: 1965 | Z109: 1948 | AA109: 1930 | AB109: 1913 | AC109: 1896 | AD109: 1879 | AE109: -1.0%
A110: East South Central | B110: Residential: Heating Degree Days: East South Central: Alternative Electricity and Transportation | C110: AEO.2026.ELECTRNP.KEI_HDD_RESD_NA_NA_NA_ESC_HDD.A | D110: HDD | E110: 3231 | F110: 3099 | G110: 3084 | H110: 3069 | I110: 3053 | J110: 3038 | K110: 3023 | L110: 3008 | M110: 2992 | N110: 2977 | O110: 2961 | P110: 2946 | Q110: 2930 | R110: 2915 | S110: 2900 | T110: 2884 | U110: 2869 | V110: 2853 | W110: 2838 | X110: 2822 | Y110: 2807 | Z110: 2791 | AA110: 2776 | AB110: 2760 | AC110: 2745 | AD110: 2730 | AE110: -0.7%
A111: West South Central | B111: Residential: Heating Degree Days: West South Central: Alternative Electricity and Transportation | C111: AEO.2026.ELECTRNP.KEI_HDD_RESD_NA_NA_NA_WSC_HDD.A | D111: HDD | E111: 1966 | F111: 1889 | G111: 1880 | H111: 1870 | I111: 1860 | J111: 1851 | K111: 1841 | L111: 1831 | M111: 1822 | N111: 1812 | O111: 1803 | P111: 1793 | Q111: 1784 | R111: 1774 | S111: 1765 | T111: 1756 | U111: 1746 | V111: 1737 | W111: 1728 | X111: 1718 | Y111: 1709 | Z111: 1700 | AA111: 1690 | AB111: 1681 | AC111: 1672 | AD111: 1663 | AE111: -0.7%
A112: Mountain | B112: Residential: Heating Degree Days: Mountain: Alternative Electricity and Transportation | C112: AEO.2026.ELECTRNP.KEI_HDD_RESD_NA_NA_NA_MTN_HDD.A | D112: HDD | E112: 4734 | F112: 4833 | G112: 4825 | H112: 4816 | I112: 4807 | J112: 4799 | K112: 4790 | L112: 4782 | M112: 4774 | N112: 4766 | O112: 4758 | P112: 4750 | Q112: 4742 | R112: 4734 | S112: 4726 | T112: 4718 | U112: 4710 | V112: 4702 | W112: 4694 | X112: 4687 | Y112: 4679 | Z112: 4671 | AA112: 4664 | AB112: 4656 | AC112: 4648 | AD112: 4641 | AE112: -0.1%
A113: Pacific | B113: Residential: Heating Degree Days: Pacific: Alternative Electricity and Transportation | C113: AEO.2026.ELECTRNP.KEI_HDD_RESD_NA_NA_NA_PCF_HDD.A | D113: HDD | E113: 3251 | F113: 3291 | G113: 3285 | H113: 3279 | I113: 3272 | J113: 3266 | K113: 3259 | L113: 3252 | M113: 3245 | N113: 3238 | O113: 3231 | P113: 3224 | Q113: 3216 | R113: 3209 | S113: 3202 | T113: 3195 | U113: 3187 | V113: 3180 | W113: 3173 | X113: 3165 | Y113: 3158 | Z113: 3151 | AA113: 3143 | AB113: 3136 | AC113: 3129 | AD113: 3122 | AE113: -0.2%
A114: United States | B114: Residential: Heating Degree Days: United States: Alternative Electricity and Transportation | C114: AEO.2026.ELECTRNP.KEI_HDD_RESD_NA_NA_NA_USA_HDD.A | D114: HDD | E114: 3989.5723 | F114: 3910.106 | G114: 3891.6016 | H114: 3872.8252 | I114: 3853.7156 | J114: 3835.1279 | K114: 3816.1113 | L114: 3797.1377 | M114: 3778.501 | N114: 3759.5527 | O114: 3740.7109 | P114: 3722.1609 | Q114: 3703.1575 | R114: 3684.6523 | S114: 3666.0649 | T114: 3647.5562 | U114: 3628.5244 | V114: 3610.1992 | W114: 3591.7322 | X114: 3572.9053 | Y114: 3554.6526 | Z114: 3536.1577 | AA114: 3517.585 | AB114: 3499.5967 | AC114: 3481.7886 | AD114: 3464.1162 | AE114: -0.6%
A115: Cooling Degree Days
A116: New England | B116: Residential: Cooling Degree Days: New England: Alternative Electricity and Transportation | C116: AEO.2026.ELECTRNP.KEI_CDD_RESD_NA_NA_NA_NENGL_CDD.A | D116: CDD | E116: 530 | F116: 626 | G116: 633 | H116: 640 | I116: 647 | J116: 654 | K116: 662 | L116: 669 | M116: 676 | N116: 683 | O116: 690 | P116: 697 | Q116: 704 | R116: 712 | S116: 719 | T116: 726 | U116: 733 | V116: 740 | W116: 747 | X116: 754 | Y116: 761 | Z116: 769 | AA116: 776 | AB116: 783 | AC116: 790 | AD116: 797 | AE116: 1.6%
...

Sheet AEO 2026 Table 5
A1: Table 5. Commercial Sector Key Indicators and Consumption
A2: https://www.eia.gov/outlooks/aeo/data/browser/#/?id=5-AEO2026&cases=electrnp&sourcekey=0
A3: Thu Apr 23 2026 14:57:48 GMT-0700 (Pacific Daylight Time)
A4: Source: U.S. Energy Information Administration
B5: full name | C5: api key | D5: units | E5: 2025 | F5: 2026 | G5: 2027 | H5: 2028 | I5: 2029 | J5: 2030 | K5: 2031 | L5: 2032 | M5: 2033 | N5: 2034 | O5: 2035 | P5: 2036 | Q5: 2037 | R5: 2038 | S5: 2039 | T5: 2040 | U5: 2041 | V5: 2042 | W5: 2043 | X5: 2044 | Y5: 2045 | Z5: 2046 | AA5: 2047 | AB5: 2048 | AC5: 2049 | AD5: 2050 | AE5: Growth (2025-2050)
A6: Key Indicators
A7: Total Floorspace (billion square feet)
A8: Surviving | B8: Commercial: Total Floorspace: Surviving: Alternative Electricity and Transportation | C8: AEO.2026.ELECTRNP.KEI_NA_COMM_NA_TFP_SURV_USA_BLNSQFT.A | D8: billion sq ft | E8: 101.84551 | F8: 103.10442 | G8: 104.31425 | H8: 105.48232 | I8: 106.62843 | J8: 107.75984 | K8: 108.90231 | L8: 110.07059 | M8: 111.26775 | N8: 112.50001 | O8: 113.76868 | P8: 115.07391 | Q8: 116.41436 | R8: 117.78051 | S8: 119.11474 | T8: 120.4153 | U8: 121.68447 | V8: 122.89786 | W8: 124.06418 | X8: 125.19847 | Y8: 126.30771 | Z8: 127.40099 | AA8: 128.48196 | AB8: 129.55205 | AC8: 130.61298 | AD8: 131.66556 | AE8: 1.0%
A9: New Additions | B9: Commercial: Total Floorspace: New Additions: Alternative Electricity and Transportation | C9: AEO.2026.ELECTRNP.KEI_NA_COMM_NA_TFP_NADN_USA_BLNSQFT.A | D9: billion sq ft | E9: 2.798354 | F9: 2.763133 | G9: 2.73562 | H9: 2.728133 | I9: 2.728127 | J9: 2.754144 | K9: 2.795398 | L9: 2.840164 | M9: 2.891744 | N9: 2.945178 | O9: 2.999384 | P9: 3.052837 | Q9: 3.097313 | R9: 3.084287 | S9: 3.069424 | T9: 3.056657 | U9: 3.019132 | V9: 2.989726 | W9: 2.974996 | X9: 2.966822 | Y9: 2.967411 | Z9: 2.971346 | AA9: 2.976496 | AB9: 2.983037 | AC9: 2.990272 | AD9: 2.998542 | AE9: 0.3%
A10: Total | B10: Commercial: Total Floorspace: Total: Alternative Electricity and Transportation | C10: AEO.2026.ELECTRNP.KEI_NA_COMM_NA_TFP_TOT_USA_BLNSQFT.A | D10: billion sq ft | E10: 104.64386 | F10: 105.86755 | G10: 107.04987 | H10: 108.21046 | I10: 109.35656 | J10: 110.51399 | K10: 111.69771 | L10: 112.91075 | M10: 114.15949 | N10: 115.44518 | O10: 116.76806 | P10: 118.12675 | Q10: 119.51167 | R10: 120.8648 | S10: 122.18417 | T10: 123.47195 | U10: 124.70361 | V10: 125.88759 | W10: 127.03918 | X10: 128.1653 | Y10: 129.27512 | Z10: 130.37233 | AA10: 131.45847 | AB10: 132.53508 | AC10: 133.60324 | AD10: 134.66409 | AE10: 1.0%
A11: Energy Consumption Intensity
A12: (thousand Btu per square foot)
A13: Gross End-use Consumption | B13: Commercial: Energy Use Intensity: Gross End-use Consumption: Alternative Electricity and Transportation | C13: AEO.2026.ELECTRNP.INY_NA_COMM_NA_EUI_DLENCONS_USA_THBTUPSQFT.A | D13: thousand Btu/sq ft | E13: 94.608612 | F13: 95.200951 | G13: 94.894547 | H13: 94.391609 | I13: 93.678154 | J13: 92.73333 | K13: 91.840523 | L13: 91.140854 | M13: 90.533226 | N13: 90.025192 | O13: 89.527039 | P13: 89.104965 | Q13: 88.683937 | R13: 88.304733 | S13: 87.952103 | T13: 87.609711 | U13: 87.320465 | V13: 87.099518 | W13: 86.907028 | X13: 86.73526 | Y13: 86.553421 | Z13: 86.303925 | AA13: 85.985275 | AB13: 85.63308 | AC13: 85.264458 | AD13: 84.897255 | AE13: -0.4%
A14: Delivered Energy Consumption | B14: Commercial: Energy Use Intensity: Delivered Energy Consumption: Alternative Electricity and Transportation | C14: AEO.2026.ELECTRNP.INY_NA_COMM_NA_EUI_ERL_USA_THBTUPSQFT.A | D14: thousand Btu/sq ft | E14: 93.084305 | F14: 93.513206 | G14: 93.074776 | H14: 92.51963 | I14: 91.782715 | J14: 90.809181 | K14: 89.899635 | L14: 89.19178 | M14: 88.573189 | N14: 88.038452 | O14: 87.524017 | P14: 87.092613 | Q14: 86.638893 | R14: 86.228638 | S14: 85.833717 | T14: 85.458237 | U14: 85.160706 | V14: 84.916267 | W14: 84.720146 | X14: 84.541443 | Y14: 84.357269 | Z14: 84.093651 | AA14: 83.753242 | AB14: 83.378761 | AC14: 82.997833 | AD14: 82.609665 | AE14: -0.5%
A15: Energy Consumption by Fuel
A16: Electricity
A17: Space Heating | B17: Commercial: Purchased Electricity: Space Heating: Alternative Electricity and Transportation | C17: AEO.2026.ELECTRNP.CNSM_NA_COMM_NA_PRC_SPH_USA_QBTU.A | D17: quads | E17: 0.20086 | F17: 0.193991 | G17: 0.19233 | H17: 0.191237 | I17: 0.18969 | J17: 0.187902 | K17: 0.186031 | L17: 0.184106 | M17: 0.18223 | N17: 0.180242 | O17: 0.1782 | P17: 0.176227 | Q17: 0.174101 | R17: 0.171933 | S17: 0.169663 | T17: 0.167366 | U17: 0.165099 | V17: 0.162808 | W17: 0.160509 | X17: 0.158156 | Y17: 0.155824 | Z17: 0.153355 | AA17: 0.150715 | AB17: 0.148032 | AC17: 0.145385 | AD17: 0.142671 | AE17: -1.4%
A18: Space Cooling | B18: Commercial: Purchased Electricity: Space Cooling: Alternative Electricity and Transportation | C18: AEO.2026.ELECTRNP.CNSM_NA_COMM_NA_PRC_SPC_USA_QBTU.A | D18: quads | E18: 0.566839 | F18: 0.594472 | G18: 0.600861 | H18: 0.609032 | I18: 0.61581 | J18: 0.620066 | K18: 0.624956 | L18: 0.630446 | M18: 0.636408 | N18: 0.642945 | O18: 0.649799 | P18: 0.657449 | Q18: 0.665266 | R18: 0.673226 | S18: 0.681101 | T18: 0.689312 | U18: 0.697981 | V18: 0.707102 | W18: 0.716932 | X18: 0.727006 | Y18: 0.737548 | Z18: 0.747668 | AA18: 0.757338 | AB18: 0.766944 | AC18: 0.777089 | AD18: 0.787237 | AE18: 1.3%
A19: Water Heating | B19: Commercial: Purchased Electricity: Water Heating: Alternative Electricity and Transportation | C19: AEO.2026.ELECTRNP.CNSM_NA_COMM_NA_PRC_WTHT_USA_QBTU.A | D19: quads | E19: 0.073797 | F19: 0.072726 | G19: 0.072052 | H19: 0.07164 | I19: 0.071071 | J19: 0.070187 | K19: 0.069283 | L19: 0.068399 | M19: 0.067566 | N19: 0.066746 | O19: 0.065932 | P19: 0.065184 | Q19: 0.064425 | R19: 0.063673 | S19: 0.062916 | T19: 0.062153 | U19: 0.061431 | V19: 0.060716 | W19: 0.060034 | X19: 0.059364 | Y19: 0.058695 | Z19: 0.058002 | AA19: 0.057258 | AB19: 0.056503 | AC19: 0.055764 | AD19: 0.055011 | AE19: -1.2%
A20: Ventilation | B20: Commercial: Purchased Electricity: Ventilation: Alternative Electricity and Transportation | C20: AEO.2026.ELECTRNP.CNSM_NA_COMM_NA_PRC_VNTC_USA_QBTU.A | D20: quads | E20: 0.772579 | F20: 0.778081 | G20: 0.787216 | H20: 0.798948 | I20: 0.808617 | J20: 0.812848 | K20: 0.817403 | L20: 0.822489 | M20: 0.828422 | N20: 0.834734 | O20: 0.841408 | P20: 0.84894 | Q20: 0.856496 | R20: 0.864206 | S20: 0.871853 | T20: 0.879611 | U20: 0.887874 | V20: 0.896257 | W20: 0.905085 | X20: 0.914164 | Y20: 0.923373 | Z20: 0.932169 | AA20: 0.940261 | AB20: 0.948153 | AC20: 0.956425 | AD20: 0.964518 | AE20: 0.9%
A21: Cooking | B21: Commercial: Purchased Electricity: Cooking: Alternative Electricity and Transportation | C21: AEO.2026.ELECTRNP.CNSM_NA_COMM_NA_PRC_CGR_USA_QBTU.A | D21: quads | E21: 0.083991 | F21: 0.083245 | G21: 0.082882 | H21: 0.08275 | I21: 0.082396 | J21: 0.081708 | K21: 0.080997 | L21: 0.080317 | M21: 0.079704 | N21: 0.079116 | O21: 0.078533 | P21: 0.077998 | Q21: 0.077442 | R21: 0.076881 | S21: 0.076298 | T21: 0.075702 | U21: 0.075151 | V21: 0.074597 | W21: 0.074065 | X21: 0.073538 | Y21: 0.073002 | Z21: 0.072417 | AA21: 0.071763 | AB21: 0.071082 | AC21: 0.070415 | AD21: 0.069721 | AE21: -0.7%
A22: Lighting | B22: Commercial: Purchased Electricity: Lighting: Alternative Electricity and Transportation | C22: AEO.2026.ELECTRNP.CNSM_NA_COMM_NA_PRC_LGHTNG_USA_QBTU.A | D22: quads | E22: 0.564649 | F22: 0.553328 | G22: 0.547329 | H22: 0.54543 | I22: 0.543588 | J22: 0.532318 | K22: 0.522622 | L22: 0.5142 | M22: 0.506779 | N22: 0.499778 | O22: 0.492952 | P22: 0.487289 | Q22: 0.482486 | R22: 0.478498 | S22: 0.475119 | T22: 0.470122 | U22: 0.466407 | V22: 0.463482 | W22: 0.461297 | X22: 0.459643 | Y22: 0.458401 | Z22: 0.457258 | AA22: 0.455994 | AB22: 0.454706 | AC22: 0.453692 | AD22: 0.452695 | AE22: -0.9%
A23: Refrigeration | B23: Commercial: Purchased Electricity: Refrigeration: Alternative Electricity and Transportation | C23: AEO.2026.ELECTRNP.CNSM_NA_COMM_NA_PRC_REFR_USA_QBTU.A | D23: quads | E23: 0.366734 | F23: 0.365953 | G23: 0.366174 | H23: 0.367 | I23: 0.367563 | J23: 0.366644 | K23: 0.366206 | L23: 0.366109 | M23: 0.36639 | N23: 0.36695 | O23: 0.367756 | P23: 0.368848 | Q23: 0.370046 | R23: 0.371239 | S23: 0.372383 | T23: 0.373485 | U23: 0.374828 | V23: 0.376102 | W23: 0.37739 | X23: 0.378663 | Y23: 0.379901 | Z23: 0.381014 | AA23: 0.381955 | AB23: 0.382807 | AC23: 0.383654 | AD23: 0.384415 | AE23: 0.2%
A24: Data Center Servers | B24: Commercial: Purchased Electricity: Data Center Servers: Alternative Electricity and Transportation | C24: AEO.2026.ELECTRNP.CNSM_NA_COMM_NA_PRC_DATACTRSERV_USA_QBTU.A | D24: quads | E24: 0.357691 | F24: 0.403698 | G24: 0.452968 | H24: 0.503864 | I24: 0.555801 | J24: 0.608106 | K24: 0.660976 | L24: 0.714861 | M24: 0.769734 | N24: 0.825407 | O24: 0.881718 | P24: 0.938386 | Q24: 0.995149 | R24: 1.051305 | S24: 1.106359 | T24: 1.159801 | U24: 1.211428 | V24: 1.260422 | W24: 1.30683 | X24: 1.349851 | Y24: 1.389499 | Z24: 1.424823 | AA24: 1.455517 | AB24: 1.481245 | AC24: 1.501816 | AD24: 1.520085 | AE24: 6.0%
A25: Computers and office equipment | B25: Commercial: Purchased Electricity: Computers and Office Equipment: Alternative Electricity and Transportation | C25: AEO.2026.ELECTRNP.CNSM_NA_COMM_NA_PRC_OTHEQP_USA_QBTU.A | D25: quads | E25: 0.216953 | F25: 0.211745 | G25: 0.207122 | H25: 0.202684 | I25: 0.198262 | J25: 0.193913 | K25: 0.189829 | L25: 0.18572 | M25: 0.182465 | N25: 0.179709 | O25: 0.177067 | P25: 0.175041 | Q25: 0.173177 | R25: 0.171447 | S25: 0.170381 | T25: 0.169034 | U25: 0.167367 | V25: 0.16648 | W25: 0.164809 | X25: 0.163452 | Y25: 0.161864 | Z25: 0.16063 | AA25: 0.158545 | AB25: 0.15621 | AC25: 0.153638 | AD25: 0.150807 | AE25: -1.4%
A26: Other Uses | B26: Commercial: Purchased Electricity: Other Uses: Alternative Electricity and Transportation | C26: AEO.2026.ELECTRNP.CNSM_NA_COMM_NA_PRC_OTHU_USA_QBTU.A | D26: quads | E26: 1.949163 | F26: 2.133727 | G26: 2.139688 | H26: 2.13915 | I26: 2.138203 | J26: 2.13603 | K26: 2.134272 | L26: 2.133495 | M26: 2.134242 | N26: 2.136272 | O26: 2.139616 | P26: 2.144953 | Q26: 2.15116 | R26: 2.157878 | S26: 2.164868 | T26: 2.172189 | U26: 2.179389 | V26: 2.186837 | W26: 2.194853 | X26: 2.203038 | Y26: 2.212115 | Z26: 2.221061 | AA26: 2.230132 | AB26: 2.239662 | AC26: 2.249701 | AD26: 2.260383 | AE26: 0.6%
A27: Gross End-use Electricity Consumption | B27: Commercial: Energy Consumption by Fuel: Electricity Subtotal: Alternative Electricity and Transportation | C27: AEO.2026.ELECTRNP.CNSM_NA_COMM_NA_PRC_DELE_USA_QBTU.A | D27: quads | E27: 5.153255 | F27: 5.390966 | G27: 5.448623 | H27: 5.511735 | I27: 5.571003 | J27: 5.609722 | K27: 5.652576 | L27: 5.700143 | M27: 5.753941 | N27: 5.811899 | O27: 5.872981 | P27: 5.940315 | Q27: 6.009748 | R27: 6.080286 | S27: 6.150941 | T27: 6.218776 | U27: 6.286955 | V27: 6.354805 | W27: 6.421803 | X27: 6.486873 | Y27: 6.550223 | Z27: 6.608398 | AA27: 6.659479 | AB27: 6.705345 | AC27: 6.747578 | AD27: 6.787544 | AE27: 1.1%
A28: Purchased Electricity for Electric Vehicle Charging | B28: Commercial: Energy Consumption by Fuel: Purchased Electricity for EV Charging: Alternative Electricity and Transportation | C28: AEO.2026.ELECTRNP.GEN_NA_COMM_NA_PRC_EVCHA_USA_QBTU.A | D28: quads | E28: 0.031625 | F28: 0.041349 | G28: 0.053095 | H28: 0.066244 | I28: 0.079603 | J28: 0.092543 | K28: 0.104416 | L28: 0.115643 | M28: 0.126972 | N28: 0.138502 | O28: 0.150392 | P28: 0.162461 | Q28: 0.174804 | R28: 0.187239 | S28: 0.19959 | T28: 0.212288 | U28: 0.225364 | V28: 0.239243 | W28: 0.253973 | X28: 0.269944 | Y28: 0.287121 | Z28: 0.304738 | AA28: 0.322704 | AB28: 0.341035 | AC28: 0.359608 | AD28: 0.378263 | AE28: 10.4%
... A30: Purchased Electricity at Commercial Location | B30: Commercial: Energy Consumption by Fuel: Purchased Electricity: Alternative Electricity and Transportation | C30: AEO.2026.ELECTRNP.CNSM_NA_COMM_NA_DELE_ELC_USA_QBTU.A | D30: quads | E30: 5.025373 | F30: 5.253638 | G30: 5.306912 | H30: 5.375412 | I30: 5.443327 | J30: 5.48962 | K30: 5.540199 | L30: 5.595715 | M30: 5.657156 | N30: 5.72104 | O30: 5.789485 | P30: 5.865063 | Q30: 5.940146 | R30: 6.016598 | S30: 6.091698 | T30: 6.165417 | U30: 6.24299 | V30: 6.319204 | W30: 6.397956 | X30: 6.475646 | Y30: 6.553437 | Z30: 6.624979 | AA30: 6.688763 | AB30: 6.747605 | AC30: 6.804358 | AD30: 6.857751 | AE30: 1.3%
A31: Natural Gas
A32: Space Heating | B32: Commercial: Natural Gas: Space Heating: Alternative Electricity and Transportation | C32: AEO.2026.ELECTRNP.CNSM_NA_COMM_NA_NG_SPH_USA_QBTU.A | D32: quads | E32: 1.677395 | F32: 1.658977 | G32: 1.655333 | H32: 1.640213 | I32: 1.614623 | J32: 1.585396 | K32: 1.558153 | L32: 1.539679 | M32: 1.52558 | N32: 1.514998 | O32: 1.504151 | P32: 1.494749 | Q32: 1.484763 | R32: 1.474809 | S32: 1.464232 | T32: 1.453817 | U32: 1.443761 | V32: 1.435541 | W32: 1.427792 | X32: 1.420772 | Y32: 1.413245 | Z32: 1.403235 | AA32: 1.391638 | AB32: 1.379734 | AC32: 1.367849 | AD32: 1.356255 | AE32: -0.8%
A33: Space Cooling | B33: Commercial: Natural Gas: Space Cooling: Alternative Electricity and Transportation | C33: AEO.2026.ELECTRNP.CNSM_NA_COMM_NA_NG_SPC_USA_QBTU.A | D33: quads | E33: 0.015692 | F33: 0.017612 | G33: 0.017945 | H33: 0.018169 | I33: 0.018287 | J33: 0.018392 | K33: 0.018555 | L33: 0.018871 | M33: 0.01928 | N33: 0.019785 | O33: 0.020338 | P33: 0.020947 | Q33: 0.021603 | R33: 0.022292 | S33: 0.023007 | T33: 0.023771 | U33: 0.024568 | V33: 0.025421 | W33: 0.026326 | X33: 0.027285 | Y33: 0.028298 | Z33: 0.029311 | AA33: 0.030356 | AB33: 0.031435 | AC33: 0.03257 | AD33: 0.033763 | AE33: 3.1%
A34: Water Heating | B34: Commercial: Natural Gas: Water Heating: Alternative Electricity and Transportation | C34: AEO.2026.ELECTRNP.CNSM_NA_COMM_NA_NG_WTHT_USA_QBTU.A | D34: quads | E34: 0.27397 | F34: 0.280341 | G34: 0.283018 | H34: 0.283701 | I34: 0.282807 | J34: 0.281323 | K34: 0.280138 | L34: 0.280657 | M34: 0.281792 | N34: 0.283857 | O34: 0.2861 | P34: 0.288783 | Q34: 0.291449 | R34: 0.294131 | S34: 0.29673 | T34: 0.299366 | U34: 0.302164 | V34: 0.305317 | W34: 0.308628 | X34: 0.312135 | Y34: 0.315522 | Z34: 0.318429 | AA34: 0.321005 | AB34: 0.323466 | AC34: 0.325923 | AD34: 0.328429 | AE34: 0.7%
A35: Cooking | B35: Commercial: Natural Gas: Cooking: Alternative Electricity and Transportation | C35: AEO.2026.ELECTRNP.CNSM_NA_COMM_NA_NG_CGR_USA_QBTU.A | D35: quads | E35: 0.40539 | F35: 0.412698 | G35: 0.416201 | H35: 0.416769 | I35: 0.415153 | J35: 0.412603 | K35: 0.410522 | L35: 0.410815 | M35: 0.412028 | N35: 0.414518 | O35: 0.417203 | P35: 0.420466 | Q35: 0.423673 | R35: 0.426868 | S35: 0.429898 | T35: 0.432934 | U35: 0.436245 | V35: 0.440058 | W35: 0.444076 | X35: 0.448351 | Y35: 0.452416 | Z35: 0.455738 | AA35: 0.458542 | AB35: 0.461147 | AC35: 0.463721 | AD35: 0.466344 | AE35: 0.6%
A36: Other Uses | B36: Commercial: Natural Gas: Other Uses: Alternative Electricity and Transportation | C36: AEO.2026.ELECTRNP.CNSM_NA_COMM_NA_NG_OTHU_USA_QBTU.A | D36: quads | E36: 1.267356 | F36: 1.194333 | G36: 1.199043 | H36: 1.197086 | I36: 1.188333 | J36: 1.177144 | K36: 1.166085 | L36: 1.160668 | M36: 1.157207 | N36: 1.156334 | O36: 1.155312 | P36: 1.155334 | Q36: 1.155167 | R36: 1.155125 | S36: 1.154979 | T36: 1.155163 | U36: 1.155525 | V36: 1.157366 | W36: 1.159725 | X36: 1.162961 | Y36: 1.165869 | Z36: 1.167382 | AA36: 1.168018 | AB36: 1.16842 | AC36: 1.168869 | AD36: 1.169652 | AE36: -0.3%
A37: Delivered Energy | B37: Commercial: Natural Gas: Delivered Energy: Alternative Electricity and Transportation | C37: AEO.2026.ELECTRNP.CNSM_NA_COMM_NA_NG_DELE_USA_QBTU.A | D37: quads | E37: 3.639804 | F37: 3.563961 | G37: 3.57154 | H37: 3.555938 | I37: 3.519203 | J37: 3.474857 | K37: 3.433453 | L37: 3.41069 | M37: 3.395886 | N37: 3.389492 | O37: 3.383103 | P37: 3.380279 | Q37: 3.376655 | R37: 3.373224 | S37: 3.368847 | T37: 3.365051 | U37: 3.362263 | V37: 3.363703 | W37: 3.366547 | X37: 3.371504 | Y37: 3.37535 | Z37: 3.374094 | AA37: 3.369559 | AB37: 3.364201 | AC37: 3.358932 | AD37: 3.354442 | AE37: -0.3%
A38: Distillate Fuel Oil
A39: Space Heating | B39: Commercial: Distillate Fuel Oil: Space Heating: Alternative Electricity and Transportation | C39: AEO.2026.ELECTRNP.CNSM_NA_COMM_NA_DFO_SPH_USA_QBTU.A | D39: quads | E39: 0.074528 | F39: 0.072814 | G39: 0.072147 | H39: 0.071328 | I39: 0.07024 | J39: 0.06939 | K39: 0.068552 | L39: 0.067389 | M39: 0.065912 | N39: 0.064453 | O39: 0.063009 | P39: 0.06167 | Q39: 0.060346 | R39: 0.059039 | S39: 0.05778 | T39: 0.056542 | U39: 0.055331 | V39: 0.054154 | W39: 0.052975 | X39: 0.051814 | Y39: 0.050657 | Z39: 0.049516 | AA39: 0.048376 | AB39: 0.047276 | AC39: 0.046179 | AD39: 0.045136 | AE39: -2.0%
A40: Water Heating | B40: Commercial: Distillate Fuel Oil: Water Heating: Alternative Electricity and Transportation | C40: AEO.2026.ELECTRNP.CNSM_NA_COMM_NA_DFO_WTHT_USA_QBTU.A | D40: quads | E40: 0.003768 | F40: 0.003783 | G40: 0.003772 | H40: 0.003756 | I40: 0.003738 | J40: 0.003734 | K40: 0.00373 | L40: 0.00371 | M40: 0.003672 | N40: 0.003636 | O40: 0.003602 | P40: 0.003574 | Q40: 0.003547 | R40: 0.003521 | S40: 0.003496 | T40: 0.003472 | U40: 0.003448 | V40: 0.003424 | W40: 0.0034 | X40: 0.003376 | Y40: 0.00335 | Z40: 0.003324 | AA40: 0.003298 | AB40: 0.003273 | AC40: 0.003246 | AD40: 0.003222 | AE40: -0.6%
A41: Other Uses | B41: Commercial: Distillate Fuel Oil: Other Uses: Alternative Electricity and Transportation | C41: AEO.2026.ELECTRNP.CNSM_NA_COMM_NA_DFO_OTHU_USA_QBTU.A | D41: quads | E41: 0.237124 | F41: 0.242392 | G41: 0.250526 | H41: 0.25241 | I41: 0.253941 | J41: 0.256359 | K41: 0.258468 | L41: 0.259219 | M41: 0.258164 | N41: 0.257158 | O41: 0.256193 | P41: 0.255626 | Q41: 0.254962 | R41: 0.25428 | S41: 0.253748 | T41: 0.253289 | U41: 0.25278 | V41: 0.252306 | W41: 0.251799 | X41: 0.251265 | Y41: 0.25063 | Z41: 0.249962 | AA41: 0.249195 | AB41: 0.248498 | AC41: 0.247697 | AD41: 0.247076 | AE41: 0.2%
A42: Delivered Energy | B42: Commercial: Distillate Fuel Oil: Delivered Energy: Alternative Electricity and Transportation | C42: AEO.2026.ELECTRNP.CNSM_NA_COMM_NA_DFO_DELE_USA_QBTU.A | D42: quads | E42: 0.31542 | F42: 0.318988 | G42: 0.326446 | H42: 0.327495 | I42: 0.327918 | J42: 0.329482 | K42: 0.330749 | L42: 0.330317 | M42: 0.327748 | N42: 0.325246 | O42: 0.322803 | P42: 0.32087 | Q42: 0.318856 | R42: 0.316839 | S42: 0.315024 | T42: 0.313302 | U42: 0.31156 | V42: 0.309885 | W42: 0.308174 | X42: 0.306455 | Y42: 0.304637 | Z42: 0.302802 | AA42: 0.300869 | AB42: 0.299047 | AC42: 0.297122 | AD42: 0.295435 | AE42: -0.3%
A43: Marketed Renewables (biomass) | B43: Commercial: Marketed Renewables (biomass): Alternative Electricity and Transportation | C43: AEO.2026.ELECTRNP.CNSM_NA_COMM_NA_BMS_NA_USA_QBTU.A | D43: quads | E43: 0.143682 | F43: 0.143682 | G43: 0.143682 | H43: 0.143682 | I43: 0.143682 | J43: 0.143682 | K43: 0.143682 | L43: 0.143682 | M43: 0.143682 | N43: 0.143682 | O43: 0.143682 | P43: 0.143682 | Q43: 0.143682 | R43: 0.143682 | S43: 0.143682 | T43: 0.143682 | U43: 0.143682 | V43: 0.143682 | W43: 0.143682 | X43: 0.143682 | Y43: 0.143682 | Z43: 0.143682 | AA43: 0.143682 | AB43: 0.143682 | AC43: 0.143682 | AD43: 0.143682 | AE43: 0.0%
A44: Other Fuels | B44: Commercial: Other Fuels: Alternative Electricity and Transportation | C44: AEO.2026.ELECTRNP.CNSM_NA_COMM_NA_OFU_NA_USA_QBTU.A | D44: quads | E44: 0.648049 | F44: 0.661094 | G44: 0.668159 | H44: 0.67531 | I44: 0.682515 | J44: 0.690586 | K44: 0.697917 | L44: 0.705951 | M44: 0.713971 | N44: 0.722657 | O44: 0.73133 | P44: 0.740535 | Q44: 0.749823 | R44: 0.758903 | S44: 0.767861 | T44: 0.776531 | U44: 0.784718 | V44: 0.792674 | W44: 0.800393 | X44: 0.807938 | Y44: 0.815313 | Z44: 0.822668 | AA44: 0.829904 | AB44: 0.837112 | AC44: 0.844295 | AD44: 0.851509 | AE44: 1.1%
A45: Energy Consumption by End Use
A46: Space Heating | B46: Commercial: Delivered Energy Use by End Use: Space Heating: Alternative Electricity and Transportation | C46: AEO.2026.ELECTRNP.CNSM_NA_COMM_NA_DEE_SPH_USA_QBTU.A | D46: quads | E46: 1.952783 | F46: 1.925782 | G46: 1.91981 | H46: 1.902778 | I46: 1.874552 | J46: 1.842688 | K46: 1.812736 | L46: 1.791174 | M46: 1.773721 | N46: 1.759693 | O46: 1.74536 | P46: 1.732645 | Q46: 1.719209 | R46: 1.70578 | S46: 1.691674 | T46: 1.677725 | U46: 1.664192 | V46: 1.652504 | W46: 1.641275 | X46: 1.630741 | Y46: 1.619726 | Z46: 1.606106 | AA46: 1.590729 | AB46: 1.575042 | AC46: 1.559413 | AD46: 1.544062 | AE46: -0.9%
A47: Space Cooling | B47: Commercial: Delivered Energy Use by End Use: Space Cooling: Alternative Electricity and Transportation | C47: AEO.2026.ELECTRNP.CNSM_NA_COMM_NA_DEE_SPC_USA_QBTU.A | D47: quads | E47: 0.582531 | F47: 0.612084 | G47: 0.618806 | H47: 0.6272 | I47: 0.634098 | J47: 0.638458 | K47: 0.643512 | L47: 0.649317 | M47: 0.655688 | N47: 0.662731 | O47: 0.670137 | P47: 0.678396 | Q47: 0.686868 | R47: 0.695518 | S47: 0.704108 | T47: 0.713083 | U47: 0.722548 | V47: 0.732523 | W47: 0.743258 | X47: 0.75429 | Y47: 0.765846 | Z47: 0.776979 | AA47: 0.787694 | AB47: 0.798379 | AC47: 0.809658 | AD47: 0.821 | AE47: 1.4%
A48: Water Heating | B48: Commercial: Delivered Energy Use by End Use: Water Heating: Alternative Electricity and Transportation | C48: AEO.2026.ELECTRNP.CNSM_NA_COMM_NA_DEE_WTHT_USA_QBTU.A | D48: quads | E48: 0.351535 | F48: 0.35685 | G48: 0.358843 | H48: 0.359097 | I48: 0.357616 | J48: 0.355243 | K48: 0.353151 | L48: 0.352766 | M48: 0.35303 | N48: 0.354239 | O48: 0.355633 | P48: 0.357541 | Q48: 0.359422 | R48: 0.361325 | S48: 0.363143 | T48: 0.364991 | U48: 0.367042 | V48: 0.369457 | W48: 0.372063 | X48: 0.374875 | Y48: 0.377567 | Z48: 0.379756 | AA48: 0.381562 | AB48: 0.383242 | AC48: 0.384933 | AD48: 0.386662 | AE48: 0.4%
A49: Ventilation | B49: Commercial: Delivered Energy Use by End Use: Ventilation: Alternative Electricity and Transportation | C49: AEO.2026.ELECTRNP.CNSM_NA_COMM_NA_DEE_VNTC_USA_QBTU.A | D49: quads | E49: 0.772579 | F49: 0.778081 | G49: 0.787216 | H49: 0.798948 | I49: 0.808617 | J49: 0.812848 | K49: 0.817403 | L49: 0.822489 | M49: 0.828422 | N49: 0.834734 | O49: 0.841408 | P49: 0.84894 | Q49: 0.856496 | R49: 0.864206 | S49: 0.871853 | T49: 0.879611 | U49: 0.887874 | V49: 0.896257 | W49: 0.905085 | X49: 0.914164 | Y49: 0.923373 | Z49: 0.932169 | AA49: 0.940261 | AB49: 0.948153 | AC49: 0.956425 | AD49: 0.964518 | AE49: 0.9%
A50: Cooking | B50: Commercial: Delivered Energy Use by End Use: Cooking: Alternative Electricity and Transportation | C50: AEO.2026.ELECTRNP.CNSM_NA_COMM_NA_DEE_CGR_USA_QBTU.A | D50: quads | E50: 0.489381 | F50: 0.495944 | G50: 0.499083 | H50: 0.49952 | I50: 0.497549 | J50: 0.49431 | K50: 0.491519 | L50: 0.491133 | M50: 0.491732 | N50: 0.493634 | O50: 0.495736 | P50: 0.498464 | Q50: 0.501115 | R50: 0.503749 | S50: 0.506197 | T50: 0.508636 | U50: 0.511397 | V50: 0.514655 | W50: 0.51814 | X50: 0.521888 | Y50: 0.525418 | Z50: 0.528155 | AA50: 0.530305 | AB50: 0.532229 | AC50: 0.534136 | AD50: 0.536065 | AE50: 0.4%
A51: Lighting | B51: Commercial: Delivered Energy Use by End Use: Lighting: Alternative Electricity and Transportation | C51: AEO.2026.ELECTRNP.CNSM_NA_COMM_NA_DEE_LGHTNG_USA_QBTU.A | D51: quads | E51: 0.564649 | F51: 0.553328 | G51: 0.547329 | H51: 0.54543 | I51: 0.543588 | J51: 0.532318 | K51: 0.522622 | L51: 0.5142 | M51: 0.506779 | N51: 0.499778 | O51: 0.492952 | P51: 0.487289 | Q51: 0.482486 | R51: 0.478498 | S51: 0.475119 | T51: 0.470122 | U51: 0.466407 | V51: 0.463482 | W51: 0.461297 | X51: 0.459643 | Y51: 0.458401 | Z51: 0.457258 | AA51: 0.455994 | AB51: 0.454706 | AC51: 0.453692 | AD51: 0.452695 | AE51: -0.9%
A52: Refrigeration | B52: Commercial: Delivered Energy Use by End Use: Refrigeration: Alternative Electricity and Transportation | C52: AEO.2026.ELECTRNP.CNSM_NA_COMM_NA_DEE_REFR_USA_QBTU.A | D52: quads | E52: 0.366734 | F52: 0.365953 | G52: 0.366174 | H52: 0.367 | I52: 0.367563 | J52: 0.366644 | K52: 0.366206 | L52: 0.366109 | M52: 0.36639 | N52: 0.36695 | O52: 0.367756 | P52: 0.368848 | Q52: 0.370046 | R52: 0.371239 | S52: 0.372383 | T52: 0.373485 | U52: 0.374828 | V52: 0.376102 | W52: 0.37739 | X52: 0.378663 | Y52: 0.379901 | Z52: 0.381014 | AA52: 0.381955 | AB52: 0.382807 | AC52: 0.383654 | AD52: 0.384415 | AE52: 0.2%
A53: Data Center Servers | B53: Commercial: Delivered Energy Use by End Use: Data Center Servers: Alternative Electricity and Transportation | C53: AEO.2026.ELECTRNP.CNSM_NA_COMM_NA_DEE_DATACTRSERV_USA_QBTU.A | D53: quads | E53: 0.357691 | F53: 0.403698 | G53: 0.452968 | H53: 0.503864 | I53: 0.555801 | J53: 0.608106 | K53: 0.660976 | L53: 0.714861 | M53: 0.769734 | N53: 0.825407 | O53: 0.881718 | P53: 0.938386 | Q53: 0.995149 | R53: 1.051305 | S53: 1.106359 | T53: 1.159801 | U53: 1.211428 | V53: 1.260422 | W53: 1.30683 | X53: 1.349851 | Y53: 1.389499 | Z53: 1.424823 | AA53: 1.455517 | AB53: 1.481245 | AC53: 1.501816 | AD53: 1.520085 | AE53: 6.0%
A54: Computers and office equipment | B54: Commercial: Delivered Energy Use by End Use: Computers and Office Equipment: Alternative Electricity and Transportation | C54: AEO.2026.ELECTRNP.CNSM_NA_COMM_NA_DEE_OFEQP_USA_QBTU.A | D54: quads | E54: 0.216953 | F54: 0.211745 | G54: 0.207122 | H54: 0.202684 | I54: 0.198262 | J54: 0.193913 | K54: 0.189829 | L54: 0.18572 | M54: 0.182465 | N54: 0.179709 | O54: 0.177067 | P54: 0.175041 | Q54: 0.173177 | R54: 0.171447 | S54: 0.170381 | T54: 0.169034 | U54: 0.167367 | V54: 0.16648 | W54: 0.164809 | X54: 0.163452 | Y54: 0.161864 | Z54: 0.16063 | AA54: 0.158545 | AB54: 0.15621 | AC54: 0.153638 | AD54: 0.150807 | AE54: -1.4%
A55: Other Uses | B55: Commercial: Delivered Energy Use by End Use: Other Uses: Alternative Electricity and Transportation | C55: AEO.2026.ELECTRNP.CNSM_NA_COMM_NA_DEE_OTHU_USA_QBTU.A | D55: quads | E55: 4.245374 | F55: 4.375226 | G55: 4.401097 | H55: 4.407638 | I55: 4.406674 | J55: 4.403801 | K55: 4.400423 | L55: 4.403014 | M55: 4.407268 | N55: 4.416101 | O55: 4.426133 | P55: 4.440131 | Q55: 4.454795 | R55: 4.469867 | S55: 4.485139 | T55: 4.500853 | U55: 4.516094 | V55: 4.532867 | W55: 4.550451 | X55: 4.568884 | Y55: 4.587609 | Z55: 4.604755 | AA55: 4.620931 | AB55: 4.637374 | AC55: 4.654243 | AD55: 4.672302 | AE55: 0.4%
A56: Gross End-use Consumption | B56: Commercial: Delivered Energy Use by End Use: Gross End-use Consumption: Alternative Electricity and Transportation | C56: AEO.2026.ELECTRNP.CNSM_NA_COMM_NA_DEE_NA_USA_QBTU.A | D56: quads | E56: 9.90021 | F56: 10.078691 | G56: 10.158449 | H56: 10.21416 | I56: 10.244321 | J56: 10.24833 | K56: 10.258376 | L56: 10.290782 | M56: 10.335228 | N56: 10.392976 | O56: 10.453898 | P56: 10.525681 | Q56: 10.598765 | R56: 10.672935 | S56: 10.746355 | T56: 10.817343 | U56: 10.889177 | V56: 10.964749 | W56: 11.040599 | X56: 11.11645 | Y56: 11.189203 | Z56: 11.251643 | AA56: 11.303493 | AB56: 11.349386 | AC56: 11.391608 | AD56: 11.432612 | AE56: 0.6%
A57: Purchased Electricity for Electric Vehicle Charging | B57: Commercial: Energy Consumption by End Use: Purchased Electricity for EV Charging: Alternative Electricity and Transportation | C57: AEO.2026.ELECTRNP.CNSM_NA_COMM_NA_DEE_EVCHA_USA_QBTU.A | D57: quads | E57: 0.031625 | F57: 0.041349 | G57: 0.053095 | H57: 0.066244 | I57: 0.079603 | J57: 0.092543 | K57: 0.104416 | L57: 0.115643 | M57: 0.126972 | N57: 0.138502 | O57: 0.150392 | P57: 0.162461 | Q57: 0.174804 | R57: 0.187239 | S57: 0.19959 | T57: 0.212288 | U57: 0.225364 | V57: 0.239243 | W57: 0.253973 | X57: 0.269944 | Y57: 0.287121 | Z57: 0.304738 | AA57: 0.322704 | AB57: 0.341035 | AC57: 0.359608 | AD57: 0.378263 | AE57: 10.4%
... A60: Electricity Related Losses | B60: Commercial: Electricity Related Losses: Alternative Electricity and Transportation | C60: AEO.2026.ELECTRNP.CNSM_NA_COMM_NA_ERL_NA_USA_QBTU.A | D60: quads | E60: 6.905145 | F60: 7.149404 | G60: 6.670446 | H60: 6.466255 | I60: 6.399875 | J60: 6.339254 | K60: 6.193811 | L60: 6.133888 | M60: 6.126631 | N60: 6.074709 | O60: 6.055776 | P60: 6.040712 | Q60: 6.057667 | R60: 6.090091 | S60: 6.107717 | T60: 6.108299 | U60: 6.112397 | V60: 6.144127 | W60: 6.185376 | X60: 6.227784 | Y60: 6.270594 | Z60: 6.309765 | AA60: 6.347584 | AB60: 6.379278 | AC60: 6.385493 | AD60: 6.408177 | AE60: -0.3%
A61: Total Energy Consumption by End Use
A62: Space Heating | B62: Commercial: Total Energy Use by End Use: Space Heating: Alternative Electricity and Transportation | C62: AEO.2026.ELECTRNP.CNSM_NA_COMM_NA_TEE_SPH_USA_QBTU.A | D62: quads | E62: 2.220233 | F62: 2.181025 | G62: 2.152913 | H62: 2.124369 | I62: 2.089279 | J62: 2.051446 | K62: 2.012737 | L62: 1.985195 | M62: 1.9634 | N62: 1.943525 | O62: 1.924334 | P62: 1.906887 | Q62: 1.889534 | R62: 1.872632 | S62: 1.854625 | T62: 1.836458 | U62: 1.818913 | V62: 1.803955 | W62: 1.789737 | X62: 1.776251 | Y62: 1.762363 | Z62: 1.745796 | AA62: 1.727454 | AB62: 1.708758 | AC62: 1.689725 | AD62: 1.671329 | AE62: -1.1%
A63: Space Cooling | B63: Commercial: Total Energy Use by End Use: Space Cooling: Alternative Electricity and Transportation | C63: AEO.2026.ELECTRNP.CNSM_NA_COMM_NA_TEE_SPC_USA_QBTU.A | D63: quads | E63: 1.337292 | F63: 1.394258 | G63: 1.347048 | H63: 1.332899 | I63: 1.331185 | J63: 1.32735 | K63: 1.315402 | L63: 1.313716 | M63: 1.318108 | N63: 1.318481 | O63: 1.322756 | P63: 1.328437 | Q63: 1.337705 | R63: 1.348845 | S63: 1.358264 | T63: 1.366837 | U63: 1.376653 | V63: 1.390299 | W63: 1.406383 | X63: 1.423163 | Y63: 1.440974 | Z63: 1.458023 | AA63: 1.474735 | AB63: 1.49115 | AC63: 1.506182 | AD63: 1.523241 | AE63: 0.5%
A64: Water Heating | B64: Commercial: Total Energy Use by End Use: Water Heating: Alternative Electricity and Transportation | C64: AEO.2026.ELECTRNP.CNSM_NA_COMM_NA_TEE_WTHT_USA_QBTU.A | D64: quads | E64: 0.449798 | F64: 0.452539 | G64: 0.44617 | H64: 0.442108 | I64: 0.438068 | J64: 0.433221 | K64: 0.427638 | L64: 0.424849 | M64: 0.423358 | N64: 0.422314 | O64: 0.42185 | P64: 0.42199 | Q64: 0.42245 | R64: 0.423116 | S64: 0.42357 | T64: 0.423937 | U64: 0.424612 | V64: 0.425938 | W64: 0.427591 | X64: 0.429492 | Y64: 0.431294 | Z64: 0.432589 | AA64: 0.433505 | AB64: 0.434281 | AC64: 0.434916 | AD64: 0.435734 | AE64: -0.1%
A65: Ventilation | B65: Commercial: Total Energy Use by End Use: Ventilation: Alternative Electricity and Transportation | C65: AEO.2026.ELECTRNP.CNSM_NA_COMM_NA_TEE_VNTC_USA_QBTU.A | D65: quads | E65: 1.801287 | F65: 1.801836 | G65: 1.741319 | H65: 1.724706 | I65: 1.723959 | J65: 1.715919 | K65: 1.696191 | L65: 1.689272 | M65: 1.690703 | N65: 1.686092 | O65: 1.686468 | P65: 1.688316 | Q65: 1.694416 | R65: 1.702867 | S65: 1.709215 | T65: 1.713848 | U65: 1.719934 | V65: 1.729993 | W65: 1.742244 | X65: 1.755229 | Y65: 1.768599 | Z65: 1.781273 | AA65: 1.793246 | AB65: 1.804607 | AC65: 1.813692 | AD65: 1.8249 | AE65: 0.1%
A66: Cooking | B66: Commercial: Total Energy Use by End Use: Cooking: Alternative Electricity and Transportation | C66: AEO.2026.ELECTRNP.CNSM_NA_COMM_NA_TEE_CGR_USA_QBTU.A | D66: quads | E66: 0.601217 | F66: 0.605473 | G66: 0.599535 | H66: 0.595404 | I66: 0.59082 | J66: 0.585088 | K66: 0.5786 | L66: 0.575776 | M66: 0.574694 | N66: 0.574326 | O66: 0.57461 | P66: 0.575583 | Q66: 0.576878 | R66: 0.578357 | S66: 0.579477 | T66: 0.580433 | U66: 0.581824 | V66: 0.584049 | W66: 0.586646 | X66: 0.589546 | Y66: 0.592242 | Z66: 0.59412 | AA66: 0.595407 | AB66: 0.596436 | AC66: 0.59725 | AD66: 0.598259 | AE66: -0.0%
A67: Lighting | B67: Commercial: Total Energy Use by End Use: Lighting: Alternative Electricity and Transportation | C67: AEO.2026.ELECTRNP.CNSM_NA_COMM_NA_TEE_LGHTNG_USA_QBTU.A | D67: quads | E67: 1.316493 | F67: 1.281366 | G67: 1.21069 | H67: 1.177431 | I67: 1.158921 | J67: 1.123722 | K67: 1.084491 | L67: 1.056093 | M67: 1.034271 | N67: 1.009509 | O67: 0.988042 | P67: 0.969087 | Q67: 0.954507 | R67: 0.942852 | S67: 0.931441 | T67: 0.915992 | U67: 0.903495 | V67: 0.894633 | W67: 0.887973 | X67: 0.882531 | Y67: 0.878007 | Z67: 0.87377 | AA67: 0.869663 | AB67: 0.865437 | AC67: 0.860348 | AD67: 0.856515 | AE67: -1.7%
A68: Refrigeration | B68: Commercial: Total Energy Use by End Use: Refrigeration: Alternative Electricity and Transportation | C68: AEO.2026.ELECTRNP.CNSM_NA_COMM_NA_TEE_REFR_USA_QBTU.A | D68: quads | E68: 0.855049 | F68: 0.847455 | G68: 0.809974 | H68: 0.792251 | I68: 0.783639 | J68: 0.773985 | K68: 0.759914 | L68: 0.751935 | M68: 0.747756 | N68: 0.741207 | O68: 0.737107 | P68: 0.73354 | Q68: 0.732066 | R68: 0.731505 | S68: 0.730035 | T68: 0.727704 | U68: 0.726093 | V68: 0.725968 | W68: 0.726457 | X68: 0.727047 | Y68: 0.727651 | Z68: 0.728076 | AA68: 0.728458 | AB68: 0.728591 | AC68: 0.727533 | AD68: 0.727326 | AE68: -0.6%
A69: Data Center Servers | B69: Commercial: Total Energy Use by End Use: Data Center Servers: Alternative Electricity and Transportation | C69: AEO.2026.ELECTRNP.CNSM_NA_COMM_NA_TEE_DATACTRSERV_USA_QBTU.A | D69: quads | E69: 0.833967 | F69: 0.934862 | G69: 1.001963 | H69: 1.087702 | I69: 1.184959 | J69: 1.283711 | K69: 1.371591 | L69: 1.468221 | M69: 1.570929 | N69: 1.667252 | O69: 1.767263 | P69: 1.8662 | Q69: 1.968714 | R69: 2.071535 | S69: 2.168948 | T69: 2.259774 | U69: 2.346704 | V69: 2.432921 | W69: 2.515581 | X69: 2.591766 | Y69: 2.661403 | Z69: 2.722681 | AA69: 2.775933 | AB69: 2.819236 | AC69: 2.847931 | AD69: 2.87605 | AE69: 5.1%
A70: Computers and office equipment | B70: Commercial: Total Energy Use by End Use: Computers and Office Equipment: Alternative Electricity and Transportation | C70: AEO.2026.ELECTRNP.CNSM_NA_COMM_NA_TEE_OFEQP_USA_QBTU.A | D70: quads | E70: 0.50583 | F70: 0.490347 | G70: 0.458154 | H70: 0.437539 | I70: 0.422692 | J70: 0.40935 | K70: 0.393914 | L70: 0.381441 | M70: 0.372388 | N70: 0.362997 | O70: 0.354903 | P70: 0.34811 | Q70: 0.342599 | R70: 0.337827 | S70: 0.334022 | T70: 0.329349 | U70: 0.324214 | V70: 0.321348 | W70: 0.317249 | X70: 0.313833 | Y70: 0.310029 | Z70: 0.306946 | AA70: 0.302373 | AB70: 0.297312 | AC70: 0.291347 | AD70: 0.285331 | AE70: -2.3%
A71: Other Uses | B71: Commercial: Total Energy Use by End Use: Other Uses: Alternative Electricity and Transportation | C71: AEO.2026.ELECTRNP.CNSM_NA_COMM_NA_TEE_OTHU_USA_QBTU.A | D71: quads | E71: 6.840734 | F71: 7.182665 | G71: 6.994391 | H71: 6.886318 | I71: 6.827085 | J71: 6.776926 | K71: 6.694976 | L71: 6.651408 | M71: 6.628742 | N71: 6.594918 | O71: 6.575034 | P71: 6.560918 | Q71: 6.559299 | R71: 6.563962 | S71: 6.564362 | T71: 6.560988 | U71: 6.558482 | V71: 6.567157 | W71: 6.580578 | X71: 6.595763 | Y71: 6.612508 | Z71: 6.627899 | AA71: 6.644061 | AB71: 6.660434 | AC71: 6.670706 | AD71: 6.688638 | AE71: -0.1%
A72: Total Gross End-use Consumption | B72: Commercial: Total Energy Use by End Use: Total Gross End-use Consumption: Alternative Electricity and Transportation | C72: AEO.2026.ELECTRNP.CNSM_NA_COMM_NA_TEE_NA_USA_QBTU.A | D72: quads | E72: 16.7619 | F72: 17.171825 | G72: 16.762159 | H72: 16.600727 | I72: 16.550606 | J72: 16.480719 | K72: 16.335453 | L72: 16.297905 | M72: 16.324348 | N72: 16.320621 | O72: 16.352365 | P72: 16.399067 | Q72: 16.478168 | R72: 16.5735 | S72: 16.653957 | T72: 16.715321 | U72: 16.780924 | V72: 16.876263 | W72: 16.98044 | X72: 17.084621 | Y72: 17.185068 | Z72: 17.271172 | AA72: 17.344833 | AB72: 17.406242 | AC72: 17.439631 | AD72: 17.487322 | AE72: 0.2%
A73: Purchased Electricity for Electric Vehicle Charging | B73: Commercial: Total Energy Use by End Use: Purchased Electricity for EV Charging: Alternative Electricity and Transportation | C73: AEO.2026.ELECTRNP.GEN_GFO_COMM_NA_TEE_NA_USA_QBTU.A | D73: quads | E73: 0.07508 | F73: 0.097619 | G73: 0.119833 | H73: 0.145932 | I73: 0.173193 | J73: 0.199409 | K73: 0.22115 | L73: 0.242408 | M73: 0.264482 | N73: 0.285565 | O73: 0.307701 | P73: 0.329788 | Q73: 0.353066 | R73: 0.376765 | S73: 0.399704 | T73: 0.422609 | U73: 0.446014 | V73: 0.471859 | W73: 0.499508 | X73: 0.529556 | Y73: 0.561851 | Z73: 0.594977 | AA73: 0.628948 | AB73: 0.663455 | AC73: 0.697079 | AD73: 0.731728 | AE73: 9.5%
... A75: Total Energy | B75: Commercial: Total Energy Use by End Use: Total Net Own-use Generation: Alternative Electricity and Transportation | C75: AEO.2026.ELECTRNP.GEN_GFO_COMM_NA_TEE_TOT_USA_QBTU.A | D75: quads | E75: 16.677473 | F75: 17.090769 | G75: 16.687185 | H75: 16.54409 | I75: 16.51652 | J75: 16.467484 | K75: 16.339809 | L75: 16.320242 | M75: 16.365074 | N75: 16.376827 | O75: 16.426178 | P75: 16.491142 | Q75: 16.586828 | R75: 16.699337 | S75: 16.794828 | T75: 16.872284 | U75: 16.957609 | V75: 17.073278 | W75: 17.202127 | X75: 17.333006 | Y75: 17.463013 | Z75: 17.57799 | AA75: 17.680363 | AB75: 17.770922 | AC75: 17.833881 | AD75: 17.910994 | AE75: 0.3%
A76: Nonmarketed Renewable Fuels
A77: Solar Thermal | B77: Commercial: Nonmarketed Renewable Fuels: Solar Thermal: Alternative Electricity and Transportation | C77: AEO.2026.ELECTRNP.CNSM_NA_COMM_NA_NRF_SOTH_USA_QBTU.A | D77: quads | E77: 0.065495 | F77: 0.063335 | G77: 0.063611 | H77: 0.062602 | I77: 0.061895 | J77: 0.061556 | K77: 0.061001 | L77: 0.059719 | M77: 0.0594 | N77: 0.059208 | O77: 0.058635 | P77: 0.058119 | Q77: 0.057821 | R77: 0.057597 | S77: 0.057361 | T77: 0.057212 | U77: 0.056903 | V77: 0.056644 | W77: 0.056244 | X77: 0.055781 | Y77: 0.055393 | Z77: 0.054973 | AA77: 0.054613 | AB77: 0.054244 | AC77: 0.053925 | AD77: 0.053519 | AE77: -0.8%
A78: Solar Photovoltaic | B78: Commercial: Nonmarketed Renewable Fuels: Solar Photovoltaic: Alternative Electricity and Transportation | C78: AEO.2026.ELECTRNP.CNSM_NA_COMM_NA_NRF_SOPH_USA_QBTU.A | D78: quads | E78: 0.157573 | F78: 0.176538 | G78: 0.192646 | H78: 0.200389 | I78: 0.205067 | J78: 0.210395 | K78: 0.214509 | L78: 0.21775 | M78: 0.221398 | N78: 0.226933 | O78: 0.23142 | P78: 0.235197 | Q78: 0.241819 | R78: 0.248288 | S78: 0.256142 | T78: 0.262917 | U78: 0.266571 | V78: 0.272008 | W78: 0.274945 | X78: 0.278251 | Y78: 0.280957 | Z78: 0.285171 | AA78: 0.290382 | AB78: 0.295691 | AC78: 0.299714 | AD78: 0.304897 | AE78: 2.7%
A79: Wind | B79: Commercial: Nonmarketed Renewable Fuels: Wind: Alternative Electricity and Transportation | C79: AEO.2026.ELECTRNP.CNSM_NA_COMM_NA_NRF_WND_USA_QBTU.A | D79: quads | E79: 0.002524 | F79: 0.002527 | G79: 0.002533 | H79: 0.002533 | I79: 0.002536 | J79: 0.00254 | K79: 0.002542 | L79: 0.002545 | M79: 0.002549 | N79: 0.002552 | O79: 0.002553 | P79: 0.002554 | Q79: 0.002555 | R79: 0.002557 | S79: 0.002558 | T79: 0.00256 | U79: 0.002561 | V79: 0.002565 | W79: 0.002566 | X79: 0.002568 | Y79: 0.002568 | Z79: 0.002569 | AA79: 0.002572 | AB79: 0.002573 | AC79: 0.002574 | AD79: 0.002575 | AE79: 0.1%
A80: Total | B80: Commercial: Nonmarketed Renewable Fuels: Total: Alternative Electricity and Transportation | C80: AEO.2026.ELECTRNP.CNSM_NA_COMM_NA_NRF_TOT_USA_QBTU.A | D80: quads | E80: 0.225593 | F80: 0.242401 | G80: 0.25879 | H80: 0.265524 | I80: 0.269498 | J80: 0.274491 | K80: 0.278051 | L80: 0.280014 | M80: 0.283347 | N80: 0.288693 | O80: 0.292608 | P80: 0.295869 | Q80: 0.302195 | R80: 0.308441 | S80: 0.316061 | T80: 0.32269 | U80: 0.326035 | V80: 0.331217 | W80: 0.333756 | X80: 0.3366 | Y80: 0.338919 | Z80: 0.342714 | AA80: 0.347566 | AB80: 0.352509 | AC80: 0.356213 | AD80: 0.360991 | AE80: 1.9%
A81: Heating Degree Days
A82: New England | B82: Commercial: Heating Degree Days: New England: Alternative Electricity and Transportation | C82: AEO.2026.ELECTRNP.KEI_NA_COMM_NA_NA_NA_NENGL_HDD.A | D82: HDD | E82: 6045 | F82: 5873 | G82: 5850 | H82: 5826 | I82: 5803 | J82: 5779 | K82: 5755 | L82: 5732 | M82: 5708 | N82: 5684 | O82: 5661 | P82: 5637 | Q82: 5613 | R82: 5589 | S82: 5566 | T82: 5542 | U82: 5518 | V82: 5495 | W82: 5471 | X82: 5447 | Y82: 5423 | Z82: 5400 | AA82: 5376 | AB82: 5352 | AC82: 5328 | AD82: 5305 | AE82: -0.5%
A83: Middle Atlantic | B83: Commercial: Heating Degree Days: Middle Atlantic: Alternative Electricity and Transportation | C83: AEO.2026.ELECTRNP.KEI_NA_COMM_NA_NA_NA_MATL_HDD.A | D83: HDD | E83: 5404 | F83: 5271 | G83: 5249 | H83: 5228 | I83: 5207 | J83: 5185 | K83: 5164 | L83: 5142 | M83: 5121 | N83: 5100 | O83: 5078 | P83: 5057 | Q83: 5035 | R83: 5014 | S83: 4993 | T83: 4971 | U83: 4950 | V83: 4929 | W83: 4907 | X83: 4886 | Y83: 4865 | Z83: 4843 | AA83: 4822 | AB83: 4801 | AC83: 4780 | AD83: 4758 | AE83: -0.5%
A84: East North Central | B84: Commercial: Heating Degree Days: East North Central: Alternative Electricity and Transportation | C84: AEO.2026.ELECTRNP.KEI_NA_COMM_NA_NA_NA_ENC_HDD.A | D84: HDD | E84: 5984 | F84: 5836 | G84: 5817 | H84: 5798 | I84: 5779 | J84: 5760 | K84: 5741 | L84: 5722 | M84: 5703 | N84: 5683 | O84: 5664 | P84: 5645 | Q84: 5626 | R84: 5607 | S84: 5588 | T84: 5569 | U84: 5549 | V84: 5530 | W84: 5511 | X84: 5492 | Y84: 5473 | Z84: 5453 | AA84: 5434 | AB84: 5415 | AC84: 5396 | AD84: 5377 | AE84: -0.4%
A85: West North Central | B85: Commercial: Heating Degree Days: West North Central: Alternative Electricity and Transportation | C85: AEO.2026.ELECTRNP.KEI_NA_COMM_NA_NA_NA_WNC_HDD.A | D85: HDD | E85: 6267 | F85: 6263 | G85: 6251 | H85: 6239 | I85: 6227 | J85: 6215 | K85: 6203 | L85: 6191 | M85: 6178 | N85: 6166 | O85: 6153 | P85: 6141 | Q85: 6128 | R85: 6116 | S85: 6103 | T85: 6091 | U85: 6078 | V85: 6066 | W85: 6053 | X85: 6040 | Y85: 6028 | Z85: 6015 | AA85: 6002 | AB85: 5990 | AC85: 5977 | AD85: 5964 | AE85: -0.2%
A86: South Atlantic | B86: Commercial: Heating Degree Days: South Atlantic: Alternative Electricity and Transportation | C86: AEO.2026.ELECTRNP.KEI_NA_COMM_NA_NA_NA_SATL_HDD.A | D86: HDD | E86: 2431 | F86: 2296 | G86: 2280 | H86: 2263 | I86: 2245 | J86: 2228 | K86: 2210 | L86: 2192 | M86: 2175 | N86: 2157 | O86: 2139 | P86: 2122 | Q86: 2104 | R86: 2087 | S86: 2069 | T86: 2052 | U86: 2034 | V86: 2017 | W86: 2000 | X86: 1982 | Y86: 1965 | Z86: 1948 | AA86: 1930 | AB86: 1913 | AC86: 1896 | AD86: 1879 | AE86: -1.0%
A87: East South Central | B87: Commercial: Heating Degree Days: East South Central: Alternative Electricity and Transportation | C87: AEO.2026.ELECTRNP.KEI_NA_COMM_NA_NA_NA_ESC_HDD.A | D87: HDD | E87: 3231 | F87: 3099 | G87: 3084 | H87: 3069 | I87: 3053 | J87: 3038 | K87: 3023 | L87: 3008 | M87: 2992 | N87: 2977 | O87: 2961 | P87: 2946 | Q87: 2930 | R87: 2915 | S87: 2900 | T87: 2884 | U87: 2869 | V87: 2853 | W87: 2838 | X87: 2822 | Y87: 2807 | Z87: 2791 | AA87: 2776 | AB87: 2760 | AC87: 2745 | AD87: 2730 | AE87: -0.7%
A88: West South Central | B88: Commercial: Heating Degree Days: West South Central: Alternative Electricity and Transportation | C88: AEO.2026.ELECTRNP.KEI_NA_COMM_NA_NA_NA_WSC_HDD.A | D88: HDD | E88: 1966 | F88: 1889 | G88: 1880 | H88: 1870 | I88: 1860 | J88: 1851 | K88: 1841 | L88: 1831 | M88: 1822 | N88: 1812 | O88: 1803 | P88: 1793 | Q88: 1784 | R88: 1774 | S88: 1765 | T88: 1756 | U88: 1746 | V88: 1737 | W88: 1728 | X88: 1718 | Y88: 1709 | Z88: 1700 | AA88: 1690 | AB88: 1681 | AC88: 1672 | AD88: 1663 | AE88: -0.7%
A89: Mountain | B89: Commercial: Heating Degree Days: Mountain: Alternative Electricity and Transportation | C89: AEO.2026.ELECTRNP.KEI_NA_COMM_NA_NA_NA_MTN_HDD.A | D89: HDD | E89: 4734 | F89: 4833 | G89: 4825 | H89: 4816 | I89: 4807 | J89: 4799 | K89: 4790 | L89: 4782 | M89: 4774 | N89: 4766 | O89: 4758 | P89: 4750 | Q89: 4742 | R89: 4734 | S89: 4726 | T89: 4718 | U89: 4710 | V89: 4702 | W89: 4694 | X89: 4687 | Y89: 4679 | Z89: 4671 | AA89: 4664 | AB89: 4656 | AC89: 4648 | AD89: 4641 | AE89: -0.1%
A90: Pacific | B90: Commercial: Heating Degree Days: Pacific: Alternative Electricity and Transportation | C90: AEO.2026.ELECTRNP.KEI_NA_COMM_NA_NA_NA_PCF_HDD.A | D90: HDD | E90: 3251 | F90: 3291 | G90: 3285 | H90: 3279 | I90: 3272 | J90: 3266 | K90: 3259 | L90: 3252 | M90: 3245 | N90: 3238 | O90: 3231 | P90: 3224 | Q90: 3216 | R90: 3209 | S90: 3202 | T90: 3195 | U90: 3187 | V90: 3180 | W90: 3173 | X90: 3165 | Y90: 3158 | Z90: 3151 | AA90: 3143 | AB90: 3136 | AC90: 3129 | AD90: 3122 | AE90: -0.2%
A91: United States | B91: Commercial: Heating Degree Days: United States: Alternative Electricity and Transportation | C91: AEO.2026.ELECTRNP.KEI_NA_COMM_NA_NA_NA_USA_HDD.A | D91: HDD | E91: 3989.5723 | F91: 3910.106 | G91: 3891.6016 | H91: 3872.8252 | I91: 3853.7156 | J91: 3835.1279 | K91: 3816.1113 | L91: 3797.1377 | M91: 3778.501 | N91: 3759.5527 | O91: 3740.7109 | P91: 3722.1609 | Q91: 3703.1575 | R91: 3684.6523 | S91: 3666.0649 | T91: 3647.5562 | U91: 3628.5244 | V91: 3610.1992 | W91: 3591.7322 | X91: 3572.9053 | Y91: 3554.6526 | Z91: 3536.1577 | AA91: 3517.585 | AB91: 3499.5967 | AC91: 3481.7886 | AD91: 3464.1162 | AE91: -0.6%
A92: Cooling Degree Days
A93: New England | B93: Commercial: Cooling Degree Days: New England: Alternative Electricity and Transportation | C93: AEO.2026.ELECTRNP.KEI_NA_COMM_NA_NA_NA_NENGL_CDD.A | D93: CDD | E93: 530 | F93: 626 | G93: 633 | H93: 640 | I93: 647 | J93: 654 | K93: 662 | L93: 669 | M93: 676 | N93: 683 | O93: 690 | P93: 697 | Q93: 704 | R93: 712 | S93: 719 | T93: 726 | U93: 733 | V93: 740 | W93: 747 | X93: 754 | Y93: 761 | Z93: 769 | AA93: 776 | AB93: 783 | AC93: 790 | AD93: 797 | AE93: 1.6%
A94: Middle Atlantic | B94: Commercial: Cooling Degree Days: Middle Atlantic: Alternative Electricity and Transportation | C94: AEO.2026.ELECTRNP.KEI_NA_COMM_NA_NA_NA_MATL_CDD.A | D94: CDD | E94: 766 | F94: 858 | G94: 866 | H94: 874 | I94: 883 | J94: 891 | K94: 899 | L94: 907 | M94: 915 | N94: 923 | O94: 932 | P94: 940 | Q94: 948 | R94: 956 | S94: 964 | T94: 973 | U94: 981 | V94: 989 | W94: 997 | X94: 1005 | Y94: 1014 | Z94: 1022 | AA94: 1030 | AB94: 1038 | AC94: 1046 | AD94: 1055 | AE94: 1.3%
A95: East North Central | B95: Commercial: Cooling Degree Days: East North Central: Alternative Electricity and Transportation | C95: AEO.2026.ELECTRNP.KEI_NA_COMM_NA_NA_NA_ENC_CDD.A | D95: CDD | E95: 873 | F95: 857 | G95: 862 | H95: 867 | I95: 871 | J95: 876 | K95: 881 | L95: 886 | M95: 890 | N95: 895 | O95: 900 | P95: 905 | Q95: 909 | R95: 914 | S95: 919 | T95: 924 | U95: 928 | V95: 933 | W95: 938 | X95: 943 | Y95: 948 | Z95: 952 | AA95: 957 | AB95: 962 | AC95: 967 | AD95: 972 | AE95: 0.4%
A96: West North Central | B96: Commercial: Cooling Degree Days: West North Central: Alternative Electricity and Transportation | C96: AEO.2026.ELECTRNP.KEI_NA_COMM_NA_NA_NA_WNC_CDD.A | D96: CDD | E96: 1052 | F96: 1048 | G96: 1053 | H96: 1057 | I96: 1062 | J96: 1067 | K96: 1071 | L96: 1076 | M96: 1081 | N96: 1086 | O96: 1090 | P96: 1095 | Q96: 1100 | R96: 1105 | S96: 1109 | T96: 1114 | U96: 1119 | V96: 1124 | W96: 1129 | X96: 1133 | Y96: 1138 | Z96: 1143 | AA96: 1148 | AB96: 1153 | AC96: 1158 | AD96: 1162 | AE96: 0.4%
A97: South Atlantic | B97: Commercial: Cooling Degree Days: South Atlantic: Alternative Electricity and Transportation | C97: AEO.2026.ELECTRNP.KEI_NA_COMM_NA_NA_NA_SATL_CDD.A | D97: CDD | E97: 2319 | F97: 2427 | G97: 2442 | H97: 2458 | I97: 2473 | J97: 2489 | K97: 2505 | L97: 2522 | M97: 2538 | N97: 2554 | O97: 2570 | P97: 2586 | Q97: 2603 | R97: 2619 | S97: 2635 | T97: 2652 | U97: 2668 | V97: 2684 | W97: 2701 | X97: 2717 | Y97: 2734 | Z97: 2750 | AA97: 2767 | AB97: 2783 | AC97: 2800 | AD97: 2816 | AE97: 0.8%
A98: East South Central | B98: Commercial: Cooling Degree Days: East South Central: Alternative Electricity and Transportation | C98: AEO.2026.ELECTRNP.KEI_NA_COMM_NA_NA_NA_ESC_CDD.A | D98: CDD | E98: 1790 | F98: 1783 | G98: 1790 | H98: 1797 | I98: 1804 | J98: 1811 | K98: 1819 | L98: 1826 | M98: 1833 | N98: 1840 | O98: 1847 | P98: 1854 | Q98: 1862 | R98: 1869 | S98: 1876 | T98: 1883 | U98: 1890 | V98: 1898 | W98: 1905 | X98: 1912 | Y98: 1919 | Z98: 1926 | AA98: 1934 | AB98: 1941 | AC98: 1948 | AD98: 1955 | AE98: 0.4%
A99: West South Central | B99: Commercial: Cooling Degree Days: West South Central: Alternative Electricity and Transportation | C99: AEO.2026.ELECTRNP.KEI_NA_COMM_NA_NA_NA_WSC_CDD.A | D99: CDD | E99: 2916 | F99: 2946 | G99: 2961 | H99: 2976 | I99: 2990 | J99: 3005 | K99: 3020 | L99: 3035 | M99: 3049 | N99: 3064 | O99: 3079 | P99: 3093 | Q99: 3108 | R99: 3123 | S99: 3138 | T99: 3152 | U99: 3167 | V99: 3182 | W99: 3197 | X99: 3211 | Y99: 3226 | Z99: 3241 | AA99: 3255 | AB99: 3270 | AC99: 3285 | AD99: 3299 | AE99: 0.5%
A100: Mountain | B100: Commercial: Cooling Degree Days: Mountain: Alternative Electricity and Transportation | C100: AEO.2026.ELECTRNP.KEI_NA_COMM_NA_NA_NA_MTN_CDD.A | D100: CDD | E100: 1515 | F100: 1608 | G100: 1617 | H100: 1627 | I100: 1636 | J100: 1645 | K100: 1655 | L100: 1664 | M100: 1673 | N100: 1682 | O100: 1691 | P100: 1701 | Q100: 1710 | R100: 1719 | S100: 1728 | T100: 1737 | U100: 1746 | V100: 1755 | W100: 1764 | X100: 1773 | Y100: 1782 | Z100: 1791 | AA100: 1800 | AB100: 1809 | AC100: 1818 | AD100: 1827 | AE100: 0.8%
A101: Pacific | B101: Commercial: Cooling Degree Days: Pacific: Alternative Electricity and Transportation | C101: AEO.2026.ELECTRNP.KEI_NA_COMM_NA_NA_NA_PCF_CDD.A | D101: CDD | E101: 887 | F101: 1040 | G101: 1049 | H101: 1058 | I101: 1067 | J101: 1076 | K101: 1085 | L101: 1094 | M101: 1103 | N101: 1112 | O101: 1121 | P101: 1131 | Q101: 1140 | R101: 1149 | S101: 1158 | T101: 1167 | U101: 1177 | V101: 1186 | W101: 1195 | X101: 1204 | Y101: 1213 | Z101: 1223 | AA101: 1232 | AB101: 1241 | AC101: 1250 | AD101: 1259 | AE101: 1.4%
A102: United States | B102: Commercial: Cooling Degree Days: United States: Alternative Electricity and Transportation | C102: AEO.2026.ELECTRNP.KEI_NA_COMM_NA_NA_NA_USA_CDD.A | D102: CDD | E102: 1516.4236 | F102: 1589.8529 | G102: 1602.1541 | H102: 1614.6899 | I102: 1626.8743 | J102: 1639.4292 | K102: 1652.1266 | L102: 1664.9409 | M102: 1677.3069 | N102: 1689.963 | O102: 1702.6976 | P102: 1715.5259 | Q102: 1728.3977 | R102: 1741.1991 | S102: 1753.9226 | T102: 1766.9214 | U102: 1779.7961 | V102: 1792.7117 | W102: 1805.812 | X102: 1818.5227 | Y102: 1831.7783 | Z102: 1844.8031 | AA102: 1857.874 | AB102: 1870.7853 | AC102: 1883.8203 | AD102: 1896.4698 | AE102: 0.9%

Sheet calcs>

Sheet Calculations
A1: Fraction of Commercial Floorspace that is New
B2: 2025 | C2: 2026 | D2: 2027 | E2: 2028 | F2: 2029 | G2: 2030 | H2: 2031 | I2: 2032 | J2: 2033 | K2: 2034 | L2: 2035 | M2: 2036 | N2: 2037 | O2: 2038 | P2: 2039 | Q2: 2040 | R2: 2041 | S2: 2042 | T2: 2043 | U2: 2044 | V2: 2045 | W2: 2046 | X2: 2047 | Y2: 2048 | Z2: 2049 | AA2: 2050
A3: Commercial floorspace | B3: ='AEO 2026 Table 5'!E9/'AEO 2026 Table 5'!E10 -> 0.026741693 | C3: ='AEO 2026 Table 5'!F9/'AEO 2026 Table 5'!F10 -> 0.026099904 | D3: ='AEO 2026 Table 5'!G9/'AEO 2026 Table 5'!G10 -> 0.025554633 | E3: ='AEO 2026 Table 5'!H9/'AEO 2026 Table 5'!H10 -> 0.025211362 | F3: ='AEO 2026 Table 5'!I9/'AEO 2026 Table 5'!I10 -> 0.024947081 | G3: ='AEO 2026 Table 5'!J9/'AEO 2026 Table 5'!J10 -> 0.024921226 | H3: ='AEO 2026 Table 5'!K9/'AEO 2026 Table 5'!K10 -> 0.025026458 | I3: ='AEO 2026 Table 5'!L9/'AEO 2026 Table 5'!L10 -> 0.025154062 | ... AA3: ='AEO 2026 Table 5'!AD9/'AEO 2026 Table 5'!AD10 -> 0.022266827
A5: Average | B5: =AVERAGE(B3:AA3) -> 0.024515798
A8: Fraction of Residential Homes that are New
A10: Housing evolution rates from EIA NEMS documentation:
B12: HDR value | C12: (Fraction of homes that survive each year)
A13: Single-family homes | B13: 0.997
A14: Multifamily homes | B14: 0.995
A15: Mobile homes | B15: 0.966
A17: Surviving homes
B18: 2025 | C18: 2026 | D18: 2027 | E18: 2028 | F18: 2029 | G18: 2030 | H18: 2031 | I18: 2032 | J18: 2033 | K18: 2034 | L18: 2035 | M18: 2036 | N18: 2037 | O18: 2038 | P18: 2039 | Q18: 2040 | R18: 2041 | S18: 2042 | T18: 2043 | U18: 2044 | V18: 2045 | W18: 2046 | X18: 2047 | Y18: 2048 | Z18: 2049 | AA18: 2050
A19: Single-family homes | B19: ='AEO 2026 Table 4'!E8*$B13 -> 89.283153 | C19: ='AEO 2026 Table 4'!F8*$B13 -> 90.227822 | D19: ='AEO 2026 Table 4'!G8*$B13 -> 91.171614 | E19: ='AEO 2026 Table 4'!H8*$B13 -> 92.098401 | F19: ='AEO 2026 Table 4'!I8*$B13 -> 93.028403 | G19: ='AEO 2026 Table 4'!J8*$B13 -> 93.960391 | H19: ='AEO 2026 Table 4'!K8*$B13 -> 94.872733 | I19: ='AEO 2026 Table 4'!L8*$B13 -> 95.783361 | ... AA19: ='AEO 2026 Table 4'!AD8*$B13 -> 108.95596
A20: Multifamily homes | B20: ='AEO 2026 Table 4'!E9*$B14 -> 34.26015 | C20: ='AEO 2026 Table 4'!F9*$B14 -> 34.662485 | D20: ='AEO 2026 Table 4'!G9*$B14 -> 35.066578 | E20: ='AEO 2026 Table 4'!H9*$B14 -> 35.460908 | F20: ='AEO 2026 Table 4'!I9*$B14 -> 35.85701 | G20: ='AEO 2026 Table 4'!J9*$B14 -> 36.271404 | H20: ='AEO 2026 Table 4'!K9*$B14 -> 36.719122 | I20: ='AEO 2026 Table 4'!L9*$B14 -> 37.168754 | ... AA20: ='AEO 2026 Table 4'!AD9*$B14 -> 42.624435
A21: Mobile homes | B21: ='AEO 2026 Table 4'!E10*$B15 -> 6.5157618 | C21: ='AEO 2026 Table 4'!F10*$B15 -> 6.5296026 | D21: ='AEO 2026 Table 4'!G10*$B15 -> 6.5755533 | E21: ='AEO 2026 Table 4'!H10*$B15 -> 6.6249874 | F21: ='AEO 2026 Table 4'!I10*$B15 -> 6.6689848 | G21: ='AEO 2026 Table 4'!J10*$B15 -> 6.6779715 | H21: ='AEO 2026 Table 4'!K10*$B15 -> 6.679976 | I21: ='AEO 2026 Table 4'!L10*$B15 -> 6.6830314 | ... AA21: ='AEO 2026 Table 4'!AD10*$B15 -> 6.7139811
A23: Newly built homes
B24: 2025 | C24: 2026 | D24: 2027 | E24: 2028 | F24: 2029 | G24: 2030 | H24: 2031 | I24: 2032 | J24: 2033 | K24: 2034 | L24: 2035 | M24: 2036 | N24: 2037 | O24: 2038 | P24: 2039 | Q24: 2040 | R24: 2041 | S24: 2042 | T24: 2043 | U24: 2044 | V24: 2045 | W24: 2046 | X24: 2047 | Y24: 2048 | Z24: 2049 | AA24: 2050
A25: Single-family homes | B25: ='AEO 2026 Table 4'!E8-B19 -> 0.26865542 | C25: ='AEO 2026 Table 4'!F8-C19 -> 0.27149796 | D25: ='AEO 2026 Table 4'!G8-D19 -> 0.27433786 | E25: ='AEO 2026 Table 4'!H8-E19 -> 0.27712658 | F25: ='AEO 2026 Table 4'!I8-F19 -> 0.27992498 | G25: ='AEO 2026 Table 4'!J8-G19 -> 0.28272936 | H25: ='AEO 2026 Table 4'!K8-H19 -> 0.28547462 | I25: ='AEO 2026 Table 4'!L8-I19 -> 0.28821473 | ... AA25: ='AEO 2026 Table 4'!AD8-AA19 -> 0.32785145
A26: Multifamily homes | B26: ='AEO 2026 Table 4'!E9-B20 -> 0.17216156 | C26: ='AEO 2026 Table 4'!F9-C20 -> 0.17418334 | D26: ='AEO 2026 Table 4'!G9-D20 -> 0.17621396 | E26: ='AEO 2026 Table 4'!H9-E20 -> 0.17819552 | F26: ='AEO 2026 Table 4'!I9-F20 -> 0.18018598 | G26: ='AEO 2026 Table 4'!J9-G20 -> 0.18226836 | H26: ='AEO 2026 Table 4'!K9-H20 -> 0.1845182 | I26: ='AEO 2026 Table 4'!L9-I20 -> 0.18677766 | ... AA26: ='AEO 2026 Table 4'!AD9-AA20 -> 0.21419314
A27: Mobile homes | B27: ='AEO 2026 Table 4'!E10-B21 -> 0.22933323 | C27: ='AEO 2026 Table 4'!F10-C21 -> 0.22982038 | D27: ='AEO 2026 Table 4'!G10-D21 -> 0.23143769 | E27: ='AEO 2026 Table 4'!H10-E21 -> 0.23317761 | F27: ='AEO 2026 Table 4'!I10-F21 -> 0.23472617 | G27: ='AEO 2026 Table 4'!J10-G21 -> 0.23504248 | H27: ='AEO 2026 Table 4'!K10-H21 -> 0.23511303 | I27: ='AEO 2026 Table 4'!L10-I21 -> 0.23522057 | ... AA27: ='AEO 2026 Table 4'!AD10-AA21 -> 0.23630989
A29: Fraction of homes that are new
B30: 2025 | C30: 2026 | D30: 2027 | E30: 2028 | F30: 2029 | G30: 2030 | H30: 2031 | I30: 2032 | J30: 2033 | K30: 2034 | L30: 2035 | M30: 2036 | N30: 2037 | O30: 2038 | P30: 2039 | Q30: 2040 | R30: 2041 | S30: 2042 | T30: 2043 | U30: 2044 | V30: 2045 | W30: 2046 | X30: 2047 | Y30: 2048 | Z30: 2049 | AA30: 2050
A31: Single-family homes | B31: =B25/B19 -> 0.0030090271 | C31: =C25/C19 -> 0.0030090271 | D31: =D25/D19 -> 0.0030090271 | E31: =E25/E19 -> 0.0030090271 | F31: =F25/F19 -> 0.0030090271 | G31: =G25/G19 -> 0.0030090271 | H31: =H25/H19 -> 0.0030090271 | I31: =I25/I19 -> 0.0030090271 | ... AA31: =AA25/AA19 -> 0.0030090271
A32: Multifamily homes | B32: =B26/B20 -> 0.0050251256 | C32: =C26/C20 -> 0.0050251256 | D32: =D26/D20 -> 0.0050251256 | E32: =E26/E20 -> 0.0050251256 | F32: =F26/F20 -> 0.0050251256 | G32: =G26/G20 -> 0.0050251256 | H32: =H26/H20 -> 0.0050251256 | I32: =I26/I20 -> 0.0050251256 | ... AA32: =AA26/AA20 -> 0.0050251256
A33: Mobile homes | B33: =B27/B21 -> 0.035196687 | C33: =C27/C21 -> 0.035196687 | D33: =D27/D21 -> 0.035196687 | E33: =E27/E21 -> 0.035196687 | F33: =F27/F21 -> 0.035196687 | G33: =G27/G21 -> 0.035196687 | H33: =H27/H21 -> 0.035196687 | I33: =I27/I21 -> 0.035196687 | ... AA33: =AA27/AA21 -> 0.035196687
A35: Average fraction of homes that are new by home type
A36: Single-family homes | B36: =AVERAGE(B31:AA31) -> 0.0030090271
A37: Multifamily homes | B37: =AVERAGE(B32:AA32) -> 0.0050251256
A38: Mobile homes | B38: =AVERAGE(B33:AA33) -> 0.035196687
A40: Weighted average fraction of homes that are new
A41: All homes | B41: =SUMPRODUCT(B36:B38,'AEO 2026 Table 4'!E8:E10)/SUM('AEO 2026 Table 4'!E8:E10) -> 0.0052007924
A44: Share of Components That is New This Year
A46: The share of new components is the share of old components that are replaced in surviving
A47: buildings, plus the share of components in new buildings (which equals the share of new
A48: buildings, because all components in new buildings are new components).
A50: Share of Buildings that are Surviving
A51: Commercial | B51: =1-B5 -> 0.9754842
A52: Residential | B52: =1-B41 -> 0.99479921
A54: Replacement rate of components in surviving buildings
A55: heating | B55: =1/'Component Lifetimes'!B2 -> 0.052631579
A56: cooling and ventilation | B56: =1/'Component Lifetimes'!B3 -> 0.063157895
A57: lighting | B57: =1/'Component Lifetimes'!B5 -> 0.1095
A58: appliances | B58: =1/'Component Lifetimes'!B6 -> 0.073891626
A59: other component | B59: =1/'Component Lifetimes'!B7 -> 0.064935065
A61: Replacement rate of all components
B62: Commercial | C62: Residential
A63: heating | B63: =($B55*$B$51)+B$5 -> 0.075857072 | C63: =($B55*$B$52)+B$41 -> 0.057558645
A64: cooling and ventilation | B64: =($B56*$B$51)+B$5 -> 0.086125327 | C64: =($B56*$B$52)+B$41 -> 0.068030216
A65: lighting | B65: =($B57*$B$51)+B$5 -> 0.13133132 | C65: =($B57*$B$52)+B$41 -> 0.11413131
A66: appliances | B66: =($B58*$B$51)+B$5 -> 0.096595912 | C66: =($B58*$B$52)+B$41 -> 0.078708123
A67: other component | B67: =($B59*$B$51)+B$5 -> 0.087858928 | C67: =($B59*$B$52)+B$41 -> 0.069798144

Sheet Pre-Calibration Calculated Vals
B1: urban residential | C1: rural residential | D1: commercial
A2: heating | B2: =Calculations!C63 -> 0.057558645 | C2: =B2 -> 0.057558645 | D2: =Calculations!B63 -> 0.075857072
A3: cooling and ventilation | B3: =Calculations!C64 -> 0.068030216 | C3: =B3 -> 0.068030216 | D3: =Calculations!B64 -> 0.086125327
A4: envelope | B4: 0 | C4: 0 | D4: 0
A5: lighting | B5: =Calculations!C65 -> 0.11413131 | C5: =B5 -> 0.11413131 | D5: =Calculations!B65 -> 0.13133132
A6: appliances | B6: =Calculations!C66 -> 0.078708123 | C6: =B6 -> 0.078708123 | D6: =Calculations!B66 -> 0.096595912
A7: other component | B7: =Calculations!C67 -> 0.069798144 | C7: =B7 -> 0.069798144 | D7: =Calculations!B67 -> 0.087858928

Sheet Data Centers
A1: Data center assumptions
A2: Data centers are a separate building type. They use the commercial shares, except for IT load ('other component'), where the share that is new each year comes from the IT equipment lifetime.
A4: Assumption | B4: Value | C4: Basis
A5: Lifetime of data-center IT equipment (years) | B5: 5 | C5: Same value as the IT equipment lifetime in the Component Lifetime (CL) workbook. The share of IT energy use that is new each year is one over this lifetime.

Sheet SoCEUtiNTY
A1: Share of New Components Energy Use (dimensionless) | B1: urban residential | C1: rural residential | D1: commercial | E1: data centers
A2: heating | B2: =1/'Component Lifetimes'!B2 -> 0.052631579 | C2: 0.053 | D2: =1/'Component Lifetimes'!B2 -> 0.052631579 | E2: =$D2 -> 0.052631579
A3: cooling and ventilation | B3: =1/'Component Lifetimes'!B3 -> 0.063157895 | C3: =B3 -> 0.063157895 | D3: =1/'Component Lifetimes'!B3 -> 0.063157895 | E3: =$D3 -> 0.063157895
A4: envelope | B4: 0 | C4: 0 | D4: 0 | E4: =$D4 -> 0
A5: lighting | B5: =1/'Component Lifetimes'!B5 -> 0.1095 | C5: =B5 -> 0.1095 | D5: =1/'Component Lifetimes'!B5 -> 0.1095 | E5: =$D5 -> 0.1095
A6: appliances | B6: 0.071 | C6: =B6 -> 0.071 | D6: =B6 -> 0.071 | E6: =$D6 -> 0.071
A7: other component | B7: 0.066 | C7: =B7 -> 0.066 | D7: 0.066 | E7: =1/'Data Centers'!$B$5 -> 0.2
