Workbook

Sheet About
A1: HIR Hydrogen Injection Ratio
A3: Sources: | B3: Fuel CO2 intensity and hydrogen heat content | D3: Hydrogen and CO2 per tonne of methanol (cross-check)
B4: Energy Policy Simulator input files (this repository) | D4: IRENA and Methanol Institute
B5: InputData/fuels/PEI/PEI-IFPEI.csv (CO2 row) and InputData/web-app/BCF/BCF-BpMMTH.csv | D5: Innovation Outlook: Renewable Methanol
B6: 2026 | D6: 2021
B7: https://github.com/EnergyInnovation/eps-us | D7: https://www.irena.org/Publications/2021/Jan/Innovation-Outlook-Renewable-Methanol
B8: Pasted unchanged on the Source Data tab (rows 4-5 and 8). They are EPS model inputs, not external primary sources, so they will follow the model if those inputs are updated. BpMMTH is on a higher-heating-value basis. Not valid for lower-heating-value comparisons. | D8: E-methanol production-cost section: 1 tonne of methanol needs 0.188 t H2 and 1.373 t CO2. Used only to confirm the stoichiometry on the Calcs tab (row 13). Held on the Source Data tab (rows 19-20).
B10: Water-gas shift reaction and coal-ammonia CO2 intensity | D10: China coal-ammonia CO2 intensity (sensitivity only)
B11: International Energy Agency | D11: Oxford Institute for Energy Studies (Kevin Jianjun Tu)
B12: Ammonia Technology Roadmap: Towards more sustainable nitrogen fertiliser production | D12: Prospects of the Chinese coal chemical industry in an increasingly carbon-constrained world (OIES Paper CE13)
B13: 2021 | D13: 2024
B14: https://www.iea.org/reports/ammonia-technology-roadmap | D14: https://www.oxfordenergy.org/
B15: Chapter 1 (Ammonia production today): description of the water-gas shift step, and the table of energy needs and direct CO2 intensity by route (coal gasification 3.2 t CO2 per tonne of ammonia; natural gas SMR 1.8). Held on the Source Data tab (row 17). Best-available-technology values, not fleet averages. | D15: Reports about 4.6 tCO2 per tonne of coal-based ammonia in China (about 2.2 times the natural gas route). Used only for the route B sensitivity row. URL is the publisher home page; locate the paper by title.
B17: CO2 hydrogenation to methanol | D17: Atomic weights
B18: BloombergNEF and Climate Technology Coalition | D18: IUPAC Commission on Isotopic Abundances and Atomic Weights
B19: Scaling Up Hydrogen: The Case for Low-Carbon Methanol (white paper) | D19: Standard atomic weights
B20: 2024 | D20: 2021
B21: https://about.bnef.com/ | D21: https://www.ciaaw.org/atomic-weights.htm
B22: Methanol routes figure: CO2 + 3 H2 -> CH3OH + H2O (stoichiometry used on the Source Data tab, row 16). Reaction chemistry only; no cost or yield figure is used from this source. | D22: Hydrogen 1.00794, carbon 12.0107, nitrogen 14.0067, oxygen 15.9994 (conventional values). Used to turn mole ratios into tonne ratios.
A25: Notes:
A26: Purpose and layout | B26: HIR tells the model how much hydrogen to add for each unit of fossil feedstock that a hydrogen-injection policy makes unnecessary in the chemicals syngas-vent pool, for each industrial fuel (BTU of hydrogen per BTU of fossil feedstock avoided). The Source Data tab holds the EPS fuel CO2 intensities, the hydrogen heat content, and the chemistry constants. The Calcs tab does the arithmetic route by route; Checks tests it. Nothing is typed in by hand in the numbers that are exported. The HIR tab, last in the workbook, is exactly what is written to HIR.csv.
A27: Method in plain words | B27: First we work out how many tonnes of hydrogen are needed to avoid one tonne of CO2 for the chemistry involved (from the balanced reaction). Then we ask how much fossil feedstock that avoided CO2 represents: the carbon in a tonne of CO2 came from some amount of fuel, found from the fuel CO2 intensity already in the model (the PEI input). Dividing the BTU of hydrogen by the BTU of feedstock gives the ratio.
A28: Which value goes where | B28: The U.S. file uses the water-gas shift avoidance value for coal (about 0.583), the CO2 hydrogenation value for natural gas (about 0.981), and zero for every other fuel. In the U.S. the syngas-vent pool is natural gas methanol, so the natural gas value does the work and the coal value is carried along for completeness. A region whose chemicals feedstock includes ammonia made from coal (for example China) has a coal-dominant pool. It should (a) change the share file for the feedstock fuel to put most of the weight on hard coal, and (b) decide which coal route its policy represents: use route A (about 0.583) if hydrogen is only displacing the shift step, or route B (about 0.707 at the IEA best-available-technology intensity, and about 0.49 at the higher intensity typical of Chinese coal ammonia plants) if hydrogen replaces the gasifier outright. Both are shown on the Calcs tab.
A29: Scope limit | B29: These ratios are carbon-balance ratios that treat the avoided CO2 as coming entirely from the fossil feedstock named. They do not include the energy needed to make the hydrogen, and for route B the IEA CO2 intensity includes combustion CO2 as well as feedstock CO2, which pulls the ratio down slightly relative to a feedstock-only definition. Natural gas CO2 hydrogenation is a newer route than shift avoidance; its stoichiometry is exact but few plants run it today.
A30: Export format | B30: The HIR tab has one row for each industrial fuel in the order the model uses, with a Values heading, in the same layout as IFSR-chemicals.csv. CSV values computed in Python from the same formulas; recalc in Excel to verify.

Sheet Source Data
A1: SOURCE DATA: values pasted as published or as held in the EPS input files. Nothing on this tab is calculated.
A3: CO2 emissions intensity of each industrial fuel (g CO2 per BTU). Pasted from the EPS input file InputData/fuels/PEI/PEI-IFPEI.csv (row CO2); column headings as in that file.
A4: Fuel (heading as in PEI-IFPEI.csv) | B4: electricity | C4: coal | D4: natural gas | E4: biomass | F4: petroleum diesel | G4: heat | H4: crude oil | I4: heavy or residual fuel oil | J4: LPG propane or butane | K4: hydrogen
A5: CO2 (g CO2 per BTU) | B5: 0 | C5: 0.09467 | D5: 0.05306 | E5: 0 | F5: 0.07504 | G5: 0 | H5: 0.07454 | I5: 0.0751 | J5: 0.06146 | K5: 0
A7: Heat content of hydrogen: BTU per million metric tons (EPS input file InputData/web-app/BCF/BCF-BpMMTH.csv, BpMMTH). Higher heating value basis (141.9 MJ/kg).
A8: BTU per million metric tons of hydrogen | B8: 134511000000000
A10: Constant | B10: Value | C10: Unit | L10: Where it comes from
A11: Molar mass of hydrogen (H2) | B11: 2.01588 | C11: g/mol | L11: Standard atomic weight of hydrogen 1.00794 x 2 (IUPAC CIAAW, https://www.ciaaw.org/atomic-weights.htm)
A12: Molar mass of carbon dioxide (CO2) | B12: 44.0095 | C12: g/mol | L12: Carbon 12.0107 + 2 x oxygen 15.9994 (IUPAC CIAAW)
A13: Molar mass of ammonia (NH3) | B13: 17.0305 | C13: g/mol | L13: Nitrogen 14.0067 + 3 x hydrogen 1.00794 (IUPAC CIAAW)
A14: Moles of H2 per mole of CO2 avoided: water-gas shift avoidance | B14: 1 | C14: mol/mol | L14: Water-gas shift: CO + H2O -> CO2 + H2 (IEA Ammonia Technology Roadmap, Chapter 1, third step of reforming/gasification). Supplying the H2 directly means the shift reaction is not needed, so 1 mol of H2 replaces 1 mol of CO2 that would have been vented.
A15: Moles of H2 per mole of NH3 made | B15: 1.5 | C15: mol/mol | L15: Ammonia synthesis N2 + 3 H2 -> 2 NH3, so 3 mol H2 per 2 mol NH3 (stoichiometry).
A16: Moles of H2 per mole of CO2 hydrogenated to methanol | B16: 3 | C16: mol/mol | L16: CO2 + 3 H2 -> CH3OH + H2O (BloombergNEF Scaling Up Hydrogen: The Case for Low-Carbon Methanol, June 2024, methanol production routes figure).
A17: Direct CO2 intensity of coal-gasification ammonia (best available technology) | B17: 3.2 | C17: t CO2 per t NH3 | L17: IEA Ammonia Technology Roadmap (2021), Chapter 1, table "Energy needs to produce one tonne of ammonia for each route using BAT" (coal gasification, 3.2 t CO2/t; text: "3.2 t CO2 per tonne of ammonia produced by coal gasification").
A18: Direct CO2 intensity of coal-based ammonia in China (sensitivity only) | B18: 4.6 | C18: t CO2 per t NH3 | L18: Oxford Institute for Energy Studies, Prospects of the Chinese coal chemical industry in an increasingly carbon-constrained world (OIES Paper CE13, Feb 2024), section on coal chemical emissions: about 4.6 tCO2/t NH3.
A19: Hydrogen needed per tonne of methanol (cross-check) | B19: 0.188 | C19: t H2 per t methanol | L19: IRENA and Methanol Institute (2021), Innovation Outlook: Renewable Methanol, e-methanol production costs section: 0.188 t H2 and 1.373 t CO2 per tonne of methanol.
A20: CO2 needed per tonne of methanol (cross-check) | B20: 1.373 | C20: t CO2 per t methanol | L20: IRENA and Methanol Institute (2021), as above.
A21: Grams per metric ton | B21: 1000000 | C21: g/t | L21: Unit conversion.
A22: BTU per million metric tons: scale to BTU per metric ton | B22: 1000000 | C22: t per MMT | L22: Unit conversion (1 MMT = 1,000,000 metric tons).

Sheet Calcs
A1: CALCULATIONS: how much hydrogen replaces one BTU of a fossil feedstock, route by route
A2: Question this tab answers: if hydrogen is injected so that a tonne of syngas-vent CO2 is avoided, how many BTU of hydrogen are needed per BTU of fossil feedstock that is no longer required? The fossil feedstock avoided is found from carbon balance: the avoided CO2 carries the carbon of that feedstock, so BTU of feedstock avoided = tonnes of CO2 avoided x 1,000,000 g/t divided by the fuel CO2 intensity (g CO2 per BTU) in the EPS PEI input. The column marked HIR is the answer; the others are shown for comparison.
A4: Step 1: tonnes of hydrogen needed per tonne of CO2 avoided, for each chemistry route
A5: Quantity | B5: Value | C5: Unit
A6: Route A (coal): water-gas shift avoidance. t H2 per t CO2 avoided = (mol H2/mol CO2) x M(H2) / M(CO2) | B6: ='Source Data'!$B$14*'Source Data'!$B$11/'Source Data'!$B$12 -> 0.045805565 | C6: t H2 / t CO2
A7: Route B (coal): replace the whole gasifier for ammonia. t H2 per t NH3 = (mol H2/mol NH3) x M(H2) / M(NH3) | B7: ='Source Data'!$B$15*'Source Data'!$B$11/'Source Data'!$B$13 -> 0.17755321 | C7: t H2 / t NH3
A8: Route B: coal-ammonia direct CO2 per tonne of ammonia (IEA, best available technology) | B8: ='Source Data'!$B$17 -> 3.2 | C8: t CO2 / t NH3
A9: Route B: t H2 per t CO2 avoided | B9: =B7/B8 -> 0.055485379 | C9: t H2 / t CO2
A10: Route B sensitivity: China coal-ammonia CO2 per tonne of ammonia (OIES) | B10: ='Source Data'!$B$18 -> 4.6 | C10: t CO2 / t NH3
A11: Route B sensitivity: t H2 per t CO2 avoided | B11: =B7/B10 -> 0.038598525 | C11: t H2 / t CO2
A12: Route C (natural gas): CO2 hydrogenation to methanol. t H2 per t CO2 = (mol H2/mol CO2) x M(H2) / M(CO2) | B12: ='Source Data'!$B$16*'Source Data'!$B$11/'Source Data'!$B$12 -> 0.13741669 | C12: t H2 / t CO2
A13: Route C cross-check: IRENA t H2 per t methanol / t CO2 per t methanol | B13: ='Source Data'!$B$19/'Source Data'!$B$20 -> 0.13692644 | C13: t H2 / t CO2
A15: Step 2: convert to BTU of hydrogen per BTU of fossil feedstock avoided
A16: BTU of hydrogen per metric ton of hydrogen = BpMMTH / (t per MMT) | B16: ='Source Data'!$B$8/'Source Data'!$B$22 -> 134511000 | C16: BTU / t H2
A18: Route and feedstock fuel | B18: Tonnes of hydrogen per tonne of CO2 avoided (from Step 1) | C18: CO2 intensity of the fuel g CO2 per BTU (EPS PEI input) | D18: BTU of fuel avoided per tonne of CO2 avoided = 1,000,000 / intensity | E18: BTU of hydrogen per tonne of CO2 avoided = t H2 x BTU per t H2 | F18: HIR: BTU OF HYDROGEN PER BTU OF FEEDSTOCK AVOIDED | G18: Use
A19: Route A: coal, water-gas shift avoidance | B19: =B6 -> 0.045805565 | C19: =INDEX('Source Data'!$B$5:$K$5,MATCH("coal",'Source Data'!$B$4:$K$4,0)) -> 0.09467 | D19: ='Source Data'!$B$21/C19 -> 10563008 | E19: =B19*$B$16 -> 6161352.3 | F19: =E19/D19 -> 0.58329522 | G19: EXPORTED for hard coal
A20: Route B: coal, replace the whole gasifier (IEA 3.2 t CO2/t NH3) | B20: =B9 -> 0.055485379 | C20: =INDEX('Source Data'!$B$5:$K$5,MATCH("coal",'Source Data'!$B$4:$K$4,0)) -> 0.09467 | D20: ='Source Data'!$B$21/C20 -> 10563008 | E20: =B20*$B$16 -> 7463393.8 | F20: =E20/D20 -> 0.70655949 | G20: Comparison: use in a region with coal-based ammonia
A21: Route B sensitivity: coal, China-type ammonia (4.6 t CO2/t NH3) | B21: =B11 -> 0.038598525 | C21: =INDEX('Source Data'!$B$5:$K$5,MATCH("coal",'Source Data'!$B$4:$K$4,0)) -> 0.09467 | D21: ='Source Data'!$B$21/C21 -> 10563008 | E21: =B21*$B$16 -> 5191926.1 | F21: =E21/D21 -> 0.49151965 | G21: Comparison only
A22: Route C: natural gas, CO2 hydrogenation to methanol | B22: =B12 -> 0.13741669 | C22: =INDEX('Source Data'!$B$5:$K$5,MATCH("natural gas",'Source Data'!$B$4:$K$4,0)) -> 0.05306 | D22: ='Source Data'!$B$21/C22 -> 18846589 | E22: =B22*$B$16 -> 18484057 | F22: =E22/D22 -> 0.98076406 | G22: EXPORTED for natural gas
A23: Route C with IRENA mass ratio | B23: =B13 -> 0.13692644 | C23: =INDEX('Source Data'!$B$5:$K$5,MATCH("natural gas",'Source Data'!$B$4:$K$4,0)) -> 0.05306 | D23: ='Source Data'!$B$21/C23 -> 18846589 | E23: =B23*$B$16 -> 18418112 | F23: =E23/D23 -> 0.97726503 | G23: Comparison only
A25: Use of the three values. Hard coal value 0.583 (route A) applies where hydrogen is injected into a coal syngas stream to avoid water-gas shift CO2. Route B (about 0.707 at the IEA intensity) is the value a region with ammonia made from coal should use if the policy replaces the coal gasifier with hydrogen outright. The natural gas value (about 0.981, route C) applies to CO2 hydrogenation, because a natural gas methanol plant has hydrogen-rich syngas and no shift vent.

Sheet Checks
A1: CHECKS: live tests on the calculation (each row shows PASS or FAIL)
A2: What is tested | B2: Value | C2: Result
A3: Route A t H2 per t CO2 equals 0.0458 (1 mol H2 per mol CO2) within 0.5% | B3: =Calcs!B6/0.0458-1 -> 0.00012150017 | C3: =IF(ABS(B3)<0.005,"PASS","FAIL") -> PASS
A4: Route B t H2 per t NH3 equals 0.1776 within 0.5% | B4: =Calcs!B7/0.1776-1 -> -0.00026343833 | C4: =IF(ABS(B4)<0.005,"PASS","FAIL") -> PASS
A5: Route C stoichiometric and IRENA t H2 per t CO2 agree within 2% | B5: =Calcs!B12/Calcs!B13-1 -> 0.003580431 | C5: =IF(ABS(B5)<0.02,"PASS","FAIL") -> PASS
A6: Hydrogen heat content equals 141.9 MJ/kg within 0.5% (BTU per MMT / 947.817 BTU per MJ / 1e9 kg per MMT / 1e6) | B6: ='Source Data'!$B$8/947.817/1000000000/141.9-1 -> 0.00011723613 | C6: =IF(ABS(B6)<0.005,"PASS","FAIL") -> PASS
A7: All exported HIR values between 0 and 1.5 | B7: =MAX(Calcs!F19,Calcs!F22) -> 0.98076406 | C7: =IF(AND(B7>0,B7<1.5,MIN(Calcs!F19,Calcs!F22)>0),"PASS","FAIL") -> PASS
A8: PEI CO2 intensities for coal and natural gas are positive | B8: =MIN(Calcs!C19,Calcs!C22) -> 0.05306 | C8: =IF(B8>0,"PASS","FAIL") -> PASS
A10: Note: the heat content check converts BTU to MJ at 947.817 BTU per MJ and 1,000,000,000 kg per million metric tons.

Sheet HIR
B1: Values
A2: electricity if | B2: 0
A3: hard coal if | B3: =Calcs!F19 -> 0.58329522
A4: natural gas if | B4: =Calcs!F22 -> 0.98076406
A5: biomass if | B5: 0
A6: petroleum diesel if | B6: 0
A7: heat if | B7: 0
A8: crude oil if | B8: 0
A9: heavy or residual fuel oil if | B9: 0
A10: LPG propane or butane if | B10: 0
A11: hydrogen if | B11: 0
