Workbook

Sheet About
A1: WHRPbI Waste Heat Recovery Potential by Industry
A4: Sources: | B4: Recovery Potential
B5: Energ. Ecol. Environ.
B6: 2019
B7: Estimating the waste heat recovery in the European Union Industry
B8: https://link.springer.com/article/10.1007/s40974-019-00132-7
B9: Fig. 7
A11: Notes:

Sheet EU Data
B22: Indst | C22: Potential (TWh) | D22: Potential (%) | E22: LT | F22: MT | G22: HT | H22: EPS ISIC
B23: NS | C23: 19.9 | D23: 0.033 | E23: 35.4 | F23: 17.9 | G23: 46.7 | H23: other manufacturing 31T33 | I23: metal products except machinery and vehicles 25 | J23: rubber and plastic products 22
B24: C | C24: 9.6 | D24: 0.016 | E24: 15.2 | F24: 33.2 | G24: 51.6 | H24: construction 41T43
B25: W&WP | C25: 4.8 | D25: 0.008 | E25: 73.9 | F25: 4 | G25: 22.1 | H25: wood products 16
B26: M | C26: 19.6 | D26: 0.033 | E26: 36.8 | F26: 6.2 | G26: 57 | H26: other machinery 28 | I26: computers and electronics 26 | J26: appliances and electrical equipment 27
B27: TE | C27: 7.9 | D27: 0.013 | E27: 40.7 | F27: 5.8 | G27: 53.5 | H27: road vehicles 29 | I27: nonroad vehicles 30
B28: PPP | C28: 27 | D28: 0.045 | E28: 43.8 | F28: 6.8 | G28: 49.4 | H28: pulp paper and printing 17T18
B29: T&L | C29: 5.5 | D29: 0.009 | E29: 26.2 | F29: 5.9 | G29: 67.9 | H29: textiles apparel and leather 13T15
B30: F&T | C30: 35.1 | D30: 0.059 | E30: 25.1 | F30: 9.1 | G30: 65.8 | H30: food beverage and tobacco 10T12
B31: M&Q | C31: 3.3 | D31: 0.005 | E31: 27 | F31: 20.6 | G31: 52.4 | H31: other mining and quarrying 07T08
B32: NMM | C32: 43.8 | D32: 0.074 | E32: 0.6 | F32: 15 | G32: 84.4 | H32: cement and other nonmetallic minerals 239 | I32: glass and glass products 231
B33: C&P | C33: 33.9 | D33: 0.057 | E33: 37.1 | F33: 62.9 | G33: 0 | H33: chemicals 20
B34: NFM | C34: 14.1 | D34: 0.024 | E34: 1.8 | F34: 4.5 | G34: 93.7 | H34: other metals 242
B35: I&S | C35: 54.3 | D35: 0.091 | E35: 11.1 | F35: 29.8 | G35: 59.1 | H35: iron and steel 241

Sheet WHRPbI
A1: dmnl | B1: Potential
A2: agriculture and forestry 01T03 | B2: =SUMIFS('EU Data'!$D$23:$D$35,'EU Data'!$H$23:$H$35,WHRPbI!A2)+SUMIFS('EU Data'!$D$23:$D$35,'EU Data'!$I$23:$I$35,WHRPbI!A2)+SUMIFS('EU Data'!$D$23:$D$35,'EU Data'!$J$23:$J$35,WHRPbI!A2) -> 0
A3: coal mining 05 | B3: =SUMIFS('EU Data'!$D$23:$D$35,'EU Data'!$H$23:$H$35,WHRPbI!A3)+SUMIFS('EU Data'!$D$23:$D$35,'EU Data'!$I$23:$I$35,WHRPbI!A3)+SUMIFS('EU Data'!$D$23:$D$35,'EU Data'!$J$23:$J$35,WHRPbI!A3) -> 0
A4: oil and gas extraction 06 | B4: =SUMIFS('EU Data'!$D$23:$D$35,'EU Data'!$H$23:$H$35,WHRPbI!A4)+SUMIFS('EU Data'!$D$23:$D$35,'EU Data'!$I$23:$I$35,WHRPbI!A4)+SUMIFS('EU Data'!$D$23:$D$35,'EU Data'!$J$23:$J$35,WHRPbI!A4) -> 0
A5: other mining and quarrying 07T08 | B5: =SUMIFS('EU Data'!$D$23:$D$35,'EU Data'!$H$23:$H$35,WHRPbI!A5)+SUMIFS('EU Data'!$D$23:$D$35,'EU Data'!$I$23:$I$35,WHRPbI!A5)+SUMIFS('EU Data'!$D$23:$D$35,'EU Data'!$J$23:$J$35,WHRPbI!A5) -> 0.005
A6: food beverage and tobacco 10T12 | B6: =SUMIFS('EU Data'!$D$23:$D$35,'EU Data'!$H$23:$H$35,WHRPbI!A6)+SUMIFS('EU Data'!$D$23:$D$35,'EU Data'!$I$23:$I$35,WHRPbI!A6)+SUMIFS('EU Data'!$D$23:$D$35,'EU Data'!$J$23:$J$35,WHRPbI!A6) -> 0.059
A7: textiles apparel and leather 13T15 | B7: =SUMIFS('EU Data'!$D$23:$D$35,'EU Data'!$H$23:$H$35,WHRPbI!A7)+SUMIFS('EU Data'!$D$23:$D$35,'EU Data'!$I$23:$I$35,WHRPbI!A7)+SUMIFS('EU Data'!$D$23:$D$35,'EU Data'!$J$23:$J$35,WHRPbI!A7) -> 0.009
A8: wood products 16 | B8: =SUMIFS('EU Data'!$D$23:$D$35,'EU Data'!$H$23:$H$35,WHRPbI!A8)+SUMIFS('EU Data'!$D$23:$D$35,'EU Data'!$I$23:$I$35,WHRPbI!A8)+SUMIFS('EU Data'!$D$23:$D$35,'EU Data'!$J$23:$J$35,WHRPbI!A8) -> 0.008
A9: pulp paper and printing 17T18 | B9: =SUMIFS('EU Data'!$D$23:$D$35,'EU Data'!$H$23:$H$35,WHRPbI!A9)+SUMIFS('EU Data'!$D$23:$D$35,'EU Data'!$I$23:$I$35,WHRPbI!A9)+SUMIFS('EU Data'!$D$23:$D$35,'EU Data'!$J$23:$J$35,WHRPbI!A9) -> 0.045
A10: refined petroleum and coke 19 | B10: =SUMIFS('EU Data'!$D$23:$D$35,'EU Data'!$H$23:$H$35,WHRPbI!A10)+SUMIFS('EU Data'!$D$23:$D$35,'EU Data'!$I$23:$I$35,WHRPbI!A10)+SUMIFS('EU Data'!$D$23:$D$35,'EU Data'!$J$23:$J$35,WHRPbI!A10) -> 0
A11: chemicals 20 | B11: =SUMIFS('EU Data'!$D$23:$D$35,'EU Data'!$H$23:$H$35,WHRPbI!A11)+SUMIFS('EU Data'!$D$23:$D$35,'EU Data'!$I$23:$I$35,WHRPbI!A11)+SUMIFS('EU Data'!$D$23:$D$35,'EU Data'!$J$23:$J$35,WHRPbI!A11) -> 0.057
A12: rubber and plastic products 22 | B12: =SUMIFS('EU Data'!$D$23:$D$35,'EU Data'!$H$23:$H$35,WHRPbI!A12)+SUMIFS('EU Data'!$D$23:$D$35,'EU Data'!$I$23:$I$35,WHRPbI!A12)+SUMIFS('EU Data'!$D$23:$D$35,'EU Data'!$J$23:$J$35,WHRPbI!A12) -> 0.033
A13: glass and glass products 231 | B13: =SUMIFS('EU Data'!$D$23:$D$35,'EU Data'!$H$23:$H$35,WHRPbI!A13)+SUMIFS('EU Data'!$D$23:$D$35,'EU Data'!$I$23:$I$35,WHRPbI!A13)+SUMIFS('EU Data'!$D$23:$D$35,'EU Data'!$J$23:$J$35,WHRPbI!A13) -> 0.074
... A26: construction 41T43 | B26: =SUMIFS('EU Data'!$D$23:$D$35,'EU Data'!$H$23:$H$35,WHRPbI!A26)+SUMIFS('EU Data'!$D$23:$D$35,'EU Data'!$I$23:$I$35,WHRPbI!A26)+SUMIFS('EU Data'!$D$23:$D$35,'EU Data'!$J$23:$J$35,WHRPbI!A26) -> 0.016
