Workbook

Sheet About
A1: SoCDTtiNTY Share of Cargo Dist Transported that is New This Year
A3: Source: | B3: None, this variable is determined via calibration.
B4: It effectively relies upon the sources used in the
B5: variables trans/BCDT and trans/AVL.
A8: Notes
A9: The value for each vehicle type/cargo type combination should
A10: typically be found via calibration. After all other Transportation
A11: Sector data are in place, adjust the values of SoCDTtiNTY so as
A12: to eliminate abrupt changes in the variable "Retiring Vehicles
A13: Summed Across Techologies" at the years corresponding to
A14: vehicle lifetimes.
A16: Calibration record (2026-09-22)
A17: Values now come from the Calibration tab, written by calibration/steps/01-trans-turnover/solve.py (pinned mode)
A18: on the BAU export and confirmed by a headless run: retirement step at every handoff 0.0%.
A19: SoCDTtiNTY and trans/ANVCV are solved together; see the ANVCV workbook and calibration/calibration-log.md.

Sheet Calibration
A1: Calibrated share of cargo distance that is new this year (SoCDTtiNTY), by vehicle type and cargo type
A2: Solved offline by calibration/steps/01-trans-turnover/solve.py (pinned mode) from the BAU export, confirmed by a headless run. The share is the one value at which retirements at the handoff year (IT + lifetime) equal New Vehicles in the start year, so 'Retiring Vehicles Summed Across Technologies' has no step; ANVCV (trans/ANVCV) then carries total sales onto the benchmark path every year. The same share applies to every vehicle technology in a row.
A4: Vehicle type | B4: Cargo type | C4: Pre-calibration share | D4: CALIBRATED SHARE USED IN THE OUTPUT TABS | E4: Vehicle lifetime (yr) | F4: Handoff year (IT + lifetime) | G4: Note
A5: LDVs | B5: passenger | C5: 0.058823529 | D5: 0.052610446 | E5: 17 | F5: 2042 | G5: pinned mode: sales = benchmark path every year; ANVCV carries the difference; early retirements 16.38M vs smoothed real cohort 12.63M
A6: HDVs | B6: passenger | C6: 0.09 | D6: 0.080861165 | E6: 12 | F6: 2037 | G6: NO SALES HISTORY -> step-free criterion only; prompt the user to research a source
A7: aircraft | B7: passenger | C7: 0.0416 | D7: 0.041162105 | E7: 24 | F7: 2049 | G7: NO SALES HISTORY -> step-free criterion only; prompt the user to research a source
A8: rail | B8: passenger | C8: 0.029 | D8: 0.029358025 | E8: 34 | F8: 2059 | G8: NO SALES HISTORY -> step-free criterion only; prompt the user to research a source
A9: ships | B9: passenger | C9: 0.02982 | D9: 0.030532475 | E9: 33 | F9: 2058 | G9: NO SALES HISTORY -> step-free criterion only; prompt the user to research a source
A10: motorbikes | B10: passenger | C10: 0.0585 | D10: 0.058824041 | E10: 17 | F10: 2042 | G10: NO SALES HISTORY -> step-free criterion only; prompt the user to research a source
A11: LDVs | B11: freight | C11: 0.058823529 | D11: 0.066346126 | E11: 15 | F11: 2040 | G11: pinned mode: sales = benchmark path every year; ANVCV carries the difference; early retirements 1.73M vs smoothed real cohort 1.43M
A12: HDVs | B12: freight | C12: 0.052631579 | D12: 0.048805333 | E12: 20 | F12: 2045 | G12: NO SALES HISTORY -> step-free criterion only; prompt the user to research a source
A13: aircraft | B13: freight | C13: 0.028 | D13: 0.040444444 | E13: 24 | F13: 2049 | G13: NO SALES HISTORY -> step-free criterion only; prompt the user to research a source
A14: rail | B14: freight | C14: 0.029 | D14: 0.028760989 | E14: 34 | F14: 2059 | G14: NO SALES HISTORY -> step-free criterion only; prompt the user to research a source
A15: ships | B15: freight | C15: 0.0303 | D15: 0.0303 | E15: 33 | F15: 2058 | G15: NO SALES HISTORY -> step-free criterion only; prompt the user to research a source
A16: motorbikes | B16: freight | C16: 0 | D16: 0 | E16: 17 | F16: 2042 | G16: no modelled additions at IT - group skipped

Sheet SoCDTtiNTY-psgr
A1: Share that is New (dimensionless) | B1: battery electric vehicle | C1: natural gas vehicle | D1: gasoline vehicle | E1: diesel vehicle | F1: plugin hybrid vehicle | G1: LPG vehicle | H1: hydrogen vehicle
A2: LDVs | B2: =Calibration!$D$5 -> 0.052610446 | C2: =Calibration!$D$5 -> 0.052610446 | D2: =Calibration!$D$5 -> 0.052610446 | E2: =Calibration!$D$5 -> 0.052610446 | F2: =Calibration!$D$5 -> 0.052610446 | G2: =Calibration!$D$5 -> 0.052610446 | H2: =Calibration!$D$5 -> 0.052610446
A3: HDVs | B3: =Calibration!$D$6 -> 0.080861165 | C3: =Calibration!$D$6 -> 0.080861165 | D3: =Calibration!$D$6 -> 0.080861165 | E3: =Calibration!$D$6 -> 0.080861165 | F3: =Calibration!$D$6 -> 0.080861165 | G3: =Calibration!$D$6 -> 0.080861165 | H3: =Calibration!$D$6 -> 0.080861165
A4: aircraft | B4: =Calibration!$D$7 -> 0.041162105 | C4: =Calibration!$D$7 -> 0.041162105 | D4: =Calibration!$D$7 -> 0.041162105 | E4: =Calibration!$D$7 -> 0.041162105 | F4: =Calibration!$D$7 -> 0.041162105 | G4: =Calibration!$D$7 -> 0.041162105 | H4: =Calibration!$D$7 -> 0.041162105
A5: rail | B5: =Calibration!$D$8 -> 0.029358025 | C5: =Calibration!$D$8 -> 0.029358025 | D5: =Calibration!$D$8 -> 0.029358025 | E5: =Calibration!$D$8 -> 0.029358025 | F5: =Calibration!$D$8 -> 0.029358025 | G5: =Calibration!$D$8 -> 0.029358025 | H5: =Calibration!$D$8 -> 0.029358025
A6: ships | B6: =Calibration!$D$9 -> 0.030532475 | C6: =Calibration!$D$9 -> 0.030532475 | D6: =Calibration!$D$9 -> 0.030532475 | E6: =Calibration!$D$9 -> 0.030532475 | F6: =Calibration!$D$9 -> 0.030532475 | G6: =Calibration!$D$9 -> 0.030532475 | H6: =Calibration!$D$9 -> 0.030532475
A7: motorbikes | B7: =Calibration!$D$10 -> 0.058824041 | C7: =Calibration!$D$10 -> 0.058824041 | D7: =Calibration!$D$10 -> 0.058824041 | E7: =Calibration!$D$10 -> 0.058824041 | F7: =Calibration!$D$10 -> 0.058824041 | G7: =Calibration!$D$10 -> 0.058824041 | H7: =Calibration!$D$10 -> 0.058824041

Sheet SoCDTtiNTY-frgt
A1: Share that is New (dimensionless) | B1: battery electric vehicle | C1: natural gas vehicle | D1: gasoline vehicle | E1: diesel vehicle | F1: plugin hybrid vehicle | G1: LPG vehicle | H1: hydrogen vehicle
A2: LDVs | B2: =Calibration!$D$11 -> 0.066346126 | C2: =Calibration!$D$11 -> 0.066346126 | D2: =Calibration!$D$11 -> 0.066346126 | E2: =Calibration!$D$11 -> 0.066346126 | F2: =Calibration!$D$11 -> 0.066346126 | G2: =Calibration!$D$11 -> 0.066346126 | H2: =Calibration!$D$11 -> 0.066346126
A3: HDVs | B3: =Calibration!$D$12 -> 0.048805333 | C3: =Calibration!$D$12 -> 0.048805333 | D3: =Calibration!$D$12 -> 0.048805333 | E3: =Calibration!$D$12 -> 0.048805333 | F3: =Calibration!$D$12 -> 0.048805333 | G3: =Calibration!$D$12 -> 0.048805333 | H3: =Calibration!$D$12 -> 0.048805333
A4: aircraft | B4: =Calibration!$D$13 -> 0.040444444 | C4: =Calibration!$D$13 -> 0.040444444 | D4: =Calibration!$D$13 -> 0.040444444 | E4: =Calibration!$D$13 -> 0.040444444 | F4: =Calibration!$D$13 -> 0.040444444 | G4: =Calibration!$D$13 -> 0.040444444 | H4: =Calibration!$D$13 -> 0.040444444
A5: rail | B5: =Calibration!$D$14 -> 0.028760989 | C5: =Calibration!$D$14 -> 0.028760989 | D5: =Calibration!$D$14 -> 0.028760989 | E5: =Calibration!$D$14 -> 0.028760989 | F5: =Calibration!$D$14 -> 0.028760989 | G5: =Calibration!$D$14 -> 0.028760989 | H5: =Calibration!$D$14 -> 0.028760989
A6: ships | B6: =Calibration!$D$15 -> 0.0303 | C6: =Calibration!$D$15 -> 0.0303 | D6: =Calibration!$D$15 -> 0.0303 | E6: =Calibration!$D$15 -> 0.0303 | F6: =Calibration!$D$15 -> 0.0303 | G6: =Calibration!$D$15 -> 0.0303 | H6: =Calibration!$D$15 -> 0.0303
A7: motorbikes | B7: =Calibration!$D$16 -> 0 | C7: =Calibration!$D$16 -> 0 | D7: =Calibration!$D$16 -> 0 | E7: =Calibration!$D$16 -> 0 | F7: =Calibration!$D$16 -> 0 | G7: =Calibration!$D$16 -> 0 | H7: =Calibration!$D$16 -> 0
