Workbook

Sheet About
A1: VpHC Vehicles per Household Curve (VpHCS, VpHCIR)
A3: Sources: | B3: Households and BAU GDP (the income variable of the ownership curve) | D3: Functional form and published parameters of the vehicle-ownership curve
B4: EPS US inputs | D4: Dargay and Gately; Dargay, Gately and Sommer
B5: InputData/add-outputs/NoH/NoH.csv and InputData/io-model/BGDP/BGDP.csv, pasted as published in this model version | D5: Dargay and Gately (2001), Modelling global vehicle ownership, WCTR paper 4124, Table 2; Dargay, Gately and Sommer (2007), Vehicle Ownership and Income Growth, Worldwide: 1960-2030, The Energy Journal 28(4) (as presented at BIEE 2006)
B6: 2026 | D6: 2007
B7: https://github.com/EnergyInnovation/eps-us | D7: https://www.biee.org/wp-content/uploads/Vehicle_ownership_and_income_growth_worldwide_1960-2030_2006_pres.pdf
B8: Tabs 'NoH' and 'BGDP'. GDP is in 2012 dollars; GDP per household is computed on 'Ownership fit'. | D8: Tab 'Literature'. Gompertz per capita: V/P = S x exp(a x exp(b x GDP per capita)), GDP in thousand 1985 US$ PPP; US b = -0.23, a = -5.90, mean saturation 0.80 vehicles per person. Values marked unverified come from a summary of the 2006 working paper, not the article. The US values in this workbook are fitted to the model's own fleet path; the published values are the fallback for a region without a stock projection (convert per capita to per household and 1985 PPP dollars to the region's GDP units).
B10: Start-year fleet, travel growth and miles per vehicle (the fleet path the curve reproduces)
B11: EPS US inputs
B12: InputData/trans: SYVbT-passenger.csv, BCDTRtSY-psgr.csv, BAADTbVT-passengers.csv, SYAADTbVT-passengers.csv
B13: 2026
B14: https://github.com/EnergyInnovation/eps-us
B15: Tabs 'SYVbT', 'BCDTRtSY', 'BAADTbVT', 'SYAADTbVT'. The passenger-car fleet these imply is start-year cars x travel index / (miles per car index), i.e. AEO's light-duty stock path scaled to the FHWA start-year fleet (BAADTbVT is AEO vehicle-miles over AEO stock). The ownership curve is fitted to that path.
A18: Notes:
A19: What this file holds | B19: The two constants of the car-ownership curve: vehicles per household = VpHCS x exp(a x exp(VpHCIR x GDP per household)), where the model sets a from the start-year point (SYVbT / households) so the curve always passes through the start year. For the types flagged in BFfHO (US: passenger cars) the BAU fleet is households x vehicles per household on this curve, and miles per car is travel / (fleet x loading). The companion inputs BFfHO (which types use the curve) and MBFGR (fleet growth while loading fills) have their own folders.
A20: Layout | B20: 'Ownership fit' works out GDP per household, the fleet the travel and mileage inputs imply, and the fitted curve against it. Source tabs are pasted as published; 'Literature' holds the published curve parameters; 'Checks' flags problems (1 = problem); the two dark-blue tabs are exported.
A21: An abnormal start year | B21: Enter normal use in BAADTbVT and AVLo (for example 2019 levels for a 2020 start) and the actual start-year use in SYAADTbVT and SYAVLo. The model then holds purchases to replacements until use per vehicle is back to normal.
A22: VpHCS and VpHCIR | B22: Vehicles per household = VpHCS x exp(a x exp(VpHCIR x GDP per household)); the model computes a from the start-year point (SYVbT / households), so the curve always passes through the start year. US: S and b are the two values that make the curve follow the fleet path on 'Ownership fit' most closely (within the tolerance on 'Checks'). A region without a stock projection: use the published values on 'Literature', converted to per household and to the region's GDP units. Rows with BFfHO = 0 are ignored (0).
A23: Motorbikes | B23: Not on the ownership rule (BFfHO = 0): in the AEO-based inputs, motorbikes per household fall about 10% by 2050, which a saturating curve cannot follow, so motorbikes stay on travel at normal use.

Sheet Keys
A1: Keys | B1: Labels, years and constants the formulas use; S and b are the fitted values
A3: Ownership rule flag: yes | B3: 1
A4: Ownership rule flag: no | B4: 0
A5: Start (data) year | B5: 2024
A6: Last year | B6: 2050
A7: Fitted saturation VpHCS, passenger cars (vehicles per household) | B7: 2.2747264
A8: Fitted income response VpHCIR, passenger cars (per 2012 $ of GDP per household) | B8: -8.0914575e-06
A9: Tolerance: ownership fit, max deviation of the curve from the input fleet path | B9: 0.02
A10: Row label: passenger cars | B10: LDVs
A11: Row label: households | B11: Households

Sheet Literature
A1: Dargay-Gately vehicle-ownership curve: published parameters
A2: parameter | B2: value | C2: source and units
A3: Functional form | B3: V/P = S x exp(a x exp(b x Y)), Y = GDP per capita in thousand 1985 US$ PPP | C3: Dargay and Gately (2001) eqs. 1-8; same form in Dargay, Gately and Sommer (2007)
A4: Mean saturation S (vehicles per person, all 82 countries 1960-96) | B4: 0.8 | C4: D&G 2001 Table 2, p. 13; saturation falls with population density (lambda = -0.0077 per normalised person/km2)
A5: a (alpha, all countries) | B5: -5.9 | C5: D&G 2001 Table 2
A6: b (beta), United States, per thousand 1985 US$ PPP per capita | B6: -0.23 | C6: D&G 2001 Table 2 (t = -45); Canada -0.19, Germany -0.24, Japan -0.27, UK -0.22, France -0.21
A7: Saturation gamma_max (vehicles per 1000 people; US defines the maximum) | B7: 852 | C7: Dargay, Gately and Sommer, April 2006 working paper table; UNVERIFIED (seen only in a search summary)
A8: a (alpha), 2007 paper | B8: -5.897 | C8: same working paper; UNVERIFIED
A9: US ownership 2002 / 2030 (vehicles per 1000 people) | B9: 812 / 849 | C9: DGS 2006 BIEE slides, slide 7; per-capita GDP 32 -> 57 thousand real PPP $ (base year not stated)
A10: Converting to this model | B10: per household: multiply S by persons per household; b per $: divide by 1000 and by the deflator from 1985 PPP$ to the model units | C10: The model computes a from the start-year point, so only S and b are entered

Sheet NoH
A1: Dmnl | B1: 2024 | C1: 2025 | D1: 2026 | E1: 2027 | F1: 2028 | G1: 2029 | H1: 2030 | I1: 2031 | J1: 2032 | K1: 2033 | L1: 2034 | M1: 2035 | N1: 2036 | O1: 2037 | P1: 2038 | Q1: 2039 | R1: 2040 | S1: 2041 | T1: 2042 | U1: 2043 | V1: 2044 | W1: 2045 | X1: 2046 | Y1: 2047 | Z1: 2048 | AA1: 2049 | AB1: 2050
A2: Households | B2: 128811890 | C2: 130729215 | D2: 132095411 | E2: 133495735 | F2: 134872797 | G2: 136249235 | H2: 137609806 | I2: 138976937 | J2: 140345360 | K2: 141691839 | L2: 142999458 | M2: 144280192 | N2: 145526496 | O2: 146710443 | P2: 147843033 | Q2: 148916619 | R2: 149945693 | S2: 150924363 | T2: 151869620 | U2: 152782969 | V2: 153677381 | W2: 154576050 | X2: 155479696 | Y2: 156379746 | Z2: 157276794 | AA2: 158172731 | AB2: 159072735

Sheet BGDP
A1: Unit: 2012 USD | B1: GDP
A2: 2024 | B2: 21443700000000
A3: 2025 | B3: 21825500000000
A4: 2026 | B4: 22402500000000
A5: 2027 | B5: 22823200000000
A6: 2028 | B6: 23114700000000
A7: 2029 | B7: 23470600000000
A8: 2030 | B8: 23881600000000
A9: 2031 | B9: 24282800000000
A10: 2032 | B10: 24738800000000
A11: 2033 | B11: 25221200000000
A12: 2034 | B12: 25734000000000
A13: 2035 | B13: 26281800000000
... A28: 2050 | B28: 33186800000000

Sheet SYVbT
A1: Number of Vehicles | B1: battery electric vehicle | C1: natural gas vehicle | D1: gasoline vehicle | E1: diesel vehicle | F1: plugin hybrid vehicle | G1: LPG vehicle | H1: hydrogen vehicle
A2: LDVs | B2: 4769953 | C2: 14506 | D2: 257649823 | E2: 1553093 | F2: 1417825 | G2: 13525 | H2: 17094
A3: HDVs | B3: 2445 | C3: 67549 | D3: 53161 | E3: 422350 | F3: 0 | G3: 24746 | H3: 91
A4: aircraft | B4: 0 | C4: 0 | D4: 0 | E4: 6767 | F4: 0 | G4: 0 | H4: 0
A5: rail | B5: 18776 | C5: 0 | D5: 0 | E5: 6889 | F5: 0 | G5: 0 | H5: 0
A6: ships | B6: 0 | C6: 0 | D6: 9385963 | E6: 2288110 | F6: 0 | G6: 0 | H6: 0
A7: motorbikes | B7: 0 | C7: 0 | D7: 9261249 | E7: 0 | F7: 0 | G7: 0 | H7: 0

Sheet BCDTRtSY
A1: Cargo Dist Transported Relative to Start Year (dimensionless) | B1: 2024 | C1: 2025 | D1: 2026 | E1: 2027 | F1: 2028 | G1: 2029 | H1: 2030 | I1: 2031 | J1: 2032 | K1: 2033 | L1: 2034 | M1: 2035 | N1: 2036 | O1: 2037 | P1: 2038 | Q1: 2039 | R1: 2040 | S1: 2041 | T1: 2042 | U1: 2043 | V1: 2044 | W1: 2045 | X1: 2046 | Y1: 2047 | Z1: 2048 | AA1: 2049 | AB1: 2050
A2: LDVs | B2: 1 | C2: 1.0148128 | D2: 1.0221431 | E2: 1.0309346 | F2: 1.0366028 | G2: 1.0418613 | H2: 1.0463686 | I2: 1.0503549 | J2: 1.0545121 | K2: 1.0572432 | L2: 1.0605888 | M2: 1.0630653 | N2: 1.0662586 | O2: 1.0698984 | P2: 1.073598 | Q2: 1.0766779 | R2: 1.0799661 | S2: 1.0823862 | T2: 1.0846782 | U2: 1.0866188 | V2: 1.0887934 | W2: 1.0907379 | X2: 1.0924016 | Y2: 1.0932416 | Z2: 1.0942095 | AA2: 1.0949302 | AB2: 1.0960616
A3: HDVs | B3: 1 | C3: 1.0307024 | D3: 1.0503321 | E3: 1.0640101 | F3: 1.0741265 | G3: 1.0830005 | H3: 1.090428 | I3: 1.0962435 | J3: 1.1016318 | K3: 1.1075308 | L3: 1.1129533 | M3: 1.1187217 | N3: 1.1236871 | O3: 1.1287962 | P3: 1.1333914 | Q3: 1.1379705 | R3: 1.1425007 | S3: 1.1462423 | T3: 1.1499392 | U3: 1.1532909 | V3: 1.1565204 | W3: 1.159635 | X3: 1.1623467 | Y3: 1.1649405 | Z3: 1.1671353 | AA3: 1.1691444 | AB3: 1.1710775
A4: aircraft | B4: 1 | C4: 1.0094576 | D4: 1.0422421 | E4: 1.0623628 | F4: 1.0716039 | G4: 1.0857522 | H4: 1.1041278 | I4: 1.1216528 | J4: 1.1436739 | K4: 1.1676834 | L4: 1.1941612 | M4: 1.2233183 | N4: 1.2454563 | O4: 1.2677328 | P4: 1.2898169 | Q4: 1.3109459 | R4: 1.3325957 | S4: 1.3528936 | T4: 1.3743683 | U4: 1.3972743 | V4: 1.4201596 | W4: 1.4432454 | X4: 1.4653423 | Y4: 1.4854581 | Z4: 1.5058167 | AA4: 1.5251236 | AB4: 1.5449941
A5: rail | B5: 1 | C5: 1.0324367 | D5: 1.0648734 | E5: 1.1134851 | F5: 1.1506463 | G5: 1.1830589 | H5: 1.2108931 | I5: 1.2345255 | J5: 1.256012 | K5: 1.2784252 | L5: 1.2957967 | M5: 1.3131794 | N5: 1.3268422 | O5: 1.341418 | P5: 1.3547108 | Q5: 1.3652879 | R5: 1.3762507 | S5: 1.3857036 | T5: 1.3952048 | U5: 1.4031385 | V5: 1.4119217 | W5: 1.4213966 | X5: 1.4292179 | Y5: 1.4378002 | Z5: 1.4440223 | AA5: 1.4498282 | AB5: 1.4553276
A6: ships | B6: 1 | C6: 0.99809345 | D6: 1.0067754 | E6: 1.00835 | F6: 1.0038147 | G6: 1.0016566 | H6: 1.0017698 | I6: 1.0013912 | J6: 1.0033812 | K6: 1.0065914 | L6: 1.0110944 | M6: 1.0169772 | N6: 1.0196916 | O6: 1.0224201 | P6: 1.0249439 | Q6: 1.0273611 | R6: 1.0298499 | S6: 1.0314899 | T6: 1.0335639 | U6: 1.035936 | V6: 1.0382793 | W6: 1.040556 | X6: 1.0422653 | Y6: 1.0431878 | Z6: 1.0438977 | AA6: 1.0441176 | AB6: 1.0445993
A7: motorbikes | B7: 1 | C7: 1 | D7: 1.0069874 | E7: 1.0161839 | F7: 1.022448 | G7: 1.0285114 | H7: 1.0335455 | I7: 1.0387352 | J7: 1.043984 | K7: 1.0476921 | L7: 1.0517649 | M7: 1.0549225 | N7: 1.0588989 | O7: 1.0633379 | P7: 1.0677536 | Q7: 1.0714378 | R7: 1.0753605 | S7: 1.0787206 | T7: 1.081812 | U7: 1.0846685 | V7: 1.0878749 | W7: 1.0909496 | X7: 1.0935495 | Y7: 1.0953932 | Z7: 1.0971831 | AA7: 1.0988109 | AB7: 1.1008542

Sheet BAADTbVT
A1: Annual Distance (miles/vehicle) | B1: 2024 | C1: 2025 | D1: 2026 | E1: 2027 | F1: 2028 | G1: 2029 | H1: 2030 | I1: 2031 | J1: 2032 | K1: 2033 | L1: 2034 | M1: 2035 | N1: 2036 | O1: 2037 | P1: 2038 | Q1: 2039 | R1: 2040 | S1: 2041 | T1: 2042 | U1: 2043 | V1: 2044 | W1: 2045 | X1: 2046 | Y1: 2047 | Z1: 2048 | AA1: 2049 | AB1: 2050
A2: LDVs | B2: 10411 | C2: 10518 | D2: 10488 | E2: 10461 | F2: 10399 | G2: 10327 | H2: 10237 | I2: 10141 | J2: 10051 | K2: 9948 | L2: 9859 | M2: 9767 | N2: 9694 | O2: 9628 | P2: 9565 | Q2: 9500 | R2: 9440 | S2: 9380 | T2: 9325 | U2: 9274 | V2: 9232 | W2: 9195 | X2: 9164 | Y2: 9133 | Z2: 9112 | AA2: 9095 | AB2: 9092
A3: HDVs | B3: 14177 | C3: 14177 | D3: 14177 | E3: 14177 | F3: 14177 | G3: 14177 | H3: 14177 | I3: 14177 | J3: 14177 | K3: 14177 | L3: 14177 | M3: 14177 | N3: 14177 | O3: 14177 | P3: 14177 | Q3: 14177 | R3: 14177 | S3: 14177 | T3: 14177 | U3: 14177 | V3: 14177 | W3: 14177 | X3: 14177 | Y3: 14177 | Z3: 14177 | AA3: 14177 | AB3: 14177
A4: aircraft | B4: 685003 | C4: 679766.89 | D4: 687788.69 | E4: 687349.36 | F4: 683958.99 | G4: 684115.13 | H4: 685178.96 | I4: 684088.94 | J4: 684606.26 | K4: 684520.66 | L4: 684491.09 | M4: 686315.65 | N4: 684977.6 | O4: 685037.65 | P4: 685172.12 | Q4: 684912.32 | R4: 685234.7 | S4: 684804.45 | T4: 684765.28 | U4: 685006.4 | V4: 684970.75 | W4: 685159.49 | X4: 685311.85 | Y4: 684965.68 | Z4: 685162.53 | AA4: 684918.61 | AB4: 685003
A5: rail | B5: 57869 | C5: 57812.398 | D5: 57765.249 | E5: 57718.129 | F5: 57680.859 | G5: 57625.673 | H5: 57591.557 | I5: 57548.75 | J5: 57495.87 | K5: 57450.349 | L5: 57414.981 | M5: 57372.578 | N5: 57330.608 | O5: 57274.515 | P5: 57230.168 | Q5: 57185.97 | R5: 57154.335 | S5: 57104.16 | T5: 57076.816 | U5: 57030.207 | V5: 56992.295 | W5: 56932.539 | X5: 56898.594 | Y5: 56869.328 | Z5: 56815.806 | AA5: 56792.194 | AB5: 56732.211
A6: ships | B6: 211 | C6: 210.98171 | D6: 213.20497 | E6: 213.92778 | F6: 213.3539 | G6: 213.28341 | H6: 213.69643 | I6: 214.00516 | J6: 214.82142 | K6: 215.90168 | L6: 217.26294 | M6: 218.92547 | N6: 219.91005 | O6: 220.90053 | P6: 221.84958 | Q6: 222.77826 | R6: 223.72511 | S6: 224.48998 | T6: 225.3515 | U6: 226.28054 | V6: 227.2059 | W6: 228.1193 | X6: 228.91065 | Y6: 229.53101 | Z6: 230.10601 | AA6: 230.57412 | AB6: 231.1011
A7: motorbikes | B7: 2402 | C7: 2402 | D7: 2402 | E7: 2402 | F7: 2402 | G7: 2402 | H7: 2402 | I7: 2402 | J7: 2402 | K7: 2402 | L7: 2402 | M7: 2402 | N7: 2402 | O7: 2402 | P7: 2402 | Q7: 2402 | R7: 2402 | S7: 2402 | T7: 2402 | U7: 2402 | V7: 2402 | W7: 2402 | X7: 2402 | Y7: 2402 | Z7: 2402 | AA7: 2402 | AB7: 2402

Sheet SYAADTbVT
A1: Annual Distance (miles/vehicle) | B1: 2024
A2: LDVs | B2: 10411
A3: HDVs | B3: 14177
A4: aircraft | B4: 685003
A5: rail | B5: 57869
A6: ships | B6: 211
A7: motorbikes | B7: 2402

Sheet Ownership fit
A1: Ownership fit
A2: GDP per household, the passenger-car fleet the travel and mileage inputs imply, and the fitted ownership curve against it.
A3: Start-year point (data year)
A4: item | B4: value | C4: how
A5: Start-year passenger cars (SYVbT, all technologies) | B5: =SUM(INDEX(SYVbT!$B$1:$ZZ$7,MATCH(Keys!$B$10,SYVbT!$A$1:$A$7,0),0)) -> 265435819 | C5: sum of the SYVbT row for passenger cars
A6: Start-year households | B6: =INDEX(NoH!$A$1:$ZZ$2,MATCH(Keys!$B$11,NoH!$A$1:$A$2,0),MATCH(Keys!$B$5&"",NoH!$1:$1,0)) -> 128811890 | C6: NoH in the data year
A7: Start-year GDP (2012 $) | B7: =INDEX(BGDP!$B$1:$B$28,MATCH(Keys!$B$5,BGDP!$A$1:$A$28,0)) -> 21443700000000 | C7: BGDP in the data year
A8: Start-year vehicles per household | B8: =B5/B6 -> 2.0606469
A9: Start-year GDP per household | B9: =B7/B6 -> 166472.99
A10: Start-year miles per car (SYAADTbVT) | B10: =INDEX(SYAADTbVT!$B$1:$B$7,MATCH(Keys!$B$10,SYAADTbVT!$A$1:$A$7,0)) -> 10411
A11: Fitted saturation VpHCS (vehicles per household) | B11: =Keys!$B$7 -> 2.2747264 | C11: Keys; the value that, with b, keeps the curve closest to the fleet path below
A12: Fitted income response VpHCIR (per $ of GDP per household) | B12: =Keys!$B$8 -> -8.0914575e-06 | C12: Keys
A13: Curve position a (from the start-year point, as the model computes it) | B13: =LN(B8/B11)/EXP(B12*B9) -> -0.38012865
A14: Largest deviation of the curve from the fleet path, any year | B14: =MAX(INDEX(ABS(J17:J42),0)) -> 0.013662833
A16: year | B16: households (NoH) | C16: BAU GDP (2012 $) | D16: GDP per household | E16: travel index (BCDTRtSY, cars) | F16: miles per car (BAADTbVT) | G16: fleet the inputs imply = start cars x travel index / (miles per car / start miles) | H16: vehicles per household (inputs) | I16: curve: vehicles per household | J16: curve / inputs - 1
A17: 2025 | B17: =INDEX(NoH!$A$1:$ZZ$2,MATCH(Keys!$B$11,NoH!$A$1:$A$2,0),MATCH(A17&"",NoH!$1:$1,0)) -> 130729215 | C17: =INDEX(BGDP!$B$1:$B$28,MATCH(A17,BGDP!$A$1:$A$28,0)) -> 21825500000000 | D17: =C17/B17 -> 166951.97 | E17: =INDEX(BCDTRtSY!$A$1:$ZZ$7,MATCH(Keys!$B$10,BCDTRtSY!$A$1:$A$7,0),MATCH(A17&"",BCDTRtSY!$1:$1,0)) -> 1.0148128 | F17: =INDEX(BAADTbVT!$A$1:$ZZ$7,MATCH(Keys!$B$10,BAADTbVT!$A$1:$A$7,0),MATCH(A17&"",BAADTbVT!$1:$1,0)) -> 10518 | G17: =$B$5*E17/(F17/$B$10) -> 2.6662739e+08 | H17: =G17/B17 -> 2.0395394 | I17: =$B$11*EXP($B$13*EXP($B$12*D17)) -> 2.0614349 | J17: =I17/H17-1 -> 0.010735497
A18: 2026 | B18: =INDEX(NoH!$A$1:$ZZ$2,MATCH(Keys!$B$11,NoH!$A$1:$A$2,0),MATCH(A18&"",NoH!$1:$1,0)) -> 132095411 | C18: =INDEX(BGDP!$B$1:$B$28,MATCH(A18,BGDP!$A$1:$A$28,0)) -> 22402500000000 | D18: =C18/B18 -> 169593.33 | E18: =INDEX(BCDTRtSY!$A$1:$ZZ$7,MATCH(Keys!$B$10,BCDTRtSY!$A$1:$A$7,0),MATCH(A18&"",BCDTRtSY!$1:$1,0)) -> 1.0221431 | F18: =INDEX(BAADTbVT!$A$1:$ZZ$7,MATCH(Keys!$B$10,BAADTbVT!$A$1:$A$7,0),MATCH(A18&"",BAADTbVT!$1:$1,0)) -> 10488 | G18: =$B$5*E18/(F18/$B$10) -> 2.6932149e+08 | H18: =G18/B18 -> 2.0388407 | I18: =$B$11*EXP($B$13*EXP($B$12*D18)) -> 2.0657311 | J18: =I18/H18-1 -> 0.01318911
A19: 2027 | B19: =INDEX(NoH!$A$1:$ZZ$2,MATCH(Keys!$B$11,NoH!$A$1:$A$2,0),MATCH(A19&"",NoH!$1:$1,0)) -> 133495735 | C19: =INDEX(BGDP!$B$1:$B$28,MATCH(A19,BGDP!$A$1:$A$28,0)) -> 22823200000000 | D19: =C19/B19 -> 170965.76 | E19: =INDEX(BCDTRtSY!$A$1:$ZZ$7,MATCH(Keys!$B$10,BCDTRtSY!$A$1:$A$7,0),MATCH(A19&"",BCDTRtSY!$1:$1,0)) -> 1.0309346 | F19: =INDEX(BAADTbVT!$A$1:$ZZ$7,MATCH(Keys!$B$10,BAADTbVT!$A$1:$A$7,0),MATCH(A19&"",BAADTbVT!$1:$1,0)) -> 10461 | G19: =$B$5*E19/(F19/$B$10) -> 2.7233904e+08 | H19: =G19/B19 -> 2.040058 | I19: =$B$11*EXP($B$13*EXP($B$12*D19)) -> 2.0679309 | J19: =I19/H19-1 -> 0.013662833
A20: 2028 | B20: =INDEX(NoH!$A$1:$ZZ$2,MATCH(Keys!$B$11,NoH!$A$1:$A$2,0),MATCH(A20&"",NoH!$1:$1,0)) -> 134872797 | C20: =INDEX(BGDP!$B$1:$B$28,MATCH(A20,BGDP!$A$1:$A$28,0)) -> 23114700000000 | D20: =C20/B20 -> 171381.48 | E20: =INDEX(BCDTRtSY!$A$1:$ZZ$7,MATCH(Keys!$B$10,BCDTRtSY!$A$1:$A$7,0),MATCH(A20&"",BCDTRtSY!$1:$1,0)) -> 1.0366028 | F20: =INDEX(BAADTbVT!$A$1:$ZZ$7,MATCH(Keys!$B$10,BAADTbVT!$A$1:$A$7,0),MATCH(A20&"",BAADTbVT!$1:$1,0)) -> 10399 | G20: =$B$5*E20/(F20/$B$10) -> 2.7546903e+08 | H20: =G20/B20 -> 2.0424358 | I20: =$B$11*EXP($B$13*EXP($B$12*D20)) -> 2.0685929 | J20: =I20/H20-1 -> 0.012806819
A21: 2029 | B21: =INDEX(NoH!$A$1:$ZZ$2,MATCH(Keys!$B$11,NoH!$A$1:$A$2,0),MATCH(A21&"",NoH!$1:$1,0)) -> 136249235 | C21: =INDEX(BGDP!$B$1:$B$28,MATCH(A21,BGDP!$A$1:$A$28,0)) -> 23470600000000 | D21: =C21/B21 -> 172262.25 | E21: =INDEX(BCDTRtSY!$A$1:$ZZ$7,MATCH(Keys!$B$10,BCDTRtSY!$A$1:$A$7,0),MATCH(A21&"",BCDTRtSY!$1:$1,0)) -> 1.0418613 | F21: =INDEX(BAADTbVT!$A$1:$ZZ$7,MATCH(Keys!$B$10,BAADTbVT!$A$1:$A$7,0),MATCH(A21&"",BAADTbVT!$1:$1,0)) -> 10327 | G21: =$B$5*E21/(F21/$B$10) -> 2.7879676e+08 | H21: =G21/B21 -> 2.0462262 | I21: =$B$11*EXP($B$13*EXP($B$12*D21)) -> 2.0699888 | J21: =I21/H21-1 -> 0.01161287
A22: 2030 | B22: =INDEX(NoH!$A$1:$ZZ$2,MATCH(Keys!$B$11,NoH!$A$1:$A$2,0),MATCH(A22&"",NoH!$1:$1,0)) -> 137609806 | C22: =INDEX(BGDP!$B$1:$B$28,MATCH(A22,BGDP!$A$1:$A$28,0)) -> 23881600000000 | D22: =C22/B22 -> 173545.77 | E22: =INDEX(BCDTRtSY!$A$1:$ZZ$7,MATCH(Keys!$B$10,BCDTRtSY!$A$1:$A$7,0),MATCH(A22&"",BCDTRtSY!$1:$1,0)) -> 1.0463686 | F22: =INDEX(BAADTbVT!$A$1:$ZZ$7,MATCH(Keys!$B$10,BAADTbVT!$A$1:$A$7,0),MATCH(A22&"",BAADTbVT!$1:$1,0)) -> 10237 | G22: =$B$5*E22/(F22/$B$10) -> 2.8246456e+08 | H22: =G22/B22 -> 2.0526485 | I22: =$B$11*EXP($B$13*EXP($B$12*D22)) -> 2.0720069 | J22: =I22/H22-1 -> 0.0094309493
A23: 2031 | B23: =INDEX(NoH!$A$1:$ZZ$2,MATCH(Keys!$B$11,NoH!$A$1:$A$2,0),MATCH(A23&"",NoH!$1:$1,0)) -> 138976937 | C23: =INDEX(BGDP!$B$1:$B$28,MATCH(A23,BGDP!$A$1:$A$28,0)) -> 24282800000000 | D23: =C23/B23 -> 174725.39 | E23: =INDEX(BCDTRtSY!$A$1:$ZZ$7,MATCH(Keys!$B$10,BCDTRtSY!$A$1:$A$7,0),MATCH(A23&"",BCDTRtSY!$1:$1,0)) -> 1.0503549 | F23: =INDEX(BAADTbVT!$A$1:$ZZ$7,MATCH(Keys!$B$10,BAADTbVT!$A$1:$A$7,0),MATCH(A23&"",BAADTbVT!$1:$1,0)) -> 10141 | G23: =$B$5*E23/(F23/$B$10) -> 2.8622479e+08 | H23: =G23/B23 -> 2.0595129 | I23: =$B$11*EXP($B$13*EXP($B$12*D23)) -> 2.073845 | J23: =I23/H23-1 -> 0.0069589681
A24: 2032 | B24: =INDEX(NoH!$A$1:$ZZ$2,MATCH(Keys!$B$11,NoH!$A$1:$A$2,0),MATCH(A24&"",NoH!$1:$1,0)) -> 140345360 | C24: =INDEX(BGDP!$B$1:$B$28,MATCH(A24,BGDP!$A$1:$A$28,0)) -> 24738800000000 | D24: =C24/B24 -> 176270.88 | E24: =INDEX(BCDTRtSY!$A$1:$ZZ$7,MATCH(Keys!$B$10,BCDTRtSY!$A$1:$A$7,0),MATCH(A24&"",BCDTRtSY!$1:$1,0)) -> 1.0545121 | F24: =INDEX(BAADTbVT!$A$1:$ZZ$7,MATCH(Keys!$B$10,BAADTbVT!$A$1:$A$7,0),MATCH(A24&"",BAADTbVT!$1:$1,0)) -> 10051 | G24: =$B$5*E24/(F24/$B$10) -> 2.8993076e+08 | H24: =G24/B24 -> 2.0658378 | I24: =$B$11*EXP($B$13*EXP($B$12*D24)) -> 2.0762291 | J24: =I24/H24-1 -> 0.0050300621
A25: 2033 | B25: =INDEX(NoH!$A$1:$ZZ$2,MATCH(Keys!$B$11,NoH!$A$1:$A$2,0),MATCH(A25&"",NoH!$1:$1,0)) -> 141691839 | C25: =INDEX(BGDP!$B$1:$B$28,MATCH(A25,BGDP!$A$1:$A$28,0)) -> 25221200000000 | D25: =C25/B25 -> 178000.37 | E25: =INDEX(BCDTRtSY!$A$1:$ZZ$7,MATCH(Keys!$B$10,BCDTRtSY!$A$1:$A$7,0),MATCH(A25&"",BCDTRtSY!$1:$1,0)) -> 1.0572432 | F25: =INDEX(BAADTbVT!$A$1:$ZZ$7,MATCH(Keys!$B$10,BAADTbVT!$A$1:$A$7,0),MATCH(A25&"",BAADTbVT!$1:$1,0)) -> 9948 | G25: =$B$5*E25/(F25/$B$10) -> 2.9369131e+08 | H25: =G25/B25 -> 2.0727468 | I25: =$B$11*EXP($B$13*EXP($B$12*D25)) -> 2.0788652 | J25: =I25/H25-1 -> 0.0029518383
A26: 2034 | B26: =INDEX(NoH!$A$1:$ZZ$2,MATCH(Keys!$B$11,NoH!$A$1:$A$2,0),MATCH(A26&"",NoH!$1:$1,0)) -> 142999458 | C26: =INDEX(BGDP!$B$1:$B$28,MATCH(A26,BGDP!$A$1:$A$28,0)) -> 25734000000000 | D26: =C26/B26 -> 179958.72 | E26: =INDEX(BCDTRtSY!$A$1:$ZZ$7,MATCH(Keys!$B$10,BCDTRtSY!$A$1:$A$7,0),MATCH(A26&"",BCDTRtSY!$1:$1,0)) -> 1.0605888 | F26: =INDEX(BAADTbVT!$A$1:$ZZ$7,MATCH(Keys!$B$10,BAADTbVT!$A$1:$A$7,0),MATCH(A26&"",BAADTbVT!$1:$1,0)) -> 9859 | G26: =$B$5*E26/(F26/$B$10) -> 2.9728031e+08 | H26: =G26/B26 -> 2.0788911 | I26: =$B$11*EXP($B$13*EXP($B$12*D26)) -> 2.0818099 | J26: =I26/H26-1 -> 0.0014040083
A27: 2035 | B27: =INDEX(NoH!$A$1:$ZZ$2,MATCH(Keys!$B$11,NoH!$A$1:$A$2,0),MATCH(A27&"",NoH!$1:$1,0)) -> 144280192 | C27: =INDEX(BGDP!$B$1:$B$28,MATCH(A27,BGDP!$A$1:$A$28,0)) -> 26281800000000 | D27: =C27/B27 -> 182158.06 | E27: =INDEX(BCDTRtSY!$A$1:$ZZ$7,MATCH(Keys!$B$10,BCDTRtSY!$A$1:$A$7,0),MATCH(A27&"",BCDTRtSY!$1:$1,0)) -> 1.0630653 | F27: =INDEX(BAADTbVT!$A$1:$ZZ$7,MATCH(Keys!$B$10,BAADTbVT!$A$1:$A$7,0),MATCH(A27&"",BAADTbVT!$1:$1,0)) -> 9767 | G27: =$B$5*E27/(F27/$B$10) -> 3.0078122e+08 | H27: =G27/B27 -> 2.0847021 | I27: =$B$11*EXP($B$13*EXP($B$12*D27)) -> 2.0850667 | J27: =I27/H27-1 -> 0.00017485536
A28: 2036 | B28: =INDEX(NoH!$A$1:$ZZ$2,MATCH(Keys!$B$11,NoH!$A$1:$A$2,0),MATCH(A28&"",NoH!$1:$1,0)) -> 145526496 | C28: =INDEX(BGDP!$B$1:$B$28,MATCH(A28,BGDP!$A$1:$A$28,0)) -> 26744400000000 | D28: =C28/B28 -> 183776.84 | E28: =INDEX(BCDTRtSY!$A$1:$ZZ$7,MATCH(Keys!$B$10,BCDTRtSY!$A$1:$A$7,0),MATCH(A28&"",BCDTRtSY!$1:$1,0)) -> 1.0662586 | F28: =INDEX(BAADTbVT!$A$1:$ZZ$7,MATCH(Keys!$B$10,BAADTbVT!$A$1:$A$7,0),MATCH(A28&"",BAADTbVT!$1:$1,0)) -> 9694 | G28: =$B$5*E28/(F28/$B$10) -> 3.0395654e+08 | H28: =G28/B28 -> 2.088668 | I28: =$B$11*EXP($B$13*EXP($B$12*D28)) -> 2.0874301 | J28: =I28/H28-1 -> -0.00059265489
... A42: 2050 | B42: =INDEX(NoH!$A$1:$ZZ$2,MATCH(Keys!$B$11,NoH!$A$1:$A$2,0),MATCH(A42&"",NoH!$1:$1,0)) -> 159072735 | C42: =INDEX(BGDP!$B$1:$B$28,MATCH(A42,BGDP!$A$1:$A$28,0)) -> 33186800000000 | D42: =C42/B42 -> 208626.58 | E42: =INDEX(BCDTRtSY!$A$1:$ZZ$7,MATCH(Keys!$B$10,BCDTRtSY!$A$1:$A$7,0),MATCH(A42&"",BCDTRtSY!$1:$1,0)) -> 1.0960616 | F42: =INDEX(BAADTbVT!$A$1:$ZZ$7,MATCH(Keys!$B$10,BAADTbVT!$A$1:$A$7,0),MATCH(A42&"",BAADTbVT!$1:$1,0)) -> 9092 | G42: =$B$5*E42/(F42/$B$10) -> 3.3314057e+08 | H42: =G42/B42 -> 2.0942657 | I42: =$B$11*EXP($B$13*EXP($B$12*D42)) -> 2.1203576 | J42: =I42/H42-1 -> 0.012458718

Sheet Checks
A1: Checks
A2: 1 = problem.
A3: Check | B3: Value | C3: CHECK: 1 = problem
A4: Ownership curve deviation from the input fleet path (largest, any year) | B4: ='Ownership fit'!B14 -> 0.013662833 | C4: =IF(B4>Keys!$B$9,1,0) -> 0
A5: Start-year vehicles per household below the saturation (the curve needs room above the start) | B5: ='Ownership fit'!B8/'Ownership fit'!B11 -> 0.90588779 | C5: =IF(B5>=1,1,0) -> 0
A6: Saturation entered where the income response is zero, or the reverse (count) | B6: =SUMPRODUCT(--((('VpHC-VpHCS'!B2:C7<>0)+('VpHC-VpHCIR'!B2:C7<>0))=1)) -> 0 | C6: =IF(B6>0,1,0) -> 0
A7: Any problem above (sum) | B7: =SUM(C4:C6) -> 0 | C7: =IF(B7>0,1,0) -> 0

Sheet VpHC-VpHCS
A1: Vehicles per household curve: saturation (vehicles/household) | B1: passengers | C1: freight
A2: LDVs | B2: ='Ownership fit'!B11 -> 2.2747264 | C2: 0
A3: HDVs | B3: 0 | C3: 0
A4: aircraft | B4: 0 | C4: 0
A5: rail | B5: 0 | C5: 0
A6: ships | B6: 0 | C6: 0
A7: motorbikes | B7: 0 | C7: 0

Sheet VpHC-VpHCIR
A1: Vehicles per household curve: income response (households/$) | B1: passengers | C1: freight
A2: LDVs | B2: ='Ownership fit'!B12 -> -8.0914575e-06 | C2: 0
A3: HDVs | B3: 0 | C3: 0
A4: aircraft | B4: 0 | C4: 0
A5: rail | B5: 0 | C5: 0
A6: ships | B6: 0 | C6: 0
A7: motorbikes | B7: 0 | C7: 0
