Workbook

Sheet About
A1: FoGBPD Fraction of Grid Batteries Produced Domestically
A3: Sources: | B3: S&P Global
B4: 2024
B5: BriefCASE: The game of tariffs - US moves to stifle EV battery imports from mainland China
B6: https://www.spglobal.com/mobility/en/research-analysis/briefcase-the-game-of-tariffs-ev-battery-imports.html
B7: Figure 1
A9: Notes:
A10: This variable affects what portion of newly sold grid battery capacity qualifies for Vehicle Battery Production subsidies,
A11: if relevant.

Sheet S&P
B21: https://www.spglobal.com/mobility/en/research-analysis/briefcase-the-game-of-tariffs-ev-battery-imports.html
B23: Current share of EV battery sourcing
B24: 0.62

Sheet FoGBPD
A1: Dmnl | B1: 2025 | C1: 2026 | D1: 2027 | E1: 2028 | F1: 2029 | G1: 2030 | H1: 2031 | I1: 2032 | J1: 2033 | K1: 2034 | L1: 2035 | M1: 2036 | N1: 2037 | O1: 2038 | P1: 2039 | Q1: 2040 | R1: 2041 | S1: 2042 | T1: 2043 | U1: 2044 | V1: 2045 | W1: 2046 | X1: 2047 | Y1: 2048 | Z1: 2049 | AA1: 2050
A2: Fraction of Grid Batteries Produced Domestically | B2: ='S&P'!$B$24 -> 0.62 | C2: ='S&P'!$B$24 -> 0.62 | D2: ='S&P'!$B$24 -> 0.62 | E2: ='S&P'!$B$24 -> 0.62 | F2: ='S&P'!$B$24 -> 0.62 | G2: ='S&P'!$B$24 -> 0.62 | H2: ='S&P'!$B$24 -> 0.62 | I2: ='S&P'!$B$24 -> 0.62 | ... AA2: ='S&P'!$B$24 -> 0.62
