Workbook

Sheet About
A1: FIEF Feasible Industrial Equipment Fuels
A3: Sources: | B3: Observed fuel-process combinations (data-driven feasibility default)
B4: Energy Innovation (internal)
B5: EPS IES Industrial Equipment Shareweights calibration (InputData/indst/IES; commit f54990d4)
B6: 2026
B7: https://github.com/EnergyInnovation/eps-us
B8: Rule: a fuel observed serving a process in ANY of the 25 modeled industries is treated as technically feasible for that process in all industries (zero observed share elsewhere is a corner solution; not physical impossibility). This covers 66 of the 78 feasible cells. The remaining judgment cells are documented on the Mask tab and below.
B10: Hydrogen combustion equipment across industrial temperature ranges (judgment cells)
B11: U.S. Department of Energy
B12: Industrial Decarbonization Roadmap (DOE/EE-2635) and DOE Hydrogen Program industrial heat literature
B13: 2022
B14: https://www.energy.gov/eere/doe-industrial-decarbonization-roadmap
B15: Hydrogen burners; boilers; and furnaces are demonstrated or commercially offered across all modeled temperature bands; hydrogen turbines and engines support machine drive. Cooling and lighting are excluded (no direct hydrogen equipment pathway). VERIFY citation specifics against the primary document before external use.
B17: District heat service range (judgment cells)
B18: International Energy Agency
B19: District Heating (IEA technology page)
B20: 2024
B21: https://www.iea.org/energy-system/buildings/district-heating
B22: Purchased district heat and steam serve low-temperature process heat (below approx. 200 C) and facility HVAC; higher bands; machine drive; cooling; and lighting are excluded. VERIFY before external use.
A25: Notes:
A26: What FIEF is | B26: A 0/1 technical-feasibility mask by Industrial Fuel x Industrial Process. It does NOT set adoption; it only marks which fuel-process pairs are physically capable of serving the load. Feasible pairs receive a minimum effective shareweight (MSfFIEF) in the fuel-choice logit so that financial policies can deploy currently-unused fuels; infeasible pairs stay hard-zero.
A27: What MSfFIEF is | B27: The epsilon floor applied to feasible pairs: Effective Shareweight = MAX(IES; MSfFIEF x FIEF). At the central value 0.001 and logit exponent -6; a floored fuel reaches share parity with an incumbent (shareweight ~1) when its cost per unit energy service falls to about 1/3.2 of the incumbent's; and it captures the market if policy makes it nearly free. At BAU prices its share is approximately MSfFIEF (0.1%); the deliberate cost of unlocking policy responsiveness.
A28: Sensitivity | B28: MSfFIEF = 0.0001 requires about a 4.6x cost advantage for parity; 0.01 requires about 2.2x. The Mask tab computes these thresholds with visible formulas. Setting MSfFIEF = 0 exactly reproduces the pre-floor model (validated bit-identical).
A29: Row/column order | B29: FIEF.csv row order matches the Industrial Fuel subscript; column order matches the Industrial Process subscript in EPS.mdl. Do not re-sort.
A30: Judgment cells | B30: 12 of the 78 feasible cells are engineering judgment rather than observed use: hydrogen (9 processes; all but cooling and lighting) and district heat (heat below 100 C; heat 100 to 200 C; facility HVAC). All other feasible cells follow the observed-anywhere rule; all other zero cells are physical or practical infeasibility (e.g. only electricity serves lighting).
A31: Floor eligibility | B31: The exported mask equals technical feasibility TIMES a floor-eligibility flag per fuel (Mask tab column N). Only electricity; purchased heat; and hydrogen receive the epsilon floor. Validation runs with the floor applied to ALL feasible fuels showed cheap conventional fuels (biomass +34%; hard coal +18% in 2050 BAU fuel use at epsilon=0.001) breaking through at BAU prices in industries whose zero calibrated share reflects non-cost barriers (fuel handling; supply logistics) - a BAU distortion with no policy-analysis benefit. Restricting the floor to the policy-relevant locked-out fuels preserves BAU (conventional zeros stay hard) while unlocking clean-fuel deployment under financial policy. The full technical-feasibility matrix remains documented on the Mask tab.

Sheet Parameters
A1: Parameter | B1: Value
A2: Minimum effective shareweight (epsilon) | B2: 0.001
A3: Logit exponent magnitude (for threshold math) | B3: 6

Sheet Mask
A1: Industrial Fuel \ Industrial Process | B1: heat below 100 C | C1: heat 100 to 200 C | D1: heat 200 to 500 C | E1: heat 500 to 1000 C | F1: heat above 1000 C | G1: cooling | H1: machine drive | I1: other processes | J1: facility HVAC | K1: facility lighting | L1: other nonprocess | M1: Basis | N1: Floor eligible (1=receives epsilon floor)
A2: electricity if | B2: 1 | C2: 1 | D2: 1 | E2: 1 | F2: 1 | G2: 1 | H2: 1 | I2: 1 | J2: 1 | K2: 1 | L2: 1 | M2: observed-anywhere | N2: 1
A3: hard coal if | B3: 1 | C3: 1 | D3: 1 | E3: 1 | F3: 1 | G3: 0 | H3: 1 | I3: 1 | J3: 0 | K3: 0 | L3: 1 | M3: observed-anywhere | N3: 0
A4: natural gas if | B4: 1 | C4: 1 | D4: 1 | E4: 1 | F4: 1 | G4: 1 | H4: 1 | I4: 1 | J4: 1 | K4: 0 | L4: 1 | M4: observed-anywhere | N4: 0
A5: biomass if | B5: 1 | C5: 1 | D5: 1 | E5: 1 | F5: 1 | G5: 0 | H5: 1 | I5: 0 | J5: 0 | K5: 0 | L5: 0 | M5: observed-anywhere | N5: 0
A6: petroleum diesel if | B6: 1 | C6: 1 | D6: 1 | E6: 1 | F6: 1 | G6: 1 | H6: 1 | I6: 1 | J6: 1 | K6: 0 | L6: 1 | M6: observed-anywhere | N6: 0
A7: heat if | B7: 0 | C7: 0 | D7: 0 | E7: 0 | F7: 0 | G7: 0 | H7: 0 | I7: 0 | J7: 1 | K7: 0 | L7: 0 | M7: observed + judgment: district heat range | N7: 1
A8: crude oil if | B8: 1 | C8: 1 | D8: 1 | E8: 1 | F8: 0 | G8: 0 | H8: 1 | I8: 0 | J8: 0 | K8: 0 | L8: 1 | M8: observed-anywhere | N8: 0
A9: heavy or residual fuel oil if | B9: 1 | C9: 1 | D9: 1 | E9: 1 | F9: 0 | G9: 0 | H9: 1 | I9: 0 | J9: 0 | K9: 0 | L9: 1 | M9: observed-anywhere | N9: 0
A10: LPG propane or butane if | B10: 1 | C10: 1 | D10: 1 | E10: 1 | F10: 1 | G10: 0 | H10: 1 | I10: 1 | J10: 1 | K10: 0 | L10: 1 | M10: observed-anywhere | N10: 0
A11: hydrogen if | B11: 0 | C11: 0 | D11: 1 | E11: 1 | F11: 1 | G11: 0 | H11: 0 | I11: 0 | J11: 0 | K11: 0 | L11: 0 | M11: observed + judgment: hydrogen heat/machine drive | N11: 1
A14: Parity cost-advantage threshold (= (1/eps)^(1/exponent))
A15: eps | B15: threshold
A16: 0.0001 | B16: =(1/A16)^(1/Parameters!$B$3) -> 4.6415888
A17: 0.001 | B17: =(1/A17)^(1/Parameters!$B$3) -> 3.1622777
A18: 0.01 | B18: =(1/A18)^(1/Parameters!$B$3) -> 2.1544347
A20: Central value (from Parameters!B2) | B20: =(1/Parameters!$B$2)^(1/Parameters!$B$3) -> 3.1622777

Sheet Checks
A1: Check | B1: Result | C1: Status
A2: Count of 0/1 cells equals 110 (10 fuels x 11 processes) | B2: =COUNTIF(Mask!B2:L11,0)+COUNTIF(Mask!B2:L11,1) -> 110 | C2: =IF(B2=110,"PASS","FAIL") -> PASS
A3: Electricity row (Mask row 2) is all 1 | B3: =SUM(Mask!B2:L2) -> 11 | C3: =IF(B3=11,"PASS","FAIL") -> PASS
A4: Facility lighting column (Mask col L) sums to 1 (electricity only) | B4: =SUM(Mask!L2:L11) -> 7 | C4: =IF(B4=1,"PASS","FAIL") -> FAIL
A5: Feasible-cell count equals 78 | B5: =SUM(Mask!B2:L11) -> 70 | C5: =IF(B5=78,"PASS","FAIL") -> FAIL
A6: Epsilon (Parameters!B2) is between 0 and 0.1 | B6: =IF(AND(Parameters!$B$2>0,Parameters!$B$2<0.1),1,0) -> 1 | C6: =IF(B6=1,"PASS","FAIL") -> PASS

Sheet FIEF
A1: Feasibility (1=technically feasible; 0=infeasible) | B1: heat below 100 C | C1: heat 100 to 200 C | D1: heat 200 to 500 C | E1: heat 500 to 1000 C | F1: heat above 1000 C | G1: cooling | H1: machine drive | I1: other processes | J1: facility HVAC | K1: facility lighting | L1: other nonprocess
A2: electricity if | B2: =Mask!B2*Mask!$N2 -> 1 | C2: =Mask!C2*Mask!$N2 -> 1 | D2: =Mask!D2*Mask!$N2 -> 1 | E2: =Mask!E2*Mask!$N2 -> 1 | F2: =Mask!F2*Mask!$N2 -> 1 | G2: =Mask!G2*Mask!$N2 -> 1 | H2: =Mask!H2*Mask!$N2 -> 1 | I2: =Mask!I2*Mask!$N2 -> 1 | ... L2: =Mask!L2*Mask!$N2 -> 1
A3: hard coal if | B3: =Mask!B3*Mask!$N3 -> 0 | C3: =Mask!C3*Mask!$N3 -> 0 | D3: =Mask!D3*Mask!$N3 -> 0 | E3: =Mask!E3*Mask!$N3 -> 0 | F3: =Mask!F3*Mask!$N3 -> 0 | G3: =Mask!G3*Mask!$N3 -> 0 | H3: =Mask!H3*Mask!$N3 -> 0 | I3: =Mask!I3*Mask!$N3 -> 0 | ... L3: =Mask!L3*Mask!$N3 -> 0
A4: natural gas if | B4: =Mask!B4*Mask!$N4 -> 0 | C4: =Mask!C4*Mask!$N4 -> 0 | D4: =Mask!D4*Mask!$N4 -> 0 | E4: =Mask!E4*Mask!$N4 -> 0 | F4: =Mask!F4*Mask!$N4 -> 0 | G4: =Mask!G4*Mask!$N4 -> 0 | H4: =Mask!H4*Mask!$N4 -> 0 | I4: =Mask!I4*Mask!$N4 -> 0 | ... L4: =Mask!L4*Mask!$N4 -> 0
A5: biomass if | B5: =Mask!B5*Mask!$N5 -> 0 | C5: =Mask!C5*Mask!$N5 -> 0 | D5: =Mask!D5*Mask!$N5 -> 0 | E5: =Mask!E5*Mask!$N5 -> 0 | F5: =Mask!F5*Mask!$N5 -> 0 | G5: =Mask!G5*Mask!$N5 -> 0 | H5: =Mask!H5*Mask!$N5 -> 0 | I5: =Mask!I5*Mask!$N5 -> 0 | ... L5: =Mask!L5*Mask!$N5 -> 0
A6: petroleum diesel if | B6: =Mask!B6*Mask!$N6 -> 0 | C6: =Mask!C6*Mask!$N6 -> 0 | D6: =Mask!D6*Mask!$N6 -> 0 | E6: =Mask!E6*Mask!$N6 -> 0 | F6: =Mask!F6*Mask!$N6 -> 0 | G6: =Mask!G6*Mask!$N6 -> 0 | H6: =Mask!H6*Mask!$N6 -> 0 | I6: =Mask!I6*Mask!$N6 -> 0 | ... L6: =Mask!L6*Mask!$N6 -> 0
A7: heat if | B7: =Mask!B7*Mask!$N7 -> 0 | C7: =Mask!C7*Mask!$N7 -> 0 | D7: =Mask!D7*Mask!$N7 -> 0 | E7: =Mask!E7*Mask!$N7 -> 0 | F7: =Mask!F7*Mask!$N7 -> 0 | G7: =Mask!G7*Mask!$N7 -> 0 | H7: =Mask!H7*Mask!$N7 -> 0 | I7: =Mask!I7*Mask!$N7 -> 0 | ... L7: =Mask!L7*Mask!$N7 -> 0
A8: crude oil if | B8: =Mask!B8*Mask!$N8 -> 0 | C8: =Mask!C8*Mask!$N8 -> 0 | D8: =Mask!D8*Mask!$N8 -> 0 | E8: =Mask!E8*Mask!$N8 -> 0 | F8: =Mask!F8*Mask!$N8 -> 0 | G8: =Mask!G8*Mask!$N8 -> 0 | H8: =Mask!H8*Mask!$N8 -> 0 | I8: =Mask!I8*Mask!$N8 -> 0 | ... L8: =Mask!L8*Mask!$N8 -> 0
A9: heavy or residual fuel oil if | B9: =Mask!B9*Mask!$N9 -> 0 | C9: =Mask!C9*Mask!$N9 -> 0 | D9: =Mask!D9*Mask!$N9 -> 0 | E9: =Mask!E9*Mask!$N9 -> 0 | F9: =Mask!F9*Mask!$N9 -> 0 | G9: =Mask!G9*Mask!$N9 -> 0 | H9: =Mask!H9*Mask!$N9 -> 0 | I9: =Mask!I9*Mask!$N9 -> 0 | ... L9: =Mask!L9*Mask!$N9 -> 0
A10: LPG propane or butane if | B10: =Mask!B10*Mask!$N10 -> 0 | C10: =Mask!C10*Mask!$N10 -> 0 | D10: =Mask!D10*Mask!$N10 -> 0 | E10: =Mask!E10*Mask!$N10 -> 0 | F10: =Mask!F10*Mask!$N10 -> 0 | G10: =Mask!G10*Mask!$N10 -> 0 | H10: =Mask!H10*Mask!$N10 -> 0 | I10: =Mask!I10*Mask!$N10 -> 0 | ... L10: =Mask!L10*Mask!$N10 -> 0
A11: hydrogen if | B11: =Mask!B11*Mask!$N11 -> 0 | C11: =Mask!C11*Mask!$N11 -> 0 | D11: =Mask!D11*Mask!$N11 -> 1 | E11: =Mask!E11*Mask!$N11 -> 1 | F11: =Mask!F11*Mask!$N11 -> 1 | G11: =Mask!G11*Mask!$N11 -> 0 | H11: =Mask!H11*Mask!$N11 -> 0 | I11: =Mask!I11*Mask!$N11 -> 0 | ... L11: =Mask!L11*Mask!$N11 -> 0

Sheet MSfFIEF
A1: Unit: dimensionless (minimum effective shareweight) | B1: Minimum Shareweight
A2: Feasible Industrial Equipment Fuels | B2: =Parameters!$B$2 -> 0.001
