Workbook

Sheet About
A1: BRZSPbS BAU Required ZEV Sales Percentage by Subregion
A3: Sources: | B3: State Passenger LDV Requirements
B4: California Air Resources Board
B5: 2022
B6: Final Regulation Order, Section 1962.4, Title 13, California Code of Regulations
B7: https://ww2.arb.ca.gov/sites/default/files/barcu/regact/2022/accii/acciifro1962.4.pdf
B8: Page 4
B10: Which States Follow ACC I Standards?
B11: California Air Resources Board + state regs
B12: 2019-2022
B13: 177 States
B14: https://ww2.arb.ca.gov/sites/default/files/2019-03/177-states.pdf
B15: https://ecology.wa.gov/Regulations-Permits/Laws-rules-rulemaking/Rulemaking/WAC-173-423-400
B16: https://ndep.nv.gov/uploads/air-ccn-docs/clean_cars_nv_reg.pdf
B17: https://cloud.env.nm.gov/air/resources/_translator.php/NoP4Wd1EyorPC~sl~BWz~sl~H2+PXdCQEKefUZ7Ou8Vgq~sl~x2ZYzqa1zexRjaNVbxGMCgU8AVirLkjjLdev8vysjOadSflGgbBfGQtLEpGCtN+kDVh1YPy2q5u9L4gGZ4Ls+vKK.pdf
B18: https://lis.virginia.gov/cgi-bin/legp604.exe?212+ful+HB1965ER
A20: Notes
A21: This variable expresses the percentage of vehicles sold in each subregion that must be
A22: ZEVs in each year (i.e., due to a mandate or binding target implemented in legislation).
A23: It should not cover any requirements outside the subregional geography (for the whole model region).
A24: I.e. the US national model should not cover federal requirements here, only state requirements.
A25: The model will allow more ZEVs than this to be sold if economic factors would favor
A26: a higher level of ZEV deployment. This variable should only contain the legislative
A27: required ZEV shares, not projected or expected ZEV shares based on economics,
A28: ZEV subsidies, or other such factors.
A30: Although manufacturers often begin selling new models before the calendar year begins, the
A31: EPS can't impose a ZEV standard for part of a year. Therefore, we assume sales year = model year.
A33: U.S. Data
... A35: ACCI eforcement runs through 2025

Sheet CA Standards and Followers
B1: 2020 | C1: 2021 | D1: 2022 | E1: 2023 | F1: 2024 | G1: 2025 | H1: 2026 | I1: 2027 | J1: 2028 | K1: 2029 | L1: 2030 | M1: 2031 | N1: 2032 | O1: 2033 | P1: 2034 | Q1: 2035 | R1: 2036 | S1: 2037 | T1: 2038 | U1: 2039 | V1: 2040 | W1: 2041 | X1: 2042 | Y1: 2043 | Z1: 2044 | AA1: 2045 | AB1: 2046 | AC1: 2047 | AD1: 2048 | AE1: 2049 | AF1: 2050
A2: passenger LDVs ACC I | B2: 0 | C2: 0 | D2: 0 | E2: 0 | F2: =8% -> 0.08 | G2: =8% -> 0.08 | H2: 0 | I2: 0 | J2: 0 | K2: 0 | L2: 0 | M2: 0 | N2: 0 | O2: 0 | P2: 0 | Q2: 0 | R2: 0 | S2: 0 | T2: 0 | U2: 0 | V2: 0 | W2: 0 | X2: 0 | Y2: 0 | Z2: 0 | AA2: 0 | AB2: 0 | AC2: 0 | AD2: 0 | AE2: 0 | AF2: 0
C5: gray = no longer used
A6: use '1' to indicate that the state follows the rule | B6: Calibration Values for EPA LDV Stds Applied? | C6: Calibration Values for EPA HDV Stds Applied? | D6: Does this state follow: | G6: What model year does this state begin regulating:
D7: ACC I | E7: ACC II | F7: ACT | G7: ACC I Cars | H7: ACC II Cars | I7: Trucks
A8: Alabama | B8: =IF(E8>0,0,1) -> 1 | C8: =IF(F8=0,1) -> 1 | D8: 0 | E8: 0 | F8: 0
A9: Alaska | B9: =IF(E9>0,0,1) -> 1 | C9: =IF(F9=0,1) -> 1 | D9: 0 | E9: 0 | F9: 0
A10: Arizona | B10: =IF(E10>0,0,1) -> 1 | C10: =IF(F10=0,1) -> 1 | D10: 0 | E10: 0 | F10: 0
A11: Arkansas | B11: =IF(E11>0,0,1) -> 1 | C11: =IF(F11=0,1) -> 1 | D11: 0 | E11: 0 | F11: 0
A12: California | B12: =IF(E12>0,0,1) -> 1 | C12: =IF(F12=0,1) -> 1 | D12: 1 | E12: 0 | F12: 0 | G12: 1990 | H12: 2026 | I12: 2024
A13: Colorado | B13: =IF(E13>0,0,1) -> 1 | C13: =IF(F13=0,1) -> 1 | D13: 1 | E13: 0 | F13: 0 | G13: 2023 | H13: 2026 | I13: 2027
A14: Connecticut | B14: =IF(E14>0,0,1) -> 1 | C14: =IF(F14=0,1) -> 1 | D14: 1 | E14: 0 | F14: 0 | G14: 2008
A15: Delaware | B15: =IF(E15>0,0,1) -> 1 | C15: =IF(F15=0,1) -> 1 | D15: 0 | E15: 0 | F15: 0 | H15: 2026
A16: District of Columbia | B16: =IF(E16>0,0,1) -> 1 | C16: =IF(F16=0,1) -> 1 | D16: 0 | E16: 0 | F16: 0 | H16: 2026
A17: Florida | B17: =IF(E17>0,0,1) -> 1 | C17: =IF(F17=0,1) -> 1 | D17: 0 | E17: 0 | F17: 0
A18: Georgia | B18: =IF(E18>0,0,1) -> 1 | C18: =IF(F18=0,1) -> 1 | D18: 0 | E18: 0 | F18: 0
A19: Hawaii | B19: =IF(E19>0,0,1) -> 1 | C19: =IF(F19=0,1) -> 1 | D19: 0 | E19: 0 | F19: 0
A20: Idaho | B20: =IF(E20>0,0,1) -> 1 | C20: =IF(F20=0,1) -> 1 | D20: 0 | E20: 0 | F20: 0
A21: Illinois | B21: =IF(E21>0,0,1) -> 1 | C21: =IF(F21=0,1) -> 1 | D21: 0 | E21: 0 | F21: 0
A22: Indiana | B22: =IF(E22>0,0,1) -> 1 | C22: =IF(F22=0,1) -> 1 | D22: 0 | E22: 0 | F22: 0
A23: Iowa | B23: =IF(E23>0,0,1) -> 1 | C23: =IF(F23=0,1) -> 1 | D23: 0 | E23: 0 | F23: 0
A24: Kansas | B24: =IF(E24>0,0,1) -> 1 | C24: =IF(F24=0,1) -> 1 | D24: 0 | E24: 0 | F24: 0
A25: Kentucky | B25: =IF(E25>0,0,1) -> 1 | C25: =IF(F25=0,1) -> 1 | D25: 0 | E25: 0 | F25: 0
A26: Louisiana | B26: =IF(E26>0,0,1) -> 1 | C26: =IF(F26=0,1) -> 1 | D26: 0 | E26: 0 | F26: 0
A27: Maine | B27: =IF(E27>0,0,1) -> 1 | C27: =IF(F27=0,1) -> 1 | D27: 1 | E27: 0 | F27: 0 | G27: 2001
A28: Maryland | B28: =IF(E28>0,0,1) -> 1 | C28: =IF(F28=0,1) -> 1 | D28: 1 | E28: 0 | F28: 0 | G28: 2011 | H28: 2026 | I28: 2027
A29: Massachusetts | B29: =IF(E29>0,0,1) -> 1 | C29: =IF(F29=0,1) -> 1 | D29: 1 | E29: 0 | F29: 0 | G29: 1995 | H29: 2026 | I29: 2025
A30: Michigan | B30: =IF(E30>0,0,1) -> 1 | C30: =IF(F30=0,1) -> 1 | D30: 0 | E30: 0 | F30: 0
A31: Minnesota | B31: =IF(E31>0,0,1) -> 1 | C31: =IF(F31=0,1) -> 1 | D31: 1 | E31: 0 | F31: 0 | G31: 2025
A32: Mississippi | B32: =IF(E32>0,0,1) -> 1 | C32: =IF(F32=0,1) -> 1 | D32: 0 | E32: 0 | F32: 0
A33: Missouri | B33: =IF(E33>0,0,1) -> 1 | C33: =IF(F33=0,1) -> 1 | D33: 0 | E33: 0 | F33: 0
A34: Montana | B34: =IF(E34>0,0,1) -> 1 | C34: =IF(F34=0,1) -> 1 | D34: 0 | E34: 0 | F34: 0
A35: Nebraska | B35: =IF(E35>0,0,1) -> 1 | C35: =IF(F35=0,1) -> 1 | D35: 0 | E35: 0 | F35: 0
A36: Nevada | B36: =IF(E36>0,0,1) -> 1 | C36: =IF(F36=0,1) -> 1 | D36: 1 | E36: 0 | F36: 0 | G36: 2025
A37: New Hampshire | B37: =IF(E37>0,0,1) -> 1 | C37: =IF(F37=0,1) -> 1 | D37: 0 | E37: 0 | F37: 0
A38: New Jersey | B38: =IF(E38>0,0,1) -> 1 | C38: =IF(F38=0,1) -> 1 | D38: 1 | E38: 0 | F38: 0 | G38: 2009 | H38: 2026 | I38: 2025
A39: New Mexico | B39: =IF(E39>0,0,1) -> 1 | C39: =IF(F39=0,1) -> 1 | D39: 1 | E39: 0 | F39: 0 | G39: 2026 | H39: 2026 | I39: 2027
A40: New York | B40: =IF(E40>0,0,1) -> 1 | C40: =IF(F40=0,1) -> 1 | D40: 1 | E40: 0 | F40: 0 | G40: 1993 | H40: 2026 | I40: 2025
A41: North Carolina | B41: =IF(E41>0,0,1) -> 1 | C41: =IF(F41=0,1) -> 1 | D41: 0 | E41: 0 | F41: 0
A42: North Dakota | B42: =IF(E42>0,0,1) -> 1 | C42: =IF(F42=0,1) -> 1 | D42: 0 | E42: 0 | F42: 0
A43: Ohio | B43: =IF(E43>0,0,1) -> 1 | C43: =IF(F43=0,1) -> 1 | D43: 0 | E43: 0 | F43: 0
A44: Oklahoma | B44: =IF(E44>0,0,1) -> 1 | C44: =IF(F44=0,1) -> 1 | D44: 0 | E44: 0 | F44: 0
A45: Oregon | B45: =IF(E45>0,0,1) -> 1 | C45: =IF(F45=0,1) -> 1 | D45: 1 | E45: 0 | F45: 0 | G45: 2009 | H45: 2026 | I45: 2024
A46: Pennsylvania | B46: =IF(E46>0,0,1) -> 1 | C46: =IF(F46=0,1) -> 1 | D46: 0 | E46: 0 | F46: 0
A47: Rhode Island | B47: =IF(E47>0,0,1) -> 1 | C47: =IF(F47=0,1) -> 1 | D47: 1 | E47: 0 | F47: 0 | G47: 2008 | H47: 2026 | I47: 2027
A48: South Carolina | B48: =IF(E48>0,0,1) -> 1 | C48: =IF(F48=0,1) -> 1 | D48: 0 | E48: 0 | F48: 0
A49: South Dakota | B49: =IF(E49>0,0,1) -> 1 | C49: =IF(F49=0,1) -> 1 | D49: 0 | E49: 0 | F49: 0
A50: Tennessee | B50: =IF(E50>0,0,1) -> 1 | C50: =IF(F50=0,1) -> 1 | D50: 0 | E50: 0 | F50: 0
A51: Texas | B51: =IF(E51>0,0,1) -> 1 | C51: =IF(F51=0,1) -> 1 | D51: 0 | E51: 0 | F51: 0
A52: Utah | B52: =IF(E52>0,0,1) -> 1 | C52: =IF(F52=0,1) -> 1 | D52: 0 | E52: 0 | F52: 0
A53: Vermont | B53: =IF(E53>0,0,1) -> 1 | C53: =IF(F53=0,1) -> 1 | D53: 1 | E53: 0 | F53: 0 | G53: 2000 | H53: 2026 | I53: 2025
A54: Virginia | B54: =IF(E54>0,0,1) -> 1 | C54: =IF(F54=0,1) -> 1 | D54: 1 | E54: 0 | F54: 0 | G54: 2025 | H54: 2026
A55: Washington | B55: =IF(E55>0,0,1) -> 1 | C55: =IF(F55=0,1) -> 1 | D55: 1 | E55: 0 | F55: 0 | G55: 2025 | H55: 2026 | I55: 2025
A56: West Virginia | B56: =IF(E56>0,0,1) -> 1 | C56: =IF(F56=0,1) -> 1 | D56: 0 | E56: 0 | F56: 0
A57: Wisconsin | B57: =IF(E57>0,0,1) -> 1 | C57: =IF(F57=0,1) -> 1 | D57: 0 | E57: 0 | F57: 0
A58: Wyoming | B58: =IF(E58>0,0,1) -> 1 | C58: =IF(F58=0,1) -> 1 | D58: 0 | E58: 0 | F58: 0
A59: subregion52 | B59: =IF(E59>0,0,1) -> 1 | C59: =IF(F59=0,1) -> 1 | D59: 0 | E59: 0 | F59: 0
A60: subregion53 | B60: =IF(E60>0,0,1) -> 1 | C60: =IF(F60=0,1) -> 1 | D60: 0 | E60: 0 | F60: 0
A61: subregion54 | B61: =IF(E61>0,0,1) -> 1 | C61: =IF(F61=0,1) -> 1 | D61: 0 | E61: 0 | F61: 0
A62: subregion55 | B62: =IF(E62>0,0,1) -> 1 | C62: =IF(F62=0,1) -> 1 | D62: 0 | E62: 0 | F62: 0
A63: subregion56 | B63: =IF(E63>0,0,1) -> 1 | C63: =IF(F63=0,1) -> 1 | D63: 0 | E63: 0 | F63: 0
A64: subregion57 | B64: =IF(E64>0,0,1) -> 1 | C64: =IF(F64=0,1) -> 1 | D64: 0 | E64: 0 | F64: 0
A65: subregion58 | B65: =IF(E65>0,0,1) -> 1 | C65: =IF(F65=0,1) -> 1 | D65: 0 | E65: 0 | F65: 0
A66: subregion59 | B66: =IF(E66>0,0,1) -> 1 | C66: =IF(F66=0,1) -> 1 | D66: 0 | E66: 0 | F66: 0
A67: subregion60 | B67: =IF(E67>0,0,1) -> 1 | C67: =IF(F67=0,1) -> 1 | D67: 0 | E67: 0 | F67: 0

Sheet BRZSPbS-psgr-ldv
A1: Unit: % (share of vehicles that must be ZEVs) | B1: 2020 | C1: 2021 | D1: 2022 | E1: 2023 | F1: 2024 | G1: 2025 | H1: 2026 | I1: 2027 | J1: 2028 | K1: 2029 | L1: 2030 | M1: 2031 | N1: 2032 | O1: 2033 | P1: 2034 | Q1: 2035 | R1: 2036 | S1: 2037 | T1: 2038 | U1: 2039 | V1: 2040 | W1: 2041 | X1: 2042 | Y1: 2043 | Z1: 2044 | AA1: 2045 | AB1: 2046 | AC1: 2047 | AD1: 2048 | AE1: 2049 | AF1: 2050
A2: Alabama | B2: =IF(AND(INDEX('CA Standards and Followers'!$E$8:$E$67,MATCH($A2,'CA Standards and Followers'!$A$8:$A$67,0))=1,INDEX('CA Standards and Followers'!$H$8:$H$67,MATCH($A2,'CA Standards and Followers'!$A$8:$A$67,0))<=B$1),INDEX('CA Standards and Followers'!#REF!,MATCH(B$1,'CA Standards and Followers'!$1:$1,0)),IF(AND(INDEX('CA Standards and Followers'!$D$8:$D$67,MATCH($A2,'CA Standards and Followers'!$A$8:$A$67,0))=1,INDEX('CA Standards and Followers'!$G$8:$G$67,MATCH($A2,'CA Standards and Followers'!$A$8:$A$67,0))<=B$1),INDEX('CA Standards and Followers'!$2:$2,MATCH(B$1,'CA Standards and Followers'!$1:$1,0)),0)) -> 0 | C2: =IF(AND(INDEX('CA Standards and Followers'!$E$8:$E$67,MATCH($A2,'CA Standards and Followers'!$A$8:$A$67,0))=1,INDEX('CA Standards and Followers'!$H$8:$H$67,MATCH($A2,'CA Standards and Followers'!$A$8:$A$67,0))<=C$1),INDEX('CA Standards and Followers'!#REF!,MATCH(C$1,'CA Standards and Followers'!$1:$1,0)),IF(AND(INDEX('CA Standards and Followers'!$D$8:$D$67,MATCH($A2,'CA Standards and Followers'!$A$8:$A$67,0))=1,INDEX('CA Standards and Followers'!$G$8:$G$67,MATCH($A2,'CA Standards and Followers'!$A$8:$A$67,0))<=C$1),INDEX('CA Standards and Followers'!$2:$2,MATCH(C$1,'CA Standards and Followers'!$1:$1,0)),0)) -> 0 | D2: =IF(AND(INDEX('CA Standards and Followers'!$E$8:$E$67,MATCH($A2,'CA Standards and Followers'!$A$8:$A$67,0))=1,INDEX('CA Standards and Followers'!$H$8:$H$67,MATCH($A2,'CA Standards and Followers'!$A$8:$A$67,0))<=D$1),INDEX('CA Standards and Followers'!#REF!,MATCH(D$1,'CA Standards and Followers'!$1:$1,0)),IF(AND(INDEX('CA Standards and Followers'!$D$8:$D$67,MATCH($A2,'CA Standards and Followers'!$A$8:$A$67,0))=1,INDEX('CA Standards and Followers'!$G$8:$G$67,MATCH($A2,'CA Standards and Followers'!$A$8:$A$67,0))<=D$1),INDEX('CA Standards and Followers'!$2:$2,MATCH(D$1,'CA Standards and Followers'!$1:$1,0)),0)) -> 0 | E2: =IF(AND(INDEX('CA Standards and Followers'!$E$8:$E$67,MATCH($A2,'CA Standards and Followers'!$A$8:$A$67,0))=1,INDEX('CA Standards and Followers'!$H$8:$H$67,MATCH($A2,'CA Standards and Followers'!$A$8:$A$67,0))<=E$1),INDEX('CA Standards and Followers'!#REF!,MATCH(E$1,'CA Standards and Followers'!$1:$1,0)),IF(AND(INDEX('CA Standards and Followers'!$D$8:$D$67,MATCH($A2,'CA Standards and Followers'!$A$8:$A$67,0))=1,INDEX('CA Standards and Followers'!$G$8:$G$67,MATCH($A2,'CA Standards and Followers'!$A$8:$A$67,0))<=E$1),INDEX('CA Standards and Followers'!$2:$2,MATCH(E$1,'CA Standards and Followers'!$1:$1,0)),0)) -> 0 | F2: =IF(AND(INDEX('CA Standards and Followers'!$E$8:$E$67,MATCH($A2,'CA Standards and Followers'!$A$8:$A$67,0))=1,INDEX('CA Standards and Followers'!$H$8:$H$67,MATCH($A2,'CA Standards and Followers'!$A$8:$A$67,0))<=F$1),INDEX('CA Standards and Followers'!#REF!,MATCH(F$1,'CA Standards and Followers'!$1:$1,0)),IF(AND(INDEX('CA Standards and Followers'!$D$8:$D$67,MATCH($A2,'CA Standards and Followers'!$A$8:$A$67,0))=1,INDEX('CA Standards and Followers'!$G$8:$G$67,MATCH($A2,'CA Standards and Followers'!$A$8:$A$67,0))<=F$1),INDEX('CA Standards and Followers'!$2:$2,MATCH(F$1,'CA Standards and Followers'!$1:$1,0)),0)) -> 0 | G2: =IF(AND(INDEX('CA Standards and Followers'!$E$8:$E$67,MATCH($A2,'CA Standards and Followers'!$A$8:$A$67,0))=1,INDEX('CA Standards and Followers'!$H$8:$H$67,MATCH($A2,'CA Standards and Followers'!$A$8:$A$67,0))<=G$1),INDEX('CA Standards and Followers'!#REF!,MATCH(G$1,'CA Standards and Followers'!$1:$1,0)),IF(AND(INDEX('CA Standards and Followers'!$D$8:$D$67,MATCH($A2,'CA Standards and Followers'!$A$8:$A$67,0))=1,INDEX('CA Standards and Followers'!$G$8:$G$67,MATCH($A2,'CA Standards and Followers'!$A$8:$A$67,0))<=G$1),INDEX('CA Standards and Followers'!$2:$2,MATCH(G$1,'CA Standards and Followers'!$1:$1,0)),0)) -> 0 | H2: =IF(AND(INDEX('CA Standards and Followers'!$E$8:$E$67,MATCH($A2,'CA Standards and Followers'!$A$8:$A$67,0))=1,INDEX('CA Standards and Followers'!$H$8:$H$67,MATCH($A2,'CA Standards and Followers'!$A$8:$A$67,0))<=H$1),INDEX('CA Standards and Followers'!#REF!,MATCH(H$1,'CA Standards and Followers'!$1:$1,0)),IF(AND(INDEX('CA Standards and Followers'!$D$8:$D$67,MATCH($A2,'CA Standards and Followers'!$A$8:$A$67,0))=1,INDEX('CA Standards and Followers'!$G$8:$G$67,MATCH($A2,'CA Standards and Followers'!$A$8:$A$67,0))<=H$1),INDEX('CA Standards and Followers'!$2:$2,MATCH(H$1,'CA Standards and Followers'!$1:$1,0)),0)) -> 0 | I2: =IF(AND(INDEX('CA Standards and Followers'!$E$8:$E$67,MATCH($A2,'CA Standards and Followers'!$A$8:$A$67,0))=1,INDEX('CA Standards and Followers'!$H$8:$H$67,MATCH($A2,'CA Standards and Followers'!$A$8:$A$67,0))<=I$1),INDEX('CA Standards and Followers'!#REF!,MATCH(I$1,'CA Standards and Followers'!$1:$1,0)),IF(AND(INDEX('CA Standards and Followers'!$D$8:$D$67,MATCH($A2,'CA Standards and Followers'!$A$8:$A$67,0))=1,INDEX('CA Standards and Followers'!$G$8:$G$67,MATCH($A2,'CA Standards and Followers'!$A$8:$A$67,0))<=I$1),INDEX('CA Standards and Followers'!$2:$2,MATCH(I$1,'CA Standards and Followers'!$1:$1,0)),0)) -> 0 | ... AF2: =IF(AND(INDEX('CA Standards and Followers'!$E$8:$E$67,MATCH($A2,'CA Standards and Followers'!$A$8:$A$67,0))=1,INDEX('CA Standards and Followers'!$H$8:$H$67,MATCH($A2,'CA Standards and Followers'!$A$8:$A$67,0))<=AF$1),INDEX('CA Standards and Followers'!#REF!,MATCH(AF$1,'CA Standards and Followers'!$1:$1,0)),IF(AND(INDEX('CA Standards and Followers'!$D$8:$D$67,MATCH($A2,'CA Standards and Followers'!$A$8:$A$67,0))=1,INDEX('CA Standards and Followers'!$G$8:$G$67,MATCH($A2,'CA Standards and Followers'!$A$8:$A$67,0))<=AF$1),INDEX('CA Standards and Followers'!$2:$2,MATCH(AF$1,'CA Standards and Followers'!$1:$1,0)),0)) -> 0
A3: Alaska | B3: =IF(AND(INDEX('CA Standards and Followers'!$E$8:$E$67,MATCH($A3,'CA Standards and Followers'!$A$8:$A$67,0))=1,INDEX('CA Standards and Followers'!$H$8:$H$67,MATCH($A3,'CA Standards and Followers'!$A$8:$A$67,0))<=B$1),INDEX('CA Standards and Followers'!#REF!,MATCH(B$1,'CA Standards and Followers'!$1:$1,0)),IF(AND(INDEX('CA Standards and Followers'!$D$8:$D$67,MATCH($A3,'CA Standards and Followers'!$A$8:$A$67,0))=1,INDEX('CA Standards and Followers'!$G$8:$G$67,MATCH($A3,'CA Standards and Followers'!$A$8:$A$67,0))<=B$1),INDEX('CA Standards and Followers'!$2:$2,MATCH(B$1,'CA Standards and Followers'!$1:$1,0)),0)) -> 0 | C3: =IF(AND(INDEX('CA Standards and Followers'!$E$8:$E$67,MATCH($A3,'CA Standards and Followers'!$A$8:$A$67,0))=1,INDEX('CA Standards and Followers'!$H$8:$H$67,MATCH($A3,'CA Standards and Followers'!$A$8:$A$67,0))<=C$1),INDEX('CA Standards and Followers'!#REF!,MATCH(C$1,'CA Standards and Followers'!$1:$1,0)),IF(AND(INDEX('CA Standards and Followers'!$D$8:$D$67,MATCH($A3,'CA Standards and Followers'!$A$8:$A$67,0))=1,INDEX('CA Standards and Followers'!$G$8:$G$67,MATCH($A3,'CA Standards and Followers'!$A$8:$A$67,0))<=C$1),INDEX('CA Standards and Followers'!$2:$2,MATCH(C$1,'CA Standards and Followers'!$1:$1,0)),0)) -> 0 | D3: =IF(AND(INDEX('CA Standards and Followers'!$E$8:$E$67,MATCH($A3,'CA Standards and Followers'!$A$8:$A$67,0))=1,INDEX('CA Standards and Followers'!$H$8:$H$67,MATCH($A3,'CA Standards and Followers'!$A$8:$A$67,0))<=D$1),INDEX('CA Standards and Followers'!#REF!,MATCH(D$1,'CA Standards and Followers'!$1:$1,0)),IF(AND(INDEX('CA Standards and Followers'!$D$8:$D$67,MATCH($A3,'CA Standards and Followers'!$A$8:$A$67,0))=1,INDEX('CA Standards and Followers'!$G$8:$G$67,MATCH($A3,'CA Standards and Followers'!$A$8:$A$67,0))<=D$1),INDEX('CA Standards and Followers'!$2:$2,MATCH(D$1,'CA Standards and Followers'!$1:$1,0)),0)) -> 0 | E3: =IF(AND(INDEX('CA Standards and Followers'!$E$8:$E$67,MATCH($A3,'CA Standards and Followers'!$A$8:$A$67,0))=1,INDEX('CA Standards and Followers'!$H$8:$H$67,MATCH($A3,'CA Standards and Followers'!$A$8:$A$67,0))<=E$1),INDEX('CA Standards and Followers'!#REF!,MATCH(E$1,'CA Standards and Followers'!$1:$1,0)),IF(AND(INDEX('CA Standards and Followers'!$D$8:$D$67,MATCH($A3,'CA Standards and Followers'!$A$8:$A$67,0))=1,INDEX('CA Standards and Followers'!$G$8:$G$67,MATCH($A3,'CA Standards and Followers'!$A$8:$A$67,0))<=E$1),INDEX('CA Standards and Followers'!$2:$2,MATCH(E$1,'CA Standards and Followers'!$1:$1,0)),0)) -> 0 | F3: =IF(AND(INDEX('CA Standards and Followers'!$E$8:$E$67,MATCH($A3,'CA Standards and Followers'!$A$8:$A$67,0))=1,INDEX('CA Standards and Followers'!$H$8:$H$67,MATCH($A3,'CA Standards and Followers'!$A$8:$A$67,0))<=F$1),INDEX('CA Standards and Followers'!#REF!,MATCH(F$1,'CA Standards and Followers'!$1:$1,0)),IF(AND(INDEX('CA Standards and Followers'!$D$8:$D$67,MATCH($A3,'CA Standards and Followers'!$A$8:$A$67,0))=1,INDEX('CA Standards and Followers'!$G$8:$G$67,MATCH($A3,'CA Standards and Followers'!$A$8:$A$67,0))<=F$1),INDEX('CA Standards and Followers'!$2:$2,MATCH(F$1,'CA Standards and Followers'!$1:$1,0)),0)) -> 0 | G3: =IF(AND(INDEX('CA Standards and Followers'!$E$8:$E$67,MATCH($A3,'CA Standards and Followers'!$A$8:$A$67,0))=1,INDEX('CA Standards and Followers'!$H$8:$H$67,MATCH($A3,'CA Standards and Followers'!$A$8:$A$67,0))<=G$1),INDEX('CA Standards and Followers'!#REF!,MATCH(G$1,'CA Standards and Followers'!$1:$1,0)),IF(AND(INDEX('CA Standards and Followers'!$D$8:$D$67,MATCH($A3,'CA Standards and Followers'!$A$8:$A$67,0))=1,INDEX('CA Standards and Followers'!$G$8:$G$67,MATCH($A3,'CA Standards and Followers'!$A$8:$A$67,0))<=G$1),INDEX('CA Standards and Followers'!$2:$2,MATCH(G$1,'CA Standards and Followers'!$1:$1,0)),0)) -> 0 | H3: =IF(AND(INDEX('CA Standards and Followers'!$E$8:$E$67,MATCH($A3,'CA Standards and Followers'!$A$8:$A$67,0))=1,INDEX('CA Standards and Followers'!$H$8:$H$67,MATCH($A3,'CA Standards and Followers'!$A$8:$A$67,0))<=H$1),INDEX('CA Standards and Followers'!#REF!,MATCH(H$1,'CA Standards and Followers'!$1:$1,0)),IF(AND(INDEX('CA Standards and Followers'!$D$8:$D$67,MATCH($A3,'CA Standards and Followers'!$A$8:$A$67,0))=1,INDEX('CA Standards and Followers'!$G$8:$G$67,MATCH($A3,'CA Standards and Followers'!$A$8:$A$67,0))<=H$1),INDEX('CA Standards and Followers'!$2:$2,MATCH(H$1,'CA Standards and Followers'!$1:$1,0)),0)) -> 0 | I3: =IF(AND(INDEX('CA Standards and Followers'!$E$8:$E$67,MATCH($A3,'CA Standards and Followers'!$A$8:$A$67,0))=1,INDEX('CA Standards and Followers'!$H$8:$H$67,MATCH($A3,'CA Standards and Followers'!$A$8:$A$67,0))<=I$1),INDEX('CA Standards and Followers'!#REF!,MATCH(I$1,'CA Standards and Followers'!$1:$1,0)),IF(AND(INDEX('CA Standards and Followers'!$D$8:$D$67,MATCH($A3,'CA Standards and Followers'!$A$8:$A$67,0))=1,INDEX('CA Standards and Followers'!$G$8:$G$67,MATCH($A3,'CA Standards and Followers'!$A$8:$A$67,0))<=I$1),INDEX('CA Standards and Followers'!$2:$2,MATCH(I$1,'CA Standards and Followers'!$1:$1,0)),0)) -> 0 | ... AF3: =IF(AND(INDEX('CA Standards and Followers'!$E$8:$E$67,MATCH($A3,'CA Standards and Followers'!$A$8:$A$67,0))=1,INDEX('CA Standards and Followers'!$H$8:$H$67,MATCH($A3,'CA Standards and Followers'!$A$8:$A$67,0))<=AF$1),INDEX('CA Standards and Followers'!#REF!,MATCH(AF$1,'CA Standards and Followers'!$1:$1,0)),IF(AND(INDEX('CA Standards and Followers'!$D$8:$D$67,MATCH($A3,'CA Standards and Followers'!$A$8:$A$67,0))=1,INDEX('CA Standards and Followers'!$G$8:$G$67,MATCH($A3,'CA Standards and Followers'!$A$8:$A$67,0))<=AF$1),INDEX('CA Standards and Followers'!$2:$2,MATCH(AF$1,'CA Standards and Followers'!$1:$1,0)),0)) -> 0
A4: Arizona | B4: =IF(AND(INDEX('CA Standards and Followers'!$E$8:$E$67,MATCH($A4,'CA Standards and Followers'!$A$8:$A$67,0))=1,INDEX('CA Standards and Followers'!$H$8:$H$67,MATCH($A4,'CA Standards and Followers'!$A$8:$A$67,0))<=B$1),INDEX('CA Standards and Followers'!#REF!,MATCH(B$1,'CA Standards and Followers'!$1:$1,0)),IF(AND(INDEX('CA Standards and Followers'!$D$8:$D$67,MATCH($A4,'CA Standards and Followers'!$A$8:$A$67,0))=1,INDEX('CA Standards and Followers'!$G$8:$G$67,MATCH($A4,'CA Standards and Followers'!$A$8:$A$67,0))<=B$1),INDEX('CA Standards and Followers'!$2:$2,MATCH(B$1,'CA Standards and Followers'!$1:$1,0)),0)) -> 0 | C4: =IF(AND(INDEX('CA Standards and Followers'!$E$8:$E$67,MATCH($A4,'CA Standards and Followers'!$A$8:$A$67,0))=1,INDEX('CA Standards and Followers'!$H$8:$H$67,MATCH($A4,'CA Standards and Followers'!$A$8:$A$67,0))<=C$1),INDEX('CA Standards and Followers'!#REF!,MATCH(C$1,'CA Standards and Followers'!$1:$1,0)),IF(AND(INDEX('CA Standards and Followers'!$D$8:$D$67,MATCH($A4,'CA Standards and Followers'!$A$8:$A$67,0))=1,INDEX('CA Standards and Followers'!$G$8:$G$67,MATCH($A4,'CA Standards and Followers'!$A$8:$A$67,0))<=C$1),INDEX('CA Standards and Followers'!$2:$2,MATCH(C$1,'CA Standards and Followers'!$1:$1,0)),0)) -> 0 | D4: =IF(AND(INDEX('CA Standards and Followers'!$E$8:$E$67,MATCH($A4,'CA Standards and Followers'!$A$8:$A$67,0))=1,INDEX('CA Standards and Followers'!$H$8:$H$67,MATCH($A4,'CA Standards and Followers'!$A$8:$A$67,0))<=D$1),INDEX('CA Standards and Followers'!#REF!,MATCH(D$1,'CA Standards and Followers'!$1:$1,0)),IF(AND(INDEX('CA Standards and Followers'!$D$8:$D$67,MATCH($A4,'CA Standards and Followers'!$A$8:$A$67,0))=1,INDEX('CA Standards and Followers'!$G$8:$G$67,MATCH($A4,'CA Standards and Followers'!$A$8:$A$67,0))<=D$1),INDEX('CA Standards and Followers'!$2:$2,MATCH(D$1,'CA Standards and Followers'!$1:$1,0)),0)) -> 0 | E4: =IF(AND(INDEX('CA Standards and Followers'!$E$8:$E$67,MATCH($A4,'CA Standards and Followers'!$A$8:$A$67,0))=1,INDEX('CA Standards and Followers'!$H$8:$H$67,MATCH($A4,'CA Standards and Followers'!$A$8:$A$67,0))<=E$1),INDEX('CA Standards and Followers'!#REF!,MATCH(E$1,'CA Standards and Followers'!$1:$1,0)),IF(AND(INDEX('CA Standards and Followers'!$D$8:$D$67,MATCH($A4,'CA Standards and Followers'!$A$8:$A$67,0))=1,INDEX('CA Standards and Followers'!$G$8:$G$67,MATCH($A4,'CA Standards and Followers'!$A$8:$A$67,0))<=E$1),INDEX('CA Standards and Followers'!$2:$2,MATCH(E$1,'CA Standards and Followers'!$1:$1,0)),0)) -> 0 | F4: =IF(AND(INDEX('CA Standards and Followers'!$E$8:$E$67,MATCH($A4,'CA Standards and Followers'!$A$8:$A$67,0))=1,INDEX('CA Standards and Followers'!$H$8:$H$67,MATCH($A4,'CA Standards and Followers'!$A$8:$A$67,0))<=F$1),INDEX('CA Standards and Followers'!#REF!,MATCH(F$1,'CA Standards and Followers'!$1:$1,0)),IF(AND(INDEX('CA Standards and Followers'!$D$8:$D$67,MATCH($A4,'CA Standards and Followers'!$A$8:$A$67,0))=1,INDEX('CA Standards and Followers'!$G$8:$G$67,MATCH($A4,'CA Standards and Followers'!$A$8:$A$67,0))<=F$1),INDEX('CA Standards and Followers'!$2:$2,MATCH(F$1,'CA Standards and Followers'!$1:$1,0)),0)) -> 0 | G4: =IF(AND(INDEX('CA Standards and Followers'!$E$8:$E$67,MATCH($A4,'CA Standards and Followers'!$A$8:$A$67,0))=1,INDEX('CA Standards and Followers'!$H$8:$H$67,MATCH($A4,'CA Standards and Followers'!$A$8:$A$67,0))<=G$1),INDEX('CA Standards and Followers'!#REF!,MATCH(G$1,'CA Standards and Followers'!$1:$1,0)),IF(AND(INDEX('CA Standards and Followers'!$D$8:$D$67,MATCH($A4,'CA Standards and Followers'!$A$8:$A$67,0))=1,INDEX('CA Standards and Followers'!$G$8:$G$67,MATCH($A4,'CA Standards and Followers'!$A$8:$A$67,0))<=G$1),INDEX('CA Standards and Followers'!$2:$2,MATCH(G$1,'CA Standards and Followers'!$1:$1,0)),0)) -> 0 | H4: =IF(AND(INDEX('CA Standards and Followers'!$E$8:$E$67,MATCH($A4,'CA Standards and Followers'!$A$8:$A$67,0))=1,INDEX('CA Standards and Followers'!$H$8:$H$67,MATCH($A4,'CA Standards and Followers'!$A$8:$A$67,0))<=H$1),INDEX('CA Standards and Followers'!#REF!,MATCH(H$1,'CA Standards and Followers'!$1:$1,0)),IF(AND(INDEX('CA Standards and Followers'!$D$8:$D$67,MATCH($A4,'CA Standards and Followers'!$A$8:$A$67,0))=1,INDEX('CA Standards and Followers'!$G$8:$G$67,MATCH($A4,'CA Standards and Followers'!$A$8:$A$67,0))<=H$1),INDEX('CA Standards and Followers'!$2:$2,MATCH(H$1,'CA Standards and Followers'!$1:$1,0)),0)) -> 0 | I4: =IF(AND(INDEX('CA Standards and Followers'!$E$8:$E$67,MATCH($A4,'CA Standards and Followers'!$A$8:$A$67,0))=1,INDEX('CA Standards and Followers'!$H$8:$H$67,MATCH($A4,'CA Standards and Followers'!$A$8:$A$67,0))<=I$1),INDEX('CA Standards and Followers'!#REF!,MATCH(I$1,'CA Standards and Followers'!$1:$1,0)),IF(AND(INDEX('CA Standards and Followers'!$D$8:$D$67,MATCH($A4,'CA Standards and Followers'!$A$8:$A$67,0))=1,INDEX('CA Standards and Followers'!$G$8:$G$67,MATCH($A4,'CA Standards and Followers'!$A$8:$A$67,0))<=I$1),INDEX('CA Standards and Followers'!$2:$2,MATCH(I$1,'CA Standards and Followers'!$1:$1,0)),0)) -> 0 | ... AF4: =IF(AND(INDEX('CA Standards and Followers'!$E$8:$E$67,MATCH($A4,'CA Standards and Followers'!$A$8:$A$67,0))=1,INDEX('CA Standards and Followers'!$H$8:$H$67,MATCH($A4,'CA Standards and Followers'!$A$8:$A$67,0))<=AF$1),INDEX('CA Standards and Followers'!#REF!,MATCH(AF$1,'CA Standards and Followers'!$1:$1,0)),IF(AND(INDEX('CA Standards and Followers'!$D$8:$D$67,MATCH($A4,'CA Standards and Followers'!$A$8:$A$67,0))=1,INDEX('CA Standards and Followers'!$G$8:$G$67,MATCH($A4,'CA Standards and Followers'!$A$8:$A$67,0))<=AF$1),INDEX('CA Standards and Followers'!$2:$2,MATCH(AF$1,'CA Standards and Followers'!$1:$1,0)),0)) -> 0
A5: Arkansas | B5: =IF(AND(INDEX('CA Standards and Followers'!$E$8:$E$67,MATCH($A5,'CA Standards and Followers'!$A$8:$A$67,0))=1,INDEX('CA Standards and Followers'!$H$8:$H$67,MATCH($A5,'CA Standards and Followers'!$A$8:$A$67,0))<=B$1),INDEX('CA Standards and Followers'!#REF!,MATCH(B$1,'CA Standards and Followers'!$1:$1,0)),IF(AND(INDEX('CA Standards and Followers'!$D$8:$D$67,MATCH($A5,'CA Standards and Followers'!$A$8:$A$67,0))=1,INDEX('CA Standards and Followers'!$G$8:$G$67,MATCH($A5,'CA Standards and Followers'!$A$8:$A$67,0))<=B$1),INDEX('CA Standards and Followers'!$2:$2,MATCH(B$1,'CA Standards and Followers'!$1:$1,0)),0)) -> 0 | C5: =IF(AND(INDEX('CA Standards and Followers'!$E$8:$E$67,MATCH($A5,'CA Standards and Followers'!$A$8:$A$67,0))=1,INDEX('CA Standards and Followers'!$H$8:$H$67,MATCH($A5,'CA Standards and Followers'!$A$8:$A$67,0))<=C$1),INDEX('CA Standards and Followers'!#REF!,MATCH(C$1,'CA Standards and Followers'!$1:$1,0)),IF(AND(INDEX('CA Standards and Followers'!$D$8:$D$67,MATCH($A5,'CA Standards and Followers'!$A$8:$A$67,0))=1,INDEX('CA Standards and Followers'!$G$8:$G$67,MATCH($A5,'CA Standards and Followers'!$A$8:$A$67,0))<=C$1),INDEX('CA Standards and Followers'!$2:$2,MATCH(C$1,'CA Standards and Followers'!$1:$1,0)),0)) -> 0 | D5: =IF(AND(INDEX('CA Standards and Followers'!$E$8:$E$67,MATCH($A5,'CA Standards and Followers'!$A$8:$A$67,0))=1,INDEX('CA Standards and Followers'!$H$8:$H$67,MATCH($A5,'CA Standards and Followers'!$A$8:$A$67,0))<=D$1),INDEX('CA Standards and Followers'!#REF!,MATCH(D$1,'CA Standards and Followers'!$1:$1,0)),IF(AND(INDEX('CA Standards and Followers'!$D$8:$D$67,MATCH($A5,'CA Standards and Followers'!$A$8:$A$67,0))=1,INDEX('CA Standards and Followers'!$G$8:$G$67,MATCH($A5,'CA Standards and Followers'!$A$8:$A$67,0))<=D$1),INDEX('CA Standards and Followers'!$2:$2,MATCH(D$1,'CA Standards and Followers'!$1:$1,0)),0)) -> 0 | E5: =IF(AND(INDEX('CA Standards and Followers'!$E$8:$E$67,MATCH($A5,'CA Standards and Followers'!$A$8:$A$67,0))=1,INDEX('CA Standards and Followers'!$H$8:$H$67,MATCH($A5,'CA Standards and Followers'!$A$8:$A$67,0))<=E$1),INDEX('CA Standards and Followers'!#REF!,MATCH(E$1,'CA Standards and Followers'!$1:$1,0)),IF(AND(INDEX('CA Standards and Followers'!$D$8:$D$67,MATCH($A5,'CA Standards and Followers'!$A$8:$A$67,0))=1,INDEX('CA Standards and Followers'!$G$8:$G$67,MATCH($A5,'CA Standards and Followers'!$A$8:$A$67,0))<=E$1),INDEX('CA Standards and Followers'!$2:$2,MATCH(E$1,'CA Standards and Followers'!$1:$1,0)),0)) -> 0 | F5: =IF(AND(INDEX('CA Standards and Followers'!$E$8:$E$67,MATCH($A5,'CA Standards and Followers'!$A$8:$A$67,0))=1,INDEX('CA Standards and Followers'!$H$8:$H$67,MATCH($A5,'CA Standards and Followers'!$A$8:$A$67,0))<=F$1),INDEX('CA Standards and Followers'!#REF!,MATCH(F$1,'CA Standards and Followers'!$1:$1,0)),IF(AND(INDEX('CA Standards and Followers'!$D$8:$D$67,MATCH($A5,'CA Standards and Followers'!$A$8:$A$67,0))=1,INDEX('CA Standards and Followers'!$G$8:$G$67,MATCH($A5,'CA Standards and Followers'!$A$8:$A$67,0))<=F$1),INDEX('CA Standards and Followers'!$2:$2,MATCH(F$1,'CA Standards and Followers'!$1:$1,0)),0)) -> 0 | G5: =IF(AND(INDEX('CA Standards and Followers'!$E$8:$E$67,MATCH($A5,'CA Standards and Followers'!$A$8:$A$67,0))=1,INDEX('CA Standards and Followers'!$H$8:$H$67,MATCH($A5,'CA Standards and Followers'!$A$8:$A$67,0))<=G$1),INDEX('CA Standards and Followers'!#REF!,MATCH(G$1,'CA Standards and Followers'!$1:$1,0)),IF(AND(INDEX('CA Standards and Followers'!$D$8:$D$67,MATCH($A5,'CA Standards and Followers'!$A$8:$A$67,0))=1,INDEX('CA Standards and Followers'!$G$8:$G$67,MATCH($A5,'CA Standards and Followers'!$A$8:$A$67,0))<=G$1),INDEX('CA Standards and Followers'!$2:$2,MATCH(G$1,'CA Standards and Followers'!$1:$1,0)),0)) -> 0 | H5: =IF(AND(INDEX('CA Standards and Followers'!$E$8:$E$67,MATCH($A5,'CA Standards and Followers'!$A$8:$A$67,0))=1,INDEX('CA Standards and Followers'!$H$8:$H$67,MATCH($A5,'CA Standards and Followers'!$A$8:$A$67,0))<=H$1),INDEX('CA Standards and Followers'!#REF!,MATCH(H$1,'CA Standards and Followers'!$1:$1,0)),IF(AND(INDEX('CA Standards and Followers'!$D$8:$D$67,MATCH($A5,'CA Standards and Followers'!$A$8:$A$67,0))=1,INDEX('CA Standards and Followers'!$G$8:$G$67,MATCH($A5,'CA Standards and Followers'!$A$8:$A$67,0))<=H$1),INDEX('CA Standards and Followers'!$2:$2,MATCH(H$1,'CA Standards and Followers'!$1:$1,0)),0)) -> 0 | I5: =IF(AND(INDEX('CA Standards and Followers'!$E$8:$E$67,MATCH($A5,'CA Standards and Followers'!$A$8:$A$67,0))=1,INDEX('CA Standards and Followers'!$H$8:$H$67,MATCH($A5,'CA Standards and Followers'!$A$8:$A$67,0))<=I$1),INDEX('CA Standards and Followers'!#REF!,MATCH(I$1,'CA Standards and Followers'!$1:$1,0)),IF(AND(INDEX('CA Standards and Followers'!$D$8:$D$67,MATCH($A5,'CA Standards and Followers'!$A$8:$A$67,0))=1,INDEX('CA Standards and Followers'!$G$8:$G$67,MATCH($A5,'CA Standards and Followers'!$A$8:$A$67,0))<=I$1),INDEX('CA Standards and Followers'!$2:$2,MATCH(I$1,'CA Standards and Followers'!$1:$1,0)),0)) -> 0 | ... AF5: =IF(AND(INDEX('CA Standards and Followers'!$E$8:$E$67,MATCH($A5,'CA Standards and Followers'!$A$8:$A$67,0))=1,INDEX('CA Standards and Followers'!$H$8:$H$67,MATCH($A5,'CA Standards and Followers'!$A$8:$A$67,0))<=AF$1),INDEX('CA Standards and Followers'!#REF!,MATCH(AF$1,'CA Standards and Followers'!$1:$1,0)),IF(AND(INDEX('CA Standards and Followers'!$D$8:$D$67,MATCH($A5,'CA Standards and Followers'!$A$8:$A$67,0))=1,INDEX('CA Standards and Followers'!$G$8:$G$67,MATCH($A5,'CA Standards and Followers'!$A$8:$A$67,0))<=AF$1),INDEX('CA Standards and Followers'!$2:$2,MATCH(AF$1,'CA Standards and Followers'!$1:$1,0)),0)) -> 0
A6: California | B6: =IF(AND(INDEX('CA Standards and Followers'!$E$8:$E$67,MATCH($A6,'CA Standards and Followers'!$A$8:$A$67,0))=1,INDEX('CA Standards and Followers'!$H$8:$H$67,MATCH($A6,'CA Standards and Followers'!$A$8:$A$67,0))<=B$1),INDEX('CA Standards and Followers'!#REF!,MATCH(B$1,'CA Standards and Followers'!$1:$1,0)),IF(AND(INDEX('CA Standards and Followers'!$D$8:$D$67,MATCH($A6,'CA Standards and Followers'!$A$8:$A$67,0))=1,INDEX('CA Standards and Followers'!$G$8:$G$67,MATCH($A6,'CA Standards and Followers'!$A$8:$A$67,0))<=B$1),INDEX('CA Standards and Followers'!$2:$2,MATCH(B$1,'CA Standards and Followers'!$1:$1,0)),0)) -> 0 | C6: =IF(AND(INDEX('CA Standards and Followers'!$E$8:$E$67,MATCH($A6,'CA Standards and Followers'!$A$8:$A$67,0))=1,INDEX('CA Standards and Followers'!$H$8:$H$67,MATCH($A6,'CA Standards and Followers'!$A$8:$A$67,0))<=C$1),INDEX('CA Standards and Followers'!#REF!,MATCH(C$1,'CA Standards and Followers'!$1:$1,0)),IF(AND(INDEX('CA Standards and Followers'!$D$8:$D$67,MATCH($A6,'CA Standards and Followers'!$A$8:$A$67,0))=1,INDEX('CA Standards and Followers'!$G$8:$G$67,MATCH($A6,'CA Standards and Followers'!$A$8:$A$67,0))<=C$1),INDEX('CA Standards and Followers'!$2:$2,MATCH(C$1,'CA Standards and Followers'!$1:$1,0)),0)) -> 0 | D6: =IF(AND(INDEX('CA Standards and Followers'!$E$8:$E$67,MATCH($A6,'CA Standards and Followers'!$A$8:$A$67,0))=1,INDEX('CA Standards and Followers'!$H$8:$H$67,MATCH($A6,'CA Standards and Followers'!$A$8:$A$67,0))<=D$1),INDEX('CA Standards and Followers'!#REF!,MATCH(D$1,'CA Standards and Followers'!$1:$1,0)),IF(AND(INDEX('CA Standards and Followers'!$D$8:$D$67,MATCH($A6,'CA Standards and Followers'!$A$8:$A$67,0))=1,INDEX('CA Standards and Followers'!$G$8:$G$67,MATCH($A6,'CA Standards and Followers'!$A$8:$A$67,0))<=D$1),INDEX('CA Standards and Followers'!$2:$2,MATCH(D$1,'CA Standards and Followers'!$1:$1,0)),0)) -> 0 | E6: =IF(AND(INDEX('CA Standards and Followers'!$E$8:$E$67,MATCH($A6,'CA Standards and Followers'!$A$8:$A$67,0))=1,INDEX('CA Standards and Followers'!$H$8:$H$67,MATCH($A6,'CA Standards and Followers'!$A$8:$A$67,0))<=E$1),INDEX('CA Standards and Followers'!#REF!,MATCH(E$1,'CA Standards and Followers'!$1:$1,0)),IF(AND(INDEX('CA Standards and Followers'!$D$8:$D$67,MATCH($A6,'CA Standards and Followers'!$A$8:$A$67,0))=1,INDEX('CA Standards and Followers'!$G$8:$G$67,MATCH($A6,'CA Standards and Followers'!$A$8:$A$67,0))<=E$1),INDEX('CA Standards and Followers'!$2:$2,MATCH(E$1,'CA Standards and Followers'!$1:$1,0)),0)) -> 0 | F6: =IF(AND(INDEX('CA Standards and Followers'!$E$8:$E$67,MATCH($A6,'CA Standards and Followers'!$A$8:$A$67,0))=1,INDEX('CA Standards and Followers'!$H$8:$H$67,MATCH($A6,'CA Standards and Followers'!$A$8:$A$67,0))<=F$1),INDEX('CA Standards and Followers'!#REF!,MATCH(F$1,'CA Standards and Followers'!$1:$1,0)),IF(AND(INDEX('CA Standards and Followers'!$D$8:$D$67,MATCH($A6,'CA Standards and Followers'!$A$8:$A$67,0))=1,INDEX('CA Standards and Followers'!$G$8:$G$67,MATCH($A6,'CA Standards and Followers'!$A$8:$A$67,0))<=F$1),INDEX('CA Standards and Followers'!$2:$2,MATCH(F$1,'CA Standards and Followers'!$1:$1,0)),0)) -> 0.08 | G6: =IF(AND(INDEX('CA Standards and Followers'!$E$8:$E$67,MATCH($A6,'CA Standards and Followers'!$A$8:$A$67,0))=1,INDEX('CA Standards and Followers'!$H$8:$H$67,MATCH($A6,'CA Standards and Followers'!$A$8:$A$67,0))<=G$1),INDEX('CA Standards and Followers'!#REF!,MATCH(G$1,'CA Standards and Followers'!$1:$1,0)),IF(AND(INDEX('CA Standards and Followers'!$D$8:$D$67,MATCH($A6,'CA Standards and Followers'!$A$8:$A$67,0))=1,INDEX('CA Standards and Followers'!$G$8:$G$67,MATCH($A6,'CA Standards and Followers'!$A$8:$A$67,0))<=G$1),INDEX('CA Standards and Followers'!$2:$2,MATCH(G$1,'CA Standards and Followers'!$1:$1,0)),0)) -> 0.08 | H6: =IF(AND(INDEX('CA Standards and Followers'!$E$8:$E$67,MATCH($A6,'CA Standards and Followers'!$A$8:$A$67,0))=1,INDEX('CA Standards and Followers'!$H$8:$H$67,MATCH($A6,'CA Standards and Followers'!$A$8:$A$67,0))<=H$1),INDEX('CA Standards and Followers'!#REF!,MATCH(H$1,'CA Standards and Followers'!$1:$1,0)),IF(AND(INDEX('CA Standards and Followers'!$D$8:$D$67,MATCH($A6,'CA Standards and Followers'!$A$8:$A$67,0))=1,INDEX('CA Standards and Followers'!$G$8:$G$67,MATCH($A6,'CA Standards and Followers'!$A$8:$A$67,0))<=H$1),INDEX('CA Standards and Followers'!$2:$2,MATCH(H$1,'CA Standards and Followers'!$1:$1,0)),0)) -> 0 | I6: =IF(AND(INDEX('CA Standards and Followers'!$E$8:$E$67,MATCH($A6,'CA Standards and Followers'!$A$8:$A$67,0))=1,INDEX('CA Standards and Followers'!$H$8:$H$67,MATCH($A6,'CA Standards and Followers'!$A$8:$A$67,0))<=I$1),INDEX('CA Standards and Followers'!#REF!,MATCH(I$1,'CA Standards and Followers'!$1:$1,0)),IF(AND(INDEX('CA Standards and Followers'!$D$8:$D$67,MATCH($A6,'CA Standards and Followers'!$A$8:$A$67,0))=1,INDEX('CA Standards and Followers'!$G$8:$G$67,MATCH($A6,'CA Standards and Followers'!$A$8:$A$67,0))<=I$1),INDEX('CA Standards and Followers'!$2:$2,MATCH(I$1,'CA Standards and Followers'!$1:$1,0)),0)) -> 0 | ... AF6: =IF(AND(INDEX('CA Standards and Followers'!$E$8:$E$67,MATCH($A6,'CA Standards and Followers'!$A$8:$A$67,0))=1,INDEX('CA Standards and Followers'!$H$8:$H$67,MATCH($A6,'CA Standards and Followers'!$A$8:$A$67,0))<=AF$1),INDEX('CA Standards and Followers'!#REF!,MATCH(AF$1,'CA Standards and Followers'!$1:$1,0)),IF(AND(INDEX('CA Standards and Followers'!$D$8:$D$67,MATCH($A6,'CA Standards and Followers'!$A$8:$A$67,0))=1,INDEX('CA Standards and Followers'!$G$8:$G$67,MATCH($A6,'CA Standards and Followers'!$A$8:$A$67,0))<=AF$1),INDEX('CA Standards and Followers'!$2:$2,MATCH(AF$1,'CA Standards and Followers'!$1:$1,0)),0)) -> 0
A7: Colorado | B7: =IF(AND(INDEX('CA Standards and Followers'!$E$8:$E$67,MATCH($A7,'CA Standards and Followers'!$A$8:$A$67,0))=1,INDEX('CA Standards and Followers'!$H$8:$H$67,MATCH($A7,'CA Standards and Followers'!$A$8:$A$67,0))<=B$1),INDEX('CA Standards and Followers'!#REF!,MATCH(B$1,'CA Standards and Followers'!$1:$1,0)),IF(AND(INDEX('CA Standards and Followers'!$D$8:$D$67,MATCH($A7,'CA Standards and Followers'!$A$8:$A$67,0))=1,INDEX('CA Standards and Followers'!$G$8:$G$67,MATCH($A7,'CA Standards and Followers'!$A$8:$A$67,0))<=B$1),INDEX('CA Standards and Followers'!$2:$2,MATCH(B$1,'CA Standards and Followers'!$1:$1,0)),0)) -> 0 | C7: =IF(AND(INDEX('CA Standards and Followers'!$E$8:$E$67,MATCH($A7,'CA Standards and Followers'!$A$8:$A$67,0))=1,INDEX('CA Standards and Followers'!$H$8:$H$67,MATCH($A7,'CA Standards and Followers'!$A$8:$A$67,0))<=C$1),INDEX('CA Standards and Followers'!#REF!,MATCH(C$1,'CA Standards and Followers'!$1:$1,0)),IF(AND(INDEX('CA Standards and Followers'!$D$8:$D$67,MATCH($A7,'CA Standards and Followers'!$A$8:$A$67,0))=1,INDEX('CA Standards and Followers'!$G$8:$G$67,MATCH($A7,'CA Standards and Followers'!$A$8:$A$67,0))<=C$1),INDEX('CA Standards and Followers'!$2:$2,MATCH(C$1,'CA Standards and Followers'!$1:$1,0)),0)) -> 0 | D7: =IF(AND(INDEX('CA Standards and Followers'!$E$8:$E$67,MATCH($A7,'CA Standards and Followers'!$A$8:$A$67,0))=1,INDEX('CA Standards and Followers'!$H$8:$H$67,MATCH($A7,'CA Standards and Followers'!$A$8:$A$67,0))<=D$1),INDEX('CA Standards and Followers'!#REF!,MATCH(D$1,'CA Standards and Followers'!$1:$1,0)),IF(AND(INDEX('CA Standards and Followers'!$D$8:$D$67,MATCH($A7,'CA Standards and Followers'!$A$8:$A$67,0))=1,INDEX('CA Standards and Followers'!$G$8:$G$67,MATCH($A7,'CA Standards and Followers'!$A$8:$A$67,0))<=D$1),INDEX('CA Standards and Followers'!$2:$2,MATCH(D$1,'CA Standards and Followers'!$1:$1,0)),0)) -> 0 | E7: =IF(AND(INDEX('CA Standards and Followers'!$E$8:$E$67,MATCH($A7,'CA Standards and Followers'!$A$8:$A$67,0))=1,INDEX('CA Standards and Followers'!$H$8:$H$67,MATCH($A7,'CA Standards and Followers'!$A$8:$A$67,0))<=E$1),INDEX('CA Standards and Followers'!#REF!,MATCH(E$1,'CA Standards and Followers'!$1:$1,0)),IF(AND(INDEX('CA Standards and Followers'!$D$8:$D$67,MATCH($A7,'CA Standards and Followers'!$A$8:$A$67,0))=1,INDEX('CA Standards and Followers'!$G$8:$G$67,MATCH($A7,'CA Standards and Followers'!$A$8:$A$67,0))<=E$1),INDEX('CA Standards and Followers'!$2:$2,MATCH(E$1,'CA Standards and Followers'!$1:$1,0)),0)) -> 0 | F7: =IF(AND(INDEX('CA Standards and Followers'!$E$8:$E$67,MATCH($A7,'CA Standards and Followers'!$A$8:$A$67,0))=1,INDEX('CA Standards and Followers'!$H$8:$H$67,MATCH($A7,'CA Standards and Followers'!$A$8:$A$67,0))<=F$1),INDEX('CA Standards and Followers'!#REF!,MATCH(F$1,'CA Standards and Followers'!$1:$1,0)),IF(AND(INDEX('CA Standards and Followers'!$D$8:$D$67,MATCH($A7,'CA Standards and Followers'!$A$8:$A$67,0))=1,INDEX('CA Standards and Followers'!$G$8:$G$67,MATCH($A7,'CA Standards and Followers'!$A$8:$A$67,0))<=F$1),INDEX('CA Standards and Followers'!$2:$2,MATCH(F$1,'CA Standards and Followers'!$1:$1,0)),0)) -> 0.08 | G7: =IF(AND(INDEX('CA Standards and Followers'!$E$8:$E$67,MATCH($A7,'CA Standards and Followers'!$A$8:$A$67,0))=1,INDEX('CA Standards and Followers'!$H$8:$H$67,MATCH($A7,'CA Standards and Followers'!$A$8:$A$67,0))<=G$1),INDEX('CA Standards and Followers'!#REF!,MATCH(G$1,'CA Standards and Followers'!$1:$1,0)),IF(AND(INDEX('CA Standards and Followers'!$D$8:$D$67,MATCH($A7,'CA Standards and Followers'!$A$8:$A$67,0))=1,INDEX('CA Standards and Followers'!$G$8:$G$67,MATCH($A7,'CA Standards and Followers'!$A$8:$A$67,0))<=G$1),INDEX('CA Standards and Followers'!$2:$2,MATCH(G$1,'CA Standards and Followers'!$1:$1,0)),0)) -> 0.08 | H7: =IF(AND(INDEX('CA Standards and Followers'!$E$8:$E$67,MATCH($A7,'CA Standards and Followers'!$A$8:$A$67,0))=1,INDEX('CA Standards and Followers'!$H$8:$H$67,MATCH($A7,'CA Standards and Followers'!$A$8:$A$67,0))<=H$1),INDEX('CA Standards and Followers'!#REF!,MATCH(H$1,'CA Standards and Followers'!$1:$1,0)),IF(AND(INDEX('CA Standards and Followers'!$D$8:$D$67,MATCH($A7,'CA Standards and Followers'!$A$8:$A$67,0))=1,INDEX('CA Standards and Followers'!$G$8:$G$67,MATCH($A7,'CA Standards and Followers'!$A$8:$A$67,0))<=H$1),INDEX('CA Standards and Followers'!$2:$2,MATCH(H$1,'CA Standards and Followers'!$1:$1,0)),0)) -> 0 | I7: =IF(AND(INDEX('CA Standards and Followers'!$E$8:$E$67,MATCH($A7,'CA Standards and Followers'!$A$8:$A$67,0))=1,INDEX('CA Standards and Followers'!$H$8:$H$67,MATCH($A7,'CA Standards and Followers'!$A$8:$A$67,0))<=I$1),INDEX('CA Standards and Followers'!#REF!,MATCH(I$1,'CA Standards and Followers'!$1:$1,0)),IF(AND(INDEX('CA Standards and Followers'!$D$8:$D$67,MATCH($A7,'CA Standards and Followers'!$A$8:$A$67,0))=1,INDEX('CA Standards and Followers'!$G$8:$G$67,MATCH($A7,'CA Standards and Followers'!$A$8:$A$67,0))<=I$1),INDEX('CA Standards and Followers'!$2:$2,MATCH(I$1,'CA Standards and Followers'!$1:$1,0)),0)) -> 0 | ... AF7: =IF(AND(INDEX('CA Standards and Followers'!$E$8:$E$67,MATCH($A7,'CA Standards and Followers'!$A$8:$A$67,0))=1,INDEX('CA Standards and Followers'!$H$8:$H$67,MATCH($A7,'CA Standards and Followers'!$A$8:$A$67,0))<=AF$1),INDEX('CA Standards and Followers'!#REF!,MATCH(AF$1,'CA Standards and Followers'!$1:$1,0)),IF(AND(INDEX('CA Standards and Followers'!$D$8:$D$67,MATCH($A7,'CA Standards and Followers'!$A$8:$A$67,0))=1,INDEX('CA Standards and Followers'!$G$8:$G$67,MATCH($A7,'CA Standards and Followers'!$A$8:$A$67,0))<=AF$1),INDEX('CA Standards and Followers'!$2:$2,MATCH(AF$1,'CA Standards and Followers'!$1:$1,0)),0)) -> 0
A8: Connecticut | B8: =IF(AND(INDEX('CA Standards and Followers'!$E$8:$E$67,MATCH($A8,'CA Standards and Followers'!$A$8:$A$67,0))=1,INDEX('CA Standards and Followers'!$H$8:$H$67,MATCH($A8,'CA Standards and Followers'!$A$8:$A$67,0))<=B$1),INDEX('CA Standards and Followers'!#REF!,MATCH(B$1,'CA Standards and Followers'!$1:$1,0)),IF(AND(INDEX('CA Standards and Followers'!$D$8:$D$67,MATCH($A8,'CA Standards and Followers'!$A$8:$A$67,0))=1,INDEX('CA Standards and Followers'!$G$8:$G$67,MATCH($A8,'CA Standards and Followers'!$A$8:$A$67,0))<=B$1),INDEX('CA Standards and Followers'!$2:$2,MATCH(B$1,'CA Standards and Followers'!$1:$1,0)),0)) -> 0 | C8: =IF(AND(INDEX('CA Standards and Followers'!$E$8:$E$67,MATCH($A8,'CA Standards and Followers'!$A$8:$A$67,0))=1,INDEX('CA Standards and Followers'!$H$8:$H$67,MATCH($A8,'CA Standards and Followers'!$A$8:$A$67,0))<=C$1),INDEX('CA Standards and Followers'!#REF!,MATCH(C$1,'CA Standards and Followers'!$1:$1,0)),IF(AND(INDEX('CA Standards and Followers'!$D$8:$D$67,MATCH($A8,'CA Standards and Followers'!$A$8:$A$67,0))=1,INDEX('CA Standards and Followers'!$G$8:$G$67,MATCH($A8,'CA Standards and Followers'!$A$8:$A$67,0))<=C$1),INDEX('CA Standards and Followers'!$2:$2,MATCH(C$1,'CA Standards and Followers'!$1:$1,0)),0)) -> 0 | D8: =IF(AND(INDEX('CA Standards and Followers'!$E$8:$E$67,MATCH($A8,'CA Standards and Followers'!$A$8:$A$67,0))=1,INDEX('CA Standards and Followers'!$H$8:$H$67,MATCH($A8,'CA Standards and Followers'!$A$8:$A$67,0))<=D$1),INDEX('CA Standards and Followers'!#REF!,MATCH(D$1,'CA Standards and Followers'!$1:$1,0)),IF(AND(INDEX('CA Standards and Followers'!$D$8:$D$67,MATCH($A8,'CA Standards and Followers'!$A$8:$A$67,0))=1,INDEX('CA Standards and Followers'!$G$8:$G$67,MATCH($A8,'CA Standards and Followers'!$A$8:$A$67,0))<=D$1),INDEX('CA Standards and Followers'!$2:$2,MATCH(D$1,'CA Standards and Followers'!$1:$1,0)),0)) -> 0 | E8: =IF(AND(INDEX('CA Standards and Followers'!$E$8:$E$67,MATCH($A8,'CA Standards and Followers'!$A$8:$A$67,0))=1,INDEX('CA Standards and Followers'!$H$8:$H$67,MATCH($A8,'CA Standards and Followers'!$A$8:$A$67,0))<=E$1),INDEX('CA Standards and Followers'!#REF!,MATCH(E$1,'CA Standards and Followers'!$1:$1,0)),IF(AND(INDEX('CA Standards and Followers'!$D$8:$D$67,MATCH($A8,'CA Standards and Followers'!$A$8:$A$67,0))=1,INDEX('CA Standards and Followers'!$G$8:$G$67,MATCH($A8,'CA Standards and Followers'!$A$8:$A$67,0))<=E$1),INDEX('CA Standards and Followers'!$2:$2,MATCH(E$1,'CA Standards and Followers'!$1:$1,0)),0)) -> 0 | F8: =IF(AND(INDEX('CA Standards and Followers'!$E$8:$E$67,MATCH($A8,'CA Standards and Followers'!$A$8:$A$67,0))=1,INDEX('CA Standards and Followers'!$H$8:$H$67,MATCH($A8,'CA Standards and Followers'!$A$8:$A$67,0))<=F$1),INDEX('CA Standards and Followers'!#REF!,MATCH(F$1,'CA Standards and Followers'!$1:$1,0)),IF(AND(INDEX('CA Standards and Followers'!$D$8:$D$67,MATCH($A8,'CA Standards and Followers'!$A$8:$A$67,0))=1,INDEX('CA Standards and Followers'!$G$8:$G$67,MATCH($A8,'CA Standards and Followers'!$A$8:$A$67,0))<=F$1),INDEX('CA Standards and Followers'!$2:$2,MATCH(F$1,'CA Standards and Followers'!$1:$1,0)),0)) -> 0.08 | G8: =IF(AND(INDEX('CA Standards and Followers'!$E$8:$E$67,MATCH($A8,'CA Standards and Followers'!$A$8:$A$67,0))=1,INDEX('CA Standards and Followers'!$H$8:$H$67,MATCH($A8,'CA Standards and Followers'!$A$8:$A$67,0))<=G$1),INDEX('CA Standards and Followers'!#REF!,MATCH(G$1,'CA Standards and Followers'!$1:$1,0)),IF(AND(INDEX('CA Standards and Followers'!$D$8:$D$67,MATCH($A8,'CA Standards and Followers'!$A$8:$A$67,0))=1,INDEX('CA Standards and Followers'!$G$8:$G$67,MATCH($A8,'CA Standards and Followers'!$A$8:$A$67,0))<=G$1),INDEX('CA Standards and Followers'!$2:$2,MATCH(G$1,'CA Standards and Followers'!$1:$1,0)),0)) -> 0.08 | H8: =IF(AND(INDEX('CA Standards and Followers'!$E$8:$E$67,MATCH($A8,'CA Standards and Followers'!$A$8:$A$67,0))=1,INDEX('CA Standards and Followers'!$H$8:$H$67,MATCH($A8,'CA Standards and Followers'!$A$8:$A$67,0))<=H$1),INDEX('CA Standards and Followers'!#REF!,MATCH(H$1,'CA Standards and Followers'!$1:$1,0)),IF(AND(INDEX('CA Standards and Followers'!$D$8:$D$67,MATCH($A8,'CA Standards and Followers'!$A$8:$A$67,0))=1,INDEX('CA Standards and Followers'!$G$8:$G$67,MATCH($A8,'CA Standards and Followers'!$A$8:$A$67,0))<=H$1),INDEX('CA Standards and Followers'!$2:$2,MATCH(H$1,'CA Standards and Followers'!$1:$1,0)),0)) -> 0 | I8: =IF(AND(INDEX('CA Standards and Followers'!$E$8:$E$67,MATCH($A8,'CA Standards and Followers'!$A$8:$A$67,0))=1,INDEX('CA Standards and Followers'!$H$8:$H$67,MATCH($A8,'CA Standards and Followers'!$A$8:$A$67,0))<=I$1),INDEX('CA Standards and Followers'!#REF!,MATCH(I$1,'CA Standards and Followers'!$1:$1,0)),IF(AND(INDEX('CA Standards and Followers'!$D$8:$D$67,MATCH($A8,'CA Standards and Followers'!$A$8:$A$67,0))=1,INDEX('CA Standards and Followers'!$G$8:$G$67,MATCH($A8,'CA Standards and Followers'!$A$8:$A$67,0))<=I$1),INDEX('CA Standards and Followers'!$2:$2,MATCH(I$1,'CA Standards and Followers'!$1:$1,0)),0)) -> 0 | ... AF8: =IF(AND(INDEX('CA Standards and Followers'!$E$8:$E$67,MATCH($A8,'CA Standards and Followers'!$A$8:$A$67,0))=1,INDEX('CA Standards and Followers'!$H$8:$H$67,MATCH($A8,'CA Standards and Followers'!$A$8:$A$67,0))<=AF$1),INDEX('CA Standards and Followers'!#REF!,MATCH(AF$1,'CA Standards and Followers'!$1:$1,0)),IF(AND(INDEX('CA Standards and Followers'!$D$8:$D$67,MATCH($A8,'CA Standards and Followers'!$A$8:$A$67,0))=1,INDEX('CA Standards and Followers'!$G$8:$G$67,MATCH($A8,'CA Standards and Followers'!$A$8:$A$67,0))<=AF$1),INDEX('CA Standards and Followers'!$2:$2,MATCH(AF$1,'CA Standards and Followers'!$1:$1,0)),0)) -> 0
A9: Delaware | B9: =IF(AND(INDEX('CA Standards and Followers'!$E$8:$E$67,MATCH($A9,'CA Standards and Followers'!$A$8:$A$67,0))=1,INDEX('CA Standards and Followers'!$H$8:$H$67,MATCH($A9,'CA Standards and Followers'!$A$8:$A$67,0))<=B$1),INDEX('CA Standards and Followers'!#REF!,MATCH(B$1,'CA Standards and Followers'!$1:$1,0)),IF(AND(INDEX('CA Standards and Followers'!$D$8:$D$67,MATCH($A9,'CA Standards and Followers'!$A$8:$A$67,0))=1,INDEX('CA Standards and Followers'!$G$8:$G$67,MATCH($A9,'CA Standards and Followers'!$A$8:$A$67,0))<=B$1),INDEX('CA Standards and Followers'!$2:$2,MATCH(B$1,'CA Standards and Followers'!$1:$1,0)),0)) -> 0 | C9: =IF(AND(INDEX('CA Standards and Followers'!$E$8:$E$67,MATCH($A9,'CA Standards and Followers'!$A$8:$A$67,0))=1,INDEX('CA Standards and Followers'!$H$8:$H$67,MATCH($A9,'CA Standards and Followers'!$A$8:$A$67,0))<=C$1),INDEX('CA Standards and Followers'!#REF!,MATCH(C$1,'CA Standards and Followers'!$1:$1,0)),IF(AND(INDEX('CA Standards and Followers'!$D$8:$D$67,MATCH($A9,'CA Standards and Followers'!$A$8:$A$67,0))=1,INDEX('CA Standards and Followers'!$G$8:$G$67,MATCH($A9,'CA Standards and Followers'!$A$8:$A$67,0))<=C$1),INDEX('CA Standards and Followers'!$2:$2,MATCH(C$1,'CA Standards and Followers'!$1:$1,0)),0)) -> 0 | D9: =IF(AND(INDEX('CA Standards and Followers'!$E$8:$E$67,MATCH($A9,'CA Standards and Followers'!$A$8:$A$67,0))=1,INDEX('CA Standards and Followers'!$H$8:$H$67,MATCH($A9,'CA Standards and Followers'!$A$8:$A$67,0))<=D$1),INDEX('CA Standards and Followers'!#REF!,MATCH(D$1,'CA Standards and Followers'!$1:$1,0)),IF(AND(INDEX('CA Standards and Followers'!$D$8:$D$67,MATCH($A9,'CA Standards and Followers'!$A$8:$A$67,0))=1,INDEX('CA Standards and Followers'!$G$8:$G$67,MATCH($A9,'CA Standards and Followers'!$A$8:$A$67,0))<=D$1),INDEX('CA Standards and Followers'!$2:$2,MATCH(D$1,'CA Standards and Followers'!$1:$1,0)),0)) -> 0 | E9: =IF(AND(INDEX('CA Standards and Followers'!$E$8:$E$67,MATCH($A9,'CA Standards and Followers'!$A$8:$A$67,0))=1,INDEX('CA Standards and Followers'!$H$8:$H$67,MATCH($A9,'CA Standards and Followers'!$A$8:$A$67,0))<=E$1),INDEX('CA Standards and Followers'!#REF!,MATCH(E$1,'CA Standards and Followers'!$1:$1,0)),IF(AND(INDEX('CA Standards and Followers'!$D$8:$D$67,MATCH($A9,'CA Standards and Followers'!$A$8:$A$67,0))=1,INDEX('CA Standards and Followers'!$G$8:$G$67,MATCH($A9,'CA Standards and Followers'!$A$8:$A$67,0))<=E$1),INDEX('CA Standards and Followers'!$2:$2,MATCH(E$1,'CA Standards and Followers'!$1:$1,0)),0)) -> 0 | F9: =IF(AND(INDEX('CA Standards and Followers'!$E$8:$E$67,MATCH($A9,'CA Standards and Followers'!$A$8:$A$67,0))=1,INDEX('CA Standards and Followers'!$H$8:$H$67,MATCH($A9,'CA Standards and Followers'!$A$8:$A$67,0))<=F$1),INDEX('CA Standards and Followers'!#REF!,MATCH(F$1,'CA Standards and Followers'!$1:$1,0)),IF(AND(INDEX('CA Standards and Followers'!$D$8:$D$67,MATCH($A9,'CA Standards and Followers'!$A$8:$A$67,0))=1,INDEX('CA Standards and Followers'!$G$8:$G$67,MATCH($A9,'CA Standards and Followers'!$A$8:$A$67,0))<=F$1),INDEX('CA Standards and Followers'!$2:$2,MATCH(F$1,'CA Standards and Followers'!$1:$1,0)),0)) -> 0 | G9: =IF(AND(INDEX('CA Standards and Followers'!$E$8:$E$67,MATCH($A9,'CA Standards and Followers'!$A$8:$A$67,0))=1,INDEX('CA Standards and Followers'!$H$8:$H$67,MATCH($A9,'CA Standards and Followers'!$A$8:$A$67,0))<=G$1),INDEX('CA Standards and Followers'!#REF!,MATCH(G$1,'CA Standards and Followers'!$1:$1,0)),IF(AND(INDEX('CA Standards and Followers'!$D$8:$D$67,MATCH($A9,'CA Standards and Followers'!$A$8:$A$67,0))=1,INDEX('CA Standards and Followers'!$G$8:$G$67,MATCH($A9,'CA Standards and Followers'!$A$8:$A$67,0))<=G$1),INDEX('CA Standards and Followers'!$2:$2,MATCH(G$1,'CA Standards and Followers'!$1:$1,0)),0)) -> 0 | H9: =IF(AND(INDEX('CA Standards and Followers'!$E$8:$E$67,MATCH($A9,'CA Standards and Followers'!$A$8:$A$67,0))=1,INDEX('CA Standards and Followers'!$H$8:$H$67,MATCH($A9,'CA Standards and Followers'!$A$8:$A$67,0))<=H$1),INDEX('CA Standards and Followers'!#REF!,MATCH(H$1,'CA Standards and Followers'!$1:$1,0)),IF(AND(INDEX('CA Standards and Followers'!$D$8:$D$67,MATCH($A9,'CA Standards and Followers'!$A$8:$A$67,0))=1,INDEX('CA Standards and Followers'!$G$8:$G$67,MATCH($A9,'CA Standards and Followers'!$A$8:$A$67,0))<=H$1),INDEX('CA Standards and Followers'!$2:$2,MATCH(H$1,'CA Standards and Followers'!$1:$1,0)),0)) -> 0 | I9: =IF(AND(INDEX('CA Standards and Followers'!$E$8:$E$67,MATCH($A9,'CA Standards and Followers'!$A$8:$A$67,0))=1,INDEX('CA Standards and Followers'!$H$8:$H$67,MATCH($A9,'CA Standards and Followers'!$A$8:$A$67,0))<=I$1),INDEX('CA Standards and Followers'!#REF!,MATCH(I$1,'CA Standards and Followers'!$1:$1,0)),IF(AND(INDEX('CA Standards and Followers'!$D$8:$D$67,MATCH($A9,'CA Standards and Followers'!$A$8:$A$67,0))=1,INDEX('CA Standards and Followers'!$G$8:$G$67,MATCH($A9,'CA Standards and Followers'!$A$8:$A$67,0))<=I$1),INDEX('CA Standards and Followers'!$2:$2,MATCH(I$1,'CA Standards and Followers'!$1:$1,0)),0)) -> 0 | ... AF9: =IF(AND(INDEX('CA Standards and Followers'!$E$8:$E$67,MATCH($A9,'CA Standards and Followers'!$A$8:$A$67,0))=1,INDEX('CA Standards and Followers'!$H$8:$H$67,MATCH($A9,'CA Standards and Followers'!$A$8:$A$67,0))<=AF$1),INDEX('CA Standards and Followers'!#REF!,MATCH(AF$1,'CA Standards and Followers'!$1:$1,0)),IF(AND(INDEX('CA Standards and Followers'!$D$8:$D$67,MATCH($A9,'CA Standards and Followers'!$A$8:$A$67,0))=1,INDEX('CA Standards and Followers'!$G$8:$G$67,MATCH($A9,'CA Standards and Followers'!$A$8:$A$67,0))<=AF$1),INDEX('CA Standards and Followers'!$2:$2,MATCH(AF$1,'CA Standards and Followers'!$1:$1,0)),0)) -> 0
A10: District of Columbia | B10: =IF(AND(INDEX('CA Standards and Followers'!$E$8:$E$67,MATCH($A10,'CA Standards and Followers'!$A$8:$A$67,0))=1,INDEX('CA Standards and Followers'!$H$8:$H$67,MATCH($A10,'CA Standards and Followers'!$A$8:$A$67,0))<=B$1),INDEX('CA Standards and Followers'!#REF!,MATCH(B$1,'CA Standards and Followers'!$1:$1,0)),IF(AND(INDEX('CA Standards and Followers'!$D$8:$D$67,MATCH($A10,'CA Standards and Followers'!$A$8:$A$67,0))=1,INDEX('CA Standards and Followers'!$G$8:$G$67,MATCH($A10,'CA Standards and Followers'!$A$8:$A$67,0))<=B$1),INDEX('CA Standards and Followers'!$2:$2,MATCH(B$1,'CA Standards and Followers'!$1:$1,0)),0)) -> 0 | C10: =IF(AND(INDEX('CA Standards and Followers'!$E$8:$E$67,MATCH($A10,'CA Standards and Followers'!$A$8:$A$67,0))=1,INDEX('CA Standards and Followers'!$H$8:$H$67,MATCH($A10,'CA Standards and Followers'!$A$8:$A$67,0))<=C$1),INDEX('CA Standards and Followers'!#REF!,MATCH(C$1,'CA Standards and Followers'!$1:$1,0)),IF(AND(INDEX('CA Standards and Followers'!$D$8:$D$67,MATCH($A10,'CA Standards and Followers'!$A$8:$A$67,0))=1,INDEX('CA Standards and Followers'!$G$8:$G$67,MATCH($A10,'CA Standards and Followers'!$A$8:$A$67,0))<=C$1),INDEX('CA Standards and Followers'!$2:$2,MATCH(C$1,'CA Standards and Followers'!$1:$1,0)),0)) -> 0 | D10: =IF(AND(INDEX('CA Standards and Followers'!$E$8:$E$67,MATCH($A10,'CA Standards and Followers'!$A$8:$A$67,0))=1,INDEX('CA Standards and Followers'!$H$8:$H$67,MATCH($A10,'CA Standards and Followers'!$A$8:$A$67,0))<=D$1),INDEX('CA Standards and Followers'!#REF!,MATCH(D$1,'CA Standards and Followers'!$1:$1,0)),IF(AND(INDEX('CA Standards and Followers'!$D$8:$D$67,MATCH($A10,'CA Standards and Followers'!$A$8:$A$67,0))=1,INDEX('CA Standards and Followers'!$G$8:$G$67,MATCH($A10,'CA Standards and Followers'!$A$8:$A$67,0))<=D$1),INDEX('CA Standards and Followers'!$2:$2,MATCH(D$1,'CA Standards and Followers'!$1:$1,0)),0)) -> 0 | E10: =IF(AND(INDEX('CA Standards and Followers'!$E$8:$E$67,MATCH($A10,'CA Standards and Followers'!$A$8:$A$67,0))=1,INDEX('CA Standards and Followers'!$H$8:$H$67,MATCH($A10,'CA Standards and Followers'!$A$8:$A$67,0))<=E$1),INDEX('CA Standards and Followers'!#REF!,MATCH(E$1,'CA Standards and Followers'!$1:$1,0)),IF(AND(INDEX('CA Standards and Followers'!$D$8:$D$67,MATCH($A10,'CA Standards and Followers'!$A$8:$A$67,0))=1,INDEX('CA Standards and Followers'!$G$8:$G$67,MATCH($A10,'CA Standards and Followers'!$A$8:$A$67,0))<=E$1),INDEX('CA Standards and Followers'!$2:$2,MATCH(E$1,'CA Standards and Followers'!$1:$1,0)),0)) -> 0 | F10: =IF(AND(INDEX('CA Standards and Followers'!$E$8:$E$67,MATCH($A10,'CA Standards and Followers'!$A$8:$A$67,0))=1,INDEX('CA Standards and Followers'!$H$8:$H$67,MATCH($A10,'CA Standards and Followers'!$A$8:$A$67,0))<=F$1),INDEX('CA Standards and Followers'!#REF!,MATCH(F$1,'CA Standards and Followers'!$1:$1,0)),IF(AND(INDEX('CA Standards and Followers'!$D$8:$D$67,MATCH($A10,'CA Standards and Followers'!$A$8:$A$67,0))=1,INDEX('CA Standards and Followers'!$G$8:$G$67,MATCH($A10,'CA Standards and Followers'!$A$8:$A$67,0))<=F$1),INDEX('CA Standards and Followers'!$2:$2,MATCH(F$1,'CA Standards and Followers'!$1:$1,0)),0)) -> 0 | G10: =IF(AND(INDEX('CA Standards and Followers'!$E$8:$E$67,MATCH($A10,'CA Standards and Followers'!$A$8:$A$67,0))=1,INDEX('CA Standards and Followers'!$H$8:$H$67,MATCH($A10,'CA Standards and Followers'!$A$8:$A$67,0))<=G$1),INDEX('CA Standards and Followers'!#REF!,MATCH(G$1,'CA Standards and Followers'!$1:$1,0)),IF(AND(INDEX('CA Standards and Followers'!$D$8:$D$67,MATCH($A10,'CA Standards and Followers'!$A$8:$A$67,0))=1,INDEX('CA Standards and Followers'!$G$8:$G$67,MATCH($A10,'CA Standards and Followers'!$A$8:$A$67,0))<=G$1),INDEX('CA Standards and Followers'!$2:$2,MATCH(G$1,'CA Standards and Followers'!$1:$1,0)),0)) -> 0 | H10: =IF(AND(INDEX('CA Standards and Followers'!$E$8:$E$67,MATCH($A10,'CA Standards and Followers'!$A$8:$A$67,0))=1,INDEX('CA Standards and Followers'!$H$8:$H$67,MATCH($A10,'CA Standards and Followers'!$A$8:$A$67,0))<=H$1),INDEX('CA Standards and Followers'!#REF!,MATCH(H$1,'CA Standards and Followers'!$1:$1,0)),IF(AND(INDEX('CA Standards and Followers'!$D$8:$D$67,MATCH($A10,'CA Standards and Followers'!$A$8:$A$67,0))=1,INDEX('CA Standards and Followers'!$G$8:$G$67,MATCH($A10,'CA Standards and Followers'!$A$8:$A$67,0))<=H$1),INDEX('CA Standards and Followers'!$2:$2,MATCH(H$1,'CA Standards and Followers'!$1:$1,0)),0)) -> 0 | I10: =IF(AND(INDEX('CA Standards and Followers'!$E$8:$E$67,MATCH($A10,'CA Standards and Followers'!$A$8:$A$67,0))=1,INDEX('CA Standards and Followers'!$H$8:$H$67,MATCH($A10,'CA Standards and Followers'!$A$8:$A$67,0))<=I$1),INDEX('CA Standards and Followers'!#REF!,MATCH(I$1,'CA Standards and Followers'!$1:$1,0)),IF(AND(INDEX('CA Standards and Followers'!$D$8:$D$67,MATCH($A10,'CA Standards and Followers'!$A$8:$A$67,0))=1,INDEX('CA Standards and Followers'!$G$8:$G$67,MATCH($A10,'CA Standards and Followers'!$A$8:$A$67,0))<=I$1),INDEX('CA Standards and Followers'!$2:$2,MATCH(I$1,'CA Standards and Followers'!$1:$1,0)),0)) -> 0 | ... AF10: =IF(AND(INDEX('CA Standards and Followers'!$E$8:$E$67,MATCH($A10,'CA Standards and Followers'!$A$8:$A$67,0))=1,INDEX('CA Standards and Followers'!$H$8:$H$67,MATCH($A10,'CA Standards and Followers'!$A$8:$A$67,0))<=AF$1),INDEX('CA Standards and Followers'!#REF!,MATCH(AF$1,'CA Standards and Followers'!$1:$1,0)),IF(AND(INDEX('CA Standards and Followers'!$D$8:$D$67,MATCH($A10,'CA Standards and Followers'!$A$8:$A$67,0))=1,INDEX('CA Standards and Followers'!$G$8:$G$67,MATCH($A10,'CA Standards and Followers'!$A$8:$A$67,0))<=AF$1),INDEX('CA Standards and Followers'!$2:$2,MATCH(AF$1,'CA Standards and Followers'!$1:$1,0)),0)) -> 0
A11: Florida | B11: =IF(AND(INDEX('CA Standards and Followers'!$E$8:$E$67,MATCH($A11,'CA Standards and Followers'!$A$8:$A$67,0))=1,INDEX('CA Standards and Followers'!$H$8:$H$67,MATCH($A11,'CA Standards and Followers'!$A$8:$A$67,0))<=B$1),INDEX('CA Standards and Followers'!#REF!,MATCH(B$1,'CA Standards and Followers'!$1:$1,0)),IF(AND(INDEX('CA Standards and Followers'!$D$8:$D$67,MATCH($A11,'CA Standards and Followers'!$A$8:$A$67,0))=1,INDEX('CA Standards and Followers'!$G$8:$G$67,MATCH($A11,'CA Standards and Followers'!$A$8:$A$67,0))<=B$1),INDEX('CA Standards and Followers'!$2:$2,MATCH(B$1,'CA Standards and Followers'!$1:$1,0)),0)) -> 0 | C11: =IF(AND(INDEX('CA Standards and Followers'!$E$8:$E$67,MATCH($A11,'CA Standards and Followers'!$A$8:$A$67,0))=1,INDEX('CA Standards and Followers'!$H$8:$H$67,MATCH($A11,'CA Standards and Followers'!$A$8:$A$67,0))<=C$1),INDEX('CA Standards and Followers'!#REF!,MATCH(C$1,'CA Standards and Followers'!$1:$1,0)),IF(AND(INDEX('CA Standards and Followers'!$D$8:$D$67,MATCH($A11,'CA Standards and Followers'!$A$8:$A$67,0))=1,INDEX('CA Standards and Followers'!$G$8:$G$67,MATCH($A11,'CA Standards and Followers'!$A$8:$A$67,0))<=C$1),INDEX('CA Standards and Followers'!$2:$2,MATCH(C$1,'CA Standards and Followers'!$1:$1,0)),0)) -> 0 | D11: =IF(AND(INDEX('CA Standards and Followers'!$E$8:$E$67,MATCH($A11,'CA Standards and Followers'!$A$8:$A$67,0))=1,INDEX('CA Standards and Followers'!$H$8:$H$67,MATCH($A11,'CA Standards and Followers'!$A$8:$A$67,0))<=D$1),INDEX('CA Standards and Followers'!#REF!,MATCH(D$1,'CA Standards and Followers'!$1:$1,0)),IF(AND(INDEX('CA Standards and Followers'!$D$8:$D$67,MATCH($A11,'CA Standards and Followers'!$A$8:$A$67,0))=1,INDEX('CA Standards and Followers'!$G$8:$G$67,MATCH($A11,'CA Standards and Followers'!$A$8:$A$67,0))<=D$1),INDEX('CA Standards and Followers'!$2:$2,MATCH(D$1,'CA Standards and Followers'!$1:$1,0)),0)) -> 0 | E11: =IF(AND(INDEX('CA Standards and Followers'!$E$8:$E$67,MATCH($A11,'CA Standards and Followers'!$A$8:$A$67,0))=1,INDEX('CA Standards and Followers'!$H$8:$H$67,MATCH($A11,'CA Standards and Followers'!$A$8:$A$67,0))<=E$1),INDEX('CA Standards and Followers'!#REF!,MATCH(E$1,'CA Standards and Followers'!$1:$1,0)),IF(AND(INDEX('CA Standards and Followers'!$D$8:$D$67,MATCH($A11,'CA Standards and Followers'!$A$8:$A$67,0))=1,INDEX('CA Standards and Followers'!$G$8:$G$67,MATCH($A11,'CA Standards and Followers'!$A$8:$A$67,0))<=E$1),INDEX('CA Standards and Followers'!$2:$2,MATCH(E$1,'CA Standards and Followers'!$1:$1,0)),0)) -> 0 | F11: =IF(AND(INDEX('CA Standards and Followers'!$E$8:$E$67,MATCH($A11,'CA Standards and Followers'!$A$8:$A$67,0))=1,INDEX('CA Standards and Followers'!$H$8:$H$67,MATCH($A11,'CA Standards and Followers'!$A$8:$A$67,0))<=F$1),INDEX('CA Standards and Followers'!#REF!,MATCH(F$1,'CA Standards and Followers'!$1:$1,0)),IF(AND(INDEX('CA Standards and Followers'!$D$8:$D$67,MATCH($A11,'CA Standards and Followers'!$A$8:$A$67,0))=1,INDEX('CA Standards and Followers'!$G$8:$G$67,MATCH($A11,'CA Standards and Followers'!$A$8:$A$67,0))<=F$1),INDEX('CA Standards and Followers'!$2:$2,MATCH(F$1,'CA Standards and Followers'!$1:$1,0)),0)) -> 0 | G11: =IF(AND(INDEX('CA Standards and Followers'!$E$8:$E$67,MATCH($A11,'CA Standards and Followers'!$A$8:$A$67,0))=1,INDEX('CA Standards and Followers'!$H$8:$H$67,MATCH($A11,'CA Standards and Followers'!$A$8:$A$67,0))<=G$1),INDEX('CA Standards and Followers'!#REF!,MATCH(G$1,'CA Standards and Followers'!$1:$1,0)),IF(AND(INDEX('CA Standards and Followers'!$D$8:$D$67,MATCH($A11,'CA Standards and Followers'!$A$8:$A$67,0))=1,INDEX('CA Standards and Followers'!$G$8:$G$67,MATCH($A11,'CA Standards and Followers'!$A$8:$A$67,0))<=G$1),INDEX('CA Standards and Followers'!$2:$2,MATCH(G$1,'CA Standards and Followers'!$1:$1,0)),0)) -> 0 | H11: =IF(AND(INDEX('CA Standards and Followers'!$E$8:$E$67,MATCH($A11,'CA Standards and Followers'!$A$8:$A$67,0))=1,INDEX('CA Standards and Followers'!$H$8:$H$67,MATCH($A11,'CA Standards and Followers'!$A$8:$A$67,0))<=H$1),INDEX('CA Standards and Followers'!#REF!,MATCH(H$1,'CA Standards and Followers'!$1:$1,0)),IF(AND(INDEX('CA Standards and Followers'!$D$8:$D$67,MATCH($A11,'CA Standards and Followers'!$A$8:$A$67,0))=1,INDEX('CA Standards and Followers'!$G$8:$G$67,MATCH($A11,'CA Standards and Followers'!$A$8:$A$67,0))<=H$1),INDEX('CA Standards and Followers'!$2:$2,MATCH(H$1,'CA Standards and Followers'!$1:$1,0)),0)) -> 0 | I11: =IF(AND(INDEX('CA Standards and Followers'!$E$8:$E$67,MATCH($A11,'CA Standards and Followers'!$A$8:$A$67,0))=1,INDEX('CA Standards and Followers'!$H$8:$H$67,MATCH($A11,'CA Standards and Followers'!$A$8:$A$67,0))<=I$1),INDEX('CA Standards and Followers'!#REF!,MATCH(I$1,'CA Standards and Followers'!$1:$1,0)),IF(AND(INDEX('CA Standards and Followers'!$D$8:$D$67,MATCH($A11,'CA Standards and Followers'!$A$8:$A$67,0))=1,INDEX('CA Standards and Followers'!$G$8:$G$67,MATCH($A11,'CA Standards and Followers'!$A$8:$A$67,0))<=I$1),INDEX('CA Standards and Followers'!$2:$2,MATCH(I$1,'CA Standards and Followers'!$1:$1,0)),0)) -> 0 | ... AF11: =IF(AND(INDEX('CA Standards and Followers'!$E$8:$E$67,MATCH($A11,'CA Standards and Followers'!$A$8:$A$67,0))=1,INDEX('CA Standards and Followers'!$H$8:$H$67,MATCH($A11,'CA Standards and Followers'!$A$8:$A$67,0))<=AF$1),INDEX('CA Standards and Followers'!#REF!,MATCH(AF$1,'CA Standards and Followers'!$1:$1,0)),IF(AND(INDEX('CA Standards and Followers'!$D$8:$D$67,MATCH($A11,'CA Standards and Followers'!$A$8:$A$67,0))=1,INDEX('CA Standards and Followers'!$G$8:$G$67,MATCH($A11,'CA Standards and Followers'!$A$8:$A$67,0))<=AF$1),INDEX('CA Standards and Followers'!$2:$2,MATCH(AF$1,'CA Standards and Followers'!$1:$1,0)),0)) -> 0
A12: Georgia | B12: =IF(AND(INDEX('CA Standards and Followers'!$E$8:$E$67,MATCH($A12,'CA Standards and Followers'!$A$8:$A$67,0))=1,INDEX('CA Standards and Followers'!$H$8:$H$67,MATCH($A12,'CA Standards and Followers'!$A$8:$A$67,0))<=B$1),INDEX('CA Standards and Followers'!#REF!,MATCH(B$1,'CA Standards and Followers'!$1:$1,0)),IF(AND(INDEX('CA Standards and Followers'!$D$8:$D$67,MATCH($A12,'CA Standards and Followers'!$A$8:$A$67,0))=1,INDEX('CA Standards and Followers'!$G$8:$G$67,MATCH($A12,'CA Standards and Followers'!$A$8:$A$67,0))<=B$1),INDEX('CA Standards and Followers'!$2:$2,MATCH(B$1,'CA Standards and Followers'!$1:$1,0)),0)) -> 0 | C12: =IF(AND(INDEX('CA Standards and Followers'!$E$8:$E$67,MATCH($A12,'CA Standards and Followers'!$A$8:$A$67,0))=1,INDEX('CA Standards and Followers'!$H$8:$H$67,MATCH($A12,'CA Standards and Followers'!$A$8:$A$67,0))<=C$1),INDEX('CA Standards and Followers'!#REF!,MATCH(C$1,'CA Standards and Followers'!$1:$1,0)),IF(AND(INDEX('CA Standards and Followers'!$D$8:$D$67,MATCH($A12,'CA Standards and Followers'!$A$8:$A$67,0))=1,INDEX('CA Standards and Followers'!$G$8:$G$67,MATCH($A12,'CA Standards and Followers'!$A$8:$A$67,0))<=C$1),INDEX('CA Standards and Followers'!$2:$2,MATCH(C$1,'CA Standards and Followers'!$1:$1,0)),0)) -> 0 | D12: =IF(AND(INDEX('CA Standards and Followers'!$E$8:$E$67,MATCH($A12,'CA Standards and Followers'!$A$8:$A$67,0))=1,INDEX('CA Standards and Followers'!$H$8:$H$67,MATCH($A12,'CA Standards and Followers'!$A$8:$A$67,0))<=D$1),INDEX('CA Standards and Followers'!#REF!,MATCH(D$1,'CA Standards and Followers'!$1:$1,0)),IF(AND(INDEX('CA Standards and Followers'!$D$8:$D$67,MATCH($A12,'CA Standards and Followers'!$A$8:$A$67,0))=1,INDEX('CA Standards and Followers'!$G$8:$G$67,MATCH($A12,'CA Standards and Followers'!$A$8:$A$67,0))<=D$1),INDEX('CA Standards and Followers'!$2:$2,MATCH(D$1,'CA Standards and Followers'!$1:$1,0)),0)) -> 0 | E12: =IF(AND(INDEX('CA Standards and Followers'!$E$8:$E$67,MATCH($A12,'CA Standards and Followers'!$A$8:$A$67,0))=1,INDEX('CA Standards and Followers'!$H$8:$H$67,MATCH($A12,'CA Standards and Followers'!$A$8:$A$67,0))<=E$1),INDEX('CA Standards and Followers'!#REF!,MATCH(E$1,'CA Standards and Followers'!$1:$1,0)),IF(AND(INDEX('CA Standards and Followers'!$D$8:$D$67,MATCH($A12,'CA Standards and Followers'!$A$8:$A$67,0))=1,INDEX('CA Standards and Followers'!$G$8:$G$67,MATCH($A12,'CA Standards and Followers'!$A$8:$A$67,0))<=E$1),INDEX('CA Standards and Followers'!$2:$2,MATCH(E$1,'CA Standards and Followers'!$1:$1,0)),0)) -> 0 | F12: =IF(AND(INDEX('CA Standards and Followers'!$E$8:$E$67,MATCH($A12,'CA Standards and Followers'!$A$8:$A$67,0))=1,INDEX('CA Standards and Followers'!$H$8:$H$67,MATCH($A12,'CA Standards and Followers'!$A$8:$A$67,0))<=F$1),INDEX('CA Standards and Followers'!#REF!,MATCH(F$1,'CA Standards and Followers'!$1:$1,0)),IF(AND(INDEX('CA Standards and Followers'!$D$8:$D$67,MATCH($A12,'CA Standards and Followers'!$A$8:$A$67,0))=1,INDEX('CA Standards and Followers'!$G$8:$G$67,MATCH($A12,'CA Standards and Followers'!$A$8:$A$67,0))<=F$1),INDEX('CA Standards and Followers'!$2:$2,MATCH(F$1,'CA Standards and Followers'!$1:$1,0)),0)) -> 0 | G12: =IF(AND(INDEX('CA Standards and Followers'!$E$8:$E$67,MATCH($A12,'CA Standards and Followers'!$A$8:$A$67,0))=1,INDEX('CA Standards and Followers'!$H$8:$H$67,MATCH($A12,'CA Standards and Followers'!$A$8:$A$67,0))<=G$1),INDEX('CA Standards and Followers'!#REF!,MATCH(G$1,'CA Standards and Followers'!$1:$1,0)),IF(AND(INDEX('CA Standards and Followers'!$D$8:$D$67,MATCH($A12,'CA Standards and Followers'!$A$8:$A$67,0))=1,INDEX('CA Standards and Followers'!$G$8:$G$67,MATCH($A12,'CA Standards and Followers'!$A$8:$A$67,0))<=G$1),INDEX('CA Standards and Followers'!$2:$2,MATCH(G$1,'CA Standards and Followers'!$1:$1,0)),0)) -> 0 | H12: =IF(AND(INDEX('CA Standards and Followers'!$E$8:$E$67,MATCH($A12,'CA Standards and Followers'!$A$8:$A$67,0))=1,INDEX('CA Standards and Followers'!$H$8:$H$67,MATCH($A12,'CA Standards and Followers'!$A$8:$A$67,0))<=H$1),INDEX('CA Standards and Followers'!#REF!,MATCH(H$1,'CA Standards and Followers'!$1:$1,0)),IF(AND(INDEX('CA Standards and Followers'!$D$8:$D$67,MATCH($A12,'CA Standards and Followers'!$A$8:$A$67,0))=1,INDEX('CA Standards and Followers'!$G$8:$G$67,MATCH($A12,'CA Standards and Followers'!$A$8:$A$67,0))<=H$1),INDEX('CA Standards and Followers'!$2:$2,MATCH(H$1,'CA Standards and Followers'!$1:$1,0)),0)) -> 0 | I12: =IF(AND(INDEX('CA Standards and Followers'!$E$8:$E$67,MATCH($A12,'CA Standards and Followers'!$A$8:$A$67,0))=1,INDEX('CA Standards and Followers'!$H$8:$H$67,MATCH($A12,'CA Standards and Followers'!$A$8:$A$67,0))<=I$1),INDEX('CA Standards and Followers'!#REF!,MATCH(I$1,'CA Standards and Followers'!$1:$1,0)),IF(AND(INDEX('CA Standards and Followers'!$D$8:$D$67,MATCH($A12,'CA Standards and Followers'!$A$8:$A$67,0))=1,INDEX('CA Standards and Followers'!$G$8:$G$67,MATCH($A12,'CA Standards and Followers'!$A$8:$A$67,0))<=I$1),INDEX('CA Standards and Followers'!$2:$2,MATCH(I$1,'CA Standards and Followers'!$1:$1,0)),0)) -> 0 | ... AF12: =IF(AND(INDEX('CA Standards and Followers'!$E$8:$E$67,MATCH($A12,'CA Standards and Followers'!$A$8:$A$67,0))=1,INDEX('CA Standards and Followers'!$H$8:$H$67,MATCH($A12,'CA Standards and Followers'!$A$8:$A$67,0))<=AF$1),INDEX('CA Standards and Followers'!#REF!,MATCH(AF$1,'CA Standards and Followers'!$1:$1,0)),IF(AND(INDEX('CA Standards and Followers'!$D$8:$D$67,MATCH($A12,'CA Standards and Followers'!$A$8:$A$67,0))=1,INDEX('CA Standards and Followers'!$G$8:$G$67,MATCH($A12,'CA Standards and Followers'!$A$8:$A$67,0))<=AF$1),INDEX('CA Standards and Followers'!$2:$2,MATCH(AF$1,'CA Standards and Followers'!$1:$1,0)),0)) -> 0
A13: Hawaii | B13: =IF(AND(INDEX('CA Standards and Followers'!$E$8:$E$67,MATCH($A13,'CA Standards and Followers'!$A$8:$A$67,0))=1,INDEX('CA Standards and Followers'!$H$8:$H$67,MATCH($A13,'CA Standards and Followers'!$A$8:$A$67,0))<=B$1),INDEX('CA Standards and Followers'!#REF!,MATCH(B$1,'CA Standards and Followers'!$1:$1,0)),IF(AND(INDEX('CA Standards and Followers'!$D$8:$D$67,MATCH($A13,'CA Standards and Followers'!$A$8:$A$67,0))=1,INDEX('CA Standards and Followers'!$G$8:$G$67,MATCH($A13,'CA Standards and Followers'!$A$8:$A$67,0))<=B$1),INDEX('CA Standards and Followers'!$2:$2,MATCH(B$1,'CA Standards and Followers'!$1:$1,0)),0)) -> 0 | C13: =IF(AND(INDEX('CA Standards and Followers'!$E$8:$E$67,MATCH($A13,'CA Standards and Followers'!$A$8:$A$67,0))=1,INDEX('CA Standards and Followers'!$H$8:$H$67,MATCH($A13,'CA Standards and Followers'!$A$8:$A$67,0))<=C$1),INDEX('CA Standards and Followers'!#REF!,MATCH(C$1,'CA Standards and Followers'!$1:$1,0)),IF(AND(INDEX('CA Standards and Followers'!$D$8:$D$67,MATCH($A13,'CA Standards and Followers'!$A$8:$A$67,0))=1,INDEX('CA Standards and Followers'!$G$8:$G$67,MATCH($A13,'CA Standards and Followers'!$A$8:$A$67,0))<=C$1),INDEX('CA Standards and Followers'!$2:$2,MATCH(C$1,'CA Standards and Followers'!$1:$1,0)),0)) -> 0 | D13: =IF(AND(INDEX('CA Standards and Followers'!$E$8:$E$67,MATCH($A13,'CA Standards and Followers'!$A$8:$A$67,0))=1,INDEX('CA Standards and Followers'!$H$8:$H$67,MATCH($A13,'CA Standards and Followers'!$A$8:$A$67,0))<=D$1),INDEX('CA Standards and Followers'!#REF!,MATCH(D$1,'CA Standards and Followers'!$1:$1,0)),IF(AND(INDEX('CA Standards and Followers'!$D$8:$D$67,MATCH($A13,'CA Standards and Followers'!$A$8:$A$67,0))=1,INDEX('CA Standards and Followers'!$G$8:$G$67,MATCH($A13,'CA Standards and Followers'!$A$8:$A$67,0))<=D$1),INDEX('CA Standards and Followers'!$2:$2,MATCH(D$1,'CA Standards and Followers'!$1:$1,0)),0)) -> 0 | E13: =IF(AND(INDEX('CA Standards and Followers'!$E$8:$E$67,MATCH($A13,'CA Standards and Followers'!$A$8:$A$67,0))=1,INDEX('CA Standards and Followers'!$H$8:$H$67,MATCH($A13,'CA Standards and Followers'!$A$8:$A$67,0))<=E$1),INDEX('CA Standards and Followers'!#REF!,MATCH(E$1,'CA Standards and Followers'!$1:$1,0)),IF(AND(INDEX('CA Standards and Followers'!$D$8:$D$67,MATCH($A13,'CA Standards and Followers'!$A$8:$A$67,0))=1,INDEX('CA Standards and Followers'!$G$8:$G$67,MATCH($A13,'CA Standards and Followers'!$A$8:$A$67,0))<=E$1),INDEX('CA Standards and Followers'!$2:$2,MATCH(E$1,'CA Standards and Followers'!$1:$1,0)),0)) -> 0 | F13: =IF(AND(INDEX('CA Standards and Followers'!$E$8:$E$67,MATCH($A13,'CA Standards and Followers'!$A$8:$A$67,0))=1,INDEX('CA Standards and Followers'!$H$8:$H$67,MATCH($A13,'CA Standards and Followers'!$A$8:$A$67,0))<=F$1),INDEX('CA Standards and Followers'!#REF!,MATCH(F$1,'CA Standards and Followers'!$1:$1,0)),IF(AND(INDEX('CA Standards and Followers'!$D$8:$D$67,MATCH($A13,'CA Standards and Followers'!$A$8:$A$67,0))=1,INDEX('CA Standards and Followers'!$G$8:$G$67,MATCH($A13,'CA Standards and Followers'!$A$8:$A$67,0))<=F$1),INDEX('CA Standards and Followers'!$2:$2,MATCH(F$1,'CA Standards and Followers'!$1:$1,0)),0)) -> 0 | G13: =IF(AND(INDEX('CA Standards and Followers'!$E$8:$E$67,MATCH($A13,'CA Standards and Followers'!$A$8:$A$67,0))=1,INDEX('CA Standards and Followers'!$H$8:$H$67,MATCH($A13,'CA Standards and Followers'!$A$8:$A$67,0))<=G$1),INDEX('CA Standards and Followers'!#REF!,MATCH(G$1,'CA Standards and Followers'!$1:$1,0)),IF(AND(INDEX('CA Standards and Followers'!$D$8:$D$67,MATCH($A13,'CA Standards and Followers'!$A$8:$A$67,0))=1,INDEX('CA Standards and Followers'!$G$8:$G$67,MATCH($A13,'CA Standards and Followers'!$A$8:$A$67,0))<=G$1),INDEX('CA Standards and Followers'!$2:$2,MATCH(G$1,'CA Standards and Followers'!$1:$1,0)),0)) -> 0 | H13: =IF(AND(INDEX('CA Standards and Followers'!$E$8:$E$67,MATCH($A13,'CA Standards and Followers'!$A$8:$A$67,0))=1,INDEX('CA Standards and Followers'!$H$8:$H$67,MATCH($A13,'CA Standards and Followers'!$A$8:$A$67,0))<=H$1),INDEX('CA Standards and Followers'!#REF!,MATCH(H$1,'CA Standards and Followers'!$1:$1,0)),IF(AND(INDEX('CA Standards and Followers'!$D$8:$D$67,MATCH($A13,'CA Standards and Followers'!$A$8:$A$67,0))=1,INDEX('CA Standards and Followers'!$G$8:$G$67,MATCH($A13,'CA Standards and Followers'!$A$8:$A$67,0))<=H$1),INDEX('CA Standards and Followers'!$2:$2,MATCH(H$1,'CA Standards and Followers'!$1:$1,0)),0)) -> 0 | I13: =IF(AND(INDEX('CA Standards and Followers'!$E$8:$E$67,MATCH($A13,'CA Standards and Followers'!$A$8:$A$67,0))=1,INDEX('CA Standards and Followers'!$H$8:$H$67,MATCH($A13,'CA Standards and Followers'!$A$8:$A$67,0))<=I$1),INDEX('CA Standards and Followers'!#REF!,MATCH(I$1,'CA Standards and Followers'!$1:$1,0)),IF(AND(INDEX('CA Standards and Followers'!$D$8:$D$67,MATCH($A13,'CA Standards and Followers'!$A$8:$A$67,0))=1,INDEX('CA Standards and Followers'!$G$8:$G$67,MATCH($A13,'CA Standards and Followers'!$A$8:$A$67,0))<=I$1),INDEX('CA Standards and Followers'!$2:$2,MATCH(I$1,'CA Standards and Followers'!$1:$1,0)),0)) -> 0 | ... AF13: =IF(AND(INDEX('CA Standards and Followers'!$E$8:$E$67,MATCH($A13,'CA Standards and Followers'!$A$8:$A$67,0))=1,INDEX('CA Standards and Followers'!$H$8:$H$67,MATCH($A13,'CA Standards and Followers'!$A$8:$A$67,0))<=AF$1),INDEX('CA Standards and Followers'!#REF!,MATCH(AF$1,'CA Standards and Followers'!$1:$1,0)),IF(AND(INDEX('CA Standards and Followers'!$D$8:$D$67,MATCH($A13,'CA Standards and Followers'!$A$8:$A$67,0))=1,INDEX('CA Standards and Followers'!$G$8:$G$67,MATCH($A13,'CA Standards and Followers'!$A$8:$A$67,0))<=AF$1),INDEX('CA Standards and Followers'!$2:$2,MATCH(AF$1,'CA Standards and Followers'!$1:$1,0)),0)) -> 0
... A61: subregion60 | B61: =IF(AND(INDEX('CA Standards and Followers'!$E$8:$E$67,MATCH($A61,'CA Standards and Followers'!$A$8:$A$67,0))=1,INDEX('CA Standards and Followers'!$H$8:$H$67,MATCH($A61,'CA Standards and Followers'!$A$8:$A$67,0))<=B$1),INDEX('CA Standards and Followers'!#REF!,MATCH(B$1,'CA Standards and Followers'!$1:$1,0)),IF(AND(INDEX('CA Standards and Followers'!$D$8:$D$67,MATCH($A61,'CA Standards and Followers'!$A$8:$A$67,0))=1,INDEX('CA Standards and Followers'!$G$8:$G$67,MATCH($A61,'CA Standards and Followers'!$A$8:$A$67,0))<=B$1),INDEX('CA Standards and Followers'!$2:$2,MATCH(B$1,'CA Standards and Followers'!$1:$1,0)),0)) -> 0 | C61: =IF(AND(INDEX('CA Standards and Followers'!$E$8:$E$67,MATCH($A61,'CA Standards and Followers'!$A$8:$A$67,0))=1,INDEX('CA Standards and Followers'!$H$8:$H$67,MATCH($A61,'CA Standards and Followers'!$A$8:$A$67,0))<=C$1),INDEX('CA Standards and Followers'!#REF!,MATCH(C$1,'CA Standards and Followers'!$1:$1,0)),IF(AND(INDEX('CA Standards and Followers'!$D$8:$D$67,MATCH($A61,'CA Standards and Followers'!$A$8:$A$67,0))=1,INDEX('CA Standards and Followers'!$G$8:$G$67,MATCH($A61,'CA Standards and Followers'!$A$8:$A$67,0))<=C$1),INDEX('CA Standards and Followers'!$2:$2,MATCH(C$1,'CA Standards and Followers'!$1:$1,0)),0)) -> 0 | D61: =IF(AND(INDEX('CA Standards and Followers'!$E$8:$E$67,MATCH($A61,'CA Standards and Followers'!$A$8:$A$67,0))=1,INDEX('CA Standards and Followers'!$H$8:$H$67,MATCH($A61,'CA Standards and Followers'!$A$8:$A$67,0))<=D$1),INDEX('CA Standards and Followers'!#REF!,MATCH(D$1,'CA Standards and Followers'!$1:$1,0)),IF(AND(INDEX('CA Standards and Followers'!$D$8:$D$67,MATCH($A61,'CA Standards and Followers'!$A$8:$A$67,0))=1,INDEX('CA Standards and Followers'!$G$8:$G$67,MATCH($A61,'CA Standards and Followers'!$A$8:$A$67,0))<=D$1),INDEX('CA Standards and Followers'!$2:$2,MATCH(D$1,'CA Standards and Followers'!$1:$1,0)),0)) -> 0 | E61: =IF(AND(INDEX('CA Standards and Followers'!$E$8:$E$67,MATCH($A61,'CA Standards and Followers'!$A$8:$A$67,0))=1,INDEX('CA Standards and Followers'!$H$8:$H$67,MATCH($A61,'CA Standards and Followers'!$A$8:$A$67,0))<=E$1),INDEX('CA Standards and Followers'!#REF!,MATCH(E$1,'CA Standards and Followers'!$1:$1,0)),IF(AND(INDEX('CA Standards and Followers'!$D$8:$D$67,MATCH($A61,'CA Standards and Followers'!$A$8:$A$67,0))=1,INDEX('CA Standards and Followers'!$G$8:$G$67,MATCH($A61,'CA Standards and Followers'!$A$8:$A$67,0))<=E$1),INDEX('CA Standards and Followers'!$2:$2,MATCH(E$1,'CA Standards and Followers'!$1:$1,0)),0)) -> 0 | F61: =IF(AND(INDEX('CA Standards and Followers'!$E$8:$E$67,MATCH($A61,'CA Standards and Followers'!$A$8:$A$67,0))=1,INDEX('CA Standards and Followers'!$H$8:$H$67,MATCH($A61,'CA Standards and Followers'!$A$8:$A$67,0))<=F$1),INDEX('CA Standards and Followers'!#REF!,MATCH(F$1,'CA Standards and Followers'!$1:$1,0)),IF(AND(INDEX('CA Standards and Followers'!$D$8:$D$67,MATCH($A61,'CA Standards and Followers'!$A$8:$A$67,0))=1,INDEX('CA Standards and Followers'!$G$8:$G$67,MATCH($A61,'CA Standards and Followers'!$A$8:$A$67,0))<=F$1),INDEX('CA Standards and Followers'!$2:$2,MATCH(F$1,'CA Standards and Followers'!$1:$1,0)),0)) -> 0 | G61: =IF(AND(INDEX('CA Standards and Followers'!$E$8:$E$67,MATCH($A61,'CA Standards and Followers'!$A$8:$A$67,0))=1,INDEX('CA Standards and Followers'!$H$8:$H$67,MATCH($A61,'CA Standards and Followers'!$A$8:$A$67,0))<=G$1),INDEX('CA Standards and Followers'!#REF!,MATCH(G$1,'CA Standards and Followers'!$1:$1,0)),IF(AND(INDEX('CA Standards and Followers'!$D$8:$D$67,MATCH($A61,'CA Standards and Followers'!$A$8:$A$67,0))=1,INDEX('CA Standards and Followers'!$G$8:$G$67,MATCH($A61,'CA Standards and Followers'!$A$8:$A$67,0))<=G$1),INDEX('CA Standards and Followers'!$2:$2,MATCH(G$1,'CA Standards and Followers'!$1:$1,0)),0)) -> 0 | H61: =IF(AND(INDEX('CA Standards and Followers'!$E$8:$E$67,MATCH($A61,'CA Standards and Followers'!$A$8:$A$67,0))=1,INDEX('CA Standards and Followers'!$H$8:$H$67,MATCH($A61,'CA Standards and Followers'!$A$8:$A$67,0))<=H$1),INDEX('CA Standards and Followers'!#REF!,MATCH(H$1,'CA Standards and Followers'!$1:$1,0)),IF(AND(INDEX('CA Standards and Followers'!$D$8:$D$67,MATCH($A61,'CA Standards and Followers'!$A$8:$A$67,0))=1,INDEX('CA Standards and Followers'!$G$8:$G$67,MATCH($A61,'CA Standards and Followers'!$A$8:$A$67,0))<=H$1),INDEX('CA Standards and Followers'!$2:$2,MATCH(H$1,'CA Standards and Followers'!$1:$1,0)),0)) -> 0 | I61: =IF(AND(INDEX('CA Standards and Followers'!$E$8:$E$67,MATCH($A61,'CA Standards and Followers'!$A$8:$A$67,0))=1,INDEX('CA Standards and Followers'!$H$8:$H$67,MATCH($A61,'CA Standards and Followers'!$A$8:$A$67,0))<=I$1),INDEX('CA Standards and Followers'!#REF!,MATCH(I$1,'CA Standards and Followers'!$1:$1,0)),IF(AND(INDEX('CA Standards and Followers'!$D$8:$D$67,MATCH($A61,'CA Standards and Followers'!$A$8:$A$67,0))=1,INDEX('CA Standards and Followers'!$G$8:$G$67,MATCH($A61,'CA Standards and Followers'!$A$8:$A$67,0))<=I$1),INDEX('CA Standards and Followers'!$2:$2,MATCH(I$1,'CA Standards and Followers'!$1:$1,0)),0)) -> 0 | ... AF61: =IF(AND(INDEX('CA Standards and Followers'!$E$8:$E$67,MATCH($A61,'CA Standards and Followers'!$A$8:$A$67,0))=1,INDEX('CA Standards and Followers'!$H$8:$H$67,MATCH($A61,'CA Standards and Followers'!$A$8:$A$67,0))<=AF$1),INDEX('CA Standards and Followers'!#REF!,MATCH(AF$1,'CA Standards and Followers'!$1:$1,0)),IF(AND(INDEX('CA Standards and Followers'!$D$8:$D$67,MATCH($A61,'CA Standards and Followers'!$A$8:$A$67,0))=1,INDEX('CA Standards and Followers'!$G$8:$G$67,MATCH($A61,'CA Standards and Followers'!$A$8:$A$67,0))<=AF$1),INDEX('CA Standards and Followers'!$2:$2,MATCH(AF$1,'CA Standards and Followers'!$1:$1,0)),0)) -> 0

Sheet BRZSPbS-psgr-hdv
A1: Unit: % (share of vehicles that must be ZEVs) | B1: 2020 | C1: 2021 | D1: 2022 | E1: 2023 | F1: 2024 | G1: 2025 | H1: 2026 | I1: 2027 | J1: 2028 | K1: 2029 | L1: 2030 | M1: 2031 | N1: 2032 | O1: 2033 | P1: 2034 | Q1: 2035 | R1: 2036 | S1: 2037 | T1: 2038 | U1: 2039 | V1: 2040 | W1: 2041 | X1: 2042 | Y1: 2043 | Z1: 2044 | AA1: 2045 | AB1: 2046 | AC1: 2047 | AD1: 2048 | AE1: 2049 | AF1: 2050
A2: Alabama | B2: 0 | C2: 0 | D2: 0 | E2: 0 | F2: 0 | G2: 0 | H2: 0 | I2: 0 | J2: 0 | K2: 0 | L2: 0 | M2: 0 | N2: 0 | O2: 0 | P2: 0 | Q2: 0 | R2: 0 | S2: 0 | T2: 0 | U2: 0 | V2: 0 | W2: 0 | X2: 0 | Y2: 0 | Z2: 0 | AA2: 0 | AB2: 0 | AC2: 0 | AD2: 0 | AE2: 0 | AF2: 0
A3: Alaska | B3: 0 | C3: 0 | D3: 0 | E3: 0 | F3: 0 | G3: 0 | H3: 0 | I3: 0 | J3: 0 | K3: 0 | L3: 0 | M3: 0 | N3: 0 | O3: 0 | P3: 0 | Q3: 0 | R3: 0 | S3: 0 | T3: 0 | U3: 0 | V3: 0 | W3: 0 | X3: 0 | Y3: 0 | Z3: 0 | AA3: 0 | AB3: 0 | AC3: 0 | AD3: 0 | AE3: 0 | AF3: 0
A4: Arizona | B4: 0 | C4: 0 | D4: 0 | E4: 0 | F4: 0 | G4: 0 | H4: 0 | I4: 0 | J4: 0 | K4: 0 | L4: 0 | M4: 0 | N4: 0 | O4: 0 | P4: 0 | Q4: 0 | R4: 0 | S4: 0 | T4: 0 | U4: 0 | V4: 0 | W4: 0 | X4: 0 | Y4: 0 | Z4: 0 | AA4: 0 | AB4: 0 | AC4: 0 | AD4: 0 | AE4: 0 | AF4: 0
A5: Arkansas | B5: 0 | C5: 0 | D5: 0 | E5: 0 | F5: 0 | G5: 0 | H5: 0 | I5: 0 | J5: 0 | K5: 0 | L5: 0 | M5: 0 | N5: 0 | O5: 0 | P5: 0 | Q5: 0 | R5: 0 | S5: 0 | T5: 0 | U5: 0 | V5: 0 | W5: 0 | X5: 0 | Y5: 0 | Z5: 0 | AA5: 0 | AB5: 0 | AC5: 0 | AD5: 0 | AE5: 0 | AF5: 0
A6: California | B6: 0 | C6: 0 | D6: 0 | E6: 0 | F6: 0 | G6: 0 | H6: 0 | I6: 0 | J6: 0 | K6: 0 | L6: 0 | M6: 0 | N6: 0 | O6: 0 | P6: 0 | Q6: 0 | R6: 0 | S6: 0 | T6: 0 | U6: 0 | V6: 0 | W6: 0 | X6: 0 | Y6: 0 | Z6: 0 | AA6: 0 | AB6: 0 | AC6: 0 | AD6: 0 | AE6: 0 | AF6: 0
A7: Colorado | B7: 0 | C7: 0 | D7: 0 | E7: 0 | F7: 0 | G7: 0 | H7: 0 | I7: 0 | J7: 0 | K7: 0 | L7: 0 | M7: 0 | N7: 0 | O7: 0 | P7: 0 | Q7: 0 | R7: 0 | S7: 0 | T7: 0 | U7: 0 | V7: 0 | W7: 0 | X7: 0 | Y7: 0 | Z7: 0 | AA7: 0 | AB7: 0 | AC7: 0 | AD7: 0 | AE7: 0 | AF7: 0
A8: Connecticut | B8: 0 | C8: 0 | D8: 0 | E8: 0 | F8: 0 | G8: 0 | H8: 0 | I8: 0 | J8: 0 | K8: 0 | L8: 0 | M8: 0 | N8: 0 | O8: 0 | P8: 0 | Q8: 0 | R8: 0 | S8: 0 | T8: 0 | U8: 0 | V8: 0 | W8: 0 | X8: 0 | Y8: 0 | Z8: 0 | AA8: 0 | AB8: 0 | AC8: 0 | AD8: 0 | AE8: 0 | AF8: 0
A9: Delaware | B9: 0 | C9: 0 | D9: 0 | E9: 0 | F9: 0 | G9: 0 | H9: 0 | I9: 0 | J9: 0 | K9: 0 | L9: 0 | M9: 0 | N9: 0 | O9: 0 | P9: 0 | Q9: 0 | R9: 0 | S9: 0 | T9: 0 | U9: 0 | V9: 0 | W9: 0 | X9: 0 | Y9: 0 | Z9: 0 | AA9: 0 | AB9: 0 | AC9: 0 | AD9: 0 | AE9: 0 | AF9: 0
A10: District of Columbia | B10: 0 | C10: 0 | D10: 0 | E10: 0 | F10: 0 | G10: 0 | H10: 0 | I10: 0 | J10: 0 | K10: 0 | L10: 0 | M10: 0 | N10: 0 | O10: 0 | P10: 0 | Q10: 0 | R10: 0 | S10: 0 | T10: 0 | U10: 0 | V10: 0 | W10: 0 | X10: 0 | Y10: 0 | Z10: 0 | AA10: 0 | AB10: 0 | AC10: 0 | AD10: 0 | AE10: 0 | AF10: 0
A11: Florida | B11: 0 | C11: 0 | D11: 0 | E11: 0 | F11: 0 | G11: 0 | H11: 0 | I11: 0 | J11: 0 | K11: 0 | L11: 0 | M11: 0 | N11: 0 | O11: 0 | P11: 0 | Q11: 0 | R11: 0 | S11: 0 | T11: 0 | U11: 0 | V11: 0 | W11: 0 | X11: 0 | Y11: 0 | Z11: 0 | AA11: 0 | AB11: 0 | AC11: 0 | AD11: 0 | AE11: 0 | AF11: 0
A12: Georgia | B12: 0 | C12: 0 | D12: 0 | E12: 0 | F12: 0 | G12: 0 | H12: 0 | I12: 0 | J12: 0 | K12: 0 | L12: 0 | M12: 0 | N12: 0 | O12: 0 | P12: 0 | Q12: 0 | R12: 0 | S12: 0 | T12: 0 | U12: 0 | V12: 0 | W12: 0 | X12: 0 | Y12: 0 | Z12: 0 | AA12: 0 | AB12: 0 | AC12: 0 | AD12: 0 | AE12: 0 | AF12: 0
... A61: subregion60 | B61: 0 | C61: 0 | D61: 0 | E61: 0 | F61: 0 | G61: 0 | H61: 0 | I61: 0 | J61: 0 | K61: 0 | L61: 0 | M61: 0 | N61: 0 | O61: 0 | P61: 0 | Q61: 0 | R61: 0 | S61: 0 | T61: 0 | U61: 0 | V61: 0 | W61: 0 | X61: 0 | Y61: 0 | Z61: 0 | AA61: 0 | AB61: 0 | AC61: 0 | AD61: 0 | AE61: 0 | AF61: 0

Sheet BRZSPbS-psgr-aircraft
A1: Unit: % (share of vehicles that must be ZEVs) | B1: 2020 | C1: 2021 | D1: 2022 | E1: 2023 | F1: 2024 | G1: 2025 | H1: 2026 | I1: 2027 | J1: 2028 | K1: 2029 | L1: 2030 | M1: 2031 | N1: 2032 | O1: 2033 | P1: 2034 | Q1: 2035 | R1: 2036 | S1: 2037 | T1: 2038 | U1: 2039 | V1: 2040 | W1: 2041 | X1: 2042 | Y1: 2043 | Z1: 2044 | AA1: 2045 | AB1: 2046 | AC1: 2047 | AD1: 2048 | AE1: 2049 | AF1: 2050 | AG1: 2051 | AH1: 2052 | AI1: 2053 | AJ1: 2054 | AK1: 2055 | AL1: 2056 | AM1: 2057 | AN1: 2058 | AO1: 2059 | AP1: 2060
A2: subregion1 | B2: 0 | C2: 0 | D2: 0 | E2: 0 | F2: 0 | G2: 0 | H2: 0 | I2: 0 | J2: 0 | K2: 0 | L2: 0 | M2: 0 | N2: 0 | O2: 0 | P2: 0 | Q2: 0 | R2: 0 | S2: 0 | T2: 0 | U2: 0 | V2: 0 | W2: 0 | X2: 0 | Y2: 0 | Z2: 0 | AA2: 0 | AB2: 0 | AC2: 0 | AD2: 0 | AE2: 0 | AF2: 0 | AG2: 0 | AH2: 0 | AI2: 0 | AJ2: 0 | AK2: 0 | AL2: 0 | AM2: 0 | AN2: 0 | AO2: 0 | AP2: 0
A3: subregion2 | B3: 0 | C3: 0 | D3: 0 | E3: 0 | F3: 0 | G3: 0 | H3: 0 | I3: 0 | J3: 0 | K3: 0 | L3: 0 | M3: 0 | N3: 0 | O3: 0 | P3: 0 | Q3: 0 | R3: 0 | S3: 0 | T3: 0 | U3: 0 | V3: 0 | W3: 0 | X3: 0 | Y3: 0 | Z3: 0 | AA3: 0 | AB3: 0 | AC3: 0 | AD3: 0 | AE3: 0 | AF3: 0 | AG3: 0 | AH3: 0 | AI3: 0 | AJ3: 0 | AK3: 0 | AL3: 0 | AM3: 0 | AN3: 0 | AO3: 0 | AP3: 0
A4: subregion3 | B4: 0 | C4: 0 | D4: 0 | E4: 0 | F4: 0 | G4: 0 | H4: 0 | I4: 0 | J4: 0 | K4: 0 | L4: 0 | M4: 0 | N4: 0 | O4: 0 | P4: 0 | Q4: 0 | R4: 0 | S4: 0 | T4: 0 | U4: 0 | V4: 0 | W4: 0 | X4: 0 | Y4: 0 | Z4: 0 | AA4: 0 | AB4: 0 | AC4: 0 | AD4: 0 | AE4: 0 | AF4: 0 | AG4: 0 | AH4: 0 | AI4: 0 | AJ4: 0 | AK4: 0 | AL4: 0 | AM4: 0 | AN4: 0 | AO4: 0 | AP4: 0
A5: subregion4 | B5: 0 | C5: 0 | D5: 0 | E5: 0 | F5: 0 | G5: 0 | H5: 0 | I5: 0 | J5: 0 | K5: 0 | L5: 0 | M5: 0 | N5: 0 | O5: 0 | P5: 0 | Q5: 0 | R5: 0 | S5: 0 | T5: 0 | U5: 0 | V5: 0 | W5: 0 | X5: 0 | Y5: 0 | Z5: 0 | AA5: 0 | AB5: 0 | AC5: 0 | AD5: 0 | AE5: 0 | AF5: 0 | AG5: 0 | AH5: 0 | AI5: 0 | AJ5: 0 | AK5: 0 | AL5: 0 | AM5: 0 | AN5: 0 | AO5: 0 | AP5: 0
A6: subregion5 | B6: 0 | C6: 0 | D6: 0 | E6: 0 | F6: 0 | G6: 0 | H6: 0 | I6: 0 | J6: 0 | K6: 0 | L6: 0 | M6: 0 | N6: 0 | O6: 0 | P6: 0 | Q6: 0 | R6: 0 | S6: 0 | T6: 0 | U6: 0 | V6: 0 | W6: 0 | X6: 0 | Y6: 0 | Z6: 0 | AA6: 0 | AB6: 0 | AC6: 0 | AD6: 0 | AE6: 0 | AF6: 0 | AG6: 0 | AH6: 0 | AI6: 0 | AJ6: 0 | AK6: 0 | AL6: 0 | AM6: 0 | AN6: 0 | AO6: 0 | AP6: 0
A7: subregion6 | B7: 0 | C7: 0 | D7: 0 | E7: 0 | F7: 0 | G7: 0 | H7: 0 | I7: 0 | J7: 0 | K7: 0 | L7: 0 | M7: 0 | N7: 0 | O7: 0 | P7: 0 | Q7: 0 | R7: 0 | S7: 0 | T7: 0 | U7: 0 | V7: 0 | W7: 0 | X7: 0 | Y7: 0 | Z7: 0 | AA7: 0 | AB7: 0 | AC7: 0 | AD7: 0 | AE7: 0 | AF7: 0 | AG7: 0 | AH7: 0 | AI7: 0 | AJ7: 0 | AK7: 0 | AL7: 0 | AM7: 0 | AN7: 0 | AO7: 0 | AP7: 0
A8: subregion7 | B8: 0 | C8: 0 | D8: 0 | E8: 0 | F8: 0 | G8: 0 | H8: 0 | I8: 0 | J8: 0 | K8: 0 | L8: 0 | M8: 0 | N8: 0 | O8: 0 | P8: 0 | Q8: 0 | R8: 0 | S8: 0 | T8: 0 | U8: 0 | V8: 0 | W8: 0 | X8: 0 | Y8: 0 | Z8: 0 | AA8: 0 | AB8: 0 | AC8: 0 | AD8: 0 | AE8: 0 | AF8: 0 | AG8: 0 | AH8: 0 | AI8: 0 | AJ8: 0 | AK8: 0 | AL8: 0 | AM8: 0 | AN8: 0 | AO8: 0 | AP8: 0
A9: subregion8 | B9: 0 | C9: 0 | D9: 0 | E9: 0 | F9: 0 | G9: 0 | H9: 0 | I9: 0 | J9: 0 | K9: 0 | L9: 0 | M9: 0 | N9: 0 | O9: 0 | P9: 0 | Q9: 0 | R9: 0 | S9: 0 | T9: 0 | U9: 0 | V9: 0 | W9: 0 | X9: 0 | Y9: 0 | Z9: 0 | AA9: 0 | AB9: 0 | AC9: 0 | AD9: 0 | AE9: 0 | AF9: 0 | AG9: 0 | AH9: 0 | AI9: 0 | AJ9: 0 | AK9: 0 | AL9: 0 | AM9: 0 | AN9: 0 | AO9: 0 | AP9: 0
A10: subregion9 | B10: 0 | C10: 0 | D10: 0 | E10: 0 | F10: 0 | G10: 0 | H10: 0 | I10: 0 | J10: 0 | K10: 0 | L10: 0 | M10: 0 | N10: 0 | O10: 0 | P10: 0 | Q10: 0 | R10: 0 | S10: 0 | T10: 0 | U10: 0 | V10: 0 | W10: 0 | X10: 0 | Y10: 0 | Z10: 0 | AA10: 0 | AB10: 0 | AC10: 0 | AD10: 0 | AE10: 0 | AF10: 0 | AG10: 0 | AH10: 0 | AI10: 0 | AJ10: 0 | AK10: 0 | AL10: 0 | AM10: 0 | AN10: 0 | AO10: 0 | AP10: 0
A11: subregion10 | B11: 0 | C11: 0 | D11: 0 | E11: 0 | F11: 0 | G11: 0 | H11: 0 | I11: 0 | J11: 0 | K11: 0 | L11: 0 | M11: 0 | N11: 0 | O11: 0 | P11: 0 | Q11: 0 | R11: 0 | S11: 0 | T11: 0 | U11: 0 | V11: 0 | W11: 0 | X11: 0 | Y11: 0 | Z11: 0 | AA11: 0 | AB11: 0 | AC11: 0 | AD11: 0 | AE11: 0 | AF11: 0 | AG11: 0 | AH11: 0 | AI11: 0 | AJ11: 0 | AK11: 0 | AL11: 0 | AM11: 0 | AN11: 0 | AO11: 0 | AP11: 0
A12: subregion11 | B12: 0 | C12: 0 | D12: 0 | E12: 0 | F12: 0 | G12: 0 | H12: 0 | I12: 0 | J12: 0 | K12: 0 | L12: 0 | M12: 0 | N12: 0 | O12: 0 | P12: 0 | Q12: 0 | R12: 0 | S12: 0 | T12: 0 | U12: 0 | V12: 0 | W12: 0 | X12: 0 | Y12: 0 | Z12: 0 | AA12: 0 | AB12: 0 | AC12: 0 | AD12: 0 | AE12: 0 | AF12: 0 | AG12: 0 | AH12: 0 | AI12: 0 | AJ12: 0 | AK12: 0 | AL12: 0 | AM12: 0 | AN12: 0 | AO12: 0 | AP12: 0
... A61: subregion60 | B61: 0 | C61: 0 | D61: 0 | E61: 0 | F61: 0 | G61: 0 | H61: 0 | I61: 0 | J61: 0 | K61: 0 | L61: 0 | M61: 0 | N61: 0 | O61: 0 | P61: 0 | Q61: 0 | R61: 0 | S61: 0 | T61: 0 | U61: 0 | V61: 0 | W61: 0 | X61: 0 | Y61: 0 | Z61: 0 | AA61: 0 | AB61: 0 | AC61: 0 | AD61: 0 | AE61: 0 | AF61: 0 | AG61: 0 | AH61: 0 | AI61: 0 | AJ61: 0 | AK61: 0 | AL61: 0 | AM61: 0 | AN61: 0 | AO61: 0 | AP61: 0

Sheet BRZSPbS-psgr-rail
A1: Unit: % (share of vehicles that must be ZEVs) | B1: 2020 | C1: 2021 | D1: 2022 | E1: 2023 | F1: 2024 | G1: 2025 | H1: 2026 | I1: 2027 | J1: 2028 | K1: 2029 | L1: 2030 | M1: 2031 | N1: 2032 | O1: 2033 | P1: 2034 | Q1: 2035 | R1: 2036 | S1: 2037 | T1: 2038 | U1: 2039 | V1: 2040 | W1: 2041 | X1: 2042 | Y1: 2043 | Z1: 2044 | AA1: 2045 | AB1: 2046 | AC1: 2047 | AD1: 2048 | AE1: 2049 | AF1: 2050 | AG1: 2051 | AH1: 2052 | AI1: 2053 | AJ1: 2054 | AK1: 2055 | AL1: 2056 | AM1: 2057 | AN1: 2058 | AO1: 2059 | AP1: 2060
A2: subregion1 | B2: 0 | C2: 0 | D2: 0 | E2: 0 | F2: 0 | G2: 0 | H2: 0 | I2: 0 | J2: 0 | K2: 0 | L2: 0 | M2: 0 | N2: 0 | O2: 0 | P2: 0 | Q2: 0 | R2: 0 | S2: 0 | T2: 0 | U2: 0 | V2: 0 | W2: 0 | X2: 0 | Y2: 0 | Z2: 0 | AA2: 0 | AB2: 0 | AC2: 0 | AD2: 0 | AE2: 0 | AF2: 0 | AG2: 0 | AH2: 0 | AI2: 0 | AJ2: 0 | AK2: 0 | AL2: 0 | AM2: 0 | AN2: 0 | AO2: 0 | AP2: 0
A3: subregion2 | B3: 0 | C3: 0 | D3: 0 | E3: 0 | F3: 0 | G3: 0 | H3: 0 | I3: 0 | J3: 0 | K3: 0 | L3: 0 | M3: 0 | N3: 0 | O3: 0 | P3: 0 | Q3: 0 | R3: 0 | S3: 0 | T3: 0 | U3: 0 | V3: 0 | W3: 0 | X3: 0 | Y3: 0 | Z3: 0 | AA3: 0 | AB3: 0 | AC3: 0 | AD3: 0 | AE3: 0 | AF3: 0 | AG3: 0 | AH3: 0 | AI3: 0 | AJ3: 0 | AK3: 0 | AL3: 0 | AM3: 0 | AN3: 0 | AO3: 0 | AP3: 0
A4: subregion3 | B4: 0 | C4: 0 | D4: 0 | E4: 0 | F4: 0 | G4: 0 | H4: 0 | I4: 0 | J4: 0 | K4: 0 | L4: 0 | M4: 0 | N4: 0 | O4: 0 | P4: 0 | Q4: 0 | R4: 0 | S4: 0 | T4: 0 | U4: 0 | V4: 0 | W4: 0 | X4: 0 | Y4: 0 | Z4: 0 | AA4: 0 | AB4: 0 | AC4: 0 | AD4: 0 | AE4: 0 | AF4: 0 | AG4: 0 | AH4: 0 | AI4: 0 | AJ4: 0 | AK4: 0 | AL4: 0 | AM4: 0 | AN4: 0 | AO4: 0 | AP4: 0
A5: subregion4 | B5: 0 | C5: 0 | D5: 0 | E5: 0 | F5: 0 | G5: 0 | H5: 0 | I5: 0 | J5: 0 | K5: 0 | L5: 0 | M5: 0 | N5: 0 | O5: 0 | P5: 0 | Q5: 0 | R5: 0 | S5: 0 | T5: 0 | U5: 0 | V5: 0 | W5: 0 | X5: 0 | Y5: 0 | Z5: 0 | AA5: 0 | AB5: 0 | AC5: 0 | AD5: 0 | AE5: 0 | AF5: 0 | AG5: 0 | AH5: 0 | AI5: 0 | AJ5: 0 | AK5: 0 | AL5: 0 | AM5: 0 | AN5: 0 | AO5: 0 | AP5: 0
A6: subregion5 | B6: 0 | C6: 0 | D6: 0 | E6: 0 | F6: 0 | G6: 0 | H6: 0 | I6: 0 | J6: 0 | K6: 0 | L6: 0 | M6: 0 | N6: 0 | O6: 0 | P6: 0 | Q6: 0 | R6: 0 | S6: 0 | T6: 0 | U6: 0 | V6: 0 | W6: 0 | X6: 0 | Y6: 0 | Z6: 0 | AA6: 0 | AB6: 0 | AC6: 0 | AD6: 0 | AE6: 0 | AF6: 0 | AG6: 0 | AH6: 0 | AI6: 0 | AJ6: 0 | AK6: 0 | AL6: 0 | AM6: 0 | AN6: 0 | AO6: 0 | AP6: 0
A7: subregion6 | B7: 0 | C7: 0 | D7: 0 | E7: 0 | F7: 0 | G7: 0 | H7: 0 | I7: 0 | J7: 0 | K7: 0 | L7: 0 | M7: 0 | N7: 0 | O7: 0 | P7: 0 | Q7: 0 | R7: 0 | S7: 0 | T7: 0 | U7: 0 | V7: 0 | W7: 0 | X7: 0 | Y7: 0 | Z7: 0 | AA7: 0 | AB7: 0 | AC7: 0 | AD7: 0 | AE7: 0 | AF7: 0 | AG7: 0 | AH7: 0 | AI7: 0 | AJ7: 0 | AK7: 0 | AL7: 0 | AM7: 0 | AN7: 0 | AO7: 0 | AP7: 0
A8: subregion7 | B8: 0 | C8: 0 | D8: 0 | E8: 0 | F8: 0 | G8: 0 | H8: 0 | I8: 0 | J8: 0 | K8: 0 | L8: 0 | M8: 0 | N8: 0 | O8: 0 | P8: 0 | Q8: 0 | R8: 0 | S8: 0 | T8: 0 | U8: 0 | V8: 0 | W8: 0 | X8: 0 | Y8: 0 | Z8: 0 | AA8: 0 | AB8: 0 | AC8: 0 | AD8: 0 | AE8: 0 | AF8: 0 | AG8: 0 | AH8: 0 | AI8: 0 | AJ8: 0 | AK8: 0 | AL8: 0 | AM8: 0 | AN8: 0 | AO8: 0 | AP8: 0
A9: subregion8 | B9: 0 | C9: 0 | D9: 0 | E9: 0 | F9: 0 | G9: 0 | H9: 0 | I9: 0 | J9: 0 | K9: 0 | L9: 0 | M9: 0 | N9: 0 | O9: 0 | P9: 0 | Q9: 0 | R9: 0 | S9: 0 | T9: 0 | U9: 0 | V9: 0 | W9: 0 | X9: 0 | Y9: 0 | Z9: 0 | AA9: 0 | AB9: 0 | AC9: 0 | AD9: 0 | AE9: 0 | AF9: 0 | AG9: 0 | AH9: 0 | AI9: 0 | AJ9: 0 | AK9: 0 | AL9: 0 | AM9: 0 | AN9: 0 | AO9: 0 | AP9: 0
A10: subregion9 | B10: 0 | C10: 0 | D10: 0 | E10: 0 | F10: 0 | G10: 0 | H10: 0 | I10: 0 | J10: 0 | K10: 0 | L10: 0 | M10: 0 | N10: 0 | O10: 0 | P10: 0 | Q10: 0 | R10: 0 | S10: 0 | T10: 0 | U10: 0 | V10: 0 | W10: 0 | X10: 0 | Y10: 0 | Z10: 0 | AA10: 0 | AB10: 0 | AC10: 0 | AD10: 0 | AE10: 0 | AF10: 0 | AG10: 0 | AH10: 0 | AI10: 0 | AJ10: 0 | AK10: 0 | AL10: 0 | AM10: 0 | AN10: 0 | AO10: 0 | AP10: 0
A11: subregion10 | B11: 0 | C11: 0 | D11: 0 | E11: 0 | F11: 0 | G11: 0 | H11: 0 | I11: 0 | J11: 0 | K11: 0 | L11: 0 | M11: 0 | N11: 0 | O11: 0 | P11: 0 | Q11: 0 | R11: 0 | S11: 0 | T11: 0 | U11: 0 | V11: 0 | W11: 0 | X11: 0 | Y11: 0 | Z11: 0 | AA11: 0 | AB11: 0 | AC11: 0 | AD11: 0 | AE11: 0 | AF11: 0 | AG11: 0 | AH11: 0 | AI11: 0 | AJ11: 0 | AK11: 0 | AL11: 0 | AM11: 0 | AN11: 0 | AO11: 0 | AP11: 0
A12: subregion11 | B12: 0 | C12: 0 | D12: 0 | E12: 0 | F12: 0 | G12: 0 | H12: 0 | I12: 0 | J12: 0 | K12: 0 | L12: 0 | M12: 0 | N12: 0 | O12: 0 | P12: 0 | Q12: 0 | R12: 0 | S12: 0 | T12: 0 | U12: 0 | V12: 0 | W12: 0 | X12: 0 | Y12: 0 | Z12: 0 | AA12: 0 | AB12: 0 | AC12: 0 | AD12: 0 | AE12: 0 | AF12: 0 | AG12: 0 | AH12: 0 | AI12: 0 | AJ12: 0 | AK12: 0 | AL12: 0 | AM12: 0 | AN12: 0 | AO12: 0 | AP12: 0
... A61: subregion60 | B61: 0 | C61: 0 | D61: 0 | E61: 0 | F61: 0 | G61: 0 | H61: 0 | I61: 0 | J61: 0 | K61: 0 | L61: 0 | M61: 0 | N61: 0 | O61: 0 | P61: 0 | Q61: 0 | R61: 0 | S61: 0 | T61: 0 | U61: 0 | V61: 0 | W61: 0 | X61: 0 | Y61: 0 | Z61: 0 | AA61: 0 | AB61: 0 | AC61: 0 | AD61: 0 | AE61: 0 | AF61: 0 | AG61: 0 | AH61: 0 | AI61: 0 | AJ61: 0 | AK61: 0 | AL61: 0 | AM61: 0 | AN61: 0 | AO61: 0 | AP61: 0

Sheet BRZSPbS-psgr-ships
A1: Unit: % (share of vehicles that must be ZEVs) | B1: 2020 | C1: 2021 | D1: 2022 | E1: 2023 | F1: 2024 | G1: 2025 | H1: 2026 | I1: 2027 | J1: 2028 | K1: 2029 | L1: 2030 | M1: 2031 | N1: 2032 | O1: 2033 | P1: 2034 | Q1: 2035 | R1: 2036 | S1: 2037 | T1: 2038 | U1: 2039 | V1: 2040 | W1: 2041 | X1: 2042 | Y1: 2043 | Z1: 2044 | AA1: 2045 | AB1: 2046 | AC1: 2047 | AD1: 2048 | AE1: 2049 | AF1: 2050 | AG1: 2051 | AH1: 2052 | AI1: 2053 | AJ1: 2054 | AK1: 2055 | AL1: 2056 | AM1: 2057 | AN1: 2058 | AO1: 2059 | AP1: 2060
A2: subregion1 | B2: 0 | C2: 0 | D2: 0 | E2: 0 | F2: 0 | G2: 0 | H2: 0 | I2: 0 | J2: 0 | K2: 0 | L2: 0 | M2: 0 | N2: 0 | O2: 0 | P2: 0 | Q2: 0 | R2: 0 | S2: 0 | T2: 0 | U2: 0 | V2: 0 | W2: 0 | X2: 0 | Y2: 0 | Z2: 0 | AA2: 0 | AB2: 0 | AC2: 0 | AD2: 0 | AE2: 0 | AF2: 0 | AG2: 0 | AH2: 0 | AI2: 0 | AJ2: 0 | AK2: 0 | AL2: 0 | AM2: 0 | AN2: 0 | AO2: 0 | AP2: 0
A3: subregion2 | B3: 0 | C3: 0 | D3: 0 | E3: 0 | F3: 0 | G3: 0 | H3: 0 | I3: 0 | J3: 0 | K3: 0 | L3: 0 | M3: 0 | N3: 0 | O3: 0 | P3: 0 | Q3: 0 | R3: 0 | S3: 0 | T3: 0 | U3: 0 | V3: 0 | W3: 0 | X3: 0 | Y3: 0 | Z3: 0 | AA3: 0 | AB3: 0 | AC3: 0 | AD3: 0 | AE3: 0 | AF3: 0 | AG3: 0 | AH3: 0 | AI3: 0 | AJ3: 0 | AK3: 0 | AL3: 0 | AM3: 0 | AN3: 0 | AO3: 0 | AP3: 0
A4: subregion3 | B4: 0 | C4: 0 | D4: 0 | E4: 0 | F4: 0 | G4: 0 | H4: 0 | I4: 0 | J4: 0 | K4: 0 | L4: 0 | M4: 0 | N4: 0 | O4: 0 | P4: 0 | Q4: 0 | R4: 0 | S4: 0 | T4: 0 | U4: 0 | V4: 0 | W4: 0 | X4: 0 | Y4: 0 | Z4: 0 | AA4: 0 | AB4: 0 | AC4: 0 | AD4: 0 | AE4: 0 | AF4: 0 | AG4: 0 | AH4: 0 | AI4: 0 | AJ4: 0 | AK4: 0 | AL4: 0 | AM4: 0 | AN4: 0 | AO4: 0 | AP4: 0
A5: subregion4 | B5: 0 | C5: 0 | D5: 0 | E5: 0 | F5: 0 | G5: 0 | H5: 0 | I5: 0 | J5: 0 | K5: 0 | L5: 0 | M5: 0 | N5: 0 | O5: 0 | P5: 0 | Q5: 0 | R5: 0 | S5: 0 | T5: 0 | U5: 0 | V5: 0 | W5: 0 | X5: 0 | Y5: 0 | Z5: 0 | AA5: 0 | AB5: 0 | AC5: 0 | AD5: 0 | AE5: 0 | AF5: 0 | AG5: 0 | AH5: 0 | AI5: 0 | AJ5: 0 | AK5: 0 | AL5: 0 | AM5: 0 | AN5: 0 | AO5: 0 | AP5: 0
A6: subregion5 | B6: 0 | C6: 0 | D6: 0 | E6: 0 | F6: 0 | G6: 0 | H6: 0 | I6: 0 | J6: 0 | K6: 0 | L6: 0 | M6: 0 | N6: 0 | O6: 0 | P6: 0 | Q6: 0 | R6: 0 | S6: 0 | T6: 0 | U6: 0 | V6: 0 | W6: 0 | X6: 0 | Y6: 0 | Z6: 0 | AA6: 0 | AB6: 0 | AC6: 0 | AD6: 0 | AE6: 0 | AF6: 0 | AG6: 0 | AH6: 0 | AI6: 0 | AJ6: 0 | AK6: 0 | AL6: 0 | AM6: 0 | AN6: 0 | AO6: 0 | AP6: 0
A7: subregion6 | B7: 0 | C7: 0 | D7: 0 | E7: 0 | F7: 0 | G7: 0 | H7: 0 | I7: 0 | J7: 0 | K7: 0 | L7: 0 | M7: 0 | N7: 0 | O7: 0 | P7: 0 | Q7: 0 | R7: 0 | S7: 0 | T7: 0 | U7: 0 | V7: 0 | W7: 0 | X7: 0 | Y7: 0 | Z7: 0 | AA7: 0 | AB7: 0 | AC7: 0 | AD7: 0 | AE7: 0 | AF7: 0 | AG7: 0 | AH7: 0 | AI7: 0 | AJ7: 0 | AK7: 0 | AL7: 0 | AM7: 0 | AN7: 0 | AO7: 0 | AP7: 0
A8: subregion7 | B8: 0 | C8: 0 | D8: 0 | E8: 0 | F8: 0 | G8: 0 | H8: 0 | I8: 0 | J8: 0 | K8: 0 | L8: 0 | M8: 0 | N8: 0 | O8: 0 | P8: 0 | Q8: 0 | R8: 0 | S8: 0 | T8: 0 | U8: 0 | V8: 0 | W8: 0 | X8: 0 | Y8: 0 | Z8: 0 | AA8: 0 | AB8: 0 | AC8: 0 | AD8: 0 | AE8: 0 | AF8: 0 | AG8: 0 | AH8: 0 | AI8: 0 | AJ8: 0 | AK8: 0 | AL8: 0 | AM8: 0 | AN8: 0 | AO8: 0 | AP8: 0
A9: subregion8 | B9: 0 | C9: 0 | D9: 0 | E9: 0 | F9: 0 | G9: 0 | H9: 0 | I9: 0 | J9: 0 | K9: 0 | L9: 0 | M9: 0 | N9: 0 | O9: 0 | P9: 0 | Q9: 0 | R9: 0 | S9: 0 | T9: 0 | U9: 0 | V9: 0 | W9: 0 | X9: 0 | Y9: 0 | Z9: 0 | AA9: 0 | AB9: 0 | AC9: 0 | AD9: 0 | AE9: 0 | AF9: 0 | AG9: 0 | AH9: 0 | AI9: 0 | AJ9: 0 | AK9: 0 | AL9: 0 | AM9: 0 | AN9: 0 | AO9: 0 | AP9: 0
A10: subregion9 | B10: 0 | C10: 0 | D10: 0 | E10: 0 | F10: 0 | G10: 0 | H10: 0 | I10: 0 | J10: 0 | K10: 0 | L10: 0 | M10: 0 | N10: 0 | O10: 0 | P10: 0 | Q10: 0 | R10: 0 | S10: 0 | T10: 0 | U10: 0 | V10: 0 | W10: 0 | X10: 0 | Y10: 0 | Z10: 0 | AA10: 0 | AB10: 0 | AC10: 0 | AD10: 0 | AE10: 0 | AF10: 0 | AG10: 0 | AH10: 0 | AI10: 0 | AJ10: 0 | AK10: 0 | AL10: 0 | AM10: 0 | AN10: 0 | AO10: 0 | AP10: 0
A11: subregion10 | B11: 0 | C11: 0 | D11: 0 | E11: 0 | F11: 0 | G11: 0 | H11: 0 | I11: 0 | J11: 0 | K11: 0 | L11: 0 | M11: 0 | N11: 0 | O11: 0 | P11: 0 | Q11: 0 | R11: 0 | S11: 0 | T11: 0 | U11: 0 | V11: 0 | W11: 0 | X11: 0 | Y11: 0 | Z11: 0 | AA11: 0 | AB11: 0 | AC11: 0 | AD11: 0 | AE11: 0 | AF11: 0 | AG11: 0 | AH11: 0 | AI11: 0 | AJ11: 0 | AK11: 0 | AL11: 0 | AM11: 0 | AN11: 0 | AO11: 0 | AP11: 0
A12: subregion11 | B12: 0 | C12: 0 | D12: 0 | E12: 0 | F12: 0 | G12: 0 | H12: 0 | I12: 0 | J12: 0 | K12: 0 | L12: 0 | M12: 0 | N12: 0 | O12: 0 | P12: 0 | Q12: 0 | R12: 0 | S12: 0 | T12: 0 | U12: 0 | V12: 0 | W12: 0 | X12: 0 | Y12: 0 | Z12: 0 | AA12: 0 | AB12: 0 | AC12: 0 | AD12: 0 | AE12: 0 | AF12: 0 | AG12: 0 | AH12: 0 | AI12: 0 | AJ12: 0 | AK12: 0 | AL12: 0 | AM12: 0 | AN12: 0 | AO12: 0 | AP12: 0
... A61: subregion60 | B61: 0 | C61: 0 | D61: 0 | E61: 0 | F61: 0 | G61: 0 | H61: 0 | I61: 0 | J61: 0 | K61: 0 | L61: 0 | M61: 0 | N61: 0 | O61: 0 | P61: 0 | Q61: 0 | R61: 0 | S61: 0 | T61: 0 | U61: 0 | V61: 0 | W61: 0 | X61: 0 | Y61: 0 | Z61: 0 | AA61: 0 | AB61: 0 | AC61: 0 | AD61: 0 | AE61: 0 | AF61: 0 | AG61: 0 | AH61: 0 | AI61: 0 | AJ61: 0 | AK61: 0 | AL61: 0 | AM61: 0 | AN61: 0 | AO61: 0 | AP61: 0

Sheet BRZSPbS-psgr-mtrbk
A1: Unit: % (share of vehicles that must be ZEVs) | B1: 2020 | C1: 2021 | D1: 2022 | E1: 2023 | F1: 2024 | G1: 2025 | H1: 2026 | I1: 2027 | J1: 2028 | K1: 2029 | L1: 2030 | M1: 2031 | N1: 2032 | O1: 2033 | P1: 2034 | Q1: 2035 | R1: 2036 | S1: 2037 | T1: 2038 | U1: 2039 | V1: 2040 | W1: 2041 | X1: 2042 | Y1: 2043 | Z1: 2044 | AA1: 2045 | AB1: 2046 | AC1: 2047 | AD1: 2048 | AE1: 2049 | AF1: 2050
A2: Alabama | B2: 0 | C2: 0 | D2: 0 | E2: 0 | F2: 0 | G2: 0 | H2: 0 | I2: 0 | J2: 0 | K2: 0 | L2: 0 | M2: 0 | N2: 0 | O2: 0 | P2: 0 | Q2: 0 | R2: 0 | S2: 0 | T2: 0 | U2: 0 | V2: 0 | W2: 0 | X2: 0 | Y2: 0 | Z2: 0 | AA2: 0 | AB2: 0 | AC2: 0 | AD2: 0 | AE2: 0 | AF2: 0
A3: Alaska | B3: 0 | C3: 0 | D3: 0 | E3: 0 | F3: 0 | G3: 0 | H3: 0 | I3: 0 | J3: 0 | K3: 0 | L3: 0 | M3: 0 | N3: 0 | O3: 0 | P3: 0 | Q3: 0 | R3: 0 | S3: 0 | T3: 0 | U3: 0 | V3: 0 | W3: 0 | X3: 0 | Y3: 0 | Z3: 0 | AA3: 0 | AB3: 0 | AC3: 0 | AD3: 0 | AE3: 0 | AF3: 0
A4: Arizona | B4: 0 | C4: 0 | D4: 0 | E4: 0 | F4: 0 | G4: 0 | H4: 0 | I4: 0 | J4: 0 | K4: 0 | L4: 0 | M4: 0 | N4: 0 | O4: 0 | P4: 0 | Q4: 0 | R4: 0 | S4: 0 | T4: 0 | U4: 0 | V4: 0 | W4: 0 | X4: 0 | Y4: 0 | Z4: 0 | AA4: 0 | AB4: 0 | AC4: 0 | AD4: 0 | AE4: 0 | AF4: 0
A5: Arkansas | B5: 0 | C5: 0 | D5: 0 | E5: 0 | F5: 0 | G5: 0 | H5: 0 | I5: 0 | J5: 0 | K5: 0 | L5: 0 | M5: 0 | N5: 0 | O5: 0 | P5: 0 | Q5: 0 | R5: 0 | S5: 0 | T5: 0 | U5: 0 | V5: 0 | W5: 0 | X5: 0 | Y5: 0 | Z5: 0 | AA5: 0 | AB5: 0 | AC5: 0 | AD5: 0 | AE5: 0 | AF5: 0
A6: California | B6: 0 | C6: 0 | D6: 0 | E6: 0 | F6: 0 | G6: 0 | H6: 0 | I6: 0 | J6: 0 | K6: 0 | L6: 0 | M6: 0 | N6: 0 | O6: 0 | P6: 0 | Q6: 0 | R6: 0 | S6: 0 | T6: 0 | U6: 0 | V6: 0 | W6: 0 | X6: 0 | Y6: 0 | Z6: 0 | AA6: 0 | AB6: 0 | AC6: 0 | AD6: 0 | AE6: 0 | AF6: 0
A7: Colorado | B7: 0 | C7: 0 | D7: 0 | E7: 0 | F7: 0 | G7: 0 | H7: 0 | I7: 0 | J7: 0 | K7: 0 | L7: 0 | M7: 0 | N7: 0 | O7: 0 | P7: 0 | Q7: 0 | R7: 0 | S7: 0 | T7: 0 | U7: 0 | V7: 0 | W7: 0 | X7: 0 | Y7: 0 | Z7: 0 | AA7: 0 | AB7: 0 | AC7: 0 | AD7: 0 | AE7: 0 | AF7: 0
A8: Connecticut | B8: 0 | C8: 0 | D8: 0 | E8: 0 | F8: 0 | G8: 0 | H8: 0 | I8: 0 | J8: 0 | K8: 0 | L8: 0 | M8: 0 | N8: 0 | O8: 0 | P8: 0 | Q8: 0 | R8: 0 | S8: 0 | T8: 0 | U8: 0 | V8: 0 | W8: 0 | X8: 0 | Y8: 0 | Z8: 0 | AA8: 0 | AB8: 0 | AC8: 0 | AD8: 0 | AE8: 0 | AF8: 0
A9: Delaware | B9: 0 | C9: 0 | D9: 0 | E9: 0 | F9: 0 | G9: 0 | H9: 0 | I9: 0 | J9: 0 | K9: 0 | L9: 0 | M9: 0 | N9: 0 | O9: 0 | P9: 0 | Q9: 0 | R9: 0 | S9: 0 | T9: 0 | U9: 0 | V9: 0 | W9: 0 | X9: 0 | Y9: 0 | Z9: 0 | AA9: 0 | AB9: 0 | AC9: 0 | AD9: 0 | AE9: 0 | AF9: 0
A10: District of Columbia | B10: 0 | C10: 0 | D10: 0 | E10: 0 | F10: 0 | G10: 0 | H10: 0 | I10: 0 | J10: 0 | K10: 0 | L10: 0 | M10: 0 | N10: 0 | O10: 0 | P10: 0 | Q10: 0 | R10: 0 | S10: 0 | T10: 0 | U10: 0 | V10: 0 | W10: 0 | X10: 0 | Y10: 0 | Z10: 0 | AA10: 0 | AB10: 0 | AC10: 0 | AD10: 0 | AE10: 0 | AF10: 0
A11: Florida | B11: 0 | C11: 0 | D11: 0 | E11: 0 | F11: 0 | G11: 0 | H11: 0 | I11: 0 | J11: 0 | K11: 0 | L11: 0 | M11: 0 | N11: 0 | O11: 0 | P11: 0 | Q11: 0 | R11: 0 | S11: 0 | T11: 0 | U11: 0 | V11: 0 | W11: 0 | X11: 0 | Y11: 0 | Z11: 0 | AA11: 0 | AB11: 0 | AC11: 0 | AD11: 0 | AE11: 0 | AF11: 0
A12: Georgia | B12: 0 | C12: 0 | D12: 0 | E12: 0 | F12: 0 | G12: 0 | H12: 0 | I12: 0 | J12: 0 | K12: 0 | L12: 0 | M12: 0 | N12: 0 | O12: 0 | P12: 0 | Q12: 0 | R12: 0 | S12: 0 | T12: 0 | U12: 0 | V12: 0 | W12: 0 | X12: 0 | Y12: 0 | Z12: 0 | AA12: 0 | AB12: 0 | AC12: 0 | AD12: 0 | AE12: 0 | AF12: 0
... A61: subregion60 | B61: 0 | C61: 0 | D61: 0 | E61: 0 | F61: 0 | G61: 0 | H61: 0 | I61: 0 | J61: 0 | K61: 0 | L61: 0 | M61: 0 | N61: 0 | O61: 0 | P61: 0 | Q61: 0 | R61: 0 | S61: 0 | T61: 0 | U61: 0 | V61: 0 | W61: 0 | X61: 0 | Y61: 0 | Z61: 0 | AA61: 0 | AB61: 0 | AC61: 0 | AD61: 0 | AE61: 0 | AF61: 0

Sheet BRZSPbS-frgt-ldv
A1: Unit: % (share of vehicles that must be ZEVs) | B1: 2020 | C1: 2021 | D1: 2022 | E1: 2023 | F1: 2024 | G1: 2025 | H1: 2026 | I1: 2027 | J1: 2028 | K1: 2029 | L1: 2030 | M1: 2031 | N1: 2032 | O1: 2033 | P1: 2034 | Q1: 2035 | R1: 2036 | S1: 2037 | T1: 2038 | U1: 2039 | V1: 2040 | W1: 2041 | X1: 2042 | Y1: 2043 | Z1: 2044 | AA1: 2045 | AB1: 2046 | AC1: 2047 | AD1: 2048 | AE1: 2049 | AF1: 2050
A2: Alabama | B2: 0 | C2: 0 | D2: 0 | E2: 0 | F2: 0 | G2: 0 | H2: 0 | I2: 0 | J2: 0 | K2: 0 | L2: 0 | M2: 0 | N2: 0 | O2: 0 | P2: 0 | Q2: 0 | R2: 0 | S2: 0 | T2: 0 | U2: 0 | V2: 0 | W2: 0 | X2: 0 | Y2: 0 | Z2: 0 | AA2: 0 | AB2: 0 | AC2: 0 | AD2: 0 | AE2: 0 | AF2: 0
A3: Alaska | B3: 0 | C3: 0 | D3: 0 | E3: 0 | F3: 0 | G3: 0 | H3: 0 | I3: 0 | J3: 0 | K3: 0 | L3: 0 | M3: 0 | N3: 0 | O3: 0 | P3: 0 | Q3: 0 | R3: 0 | S3: 0 | T3: 0 | U3: 0 | V3: 0 | W3: 0 | X3: 0 | Y3: 0 | Z3: 0 | AA3: 0 | AB3: 0 | AC3: 0 | AD3: 0 | AE3: 0 | AF3: 0
A4: Arizona | B4: 0 | C4: 0 | D4: 0 | E4: 0 | F4: 0 | G4: 0 | H4: 0 | I4: 0 | J4: 0 | K4: 0 | L4: 0 | M4: 0 | N4: 0 | O4: 0 | P4: 0 | Q4: 0 | R4: 0 | S4: 0 | T4: 0 | U4: 0 | V4: 0 | W4: 0 | X4: 0 | Y4: 0 | Z4: 0 | AA4: 0 | AB4: 0 | AC4: 0 | AD4: 0 | AE4: 0 | AF4: 0
A5: Arkansas | B5: 0 | C5: 0 | D5: 0 | E5: 0 | F5: 0 | G5: 0 | H5: 0 | I5: 0 | J5: 0 | K5: 0 | L5: 0 | M5: 0 | N5: 0 | O5: 0 | P5: 0 | Q5: 0 | R5: 0 | S5: 0 | T5: 0 | U5: 0 | V5: 0 | W5: 0 | X5: 0 | Y5: 0 | Z5: 0 | AA5: 0 | AB5: 0 | AC5: 0 | AD5: 0 | AE5: 0 | AF5: 0
A6: California | B6: 0 | C6: 0 | D6: 0 | E6: 0 | F6: 0 | G6: 0 | H6: 0 | I6: 0 | J6: 0 | K6: 0 | L6: 0 | M6: 0 | N6: 0 | O6: 0 | P6: 0 | Q6: 0 | R6: 0 | S6: 0 | T6: 0 | U6: 0 | V6: 0 | W6: 0 | X6: 0 | Y6: 0 | Z6: 0 | AA6: 0 | AB6: 0 | AC6: 0 | AD6: 0 | AE6: 0 | AF6: 0
A7: Colorado | B7: 0 | C7: 0 | D7: 0 | E7: 0 | F7: 0 | G7: 0 | H7: 0 | I7: 0 | J7: 0 | K7: 0 | L7: 0 | M7: 0 | N7: 0 | O7: 0 | P7: 0 | Q7: 0 | R7: 0 | S7: 0 | T7: 0 | U7: 0 | V7: 0 | W7: 0 | X7: 0 | Y7: 0 | Z7: 0 | AA7: 0 | AB7: 0 | AC7: 0 | AD7: 0 | AE7: 0 | AF7: 0
A8: Connecticut | B8: 0 | C8: 0 | D8: 0 | E8: 0 | F8: 0 | G8: 0 | H8: 0 | I8: 0 | J8: 0 | K8: 0 | L8: 0 | M8: 0 | N8: 0 | O8: 0 | P8: 0 | Q8: 0 | R8: 0 | S8: 0 | T8: 0 | U8: 0 | V8: 0 | W8: 0 | X8: 0 | Y8: 0 | Z8: 0 | AA8: 0 | AB8: 0 | AC8: 0 | AD8: 0 | AE8: 0 | AF8: 0
A9: Delaware | B9: 0 | C9: 0 | D9: 0 | E9: 0 | F9: 0 | G9: 0 | H9: 0 | I9: 0 | J9: 0 | K9: 0 | L9: 0 | M9: 0 | N9: 0 | O9: 0 | P9: 0 | Q9: 0 | R9: 0 | S9: 0 | T9: 0 | U9: 0 | V9: 0 | W9: 0 | X9: 0 | Y9: 0 | Z9: 0 | AA9: 0 | AB9: 0 | AC9: 0 | AD9: 0 | AE9: 0 | AF9: 0
A10: District of Columbia | B10: 0 | C10: 0 | D10: 0 | E10: 0 | F10: 0 | G10: 0 | H10: 0 | I10: 0 | J10: 0 | K10: 0 | L10: 0 | M10: 0 | N10: 0 | O10: 0 | P10: 0 | Q10: 0 | R10: 0 | S10: 0 | T10: 0 | U10: 0 | V10: 0 | W10: 0 | X10: 0 | Y10: 0 | Z10: 0 | AA10: 0 | AB10: 0 | AC10: 0 | AD10: 0 | AE10: 0 | AF10: 0
A11: Florida | B11: 0 | C11: 0 | D11: 0 | E11: 0 | F11: 0 | G11: 0 | H11: 0 | I11: 0 | J11: 0 | K11: 0 | L11: 0 | M11: 0 | N11: 0 | O11: 0 | P11: 0 | Q11: 0 | R11: 0 | S11: 0 | T11: 0 | U11: 0 | V11: 0 | W11: 0 | X11: 0 | Y11: 0 | Z11: 0 | AA11: 0 | AB11: 0 | AC11: 0 | AD11: 0 | AE11: 0 | AF11: 0
A12: Georgia | B12: 0 | C12: 0 | D12: 0 | E12: 0 | F12: 0 | G12: 0 | H12: 0 | I12: 0 | J12: 0 | K12: 0 | L12: 0 | M12: 0 | N12: 0 | O12: 0 | P12: 0 | Q12: 0 | R12: 0 | S12: 0 | T12: 0 | U12: 0 | V12: 0 | W12: 0 | X12: 0 | Y12: 0 | Z12: 0 | AA12: 0 | AB12: 0 | AC12: 0 | AD12: 0 | AE12: 0 | AF12: 0
... A61: subregion60 | B61: 0 | C61: 0 | D61: 0 | E61: 0 | F61: 0 | G61: 0 | H61: 0 | I61: 0 | J61: 0 | K61: 0 | L61: 0 | M61: 0 | N61: 0 | O61: 0 | P61: 0 | Q61: 0 | R61: 0 | S61: 0 | T61: 0 | U61: 0 | V61: 0 | W61: 0 | X61: 0 | Y61: 0 | Z61: 0 | AA61: 0 | AB61: 0 | AC61: 0 | AD61: 0 | AE61: 0 | AF61: 0

Sheet BRZSPbS-frgt-hdv
A1: Unit: % (share of vehicles that must be ZEVs) | B1: 2020 | C1: 2021 | D1: 2022 | E1: 2023 | F1: 2024 | G1: 2025 | H1: 2026 | I1: 2027 | J1: 2028 | K1: 2029 | L1: 2030 | M1: 2031 | N1: 2032 | O1: 2033 | P1: 2034 | Q1: 2035 | R1: 2036 | S1: 2037 | T1: 2038 | U1: 2039 | V1: 2040 | W1: 2041 | X1: 2042 | Y1: 2043 | Z1: 2044 | AA1: 2045 | AB1: 2046 | AC1: 2047 | AD1: 2048 | AE1: 2049 | AF1: 2050
A2: Alabama | B2: 0 | C2: 0 | D2: 0 | E2: 0 | F2: 0 | G2: 0 | H2: 0 | I2: 0 | J2: 0 | K2: 0 | L2: 0 | M2: 0 | N2: 0 | O2: 0 | P2: 0 | Q2: 0 | R2: 0 | S2: 0 | T2: 0 | U2: 0 | V2: 0 | W2: 0 | X2: 0 | Y2: 0 | Z2: 0 | AA2: 0 | AB2: 0 | AC2: 0 | AD2: 0 | AE2: 0 | AF2: 0
A3: Alaska | B3: 0 | C3: 0 | D3: 0 | E3: 0 | F3: 0 | G3: 0 | H3: 0 | I3: 0 | J3: 0 | K3: 0 | L3: 0 | M3: 0 | N3: 0 | O3: 0 | P3: 0 | Q3: 0 | R3: 0 | S3: 0 | T3: 0 | U3: 0 | V3: 0 | W3: 0 | X3: 0 | Y3: 0 | Z3: 0 | AA3: 0 | AB3: 0 | AC3: 0 | AD3: 0 | AE3: 0 | AF3: 0
A4: Arizona | B4: 0 | C4: 0 | D4: 0 | E4: 0 | F4: 0 | G4: 0 | H4: 0 | I4: 0 | J4: 0 | K4: 0 | L4: 0 | M4: 0 | N4: 0 | O4: 0 | P4: 0 | Q4: 0 | R4: 0 | S4: 0 | T4: 0 | U4: 0 | V4: 0 | W4: 0 | X4: 0 | Y4: 0 | Z4: 0 | AA4: 0 | AB4: 0 | AC4: 0 | AD4: 0 | AE4: 0 | AF4: 0
A5: Arkansas | B5: 0 | C5: 0 | D5: 0 | E5: 0 | F5: 0 | G5: 0 | H5: 0 | I5: 0 | J5: 0 | K5: 0 | L5: 0 | M5: 0 | N5: 0 | O5: 0 | P5: 0 | Q5: 0 | R5: 0 | S5: 0 | T5: 0 | U5: 0 | V5: 0 | W5: 0 | X5: 0 | Y5: 0 | Z5: 0 | AA5: 0 | AB5: 0 | AC5: 0 | AD5: 0 | AE5: 0 | AF5: 0
A6: California | B6: 0 | C6: 0 | D6: 0 | E6: 0 | F6: 0 | G6: 0 | H6: 0 | I6: 0 | J6: 0 | K6: 0 | L6: 0 | M6: 0 | N6: 0 | O6: 0 | P6: 0 | Q6: 0 | R6: 0 | S6: 0 | T6: 0 | U6: 0 | V6: 0 | W6: 0 | X6: 0 | Y6: 0 | Z6: 0 | AA6: 0 | AB6: 0 | AC6: 0 | AD6: 0 | AE6: 0 | AF6: 0
A7: Colorado | B7: 0 | C7: 0 | D7: 0 | E7: 0 | F7: 0 | G7: 0 | H7: 0 | I7: 0 | J7: 0 | K7: 0 | L7: 0 | M7: 0 | N7: 0 | O7: 0 | P7: 0 | Q7: 0 | R7: 0 | S7: 0 | T7: 0 | U7: 0 | V7: 0 | W7: 0 | X7: 0 | Y7: 0 | Z7: 0 | AA7: 0 | AB7: 0 | AC7: 0 | AD7: 0 | AE7: 0 | AF7: 0
A8: Connecticut | B8: 0 | C8: 0 | D8: 0 | E8: 0 | F8: 0 | G8: 0 | H8: 0 | I8: 0 | J8: 0 | K8: 0 | L8: 0 | M8: 0 | N8: 0 | O8: 0 | P8: 0 | Q8: 0 | R8: 0 | S8: 0 | T8: 0 | U8: 0 | V8: 0 | W8: 0 | X8: 0 | Y8: 0 | Z8: 0 | AA8: 0 | AB8: 0 | AC8: 0 | AD8: 0 | AE8: 0 | AF8: 0
A9: Delaware | B9: 0 | C9: 0 | D9: 0 | E9: 0 | F9: 0 | G9: 0 | H9: 0 | I9: 0 | J9: 0 | K9: 0 | L9: 0 | M9: 0 | N9: 0 | O9: 0 | P9: 0 | Q9: 0 | R9: 0 | S9: 0 | T9: 0 | U9: 0 | V9: 0 | W9: 0 | X9: 0 | Y9: 0 | Z9: 0 | AA9: 0 | AB9: 0 | AC9: 0 | AD9: 0 | AE9: 0 | AF9: 0
A10: District of Columbia | B10: 0 | C10: 0 | D10: 0 | E10: 0 | F10: 0 | G10: 0 | H10: 0 | I10: 0 | J10: 0 | K10: 0 | L10: 0 | M10: 0 | N10: 0 | O10: 0 | P10: 0 | Q10: 0 | R10: 0 | S10: 0 | T10: 0 | U10: 0 | V10: 0 | W10: 0 | X10: 0 | Y10: 0 | Z10: 0 | AA10: 0 | AB10: 0 | AC10: 0 | AD10: 0 | AE10: 0 | AF10: 0
A11: Florida | B11: 0 | C11: 0 | D11: 0 | E11: 0 | F11: 0 | G11: 0 | H11: 0 | I11: 0 | J11: 0 | K11: 0 | L11: 0 | M11: 0 | N11: 0 | O11: 0 | P11: 0 | Q11: 0 | R11: 0 | S11: 0 | T11: 0 | U11: 0 | V11: 0 | W11: 0 | X11: 0 | Y11: 0 | Z11: 0 | AA11: 0 | AB11: 0 | AC11: 0 | AD11: 0 | AE11: 0 | AF11: 0
A12: Georgia | B12: 0 | C12: 0 | D12: 0 | E12: 0 | F12: 0 | G12: 0 | H12: 0 | I12: 0 | J12: 0 | K12: 0 | L12: 0 | M12: 0 | N12: 0 | O12: 0 | P12: 0 | Q12: 0 | R12: 0 | S12: 0 | T12: 0 | U12: 0 | V12: 0 | W12: 0 | X12: 0 | Y12: 0 | Z12: 0 | AA12: 0 | AB12: 0 | AC12: 0 | AD12: 0 | AE12: 0 | AF12: 0
... A61: subregion60 | B61: 0 | C61: 0 | D61: 0 | E61: 0 | F61: 0 | G61: 0 | H61: 0 | I61: 0 | J61: 0 | K61: 0 | L61: 0 | M61: 0 | N61: 0 | O61: 0 | P61: 0 | Q61: 0 | R61: 0 | S61: 0 | T61: 0 | U61: 0 | V61: 0 | W61: 0 | X61: 0 | Y61: 0 | Z61: 0 | AA61: 0 | AB61: 0 | AC61: 0 | AD61: 0 | AE61: 0 | AF61: 0

Sheet BRZSPbS-frgt-aircraft
A1: Unit: % (share of vehicles that must be ZEVs) | B1: 2020 | C1: 2021 | D1: 2022 | E1: 2023 | F1: 2024 | G1: 2025 | H1: 2026 | I1: 2027 | J1: 2028 | K1: 2029 | L1: 2030 | M1: 2031 | N1: 2032 | O1: 2033 | P1: 2034 | Q1: 2035 | R1: 2036 | S1: 2037 | T1: 2038 | U1: 2039 | V1: 2040 | W1: 2041 | X1: 2042 | Y1: 2043 | Z1: 2044 | AA1: 2045 | AB1: 2046 | AC1: 2047 | AD1: 2048 | AE1: 2049 | AF1: 2050 | AG1: 2051 | AH1: 2052 | AI1: 2053 | AJ1: 2054 | AK1: 2055 | AL1: 2056 | AM1: 2057 | AN1: 2058 | AO1: 2059 | AP1: 2060
A2: subregion1 | B2: 0 | C2: 0 | D2: 0 | E2: 0 | F2: 0 | G2: 0 | H2: 0 | I2: 0 | J2: 0 | K2: 0 | L2: 0 | M2: 0 | N2: 0 | O2: 0 | P2: 0 | Q2: 0 | R2: 0 | S2: 0 | T2: 0 | U2: 0 | V2: 0 | W2: 0 | X2: 0 | Y2: 0 | Z2: 0 | AA2: 0 | AB2: 0 | AC2: 0 | AD2: 0 | AE2: 0 | AF2: 0 | AG2: 0 | AH2: 0 | AI2: 0 | AJ2: 0 | AK2: 0 | AL2: 0 | AM2: 0 | AN2: 0 | AO2: 0 | AP2: 0
A3: subregion2 | B3: 0 | C3: 0 | D3: 0 | E3: 0 | F3: 0 | G3: 0 | H3: 0 | I3: 0 | J3: 0 | K3: 0 | L3: 0 | M3: 0 | N3: 0 | O3: 0 | P3: 0 | Q3: 0 | R3: 0 | S3: 0 | T3: 0 | U3: 0 | V3: 0 | W3: 0 | X3: 0 | Y3: 0 | Z3: 0 | AA3: 0 | AB3: 0 | AC3: 0 | AD3: 0 | AE3: 0 | AF3: 0 | AG3: 0 | AH3: 0 | AI3: 0 | AJ3: 0 | AK3: 0 | AL3: 0 | AM3: 0 | AN3: 0 | AO3: 0 | AP3: 0
A4: subregion3 | B4: 0 | C4: 0 | D4: 0 | E4: 0 | F4: 0 | G4: 0 | H4: 0 | I4: 0 | J4: 0 | K4: 0 | L4: 0 | M4: 0 | N4: 0 | O4: 0 | P4: 0 | Q4: 0 | R4: 0 | S4: 0 | T4: 0 | U4: 0 | V4: 0 | W4: 0 | X4: 0 | Y4: 0 | Z4: 0 | AA4: 0 | AB4: 0 | AC4: 0 | AD4: 0 | AE4: 0 | AF4: 0 | AG4: 0 | AH4: 0 | AI4: 0 | AJ4: 0 | AK4: 0 | AL4: 0 | AM4: 0 | AN4: 0 | AO4: 0 | AP4: 0
A5: subregion4 | B5: 0 | C5: 0 | D5: 0 | E5: 0 | F5: 0 | G5: 0 | H5: 0 | I5: 0 | J5: 0 | K5: 0 | L5: 0 | M5: 0 | N5: 0 | O5: 0 | P5: 0 | Q5: 0 | R5: 0 | S5: 0 | T5: 0 | U5: 0 | V5: 0 | W5: 0 | X5: 0 | Y5: 0 | Z5: 0 | AA5: 0 | AB5: 0 | AC5: 0 | AD5: 0 | AE5: 0 | AF5: 0 | AG5: 0 | AH5: 0 | AI5: 0 | AJ5: 0 | AK5: 0 | AL5: 0 | AM5: 0 | AN5: 0 | AO5: 0 | AP5: 0
A6: subregion5 | B6: 0 | C6: 0 | D6: 0 | E6: 0 | F6: 0 | G6: 0 | H6: 0 | I6: 0 | J6: 0 | K6: 0 | L6: 0 | M6: 0 | N6: 0 | O6: 0 | P6: 0 | Q6: 0 | R6: 0 | S6: 0 | T6: 0 | U6: 0 | V6: 0 | W6: 0 | X6: 0 | Y6: 0 | Z6: 0 | AA6: 0 | AB6: 0 | AC6: 0 | AD6: 0 | AE6: 0 | AF6: 0 | AG6: 0 | AH6: 0 | AI6: 0 | AJ6: 0 | AK6: 0 | AL6: 0 | AM6: 0 | AN6: 0 | AO6: 0 | AP6: 0
A7: subregion6 | B7: 0 | C7: 0 | D7: 0 | E7: 0 | F7: 0 | G7: 0 | H7: 0 | I7: 0 | J7: 0 | K7: 0 | L7: 0 | M7: 0 | N7: 0 | O7: 0 | P7: 0 | Q7: 0 | R7: 0 | S7: 0 | T7: 0 | U7: 0 | V7: 0 | W7: 0 | X7: 0 | Y7: 0 | Z7: 0 | AA7: 0 | AB7: 0 | AC7: 0 | AD7: 0 | AE7: 0 | AF7: 0 | AG7: 0 | AH7: 0 | AI7: 0 | AJ7: 0 | AK7: 0 | AL7: 0 | AM7: 0 | AN7: 0 | AO7: 0 | AP7: 0
A8: subregion7 | B8: 0 | C8: 0 | D8: 0 | E8: 0 | F8: 0 | G8: 0 | H8: 0 | I8: 0 | J8: 0 | K8: 0 | L8: 0 | M8: 0 | N8: 0 | O8: 0 | P8: 0 | Q8: 0 | R8: 0 | S8: 0 | T8: 0 | U8: 0 | V8: 0 | W8: 0 | X8: 0 | Y8: 0 | Z8: 0 | AA8: 0 | AB8: 0 | AC8: 0 | AD8: 0 | AE8: 0 | AF8: 0 | AG8: 0 | AH8: 0 | AI8: 0 | AJ8: 0 | AK8: 0 | AL8: 0 | AM8: 0 | AN8: 0 | AO8: 0 | AP8: 0
A9: subregion8 | B9: 0 | C9: 0 | D9: 0 | E9: 0 | F9: 0 | G9: 0 | H9: 0 | I9: 0 | J9: 0 | K9: 0 | L9: 0 | M9: 0 | N9: 0 | O9: 0 | P9: 0 | Q9: 0 | R9: 0 | S9: 0 | T9: 0 | U9: 0 | V9: 0 | W9: 0 | X9: 0 | Y9: 0 | Z9: 0 | AA9: 0 | AB9: 0 | AC9: 0 | AD9: 0 | AE9: 0 | AF9: 0 | AG9: 0 | AH9: 0 | AI9: 0 | AJ9: 0 | AK9: 0 | AL9: 0 | AM9: 0 | AN9: 0 | AO9: 0 | AP9: 0
A10: subregion9 | B10: 0 | C10: 0 | D10: 0 | E10: 0 | F10: 0 | G10: 0 | H10: 0 | I10: 0 | J10: 0 | K10: 0 | L10: 0 | M10: 0 | N10: 0 | O10: 0 | P10: 0 | Q10: 0 | R10: 0 | S10: 0 | T10: 0 | U10: 0 | V10: 0 | W10: 0 | X10: 0 | Y10: 0 | Z10: 0 | AA10: 0 | AB10: 0 | AC10: 0 | AD10: 0 | AE10: 0 | AF10: 0 | AG10: 0 | AH10: 0 | AI10: 0 | AJ10: 0 | AK10: 0 | AL10: 0 | AM10: 0 | AN10: 0 | AO10: 0 | AP10: 0
A11: subregion10 | B11: 0 | C11: 0 | D11: 0 | E11: 0 | F11: 0 | G11: 0 | H11: 0 | I11: 0 | J11: 0 | K11: 0 | L11: 0 | M11: 0 | N11: 0 | O11: 0 | P11: 0 | Q11: 0 | R11: 0 | S11: 0 | T11: 0 | U11: 0 | V11: 0 | W11: 0 | X11: 0 | Y11: 0 | Z11: 0 | AA11: 0 | AB11: 0 | AC11: 0 | AD11: 0 | AE11: 0 | AF11: 0 | AG11: 0 | AH11: 0 | AI11: 0 | AJ11: 0 | AK11: 0 | AL11: 0 | AM11: 0 | AN11: 0 | AO11: 0 | AP11: 0
A12: subregion11 | B12: 0 | C12: 0 | D12: 0 | E12: 0 | F12: 0 | G12: 0 | H12: 0 | I12: 0 | J12: 0 | K12: 0 | L12: 0 | M12: 0 | N12: 0 | O12: 0 | P12: 0 | Q12: 0 | R12: 0 | S12: 0 | T12: 0 | U12: 0 | V12: 0 | W12: 0 | X12: 0 | Y12: 0 | Z12: 0 | AA12: 0 | AB12: 0 | AC12: 0 | AD12: 0 | AE12: 0 | AF12: 0 | AG12: 0 | AH12: 0 | AI12: 0 | AJ12: 0 | AK12: 0 | AL12: 0 | AM12: 0 | AN12: 0 | AO12: 0 | AP12: 0
... A61: subregion60 | B61: 0 | C61: 0 | D61: 0 | E61: 0 | F61: 0 | G61: 0 | H61: 0 | I61: 0 | J61: 0 | K61: 0 | L61: 0 | M61: 0 | N61: 0 | O61: 0 | P61: 0 | Q61: 0 | R61: 0 | S61: 0 | T61: 0 | U61: 0 | V61: 0 | W61: 0 | X61: 0 | Y61: 0 | Z61: 0 | AA61: 0 | AB61: 0 | AC61: 0 | AD61: 0 | AE61: 0 | AF61: 0 | AG61: 0 | AH61: 0 | AI61: 0 | AJ61: 0 | AK61: 0 | AL61: 0 | AM61: 0 | AN61: 0 | AO61: 0 | AP61: 0

Sheet BRZSPbS-frgt-rail
A1: Unit: % (share of vehicles that must be ZEVs) | B1: 2020 | C1: 2021 | D1: 2022 | E1: 2023 | F1: 2024 | G1: 2025 | H1: 2026 | I1: 2027 | J1: 2028 | K1: 2029 | L1: 2030 | M1: 2031 | N1: 2032 | O1: 2033 | P1: 2034 | Q1: 2035 | R1: 2036 | S1: 2037 | T1: 2038 | U1: 2039 | V1: 2040 | W1: 2041 | X1: 2042 | Y1: 2043 | Z1: 2044 | AA1: 2045 | AB1: 2046 | AC1: 2047 | AD1: 2048 | AE1: 2049 | AF1: 2050 | AG1: 2051 | AH1: 2052 | AI1: 2053 | AJ1: 2054 | AK1: 2055 | AL1: 2056 | AM1: 2057 | AN1: 2058 | AO1: 2059 | AP1: 2060
A2: subregion1 | B2: 0 | C2: 0 | D2: 0 | E2: 0 | F2: 0 | G2: 0 | H2: 0 | I2: 0 | J2: 0 | K2: 0 | L2: 0 | M2: 0 | N2: 0 | O2: 0 | P2: 0 | Q2: 0 | R2: 0 | S2: 0 | T2: 0 | U2: 0 | V2: 0 | W2: 0 | X2: 0 | Y2: 0 | Z2: 0 | AA2: 0 | AB2: 0 | AC2: 0 | AD2: 0 | AE2: 0 | AF2: 0 | AG2: 0 | AH2: 0 | AI2: 0 | AJ2: 0 | AK2: 0 | AL2: 0 | AM2: 0 | AN2: 0 | AO2: 0 | AP2: 0
A3: subregion2 | B3: 0 | C3: 0 | D3: 0 | E3: 0 | F3: 0 | G3: 0 | H3: 0 | I3: 0 | J3: 0 | K3: 0 | L3: 0 | M3: 0 | N3: 0 | O3: 0 | P3: 0 | Q3: 0 | R3: 0 | S3: 0 | T3: 0 | U3: 0 | V3: 0 | W3: 0 | X3: 0 | Y3: 0 | Z3: 0 | AA3: 0 | AB3: 0 | AC3: 0 | AD3: 0 | AE3: 0 | AF3: 0 | AG3: 0 | AH3: 0 | AI3: 0 | AJ3: 0 | AK3: 0 | AL3: 0 | AM3: 0 | AN3: 0 | AO3: 0 | AP3: 0
A4: subregion3 | B4: 0 | C4: 0 | D4: 0 | E4: 0 | F4: 0 | G4: 0 | H4: 0 | I4: 0 | J4: 0 | K4: 0 | L4: 0 | M4: 0 | N4: 0 | O4: 0 | P4: 0 | Q4: 0 | R4: 0 | S4: 0 | T4: 0 | U4: 0 | V4: 0 | W4: 0 | X4: 0 | Y4: 0 | Z4: 0 | AA4: 0 | AB4: 0 | AC4: 0 | AD4: 0 | AE4: 0 | AF4: 0 | AG4: 0 | AH4: 0 | AI4: 0 | AJ4: 0 | AK4: 0 | AL4: 0 | AM4: 0 | AN4: 0 | AO4: 0 | AP4: 0
A5: subregion4 | B5: 0 | C5: 0 | D5: 0 | E5: 0 | F5: 0 | G5: 0 | H5: 0 | I5: 0 | J5: 0 | K5: 0 | L5: 0 | M5: 0 | N5: 0 | O5: 0 | P5: 0 | Q5: 0 | R5: 0 | S5: 0 | T5: 0 | U5: 0 | V5: 0 | W5: 0 | X5: 0 | Y5: 0 | Z5: 0 | AA5: 0 | AB5: 0 | AC5: 0 | AD5: 0 | AE5: 0 | AF5: 0 | AG5: 0 | AH5: 0 | AI5: 0 | AJ5: 0 | AK5: 0 | AL5: 0 | AM5: 0 | AN5: 0 | AO5: 0 | AP5: 0
A6: subregion5 | B6: 0 | C6: 0 | D6: 0 | E6: 0 | F6: 0 | G6: 0 | H6: 0 | I6: 0 | J6: 0 | K6: 0 | L6: 0 | M6: 0 | N6: 0 | O6: 0 | P6: 0 | Q6: 0 | R6: 0 | S6: 0 | T6: 0 | U6: 0 | V6: 0 | W6: 0 | X6: 0 | Y6: 0 | Z6: 0 | AA6: 0 | AB6: 0 | AC6: 0 | AD6: 0 | AE6: 0 | AF6: 0 | AG6: 0 | AH6: 0 | AI6: 0 | AJ6: 0 | AK6: 0 | AL6: 0 | AM6: 0 | AN6: 0 | AO6: 0 | AP6: 0
A7: subregion6 | B7: 0 | C7: 0 | D7: 0 | E7: 0 | F7: 0 | G7: 0 | H7: 0 | I7: 0 | J7: 0 | K7: 0 | L7: 0 | M7: 0 | N7: 0 | O7: 0 | P7: 0 | Q7: 0 | R7: 0 | S7: 0 | T7: 0 | U7: 0 | V7: 0 | W7: 0 | X7: 0 | Y7: 0 | Z7: 0 | AA7: 0 | AB7: 0 | AC7: 0 | AD7: 0 | AE7: 0 | AF7: 0 | AG7: 0 | AH7: 0 | AI7: 0 | AJ7: 0 | AK7: 0 | AL7: 0 | AM7: 0 | AN7: 0 | AO7: 0 | AP7: 0
A8: subregion7 | B8: 0 | C8: 0 | D8: 0 | E8: 0 | F8: 0 | G8: 0 | H8: 0 | I8: 0 | J8: 0 | K8: 0 | L8: 0 | M8: 0 | N8: 0 | O8: 0 | P8: 0 | Q8: 0 | R8: 0 | S8: 0 | T8: 0 | U8: 0 | V8: 0 | W8: 0 | X8: 0 | Y8: 0 | Z8: 0 | AA8: 0 | AB8: 0 | AC8: 0 | AD8: 0 | AE8: 0 | AF8: 0 | AG8: 0 | AH8: 0 | AI8: 0 | AJ8: 0 | AK8: 0 | AL8: 0 | AM8: 0 | AN8: 0 | AO8: 0 | AP8: 0
A9: subregion8 | B9: 0 | C9: 0 | D9: 0 | E9: 0 | F9: 0 | G9: 0 | H9: 0 | I9: 0 | J9: 0 | K9: 0 | L9: 0 | M9: 0 | N9: 0 | O9: 0 | P9: 0 | Q9: 0 | R9: 0 | S9: 0 | T9: 0 | U9: 0 | V9: 0 | W9: 0 | X9: 0 | Y9: 0 | Z9: 0 | AA9: 0 | AB9: 0 | AC9: 0 | AD9: 0 | AE9: 0 | AF9: 0 | AG9: 0 | AH9: 0 | AI9: 0 | AJ9: 0 | AK9: 0 | AL9: 0 | AM9: 0 | AN9: 0 | AO9: 0 | AP9: 0
A10: subregion9 | B10: 0 | C10: 0 | D10: 0 | E10: 0 | F10: 0 | G10: 0 | H10: 0 | I10: 0 | J10: 0 | K10: 0 | L10: 0 | M10: 0 | N10: 0 | O10: 0 | P10: 0 | Q10: 0 | R10: 0 | S10: 0 | T10: 0 | U10: 0 | V10: 0 | W10: 0 | X10: 0 | Y10: 0 | Z10: 0 | AA10: 0 | AB10: 0 | AC10: 0 | AD10: 0 | AE10: 0 | AF10: 0 | AG10: 0 | AH10: 0 | AI10: 0 | AJ10: 0 | AK10: 0 | AL10: 0 | AM10: 0 | AN10: 0 | AO10: 0 | AP10: 0
A11: subregion10 | B11: 0 | C11: 0 | D11: 0 | E11: 0 | F11: 0 | G11: 0 | H11: 0 | I11: 0 | J11: 0 | K11: 0 | L11: 0 | M11: 0 | N11: 0 | O11: 0 | P11: 0 | Q11: 0 | R11: 0 | S11: 0 | T11: 0 | U11: 0 | V11: 0 | W11: 0 | X11: 0 | Y11: 0 | Z11: 0 | AA11: 0 | AB11: 0 | AC11: 0 | AD11: 0 | AE11: 0 | AF11: 0 | AG11: 0 | AH11: 0 | AI11: 0 | AJ11: 0 | AK11: 0 | AL11: 0 | AM11: 0 | AN11: 0 | AO11: 0 | AP11: 0
A12: subregion11 | B12: 0 | C12: 0 | D12: 0 | E12: 0 | F12: 0 | G12: 0 | H12: 0 | I12: 0 | J12: 0 | K12: 0 | L12: 0 | M12: 0 | N12: 0 | O12: 0 | P12: 0 | Q12: 0 | R12: 0 | S12: 0 | T12: 0 | U12: 0 | V12: 0 | W12: 0 | X12: 0 | Y12: 0 | Z12: 0 | AA12: 0 | AB12: 0 | AC12: 0 | AD12: 0 | AE12: 0 | AF12: 0 | AG12: 0 | AH12: 0 | AI12: 0 | AJ12: 0 | AK12: 0 | AL12: 0 | AM12: 0 | AN12: 0 | AO12: 0 | AP12: 0
... A61: subregion60 | B61: 0 | C61: 0 | D61: 0 | E61: 0 | F61: 0 | G61: 0 | H61: 0 | I61: 0 | J61: 0 | K61: 0 | L61: 0 | M61: 0 | N61: 0 | O61: 0 | P61: 0 | Q61: 0 | R61: 0 | S61: 0 | T61: 0 | U61: 0 | V61: 0 | W61: 0 | X61: 0 | Y61: 0 | Z61: 0 | AA61: 0 | AB61: 0 | AC61: 0 | AD61: 0 | AE61: 0 | AF61: 0 | AG61: 0 | AH61: 0 | AI61: 0 | AJ61: 0 | AK61: 0 | AL61: 0 | AM61: 0 | AN61: 0 | AO61: 0 | AP61: 0

Sheet BRZSPbS-frgt-ships
A1: Unit: % (share of vehicles that must be ZEVs) | B1: 2020 | C1: 2021 | D1: 2022 | E1: 2023 | F1: 2024 | G1: 2025 | H1: 2026 | I1: 2027 | J1: 2028 | K1: 2029 | L1: 2030 | M1: 2031 | N1: 2032 | O1: 2033 | P1: 2034 | Q1: 2035 | R1: 2036 | S1: 2037 | T1: 2038 | U1: 2039 | V1: 2040 | W1: 2041 | X1: 2042 | Y1: 2043 | Z1: 2044 | AA1: 2045 | AB1: 2046 | AC1: 2047 | AD1: 2048 | AE1: 2049 | AF1: 2050 | AG1: 2051 | AH1: 2052 | AI1: 2053 | AJ1: 2054 | AK1: 2055 | AL1: 2056 | AM1: 2057 | AN1: 2058 | AO1: 2059 | AP1: 2060
A2: subregion1 | B2: 0 | C2: 0 | D2: 0 | E2: 0 | F2: 0 | G2: 0 | H2: 0 | I2: 0 | J2: 0 | K2: 0 | L2: 0 | M2: 0 | N2: 0 | O2: 0 | P2: 0 | Q2: 0 | R2: 0 | S2: 0 | T2: 0 | U2: 0 | V2: 0 | W2: 0 | X2: 0 | Y2: 0 | Z2: 0 | AA2: 0 | AB2: 0 | AC2: 0 | AD2: 0 | AE2: 0 | AF2: 0 | AG2: 0 | AH2: 0 | AI2: 0 | AJ2: 0 | AK2: 0 | AL2: 0 | AM2: 0 | AN2: 0 | AO2: 0 | AP2: 0
A3: subregion2 | B3: 0 | C3: 0 | D3: 0 | E3: 0 | F3: 0 | G3: 0 | H3: 0 | I3: 0 | J3: 0 | K3: 0 | L3: 0 | M3: 0 | N3: 0 | O3: 0 | P3: 0 | Q3: 0 | R3: 0 | S3: 0 | T3: 0 | U3: 0 | V3: 0 | W3: 0 | X3: 0 | Y3: 0 | Z3: 0 | AA3: 0 | AB3: 0 | AC3: 0 | AD3: 0 | AE3: 0 | AF3: 0 | AG3: 0 | AH3: 0 | AI3: 0 | AJ3: 0 | AK3: 0 | AL3: 0 | AM3: 0 | AN3: 0 | AO3: 0 | AP3: 0
A4: subregion3 | B4: 0 | C4: 0 | D4: 0 | E4: 0 | F4: 0 | G4: 0 | H4: 0 | I4: 0 | J4: 0 | K4: 0 | L4: 0 | M4: 0 | N4: 0 | O4: 0 | P4: 0 | Q4: 0 | R4: 0 | S4: 0 | T4: 0 | U4: 0 | V4: 0 | W4: 0 | X4: 0 | Y4: 0 | Z4: 0 | AA4: 0 | AB4: 0 | AC4: 0 | AD4: 0 | AE4: 0 | AF4: 0 | AG4: 0 | AH4: 0 | AI4: 0 | AJ4: 0 | AK4: 0 | AL4: 0 | AM4: 0 | AN4: 0 | AO4: 0 | AP4: 0
A5: subregion4 | B5: 0 | C5: 0 | D5: 0 | E5: 0 | F5: 0 | G5: 0 | H5: 0 | I5: 0 | J5: 0 | K5: 0 | L5: 0 | M5: 0 | N5: 0 | O5: 0 | P5: 0 | Q5: 0 | R5: 0 | S5: 0 | T5: 0 | U5: 0 | V5: 0 | W5: 0 | X5: 0 | Y5: 0 | Z5: 0 | AA5: 0 | AB5: 0 | AC5: 0 | AD5: 0 | AE5: 0 | AF5: 0 | AG5: 0 | AH5: 0 | AI5: 0 | AJ5: 0 | AK5: 0 | AL5: 0 | AM5: 0 | AN5: 0 | AO5: 0 | AP5: 0
A6: subregion5 | B6: 0 | C6: 0 | D6: 0 | E6: 0 | F6: 0 | G6: 0 | H6: 0 | I6: 0 | J6: 0 | K6: 0 | L6: 0 | M6: 0 | N6: 0 | O6: 0 | P6: 0 | Q6: 0 | R6: 0 | S6: 0 | T6: 0 | U6: 0 | V6: 0 | W6: 0 | X6: 0 | Y6: 0 | Z6: 0 | AA6: 0 | AB6: 0 | AC6: 0 | AD6: 0 | AE6: 0 | AF6: 0 | AG6: 0 | AH6: 0 | AI6: 0 | AJ6: 0 | AK6: 0 | AL6: 0 | AM6: 0 | AN6: 0 | AO6: 0 | AP6: 0
A7: subregion6 | B7: 0 | C7: 0 | D7: 0 | E7: 0 | F7: 0 | G7: 0 | H7: 0 | I7: 0 | J7: 0 | K7: 0 | L7: 0 | M7: 0 | N7: 0 | O7: 0 | P7: 0 | Q7: 0 | R7: 0 | S7: 0 | T7: 0 | U7: 0 | V7: 0 | W7: 0 | X7: 0 | Y7: 0 | Z7: 0 | AA7: 0 | AB7: 0 | AC7: 0 | AD7: 0 | AE7: 0 | AF7: 0 | AG7: 0 | AH7: 0 | AI7: 0 | AJ7: 0 | AK7: 0 | AL7: 0 | AM7: 0 | AN7: 0 | AO7: 0 | AP7: 0
A8: subregion7 | B8: 0 | C8: 0 | D8: 0 | E8: 0 | F8: 0 | G8: 0 | H8: 0 | I8: 0 | J8: 0 | K8: 0 | L8: 0 | M8: 0 | N8: 0 | O8: 0 | P8: 0 | Q8: 0 | R8: 0 | S8: 0 | T8: 0 | U8: 0 | V8: 0 | W8: 0 | X8: 0 | Y8: 0 | Z8: 0 | AA8: 0 | AB8: 0 | AC8: 0 | AD8: 0 | AE8: 0 | AF8: 0 | AG8: 0 | AH8: 0 | AI8: 0 | AJ8: 0 | AK8: 0 | AL8: 0 | AM8: 0 | AN8: 0 | AO8: 0 | AP8: 0
A9: subregion8 | B9: 0 | C9: 0 | D9: 0 | E9: 0 | F9: 0 | G9: 0 | H9: 0 | I9: 0 | J9: 0 | K9: 0 | L9: 0 | M9: 0 | N9: 0 | O9: 0 | P9: 0 | Q9: 0 | R9: 0 | S9: 0 | T9: 0 | U9: 0 | V9: 0 | W9: 0 | X9: 0 | Y9: 0 | Z9: 0 | AA9: 0 | AB9: 0 | AC9: 0 | AD9: 0 | AE9: 0 | AF9: 0 | AG9: 0 | AH9: 0 | AI9: 0 | AJ9: 0 | AK9: 0 | AL9: 0 | AM9: 0 | AN9: 0 | AO9: 0 | AP9: 0
A10: subregion9 | B10: 0 | C10: 0 | D10: 0 | E10: 0 | F10: 0 | G10: 0 | H10: 0 | I10: 0 | J10: 0 | K10: 0 | L10: 0 | M10: 0 | N10: 0 | O10: 0 | P10: 0 | Q10: 0 | R10: 0 | S10: 0 | T10: 0 | U10: 0 | V10: 0 | W10: 0 | X10: 0 | Y10: 0 | Z10: 0 | AA10: 0 | AB10: 0 | AC10: 0 | AD10: 0 | AE10: 0 | AF10: 0 | AG10: 0 | AH10: 0 | AI10: 0 | AJ10: 0 | AK10: 0 | AL10: 0 | AM10: 0 | AN10: 0 | AO10: 0 | AP10: 0
A11: subregion10 | B11: 0 | C11: 0 | D11: 0 | E11: 0 | F11: 0 | G11: 0 | H11: 0 | I11: 0 | J11: 0 | K11: 0 | L11: 0 | M11: 0 | N11: 0 | O11: 0 | P11: 0 | Q11: 0 | R11: 0 | S11: 0 | T11: 0 | U11: 0 | V11: 0 | W11: 0 | X11: 0 | Y11: 0 | Z11: 0 | AA11: 0 | AB11: 0 | AC11: 0 | AD11: 0 | AE11: 0 | AF11: 0 | AG11: 0 | AH11: 0 | AI11: 0 | AJ11: 0 | AK11: 0 | AL11: 0 | AM11: 0 | AN11: 0 | AO11: 0 | AP11: 0
A12: subregion11 | B12: 0 | C12: 0 | D12: 0 | E12: 0 | F12: 0 | G12: 0 | H12: 0 | I12: 0 | J12: 0 | K12: 0 | L12: 0 | M12: 0 | N12: 0 | O12: 0 | P12: 0 | Q12: 0 | R12: 0 | S12: 0 | T12: 0 | U12: 0 | V12: 0 | W12: 0 | X12: 0 | Y12: 0 | Z12: 0 | AA12: 0 | AB12: 0 | AC12: 0 | AD12: 0 | AE12: 0 | AF12: 0 | AG12: 0 | AH12: 0 | AI12: 0 | AJ12: 0 | AK12: 0 | AL12: 0 | AM12: 0 | AN12: 0 | AO12: 0 | AP12: 0
... A61: subregion60 | B61: 0 | C61: 0 | D61: 0 | E61: 0 | F61: 0 | G61: 0 | H61: 0 | I61: 0 | J61: 0 | K61: 0 | L61: 0 | M61: 0 | N61: 0 | O61: 0 | P61: 0 | Q61: 0 | R61: 0 | S61: 0 | T61: 0 | U61: 0 | V61: 0 | W61: 0 | X61: 0 | Y61: 0 | Z61: 0 | AA61: 0 | AB61: 0 | AC61: 0 | AD61: 0 | AE61: 0 | AF61: 0 | AG61: 0 | AH61: 0 | AI61: 0 | AJ61: 0 | AK61: 0 | AL61: 0 | AM61: 0 | AN61: 0 | AO61: 0 | AP61: 0

Sheet BRZSPbS-frgt-mtrbk
A1: Unit: % (share of vehicles that must be ZEVs) | B1: 2020 | C1: 2021 | D1: 2022 | E1: 2023 | F1: 2024 | G1: 2025 | H1: 2026 | I1: 2027 | J1: 2028 | K1: 2029 | L1: 2030 | M1: 2031 | N1: 2032 | O1: 2033 | P1: 2034 | Q1: 2035 | R1: 2036 | S1: 2037 | T1: 2038 | U1: 2039 | V1: 2040 | W1: 2041 | X1: 2042 | Y1: 2043 | Z1: 2044 | AA1: 2045 | AB1: 2046 | AC1: 2047 | AD1: 2048 | AE1: 2049 | AF1: 2050
A2: Alabama | B2: 0 | C2: 0 | D2: 0 | E2: 0 | F2: 0 | G2: 0 | H2: 0 | I2: 0 | J2: 0 | K2: 0 | L2: 0 | M2: 0 | N2: 0 | O2: 0 | P2: 0 | Q2: 0 | R2: 0 | S2: 0 | T2: 0 | U2: 0 | V2: 0 | W2: 0 | X2: 0 | Y2: 0 | Z2: 0 | AA2: 0 | AB2: 0 | AC2: 0 | AD2: 0 | AE2: 0 | AF2: 0
A3: Alaska | B3: 0 | C3: 0 | D3: 0 | E3: 0 | F3: 0 | G3: 0 | H3: 0 | I3: 0 | J3: 0 | K3: 0 | L3: 0 | M3: 0 | N3: 0 | O3: 0 | P3: 0 | Q3: 0 | R3: 0 | S3: 0 | T3: 0 | U3: 0 | V3: 0 | W3: 0 | X3: 0 | Y3: 0 | Z3: 0 | AA3: 0 | AB3: 0 | AC3: 0 | AD3: 0 | AE3: 0 | AF3: 0
A4: Arizona | B4: 0 | C4: 0 | D4: 0 | E4: 0 | F4: 0 | G4: 0 | H4: 0 | I4: 0 | J4: 0 | K4: 0 | L4: 0 | M4: 0 | N4: 0 | O4: 0 | P4: 0 | Q4: 0 | R4: 0 | S4: 0 | T4: 0 | U4: 0 | V4: 0 | W4: 0 | X4: 0 | Y4: 0 | Z4: 0 | AA4: 0 | AB4: 0 | AC4: 0 | AD4: 0 | AE4: 0 | AF4: 0
A5: Arkansas | B5: 0 | C5: 0 | D5: 0 | E5: 0 | F5: 0 | G5: 0 | H5: 0 | I5: 0 | J5: 0 | K5: 0 | L5: 0 | M5: 0 | N5: 0 | O5: 0 | P5: 0 | Q5: 0 | R5: 0 | S5: 0 | T5: 0 | U5: 0 | V5: 0 | W5: 0 | X5: 0 | Y5: 0 | Z5: 0 | AA5: 0 | AB5: 0 | AC5: 0 | AD5: 0 | AE5: 0 | AF5: 0
A6: California | B6: 0 | C6: 0 | D6: 0 | E6: 0 | F6: 0 | G6: 0 | H6: 0 | I6: 0 | J6: 0 | K6: 0 | L6: 0 | M6: 0 | N6: 0 | O6: 0 | P6: 0 | Q6: 0 | R6: 0 | S6: 0 | T6: 0 | U6: 0 | V6: 0 | W6: 0 | X6: 0 | Y6: 0 | Z6: 0 | AA6: 0 | AB6: 0 | AC6: 0 | AD6: 0 | AE6: 0 | AF6: 0
A7: Colorado | B7: 0 | C7: 0 | D7: 0 | E7: 0 | F7: 0 | G7: 0 | H7: 0 | I7: 0 | J7: 0 | K7: 0 | L7: 0 | M7: 0 | N7: 0 | O7: 0 | P7: 0 | Q7: 0 | R7: 0 | S7: 0 | T7: 0 | U7: 0 | V7: 0 | W7: 0 | X7: 0 | Y7: 0 | Z7: 0 | AA7: 0 | AB7: 0 | AC7: 0 | AD7: 0 | AE7: 0 | AF7: 0
A8: Connecticut | B8: 0 | C8: 0 | D8: 0 | E8: 0 | F8: 0 | G8: 0 | H8: 0 | I8: 0 | J8: 0 | K8: 0 | L8: 0 | M8: 0 | N8: 0 | O8: 0 | P8: 0 | Q8: 0 | R8: 0 | S8: 0 | T8: 0 | U8: 0 | V8: 0 | W8: 0 | X8: 0 | Y8: 0 | Z8: 0 | AA8: 0 | AB8: 0 | AC8: 0 | AD8: 0 | AE8: 0 | AF8: 0
A9: Delaware | B9: 0 | C9: 0 | D9: 0 | E9: 0 | F9: 0 | G9: 0 | H9: 0 | I9: 0 | J9: 0 | K9: 0 | L9: 0 | M9: 0 | N9: 0 | O9: 0 | P9: 0 | Q9: 0 | R9: 0 | S9: 0 | T9: 0 | U9: 0 | V9: 0 | W9: 0 | X9: 0 | Y9: 0 | Z9: 0 | AA9: 0 | AB9: 0 | AC9: 0 | AD9: 0 | AE9: 0 | AF9: 0
A10: District of Columbia | B10: 0 | C10: 0 | D10: 0 | E10: 0 | F10: 0 | G10: 0 | H10: 0 | I10: 0 | J10: 0 | K10: 0 | L10: 0 | M10: 0 | N10: 0 | O10: 0 | P10: 0 | Q10: 0 | R10: 0 | S10: 0 | T10: 0 | U10: 0 | V10: 0 | W10: 0 | X10: 0 | Y10: 0 | Z10: 0 | AA10: 0 | AB10: 0 | AC10: 0 | AD10: 0 | AE10: 0 | AF10: 0
A11: Florida | B11: 0 | C11: 0 | D11: 0 | E11: 0 | F11: 0 | G11: 0 | H11: 0 | I11: 0 | J11: 0 | K11: 0 | L11: 0 | M11: 0 | N11: 0 | O11: 0 | P11: 0 | Q11: 0 | R11: 0 | S11: 0 | T11: 0 | U11: 0 | V11: 0 | W11: 0 | X11: 0 | Y11: 0 | Z11: 0 | AA11: 0 | AB11: 0 | AC11: 0 | AD11: 0 | AE11: 0 | AF11: 0
A12: Georgia | B12: 0 | C12: 0 | D12: 0 | E12: 0 | F12: 0 | G12: 0 | H12: 0 | I12: 0 | J12: 0 | K12: 0 | L12: 0 | M12: 0 | N12: 0 | O12: 0 | P12: 0 | Q12: 0 | R12: 0 | S12: 0 | T12: 0 | U12: 0 | V12: 0 | W12: 0 | X12: 0 | Y12: 0 | Z12: 0 | AA12: 0 | AB12: 0 | AC12: 0 | AD12: 0 | AE12: 0 | AF12: 0
... A61: subregion60 | B61: 0 | C61: 0 | D61: 0 | E61: 0 | F61: 0 | G61: 0 | H61: 0 | I61: 0 | J61: 0 | K61: 0 | L61: 0 | M61: 0 | N61: 0 | O61: 0 | P61: 0 | Q61: 0 | R61: 0 | S61: 0 | T61: 0 | U61: 0 | V61: 0 | W61: 0 | X61: 0 | Y61: 0 | Z61: 0 | AA61: 0 | AB61: 0 | AC61: 0 | AD61: 0 | AE61: 0 | AF61: 0
