Workbook

Sheet About
A1: CCSTaSCaS CCS Transportation and Storage Costs and Subsidies
A3: Source: | B3: Current Value and Infrastructure Investment and Jobs Act Effects
B4: Princeton University
B5: 2021
B6: Net-Zero America: Potential Pathways, Infrastructure, and Impacts
B7: https://netzeroamerica.princeton.edu/img/Princeton%20NZA%20FINAL%20REPORT%20SUMMARY%20(29Oct2021).pdf
B8: Slide 38
A10: Value from study (2021 $) | B10: 23
A11: 2021 to 2012 $ | B11: =229.594/270.97 -> 0.84730413
A13: 2026-10-23: the factor above was a 2018-to-2012 factor (0.9143) applied to a 2021$ value. Now CPI-U annual average 2012/2021 (229.594/270.970), the same CPI-U series as the 2018 (229.594/251.107) and 2022 (229.594/292.655) factors used in other EPS workbooks.

Sheet CCSTaSCaS-costs
B1: 2021 | C1: 2022 | D1: 2023 | E1: 2024 | F1: 2025 | G1: 2026 | H1: 2027 | I1: 2028 | J1: 2029 | K1: 2030 | L1: 2031 | M1: 2032 | N1: 2033 | O1: 2034 | P1: 2035 | Q1: 2036 | R1: 2037 | S1: 2038 | T1: 2039 | U1: 2040 | V1: 2041 | W1: 2042 | X1: 2043 | Y1: 2044 | Z1: 2045 | AA1: 2046 | AB1: 2047 | AC1: 2048 | AD1: 2049 | AE1: 2050
A2: Transportation and Storage Cost ($ per metric ton CO2) | B2: =About!$B$10*About!$B$11 -> 19.487995 | C2: =About!$B$10*About!$B$11 -> 19.487995 | D2: =About!$B$10*About!$B$11 -> 19.487995 | E2: =About!$B$10*About!$B$11 -> 19.487995 | F2: =About!$B$10*About!$B$11 -> 19.487995 | G2: =About!$B$10*About!$B$11 -> 19.487995 | H2: =About!$B$10*About!$B$11 -> 19.487995 | I2: =About!$B$10*About!$B$11 -> 19.487995 | ... AE2: =About!$B$10*About!$B$11 -> 19.487995

Sheet CCSTaSCaS-subsidies
B1: 2021 | C1: 2022 | D1: 2023 | E1: 2024 | F1: 2025 | G1: 2026 | H1: 2027 | I1: 2028 | J1: 2029 | K1: 2030 | L1: 2031 | M1: 2032 | N1: 2033 | O1: 2034 | P1: 2035 | Q1: 2036 | R1: 2037 | S1: 2038 | T1: 2039 | U1: 2040 | V1: 2041 | W1: 2042 | X1: 2043 | Y1: 2044 | Z1: 2045 | AA1: 2046 | AB1: 2047 | AC1: 2048 | AD1: 2049 | AE1: 2050
A2: Transportation and Storage Subsidies ($ per metric ton CO2) | B2: 0 | C2: 0 | D2: 0 | E2: 0 | F2: 0 | G2: 0 | H2: 0 | I2: 0 | J2: 0 | K2: 0 | L2: 0 | M2: 0 | N2: 0 | O2: 0 | P2: 0 | Q2: 0 | R2: 0 | S2: 0 | T2: 0 | U2: 0 | V2: 0 | W2: 0 | X2: 0 | Y2: 0 | Z2: 0 | AA2: 0 | AB2: 0 | AC2: 0 | AD2: 0 | AE2: 0
