Workbook

Sheet About
A1: CRBWvT Cement Replacement Blend Weight vs Tightness
A3: Sources: | B3: U.S. start-year utilization
B4: U.S. Geological Survey
B5: Mineral Commodity Summaries 2026: Cement
B6: 2026
B7: https://pubs.usgs.gov/periodicals/mcs2026/mcs2026-cement.pdf
B8: 2025 clinker production of 69 million metric tons over 100 million of capacity gives the start-year utilization of 0.69 (SYCCU). It sets the U.S. start-year tightness used to calibrate k. The data are in the SYCCU workbook, not here.
B10: U.S. utilization bounds
B11: U.S. Geological Survey
B12: Minerals Yearbook, Cement chapter, Table 5 (apparent annual capacity and utilization)
B14: https://www.usgs.gov/centers/national-minerals-information-center/cement-statistics-and-information
B15: The U.S. lower bound of 0.49 (2009 trough) and upper bound of 0.85 (2005 peak) that define tightness; they live in the CULB and CUUB workbooks, which carry the caveats.
A18: Notes:
A19: Purpose and layout | B19: When a kiln reaches the end of a campaign, EPS compares the cost of overhauling it with the cost of retiring it and replacing the output. The cost of the retire alternative is a blend of two things: what it costs the rest of the fleet to absorb the lost output (just the operating cost, since the capital is already sunk) and what it costs to build new capacity. This file gives the weight on the build-new cost as a function of 'fleet tightness', which runs from 0 (utilization at the bottom of the region's historical range, CULB) to 1 (at the top, CUUB). In a slack market the weight is near 0 because other kilns can pick up the output; in a tight market it is near 1 because new capacity is needed. The curve is w = tau^p / (tau^p + k x (1 - tau)^p), with tightness written as tau. It is exactly 0 at tau = 0 and exactly 1 at tau = 1. p sets how steep the S-curve is, and k shifts its midpoint (p = 1 and k = 1 is a straight line). The tabs are 'Regions' (p and k for each region), 'Derivation' (samples the curve at 21 points, tau = 0 to 1 in steps of 0.05), and the last tab, 'CRBWvT', which reads the Derivation and is exported to CRBWvT.csv. This file has no outside data tab; it is a calibrated curve. The curve is the same for every kiln pathway.
A20: Using it for other regions | B20: We set this file up to be adaptable to each of the main EPS regions. If you are working on a non-US region, use the drop-down selector at the top of the 'Regions' tab to choose a different country, and the 'CRBWvT' tab updates on its own; just re-export the CSV. Every non-US row currently holds the template values (p = 2, k = 1) and is marked UNCALIBRATED. Those are placeholders, not results. To calibrate a region, solve for k so that the weight at the region's start-year tightness equals the build-new share that region's no-policy run should show (see the U.S. note), and enter it on the 'Regions' tab. Tightness itself needs that region's CULB, CUUB, and start-year utilization.
A21: U.S. values | B21: For the U.S. national file version, p = 2, our judgment for a gentle S-curve; running with p = 1 or 3 made little difference. k = 0.3686 was solved so that at the U.S. start-year tightness (about 0.55, from the 2025 utilization of 0.69 inside the 0.49 to 0.85 range) the weight is 0.7964. That value is one minus the average share of retiring kiln output that the rest of the fleet could absorb over 2026-2035 in a no-policy run, so the BAU overhaul-or-replace mix matches the start-year calibration.

Sheet Regions
A1: Selected region (drop-down): | B1: United States
A2: Pick a region from the drop-down in B1. The Derivation and the export tab update on their own; re-export the CSV afterward. A blank cell means no sourced value yet.
A4: Region | B4: p (steepness) | C4: k (midpoint shifter) | D4: Status | E4: Note
A5: United States | B5: 2 | C5: 0.3686 | D5: CALIBRATED | E5: k solved so the curve reproduces the start-year overhaul-or-replace mix (see About notes)
A6: China | B6: 2 | C6: 1 | D6: UNCALIBRATED - template | E6: k = 1.0 is a template, not a value: solve k from the region's start-year tightness and calibrated overhaul share, as was done for the US (see About notes).
A7: India | B7: 2 | C7: 1 | D7: UNCALIBRATED - template | E7: k = 1.0 is a template, not a value: solve k from the region's start-year tightness and calibrated overhaul share, as was done for the US (see About notes).
A8: EU-27 | B8: 2 | C8: 1 | D8: UNCALIBRATED - template | E8: k = 1.0 is a template, not a value: solve k from the region's start-year tightness and calibrated overhaul share, as was done for the US (see About notes).
A9: Japan | B9: 2 | C9: 1 | D9: UNCALIBRATED - template | E9: k = 1.0 is a template, not a value: solve k from the region's start-year tightness and calibrated overhaul share, as was done for the US (see About notes).
A10: Brazil | B10: 2 | C10: 1 | D10: UNCALIBRATED - template | E10: k = 1.0 is a template, not a value: solve k from the region's start-year tightness and calibrated overhaul share, as was done for the US (see About notes).
A11: Mexico | B11: 2 | C11: 1 | D11: UNCALIBRATED - template | E11: k = 1.0 is a template, not a value: solve k from the region's start-year tightness and calibrated overhaul share, as was done for the US (see About notes).
A12: Canada | B12: 2 | C12: 1 | D12: UNCALIBRATED - template | E12: k = 1.0 is a template, not a value: solve k from the region's start-year tightness and calibrated overhaul share, as was done for the US (see About notes).
A13: Indonesia | B13: 2 | C13: 1 | D13: UNCALIBRATED - template | E13: k = 1.0 is a template, not a value: solve k from the region's start-year tightness and calibrated overhaul share, as was done for the US (see About notes).
A14: Australia | B14: 2 | C14: 1 | D14: UNCALIBRATED - template | E14: k = 1.0 is a template, not a value: solve k from the region's start-year tightness and calibrated overhaul share, as was done for the US (see About notes).

Sheet Derivation
A1: Selected region | B1: =Regions!B1 -> United States
A2: p | B2: =INDEX(Regions!$B$5:$B$14,MATCH(Regions!$B$1,Regions!$A$5:$A$14,0)) -> 2
A3: k | B3: =INDEX(Regions!$C$5:$C$14,MATCH(Regions!$B$1,Regions!$A$5:$A$14,0)) -> 0.3686
A5: tau | B5: 0 | C5: 0.05 | D5: 0.1 | E5: 0.15 | F5: 0.2 | G5: 0.25 | H5: 0.3 | I5: 0.35 | J5: 0.4 | K5: 0.45 | L5: 0.5 | M5: 0.55 | N5: 0.6 | O5: 0.65 | P5: 0.7 | Q5: 0.75 | R5: 0.8 | S5: 0.85 | T5: 0.9 | U5: 0.95 | V5: 1
A6: w(tau) = tau^p / (tau^p + k (1-tau)^p) | B6: =IF(B5<=0,0,IF(B5>=1,1,(B5^$B$2/(B5^$B$2+$B$3*(1-B5)^$B$2)))) -> 0 | C6: =IF(C5<=0,0,IF(C5>=1,1,(C5^$B$2/(C5^$B$2+$B$3*(1-C5)^$B$2)))) -> 0.0074590906 | D6: =IF(D5<=0,0,IF(D5>=1,1,(D5^$B$2/(D5^$B$2+$B$3*(1-D5)^$B$2)))) -> 0.032407978 | E6: =IF(E5<=0,0,IF(E5>=1,1,(E5^$B$2/(E5^$B$2+$B$3*(1-E5)^$B$2)))) -> 0.077904946 | F6: =IF(F5<=0,0,IF(F5>=1,1,(F5^$B$2/(F5^$B$2+$B$3*(1-F5)^$B$2)))) -> 0.14497796 | G6: =IF(G5<=0,0,IF(G5>=1,1,(G5^$B$2/(G5^$B$2+$B$3*(1-G5)^$B$2)))) -> 0.23162088 | H6: =IF(H5<=0,0,IF(H5>=1,1,(H5^$B$2/(H5^$B$2+$B$3*(1-H5)^$B$2)))) -> 0.33257703 | I6: =IF(I5<=0,0,IF(I5>=1,1,(I5^$B$2/(I5^$B$2+$B$3*(1-I5)^$B$2)))) -> 0.44027768 | ... V6: =IF(V5<=0,0,IF(V5>=1,1,(V5^$B$2/(V5^$B$2+$B$3*(1-V5)^$B$2)))) -> 1

Sheet CRBWvT
A1: Unit: dimensionless | B1: 0 | C1: 0.05 | D1: 0.1 | E1: 0.15 | F1: 0.2 | G1: 0.25 | H1: 0.3 | I1: 0.35 | J1: 0.4 | K1: 0.45 | L1: 0.5 | M1: 0.55 | N1: 0.6 | O1: 0.65 | P1: 0.7 | Q1: 0.75 | R1: 0.8 | S1: 0.85 | T1: 0.9 | U1: 0.95 | V1: 1
A2: Cement Replacement Blend Weight | B2: =Derivation!B6 -> 0 | C2: =Derivation!C6 -> 0.0074590906 | D2: =Derivation!D6 -> 0.032407978 | E2: =Derivation!E6 -> 0.077904946 | F2: =Derivation!F6 -> 0.14497796 | G2: =Derivation!G6 -> 0.23162088 | H2: =Derivation!H6 -> 0.33257703 | I2: =Derivation!I6 -> 0.44027768 | ... V2: =Derivation!V6 -> 1
