Workbook

Sheet About
A1: CRBWvT Cement Replacement Blend Weight vs Tightness
A3: Sources: | B3: Curve form and US calibration
B4: Energy Innovation (internal design memo)
B5: Cement_Utilization_Tightness_Design.md, sections 4 and 7.3
B6: 2026
B7: https://www.energyinnovation.org/
B8: Hill / normalized-logit form w(tau) = tau^p / (tau^p + k (1-tau)^p), endpoints pinned (w(0)=0, w(1)=1). p = 2 (steepness; p=1,3 sensitivity immaterial). US k = 0.3686 solved so that w at the start-year tightness (tau0 = 0.5456 at utilization 0.69) = 0.7964, the 2026-2035 mean greenfield share in the pre-activation baseline (start-year anchor).
B10: Regional envelope anchors that set tau (CULB/CUUB)
B11: Energy Innovation staging package
B12: Cement_Utilization_Regional_Anchors/regional_anchors_master.csv
B13: 2026
B14: https://gccassociation.org/
B15: k must be re-solved per region at build time from that region's start-year utilization and calibrated overhaul share; rows other than the US ship the template k = 1 and are flagged UNCALIBRATED.
A18: Notes:
A19: DRAFT status | B19: This is an input for staff review, not a finished or approved EI position; treat as a starting point pending team sign-off. Verify all cited figures against the primary sources before use.
A20: What it is | B20: The greenfield weight in the retire-alternative cost of the overhaul-or-replace decision, as a function of fleet tightness tau (0 = at CULB, 1 = at CUUB): a slack market absorbs a retiring kiln's output with sunk capital (w near 0), a tight market must build (w near 1).
A21: Subscript | B21: The lookup carries the artificial subscript element [average summer day] in EPS.mdl because SDEverywhere cannot handle unsubscripted lookups. The element has no meaning; the curve is fleet-wide, not pathway-specific (Dan, 2026-09-29; previously [dry kiln with precalciner], which read as pathway-specific).
A22: Region selector | B22: Regions!B1 picks p and k; the Derivation samples the curve on tau = 0..1 step 0.05 (rounded to 4 decimals). Export literal is the US curve; re-export after switching.
A23: Design memo | B23: Design memo: Cement_Utilization_Tightness_Design.md (cement-industry-breakout-f901fc worktree root); anchors staging package: Cement_Utilization_Regional_Anchors/ (same root).
A24: Provenance | B24: Built by Claude Code (Fable 5.1 session), cement section-2 review, worktree cement-calculation-flow-89da5b, 2026-09-29. Reviewed by: (pending).
A25: Regional rows loaded 2026-10-01 | B25: Non-US rows of the Regions tab loaded from Cement_Regional_Data_Draft.md (cement-calculation-flow-89da5b worktree root), passes 1 and 2; pass 2 (primary sources) wins on conflict and the conflict is kept in the row note. Flags: DIRECT = read in the primary document; SNIPPET = secondary/trade-press summary or an unopened primary; JUDGMENT = own arithmetic or estimate (written as a visible formula where computed); blank = TO FILL. Supersedes any placeholder description in the Sources block above. The US row, Derivation and export tab are unchanged. Verify every non-US value against its cited primary source before use. Loader: Cement_Regional_Rows_Loading/load_regional_rows.py.

Sheet Regions
A1: Selected region (drop-down): | B1: United States
A2: Change B1 to switch the Derivation to another region's row; the export tab holds literal values, so re-export the CSV after switching. Blank = TO FILL.
A4: Region | B4: p (steepness) | C4: k (midpoint shifter) | D4: Status | E4: Note
A5: United States | B5: 2 | C5: 0.3686 | D5: CALIBRATED 2026-08-28 | E5: k solved from the start-year anchor (design memo section 4)
A6: China | B6: 2 | C6: 1 | D6: UNCALIBRATED - template | E6: k = 1.0 is a template, not a value: k must be solved at build time from the region's start-year utilization and calibrated overhaul share (design memo Cement_Utilization_Tightness_Design.md section 4), as was done for the US.
A7: India | B7: 2 | C7: 1 | D7: UNCALIBRATED - template | E7: k = 1.0 is a template, not a value: k must be solved at build time from the region's start-year utilization and calibrated overhaul share (design memo Cement_Utilization_Tightness_Design.md section 4), as was done for the US.
A8: EU-27 | B8: 2 | C8: 1 | D8: UNCALIBRATED - template | E8: k = 1.0 is a template, not a value: k must be solved at build time from the region's start-year utilization and calibrated overhaul share (design memo Cement_Utilization_Tightness_Design.md section 4), as was done for the US.
A9: Japan | B9: 2 | C9: 1 | D9: UNCALIBRATED - template | E9: k = 1.0 is a template, not a value: k must be solved at build time from the region's start-year utilization and calibrated overhaul share (design memo Cement_Utilization_Tightness_Design.md section 4), as was done for the US.
A10: Brazil | B10: 2 | C10: 1 | D10: UNCALIBRATED - template | E10: k = 1.0 is a template, not a value: k must be solved at build time from the region's start-year utilization and calibrated overhaul share (design memo Cement_Utilization_Tightness_Design.md section 4), as was done for the US.
A11: Mexico | B11: 2 | C11: 1 | D11: UNCALIBRATED - template | E11: k = 1.0 is a template, not a value: k must be solved at build time from the region's start-year utilization and calibrated overhaul share (design memo Cement_Utilization_Tightness_Design.md section 4), as was done for the US.
A12: Canada | B12: 2 | C12: 1 | D12: UNCALIBRATED - template | E12: k = 1.0 is a template, not a value: k must be solved at build time from the region's start-year utilization and calibrated overhaul share (design memo Cement_Utilization_Tightness_Design.md section 4), as was done for the US.
A13: Indonesia | B13: 2 | C13: 1 | D13: UNCALIBRATED - template | E13: k = 1.0 is a template, not a value: k must be solved at build time from the region's start-year utilization and calibrated overhaul share (design memo Cement_Utilization_Tightness_Design.md section 4), as was done for the US.
A14: Australia | B14: 2 | C14: 1 | D14: UNCALIBRATED - template | E14: k = 1.0 is a template, not a value: k must be solved at build time from the region's start-year utilization and calibrated overhaul share (design memo Cement_Utilization_Tightness_Design.md section 4), as was done for the US.

Sheet Derivation
A1: Selected region | B1: =Regions!B1
A2: p | B2: =INDEX(Regions!$B$5:$B$14,MATCH(Regions!$B$1,Regions!$A$5:$A$14,0))
A3: k | B3: =INDEX(Regions!$C$5:$C$14,MATCH(Regions!$B$1,Regions!$A$5:$A$14,0))
A5: tau | B5: 0 | C5: 0.05 | D5: 0.1 | E5: 0.15 | F5: 0.2 | G5: 0.25 | H5: 0.3 | I5: 0.35 | J5: 0.4 | K5: 0.45 | L5: 0.5 | M5: 0.55 | N5: 0.6 | O5: 0.65 | P5: 0.7 | Q5: 0.75 | R5: 0.8 | S5: 0.85 | T5: 0.9 | U5: 0.95 | V5: 1
A6: w(tau) = tau^p / (tau^p + k (1-tau)^p), rounded to 4 decimals | B6: =IF(B5<=0,0,IF(B5>=1,1,ROUND(B5^$B$2/(B5^$B$2+$B$3*(1-B5)^$B$2),4))) | C6: =IF(C5<=0,0,IF(C5>=1,1,ROUND(C5^$B$2/(C5^$B$2+$B$3*(1-C5)^$B$2),4))) | D6: =IF(D5<=0,0,IF(D5>=1,1,ROUND(D5^$B$2/(D5^$B$2+$B$3*(1-D5)^$B$2),4))) | E6: =IF(E5<=0,0,IF(E5>=1,1,ROUND(E5^$B$2/(E5^$B$2+$B$3*(1-E5)^$B$2),4))) | F6: =IF(F5<=0,0,IF(F5>=1,1,ROUND(F5^$B$2/(F5^$B$2+$B$3*(1-F5)^$B$2),4))) | G6: =IF(G5<=0,0,IF(G5>=1,1,ROUND(G5^$B$2/(G5^$B$2+$B$3*(1-G5)^$B$2),4))) | H6: =IF(H5<=0,0,IF(H5>=1,1,ROUND(H5^$B$2/(H5^$B$2+$B$3*(1-H5)^$B$2),4))) | I6: =IF(I5<=0,0,IF(I5>=1,1,ROUND(I5^$B$2/(I5^$B$2+$B$3*(1-I5)^$B$2),4))) | ... V6: =IF(V5<=0,0,IF(V5>=1,1,ROUND(V5^$B$2/(V5^$B$2+$B$3*(1-V5)^$B$2),4)))

Sheet Checks
A1: Cross-check: 'CRBWvT' export literals vs Derivation
B3: 0 | C3: 0.05 | D3: 0.1 | E3: 0.15 | F3: 0.2 | G3: 0.25 | H3: 0.3 | I3: 0.35 | J3: 0.4 | K3: 0.45 | L3: 0.5 | M3: 0.55 | N3: 0.6 | O3: 0.65 | P3: 0.7 | Q3: 0.75 | R3: 0.8 | S3: 0.85 | T3: 0.9 | U3: 0.95 | V3: 1
A4: Export literal | B4: 0 | C4: 0.0075 | D4: 0.0324 | E4: 0.0779 | F4: 0.145 | G4: 0.2316 | H4: 0.3326 | I4: 0.4403 | J4: 0.5467 | K4: 0.6449 | L4: 0.7307 | M4: 0.8021 | N4: 0.8592 | O4: 0.9035 | P4: 0.9366 | Q4: 0.9607 | R4: 0.9775 | S4: 0.9887 | T4: 0.9955 | U4: 0.999 | V4: 1
A5: Derivation | B5: =Derivation!B6 | C5: =Derivation!C6 | D5: =Derivation!D6 | E5: =Derivation!E6 | F5: =Derivation!F6 | G5: =Derivation!G6 | H5: =Derivation!H6 | I5: =Derivation!I6 | ... V5: =Derivation!V6
A6: ABS diff | B6: =ABS(B4-B5) | C6: =ABS(C4-C5) | D6: =ABS(D4-D5) | E6: =ABS(E4-E5) | F6: =ABS(F4-F5) | G6: =ABS(G4-G5) | H6: =ABS(H4-H5) | I6: =ABS(I4-I5) | ... V6: =ABS(V4-V5)
A8: Max abs diff | B8: =MAX(B6:V6)
A9: Result | B9: =IF(B8<0.00015,"PASS","FAIL") | C9: tolerance 1.5e-4: the shipped CSV was sampled by the 2026-08-28 generator and one point differs by a 4th-decimal rounding step from the workbook formula

Sheet CRBWvT
A1: Unit: dimensionless (replacement blend weight - greenfield weight in the retire-alternative cost - vs fleet tightness tau; Hill form w=tau^p/(tau^p+k(1-tau)^p) p=2 k=0.3686; k solved 2026-08-28 so w(tau0=0.5456 at u=SYCCU 0.69)=0.7964 = 1 minus the 2026-2035 mean absorbable share in the pre-activation baseline Gate0Base (start-year anchor, design memo sec 4); regenerate with Cement_Utilization_Regional_Anchors/make_region_files.py) | B1: 0 | C1: 0.05 | D1: 0.1 | E1: 0.15 | F1: 0.2 | G1: 0.25 | H1: 0.3 | I1: 0.35 | J1: 0.4 | K1: 0.45 | L1: 0.5 | M1: 0.55 | N1: 0.6 | O1: 0.65 | P1: 0.7 | Q1: 0.75 | R1: 0.8 | S1: 0.85 | T1: 0.9 | U1: 0.95 | V1: 1
A2: Cement Replacement Blend Weight | B2: 0 | C2: 0.0075 | D2: 0.0324 | E2: 0.0779 | F2: 0.145 | G2: 0.2316 | H2: 0.3326 | I2: 0.4403 | J2: 0.5467 | K2: 0.6449 | L2: 0.7307 | M2: 0.8021 | N2: 0.8592 | O2: 0.9035 | P2: 0.9366 | Q2: 0.9607 | R2: 0.9775 | S2: 0.9887 | T2: 0.9955 | U2: 0.999 | V2: 1
