Workbook

Sheet About
A1: DRC BAU Demand Response Capacity
A2: DRC Potential Additional Demand Response Capacity
A3: DRC Hours of DR Average Utility May Call Upon per Year
A4: DRC Average DR Hours per DR Event
A6: Sources: | B6: 2019 Capacity and 2030 Projection
B7: Brattle Group
B8: 2019
B9: The National Potential for Load Flexibility
B10: https://brattlefiles.blob.core.windows.net/files/16639_national_potential_for_load_flexibility_-_final.pdf
B11: Slide 18
B13: Hours of Shift DR Average Utility May Call Upon per Year and Average DR Hours per Day on Days When DR is Called Upon
B14: U.S. Department of Energy
B15: undated
B16: Demand Response and Time-Variable Pricing Programs: Western States
B17: https://www.energy.gov/eere/femp/demand-response-and-time-variable-pricing-programs-western-states
B18: Using "California Independent System Operator (CAISO) Proxy Demand Response and Reliability Demand Response program" (under "California" section)
B20: Curtailment Deflator
B21: California ISO
B22: 2025
B23: Demand Response Issues and Performance, 2024
B24: https://www.caiso.com/documents/demand-response-issues-and-performance-2024-mar-14-2025.pdf
B25: Page 4 (key findings), second bullet
A27: Notes:
A28: Demand response is defined as the potential to reduce or shift electricity usage during peak
A29: periods in response to time-based rates or other financial incentives.
A30: We use a Brattle analysis to estimate the potential in 2030, and scale the potential between 2019 and 2050 linearly.
A32: We also require input data on the total number of hours of DR the average utility may call upon per year
A33: and the typical length of each DR event in hours. These are used to apportion the DR capacity to different
A34: days and hours correctly in the model.
A36: We apply a curtailment multiplier to discount the amount of available capacity by the amount of DR that is available
A37: on average when called upon. According to CAISO, "on high demand days in the summer, about 70 percent of totaldemand response capacity dispatched in real-time reported performing as scheduled"

Sheet Data and Calculations
A1: Brattle Capacity Projections (MW)
A2: 2019 | B2: 2030
A3: 59000 | B3: 198000
A5: Deflator
A6: 0.3
A9: DR Hours per Year and per Event
A11: CAISO's Proxy Demand Response and Reliability Demand Response programs specifies:
A13: Max of 48 hours of DR per 6-month period (96 per year)
A14: Participants must be able to maintain demand reduction for at least 4 hours per DR event
A16: Hours of Shift DR per Year
A17: 96
A19: Hours of DR per Event
A20: 4

Sheet DRC-BDRC
A1: Year | B1: 2018 | C1: 2019 | D1: 2020 | E1: 2021 | F1: 2022 | G1: 2023 | H1: 2024 | I1: 2025 | J1: 2026 | K1: 2027 | L1: 2028 | M1: 2029 | N1: 2030 | O1: 2031 | P1: 2032 | Q1: 2033 | R1: 2034 | S1: 2035 | T1: 2036 | U1: 2037 | V1: 2038 | W1: 2039 | X1: 2040 | Y1: 2041 | Z1: 2042 | AA1: 2043 | AB1: 2044 | AC1: 2045 | AD1: 2046 | AE1: 2047 | AF1: 2048 | AG1: 2049 | AH1: 2050
A2: DR Capacity (MW) | B2: ='Data and Calculations'!A3*(1-'Data and Calculations'!$A$6) -> 41300 | C2: =B2 -> 41300 | D2: =C2 -> 41300 | E2: =D2 -> 41300 | F2: =E2 -> 41300 | G2: =F2 -> 41300 | H2: =G2 -> 41300 | I2: =H2 -> 41300 | J2: =I2 -> 41300 | ... AH2: =AG2 -> 41300

Sheet DRC-PADRC
A1: Year | B1: 2018 | C1: 2019 | D1: 2020 | E1: 2021 | F1: 2022 | G1: 2023 | H1: 2024 | I1: 2025 | J1: 2026 | K1: 2027 | L1: 2028 | M1: 2029 | N1: 2030 | O1: 2031 | P1: 2032 | Q1: 2033 | R1: 2034 | S1: 2035 | T1: 2036 | U1: 2037 | V1: 2038 | W1: 2039 | X1: 2040 | Y1: 2041 | Z1: 2042 | AA1: 2043 | AB1: 2044 | AC1: 2045 | AD1: 2046 | AE1: 2047 | AF1: 2048 | AG1: 2049 | AH1: 2050
A2: Potential Additional DR Capacity (MW) | B2: =C2 -> 12390 | C2: =('Data and Calculations'!A3-'DRC-BDRC'!C2)*(1-'Data and Calculations'!$A$6) -> 12390 | D2: =(TREND('Data and Calculations'!$A$3:$B$3,'Data and Calculations'!$A$2:$B$2,'DRC-PADRC'!D1)-'DRC-BDRC'!D2)*(1-'Data and Calculations'!$A$6) -> 21235.455 | E2: =(TREND('Data and Calculations'!$A$3:$B$3,'Data and Calculations'!$A$2:$B$2,'DRC-PADRC'!E1)-'DRC-BDRC'!E2)*(1-'Data and Calculations'!$A$6) -> 30080.909 | F2: =(TREND('Data and Calculations'!$A$3:$B$3,'Data and Calculations'!$A$2:$B$2,'DRC-PADRC'!F1)-'DRC-BDRC'!F2)*(1-'Data and Calculations'!$A$6) -> 38926.364 | G2: =(TREND('Data and Calculations'!$A$3:$B$3,'Data and Calculations'!$A$2:$B$2,'DRC-PADRC'!G1)-'DRC-BDRC'!G2)*(1-'Data and Calculations'!$A$6) -> 47771.818 | H2: =(TREND('Data and Calculations'!$A$3:$B$3,'Data and Calculations'!$A$2:$B$2,'DRC-PADRC'!H1)-'DRC-BDRC'!H2)*(1-'Data and Calculations'!$A$6) -> 56617.273 | I2: =(TREND('Data and Calculations'!$A$3:$B$3,'Data and Calculations'!$A$2:$B$2,'DRC-PADRC'!I1)-'DRC-BDRC'!I2)*(1-'Data and Calculations'!$A$6) -> 65462.727 | J2: =(TREND('Data and Calculations'!$A$3:$B$3,'Data and Calculations'!$A$2:$B$2,'DRC-PADRC'!J1)-'DRC-BDRC'!J2)*(1-'Data and Calculations'!$A$6) -> 74308.182 | K2: =(TREND('Data and Calculations'!$A$3:$B$3,'Data and Calculations'!$A$2:$B$2,'DRC-PADRC'!K1)-'DRC-BDRC'!K2)*(1-'Data and Calculations'!$A$6) -> 83153.636 | ... AH2: =(TREND('Data and Calculations'!$A$3:$B$3,'Data and Calculations'!$A$2:$B$2,'DRC-PADRC'!AH1)-'DRC-BDRC'!AH2)*(1-'Data and Calculations'!$A$6) -> 286599.09

Sheet DRC-ADRHpDRE
A1: Unit: hours | B1: Hours per Event
A2: DR Hours per DR Event | B2: =ROUND('Data and Calculations'!A20,0) -> 4
