Workbook

Sheet About
A1: CNBEIR Cement New Build Energy Intensity Ratio
A3: Sources: | B3: US fleet-typical and best-available-technology (BAT) thermal energy intensity
B4: U.S. Department of Energy (DOE)
B5: Bandwidth Study on Energy Use and Potential Energy Savings Opportunities in U.S. Cement Manufacturing
B6: 2017
B7: https://www.energy.gov/eere/amo/articles/bandwidth-study-energy-use-and-potential-energy-savings-opportunities-us-cement
B8: State-of-the-art (best practice / BAT) dry-process pyroprocessing thermal energy intensity is reported at approximately 2.9 GJ/metric ton clinker. Current US fleet-typical thermal energy intensity is reported at 1,554 Btu/lb clinker, which converts to approximately 3.43 MMBtu per metric ton (see Derivation tab for the unit conversion, matching the convention used elsewhere in this module, e.g. CEIbPaF). [PROXY - figures read from the Bandwidth Study's summary tables/press coverage, not a full line-by-line reproduction of the underlying DOE workbook]
B10: International BAT thermal energy benchmarks (cross-check on the 2.9 GJ/t BAT figure)
B11: International Energy Agency (IEA)
B12: Technology Roadmap: Low-Carbon Transition in the Cement Industry (BAT benchmarking)
B13: 2018
B14: https://www.iea.org/reports/technology-roadmap-low-carbon-transition-in-the-cement-industry
B15: IEA/IEA-CSI benchmarking of best-available dry-kiln-with-preheater-precalciner technology reports thermal energy intensities in a similar ~2.9-3.0 GJ/t clinker range, corroborating the DOE Bandwidth Study BAT figure used here. [PROXY - report-level cross-check, not an independent primary derivation]
B17: Per-pathway fuel totals used as the CCS kiln-component vs. amine-adder split (CEIbPaF)
B18: Energy Innovation (internal, see CEIbPaF workbook)
B19: Cement Energy Intensity by Pathway and Fuel (CEIbPaF) input workbook, this repo
B20: 2026
B21: https://www.energyinnovation.org/
B22: CEIbPaF.csv gives, per pathway, the full fuel-energy total per metric ton clinker: dry kiln with precalciner sums to 4,020,000 BTU/t; dry kiln with CCS sums to 6,270,000 BTU/t (the 2,250,000 BTU/t difference is the CCS amine-regeneration/compression energy adder). These totals are the component weights used to blend the BAT credit across the CCS pathway - see Derivation tab. [DIRECT reference to an internal EPS input]
A25: Notes:
A26: Definition | B26: CNBEIR (Cement New Build Energy Intensity Ratio), subscripted by Cement Production Pathway, is the ratio of best-available-technology (BAT) thermal energy intensity for new-build capacity to the current US fleet-typical thermal energy intensity, applied per pathway. It scales the energy intensity assumed for newly built capacity on each pathway relative to the existing fleet average used elsewhere in the module (e.g. CEIbPaF).
A27: Precalciner derivation | B27: 0.846 = 2.9 GJ/metric ton clinker (DOE Bandwidth Study BAT thermal energy intensity) divided by 3.43 GJ/metric ton clinker (fleet-typical thermal energy intensity, itself converted from the DOE Bandwidth Study's 1,554 Btu/lb clinker figure: 1,554 Btu/lb x 2,204.62 lb/metric ton = 3,425,982 Btu/metric ton = 3.43 MMBtu/metric ton), rounded to 3 decimal places (2.9/3.426 = 0.8464... -> 0.846). This conversion matches the convention used in the CEIbPaF workbook for the same DOE source figure.
A28: CCS derivation and its simplification | B28: The dry-kiln-with-CCS pathway blends the 0.846 BAT credit onto only the kiln-thermal component of its energy total, leaving the CCS-specific amine-regeneration/compression energy adder undiscounted (since that adder is CCS-process energy, not clinker-kiln pyroprocessing energy, and BAT kiln improvements do not reduce it): (0.846 x 4,020,000 + 1.0 x 2,250,000) / 6,270,000 = 0.901 (rounded to 3 decimal places), where 4,020,000 and 6,270,000 BTU/t are the CEIbPaF precalciner and CCS pathway fuel totals respectively, and 2,250,000 = 6,270,000 - 4,020,000 is the amine-adder difference. DOCUMENTED SIMPLIFICATION: this blended scalar is exact on total pathway energy (applying it to the CEIbPaF CCS total reproduces the intended 0.901-weighted reduction) but slightly misallocates the discount across individual fuels within the pathway, since CNBEIR is a single scalar applied uniformly to the pathway's fuel mix rather than a fuel-by-fuel adjustment that would apply 0.846 only to the kiln-thermal fuels and 1.0 only to the amine-adder fuels. This is judged acceptable because the model consumes CNBEIR as a single pathway-level multiplier.
A29: Electric kiln and alternative chemistry = 1.0 - EI judgment | B29: These two pathways are held at 1.0 (no BAT discount) because their CEIbPaF energy-intensity values (4,000,000 and 2,500,000 BTU/t respectively) are already forward-looking, new-technology engineering estimates with no existing legacy fleet to benchmark against - there is no fleet-typical vs. BAT gap to capture for a technology that does not yet have commercial-scale deployment. Applying a BAT discount on top of an already-BAT-level estimate would double-count the efficiency gain. This 1.0 assignment is an EI judgment, not a sourced figure.
A30: Held flat 2021-2050 | B30: Each pathway's ratio is held flat across the full 2021-2050 horizon: for the precalciner and CCS pathways because published roadmaps (DOE Bandwidth Study, IEA Technology Roadmap) treat BAT dry-kiln thermal efficiency as already near-optimal with little further gain expected through 2050; for electric kiln and alternative chemistry because 1.0 is a structural (no-discount) assignment rather than a trended estimate. This is an EI judgment reflecting the roadmap assumption rather than a year-by-year sourced projection for any pathway.
A31: DRAFT status | B31: This is an input for staff review, not a finished or approved EI position; treat as a starting point pending team sign-off. Verify all cited figures against the primary sources before use in any work product.
A32: Provenance | B32: Written by Claude Code (Fable/Sonnet agent session), cement industry breakout, worktree cement-industry-breakout-f901fc, 2026-08-26. Updated to the 4-pathway subscripted shape following adversarial review, 2026-08-26. Reviewed by: (pending).

Sheet Derivation
A1: CNBEIR derivation by Cement Production Pathway
A3: Dry kiln with precalciner
A4: BAT thermal energy intensity (GJ/metric ton clinker, DOE Bandwidth Study) | B4: 2.9
A5: Fleet-typical thermal energy intensity (Btu/lb clinker, DOE Bandwidth Study) | B5: 1554
A6: Unit conversion factor (lb per metric ton) | B6: 2204.62
A7: Fleet-typical thermal energy intensity (MMBtu/metric ton; matches CEIbPaF convention) | B7: =B5*B6/1000000
A8: Precalciner CNBEIR (unrounded) = BAT (GJ/t, converted to MMBtu at 1.05506 GJ per MMBtu) / fleet-typical (MMBtu/t) | B8: =B4/1.05506/B7
A9: Precalciner CNBEIR (rounded to 3 decimal places) | B9: =ROUND(B8,3)
A11: Dry kiln with CCS: equals the dry kiln since 2026-10-01 (CEIbPaF CCS row is kiln-only; capture energy is booked by the CCS sector)
A12: CEIbPaF precalciner pathway fuel total (BTU/metric ton clinker) | B12: 4020000
A13: CEIbPaF CCS pathway fuel total (BTU/metric ton clinker) | B13: 6270000
A14: CCS amine-regeneration/compression adder = CCS total - precalciner total | B14: =B13-B12
A15: Precalciner CNBEIR applied to the kiln-thermal component | B15: =B9
A16: BAT credit on the amine adder (1.0 = no discount; process energy, not kiln pyroprocessing) | B16: 1
A17: CCS CNBEIR (unrounded) = (precalciner CNBEIR x kiln component + 1.0 x amine adder) / CCS total | B17: =B9
A18: CCS CNBEIR (rounded to 3 decimal places) | B18: =ROUND(B17,3)
A20: Electric kiln
A21: CNBEIR = 1.0 (EI judgment: CEIbPaF value already a forward-looking new-technology estimate, no legacy fleet to benchmark against) | B21: 1
A23: Alternative chemistry cement
A24: CNBEIR = 1.0 (EI judgment: CEIbPaF value already a forward-looking new-technology estimate, no legacy fleet to benchmark against) | B24: 1
A26: Held flat 2021-2050 for all four pathways (see About Notes). Unit fix 2026-10-01: the earlier 0.846 divided GJ by MMBtu without converting.

Sheet Checks
A1: Cross-check: 'CNBEIR' export-tab literal values vs. Derivation formula results, all pathways x years
A3: Pathway | B3: 2021 | C3: 2022 | D3: 2023 | E3: 2024 | F3: 2025 | G3: 2026 | H3: 2027 | I3: 2028 | J3: 2029 | K3: 2030 | L3: 2031 | M3: 2032 | N3: 2033 | O3: 2034 | P3: 2035 | Q3: 2036 | R3: 2037 | S3: 2038 | T3: 2039 | U3: 2040 | V3: 2041 | W3: 2042 | X3: 2043 | Y3: 2044 | Z3: 2045 | AA3: 2046 | AB3: 2047 | AC3: 2048 | AD3: 2049 | AE3: 2050
A4: dry kiln with precalciner - export literal | B4: 0.802 | C4: 0.802 | D4: 0.802 | E4: 0.802 | F4: 0.802 | G4: 0.802 | H4: 0.802 | I4: 0.802 | J4: 0.802 | K4: 0.802 | L4: 0.802 | M4: 0.802 | N4: 0.802 | O4: 0.802 | P4: 0.802 | Q4: 0.802 | R4: 0.802 | S4: 0.802 | T4: 0.802 | U4: 0.802 | V4: 0.802 | W4: 0.802 | X4: 0.802 | Y4: 0.802 | Z4: 0.802 | AA4: 0.802 | AB4: 0.802 | AC4: 0.802 | AD4: 0.802 | AE4: 0.802
A5: dry kiln with precalciner - derivation formula | B5: =Derivation!B9 | C5: =Derivation!B9 | D5: =Derivation!B9 | E5: =Derivation!B9 | F5: =Derivation!B9 | G5: =Derivation!B9 | H5: =Derivation!B9 | I5: =Derivation!B9 | J5: =Derivation!B9 | K5: =Derivation!B9 | L5: =Derivation!B9 | M5: =Derivation!B9 | N5: =Derivation!B9 | O5: =Derivation!B9 | P5: =Derivation!B9 | Q5: =Derivation!B9 | R5: =Derivation!B9 | S5: =Derivation!B9 | T5: =Derivation!B9 | U5: =Derivation!B9 | V5: =Derivation!B9 | W5: =Derivation!B9 | X5: =Derivation!B9 | Y5: =Derivation!B9 | Z5: =Derivation!B9 | AA5: =Derivation!B9 | AB5: =Derivation!B9 | AC5: =Derivation!B9 | AD5: =Derivation!B9 | AE5: =Derivation!B9
A6: dry kiln with precalciner - ABS(export - derivation) | B6: =ABS(B4-B5) | C6: =ABS(C4-C5) | D6: =ABS(D4-D5) | E6: =ABS(E4-E5) | F6: =ABS(F4-F5) | G6: =ABS(G4-G5) | H6: =ABS(H4-H5) | I6: =ABS(I4-I5) | ... AE6: =ABS(AE4-AE5)
A8: dry kiln with CCS - export literal | B8: 0.802 | C8: 0.802 | D8: 0.802 | E8: 0.802 | F8: 0.802 | G8: 0.802 | H8: 0.802 | I8: 0.802 | J8: 0.802 | K8: 0.802 | L8: 0.802 | M8: 0.802 | N8: 0.802 | O8: 0.802 | P8: 0.802 | Q8: 0.802 | R8: 0.802 | S8: 0.802 | T8: 0.802 | U8: 0.802 | V8: 0.802 | W8: 0.802 | X8: 0.802 | Y8: 0.802 | Z8: 0.802 | AA8: 0.802 | AB8: 0.802 | AC8: 0.802 | AD8: 0.802 | AE8: 0.802
A9: dry kiln with CCS - derivation formula | B9: =Derivation!B18 | C9: =Derivation!B18 | D9: =Derivation!B18 | E9: =Derivation!B18 | F9: =Derivation!B18 | G9: =Derivation!B18 | H9: =Derivation!B18 | I9: =Derivation!B18 | J9: =Derivation!B18 | K9: =Derivation!B18 | L9: =Derivation!B18 | M9: =Derivation!B18 | N9: =Derivation!B18 | O9: =Derivation!B18 | P9: =Derivation!B18 | Q9: =Derivation!B18 | R9: =Derivation!B18 | S9: =Derivation!B18 | T9: =Derivation!B18 | U9: =Derivation!B18 | V9: =Derivation!B18 | W9: =Derivation!B18 | X9: =Derivation!B18 | Y9: =Derivation!B18 | Z9: =Derivation!B18 | AA9: =Derivation!B18 | AB9: =Derivation!B18 | AC9: =Derivation!B18 | AD9: =Derivation!B18 | AE9: =Derivation!B18
A10: dry kiln with CCS - ABS(export - derivation) | B10: =ABS(B8-B9) | C10: =ABS(C8-C9) | D10: =ABS(D8-D9) | E10: =ABS(E8-E9) | F10: =ABS(F8-F9) | G10: =ABS(G8-G9) | H10: =ABS(H8-H9) | I10: =ABS(I8-I9) | ... AE10: =ABS(AE8-AE9)
A12: electric kiln - export literal | B12: 1 | C12: 1 | D12: 1 | E12: 1 | F12: 1 | G12: 1 | H12: 1 | I12: 1 | J12: 1 | K12: 1 | L12: 1 | M12: 1 | N12: 1 | O12: 1 | P12: 1 | Q12: 1 | R12: 1 | S12: 1 | T12: 1 | U12: 1 | V12: 1 | W12: 1 | X12: 1 | Y12: 1 | Z12: 1 | AA12: 1 | AB12: 1 | AC12: 1 | AD12: 1 | AE12: 1
A13: electric kiln - derivation formula | B13: =Derivation!B21 | C13: =Derivation!B21 | D13: =Derivation!B21 | E13: =Derivation!B21 | F13: =Derivation!B21 | G13: =Derivation!B21 | H13: =Derivation!B21 | I13: =Derivation!B21 | J13: =Derivation!B21 | K13: =Derivation!B21 | L13: =Derivation!B21 | M13: =Derivation!B21 | N13: =Derivation!B21 | O13: =Derivation!B21 | P13: =Derivation!B21 | Q13: =Derivation!B21 | R13: =Derivation!B21 | S13: =Derivation!B21 | T13: =Derivation!B21 | U13: =Derivation!B21 | V13: =Derivation!B21 | W13: =Derivation!B21 | X13: =Derivation!B21 | Y13: =Derivation!B21 | Z13: =Derivation!B21 | AA13: =Derivation!B21 | AB13: =Derivation!B21 | AC13: =Derivation!B21 | AD13: =Derivation!B21 | AE13: =Derivation!B21
A14: electric kiln - ABS(export - derivation) | B14: =ABS(B12-B13) | C14: =ABS(C12-C13) | D14: =ABS(D12-D13) | E14: =ABS(E12-E13) | F14: =ABS(F12-F13) | G14: =ABS(G12-G13) | H14: =ABS(H12-H13) | I14: =ABS(I12-I13) | ... AE14: =ABS(AE12-AE13)
A16: alternative chemistry cement - export literal | B16: 1 | C16: 1 | D16: 1 | E16: 1 | F16: 1 | G16: 1 | H16: 1 | I16: 1 | J16: 1 | K16: 1 | L16: 1 | M16: 1 | N16: 1 | O16: 1 | P16: 1 | Q16: 1 | R16: 1 | S16: 1 | T16: 1 | U16: 1 | V16: 1 | W16: 1 | X16: 1 | Y16: 1 | Z16: 1 | AA16: 1 | AB16: 1 | AC16: 1 | AD16: 1 | AE16: 1
A17: alternative chemistry cement - derivation formula | B17: =Derivation!B24 | C17: =Derivation!B24 | D17: =Derivation!B24 | E17: =Derivation!B24 | F17: =Derivation!B24 | G17: =Derivation!B24 | H17: =Derivation!B24 | I17: =Derivation!B24 | J17: =Derivation!B24 | K17: =Derivation!B24 | L17: =Derivation!B24 | M17: =Derivation!B24 | N17: =Derivation!B24 | O17: =Derivation!B24 | P17: =Derivation!B24 | Q17: =Derivation!B24 | R17: =Derivation!B24 | S17: =Derivation!B24 | T17: =Derivation!B24 | U17: =Derivation!B24 | V17: =Derivation!B24 | W17: =Derivation!B24 | X17: =Derivation!B24 | Y17: =Derivation!B24 | Z17: =Derivation!B24 | AA17: =Derivation!B24 | AB17: =Derivation!B24 | AC17: =Derivation!B24 | AD17: =Derivation!B24 | AE17: =Derivation!B24
A18: alternative chemistry cement - ABS(export - derivation) | B18: =ABS(B16-B17) | C18: =ABS(C16-C17) | D18: =ABS(D16-D17) | E18: =ABS(E16-E17) | F18: =ABS(F16-F17) | G18: =ABS(G16-G17) | H18: =ABS(H16-H17) | I18: =ABS(I16-I17) | ... AE18: =ABS(AE16-AE17)
A21: Max abs diff, and range check 0.5 <= CNBEIR <= 1.0, per pathway
A22: Pathway | B22: Max abs diff | C22: Diff result | D22: Value (2021) | E22: Range check
A23: dry kiln with precalciner | B23: =MAX(B6:AE6) | C23: =IF(B23<0.000001,"PASS","FAIL") | D23: =Derivation!B9 | E23: =IF(AND(D23>=0.5,D23<=1.0),"PASS","FAIL")
A24: dry kiln with CCS | B24: =MAX(B10:AE10) | C24: =IF(B24<0.000001,"PASS","FAIL") | D24: =Derivation!B18 | E24: =IF(AND(D24>=0.5,D24<=1.0),"PASS","FAIL")
A25: electric kiln | B25: =MAX(B14:AE14) | C25: =IF(B25<0.000001,"PASS","FAIL") | D25: =Derivation!B21 | E25: =IF(AND(D25>=0.5,D25<=1.0),"PASS","FAIL")
A26: alternative chemistry cement | B26: =MAX(B18:AE18) | C26: =IF(B26<0.000001,"PASS","FAIL") | D26: =Derivation!B24 | E26: =IF(AND(D26>=0.5,D26<=1.0),"PASS","FAIL")

Sheet CNBEIR
A1: Unit: dimensionless (DRAFT by pathway: precalciner 0.802 = 2.9 GJ/t BAT over 3.43 MMBtu/t fleet-typical, DOE Bandwidth, GJ-to-MMBtu corrected 2026-10-01; CCS = dry kiln value (CEIbPaF CCS row is kiln-only since 2026-10-01; capture energy sits in the CCS sector); electric/alt-chem 1.0 already-BAT - verify before release) | B1: 2021 | C1: 2022 | D1: 2023 | E1: 2024 | F1: 2025 | G1: 2026 | H1: 2027 | I1: 2028 | J1: 2029 | K1: 2030 | L1: 2031 | M1: 2032 | N1: 2033 | O1: 2034 | P1: 2035 | Q1: 2036 | R1: 2037 | S1: 2038 | T1: 2039 | U1: 2040 | V1: 2041 | W1: 2042 | X1: 2043 | Y1: 2044 | Z1: 2045 | AA1: 2046 | AB1: 2047 | AC1: 2048 | AD1: 2049 | AE1: 2050
A2: dry kiln with precalciner | B2: 0.802 | C2: 0.802 | D2: 0.802 | E2: 0.802 | F2: 0.802 | G2: 0.802 | H2: 0.802 | I2: 0.802 | J2: 0.802 | K2: 0.802 | L2: 0.802 | M2: 0.802 | N2: 0.802 | O2: 0.802 | P2: 0.802 | Q2: 0.802 | R2: 0.802 | S2: 0.802 | T2: 0.802 | U2: 0.802 | V2: 0.802 | W2: 0.802 | X2: 0.802 | Y2: 0.802 | Z2: 0.802 | AA2: 0.802 | AB2: 0.802 | AC2: 0.802 | AD2: 0.802 | AE2: 0.802
A3: dry kiln with CCS | B3: 0.802 | C3: 0.802 | D3: 0.802 | E3: 0.802 | F3: 0.802 | G3: 0.802 | H3: 0.802 | I3: 0.802 | J3: 0.802 | K3: 0.802 | L3: 0.802 | M3: 0.802 | N3: 0.802 | O3: 0.802 | P3: 0.802 | Q3: 0.802 | R3: 0.802 | S3: 0.802 | T3: 0.802 | U3: 0.802 | V3: 0.802 | W3: 0.802 | X3: 0.802 | Y3: 0.802 | Z3: 0.802 | AA3: 0.802 | AB3: 0.802 | AC3: 0.802 | AD3: 0.802 | AE3: 0.802
A4: electric kiln | B4: 1 | C4: 1 | D4: 1 | E4: 1 | F4: 1 | G4: 1 | H4: 1 | I4: 1 | J4: 1 | K4: 1 | L4: 1 | M4: 1 | N4: 1 | O4: 1 | P4: 1 | Q4: 1 | R4: 1 | S4: 1 | T4: 1 | U4: 1 | V4: 1 | W4: 1 | X4: 1 | Y4: 1 | Z4: 1 | AA4: 1 | AB4: 1 | AC4: 1 | AD4: 1 | AE4: 1
A5: alternative chemistry cement | B5: 1 | C5: 1 | D5: 1 | E5: 1 | F5: 1 | G5: 1 | H5: 1 | I5: 1 | J5: 1 | K5: 1 | L5: 1 | M5: 1 | N5: 1 | O5: 1 | P5: 1 | Q5: 1 | R5: 1 | S5: 1 | T5: 1 | U5: 1 | V5: 1 | W5: 1 | X5: 1 | Y5: 1 | Z5: 1 | AA5: 1 | AB5: 1 | AC5: 1 | AD5: 1 | AE5: 1
