Workbook

Sheet About
A1: CEIbPaF Cement Energy Intensity by Pathway and Fuel
A3: Sources: | B3: Total kiln thermal energy per ton of clinker | D3: Petroleum coke split between two fuel columns
B4: U.S. Department of Energy, Advanced Manufacturing Office | D4: EPS internal input, based on EIA Annual Energy Outlook data
B5: Bandwidth Study on Energy Use and Potential Energy Savings Opportunities in U.S. Cement Manufacturing, Table 3-2 | D5: BAU Industrial Fuel Use (BIFU) input file, cement block, 2025
B6: 2017 | D6: 2026
B7: https://www.energy.gov/eere/amo/articles/bandwidth-study-energy-use-and-potential-energy-savings-opportunities-us-1 | D7: InputData/indst/BIFU (EPS input file)
B8: Table 3-2 gives 'current typical' dry-kiln-with-precalciner pyroprocessing energy of 1,554 Btu per pound of clinker. Multiplied by 2,204.62 pounds per metric ton, that is about 3.43 million BTU per metric ton of clinker, the thermal total split across fuels on the 'Calc' tab. | D8: In BIFU's cement block, petroleum coke (24.6 trillion BTU) is filed under petroleum diesel and other petroleum (35.4 trillion BTU) under heavy or residual fuel oil. We split our petroleum coke the same way, 41% and 59%, so this module reconciles with that file. The shares are on the 'Parameters' tab.
B10: Fuel shares of kiln thermal energy | D10: Electric kiln energy use
B11: Portland Cement Association (PCA) | D11: Vattenfall and Cementa (Heidelberg Materials)
B12: 2023 Labor-Energy Input Survey, as summarized in a PCA press release | D12: CemZero: A feasibility study evaluating ways to reach sustainable cement production via the use of electricity
B13: 2023 | D13: 2018
B14: https://www.cement.org/newsroom | D14: https://www.cement.heidelbergmaterials.se/sites/default/files/assets/document/65/de/final_cemzero_2018_public_version_2.0.pdf.pdf
B15: Natural gas 31% of onsite thermal fuel, alternative fuels 16%, and coal plus petroleum coke together 53%. PCA does not break out coal from petroleum coke. We read these from the press release summary, not the full survey. | D15: Electricity for kiln heat of about 4.4 GJ per metric ton of clinker for an optimized plasma kiln, 4.35 GJ for an electric flow-heater design (151.2 MW for 1 million metric tons a year at 8,000 hours), and 3.3 GJ for an electric calciner combined with a plasma kiln. On the 'Source Data' tab.
B17: Coal versus petroleum coke split, and plant electricity | D17: Electric kiln energy use (cross-check)
B18: U.S. Energy Information Administration | D18: Quevedo Parra and Romano, Journal of Cleaner Production
B19: Manufacturing Energy Consumption Survey (MECS) 2022, Tables 3.1, 3.2 and 3.5, NAICS 327310 (cement) | D19: Decarbonization of cement production by electrification
B20: 2025 | D20: 2023
B21: https://www.eia.gov/consumption/manufacturing/data/2022/ | D21: https://doi.org/10.1016/j.jclepro.2023.138913
B22: Cement plants used 121 trillion Btu of coal and 38 trillion Btu of petroleum coke (Table 3.5, byproducts) in 2022, a coal share of 76% of the two; we use that ratio to split PCA's combined 53%. Net electricity was 13,035 million kWh (Table 3.1); divided by USGS 2022 clinker production of 79.489 million metric tons that is 164 kWh, or 559,517 BTU, per metric ton of clinker. Total fuel use was 362 trillion Btu including electricity. The figures are on the 'Source Data' tab. | D22: A fully electric cement plant uses about 1,341 kWh per metric ton of clinker including plant auxiliaries and CO2 compression; we use about 4.15 GJ for the kiln heat alone after removing those. We could not open the full paper, so this figure comes from the abstract and a secondary summary.
B24: Electricity cross-check | D24: Alternative chemistry energy use
B25: Portland Cement Association (PCA) | D25: Lu et al., Energy & Environmental Science
B26: PCA plant energy survey, as cited for 142 kWh per metric ton of cement | D26: Electrochemical production of cement from silicate rock (calcium extraction)
B27: 2008 | D27: 2024
B28: https://www.cement.org/ | D28: https://www.osti.gov/servlets/purl/2483753
B29: 142 kWh per metric ton of cement (not clinker), a secondary citation of the PCA survey. On a clinker basis (divided by USGS 2025 domestic clinker over cement production, 69/84) that is about 173 kWh per metric ton of clinker, above MECS 2022's 164; MECS is used. | D29: Electrochemical extraction of calcium from silicate rock needs about 4.5 GJ of electricity per metric ton of portland-cement equivalent. Prancevic et al. (Communications Sustainability, 2026; https://www.nature.com/articles/s44458-026-00056-4) reach the same 4.5 GJ by a different method; one of its co-authors leads Brimstone.
A32: Notes:
A33: Purpose and layout | B33: This file gives the final energy used to make one metric ton of clinker, in BTU, for each cement production pathway and each fuel. The EPS cement module multiplies it by clinker output to get kiln fuel and electricity use, and from that fuel costs and combustion emissions. The boundary is the kiln itself. The tabs run from inputs to output. 'Source Data' holds the published figures, including the electric kiln and alternative chemistry estimates. 'Parameters' holds our judgment values: the coal and petroleum coke shares and the petroleum coke split. 'Calc' does the arithmetic, and the 'CEIbPaF' tab reads from it by formula and is what gets exported to CEIbPaF.csv.
A34: U.S. values for the conventional kiln | B34: We take the DOE thermal total of about 3.43 million BTU per metric ton of clinker and split it with the PCA 2023 fuel mix: natural gas 31%, alternative fuels 16%, and coal plus petroleum coke 53%. PCA does not separate coal from petroleum coke, so we divide the 53% using MECS 2022's coal-to-petroleum-coke ratio (121 to 38): coal 40.3% and petroleum coke 12.7%. Results are about 1,382,000 BTU of coal, 1,062,000 of natural gas, 548,000 of alternative fuels and 434,000 of petroleum coke, plus 559,517 BTU of electricity from MECS 2022. The dry kiln with precalciner and the dry kiln with CCS carry identical rows.
A35: Where petroleum coke and alternative fuels sit | B35: The model's fuel list has no petroleum coke entry. We book it in two columns, 41% under 'petroleum diesel if' and 59% under 'heavy or residual fuel oil if', following how the BAU Industrial Fuel Use file labels cement-sector petroleum fuels. The 434,000 BTU of petroleum coke splits into about 178,000 and 256,000. Alternative fuels (tires and waste-derived fuels) go in the 'biomass if' column as the nearest fit; the fossil part of their carbon is handled separately by the cement module's alternative fuel CO2 intensity. Heat, crude oil, LPG, and the three hydrogen columns are zero because the sources show no material use of them in cement kilns today.
A36: Dry kiln with CCS | B36: This row covers the kiln only and is identical to the dry kiln with precalciner. The energy used by the capture unit (steam and electricity for solvent regeneration and compression) comes from the CCS sector's energy-use-per-ton-captured inputs, scaled by the CO2 actually captured, so it is not added here.
A37: Electric kiln and alternative chemistry cement | B37: Both are electricity-only. The electric kiln is 4,398,176 BTU per metric ton: the average of four engineering estimates of kiln heat (4.05 GJ, about 3,839,000 BTU) plus the 559,517 BTU of ordinary plant electricity a conventional kiln uses. Alternative chemistry cement is 4,565,177 BTU per metric ton: 4.5 GJ of process electricity plus about 300,000 BTU of auxiliary electricity (our estimate). No commercial plant exists for either, so these are design-stage estimates; reasonable ranges are 3.7-5.0 million BTU for the electric kiln and 2.5-6.7 million for alternative chemistry. First-generation electric kilns may still burn some fuel (about 1.3 million BTU per ton) because today's plasma torches are only a few megawatts; the file treats the mature design as fully electric.
A38: Open question on the thermal total | B38: MECS 2022 implies about 4.0 million BTU of fuel per metric ton of clinker for U.S. cement plants (318 trillion Btu of fuel over 79.5 million metric tons), about 17% above the DOE kiln figure used here. Part of the gap is fuel used outside the kiln (raw material drying, mobile equipment, space heat), but the two have not been reconciled.
A39: Electric kiln with CCS | B39: The electric kiln with CCS is the electric kiln with a capture unit on its nearly pure CO2 stream, so it uses the electric kiln's value here (same kiln). Its capture is added through CCF (95 percent of calcination CO2 captured) and the CDSC capture inputs.

Sheet Source Data
A1: DOE Bandwidth Study 2017, Table 3-2
A2: Dry pyroprocessing current typical energy (Btu/lb clinker) | B2: 1554
A3: Conversion factor (lb/metric ton) | B3: 2204.62
A5: PCA 2023 Labor-Energy Input Survey fuel mix (share of onsite thermal fuel)
A6: Natural gas share | B6: 0.31
A7: Alternative fuels share | B7: 0.16
A8: Coal + petroleum coke combined share | B8: 0.53
A15: Electricity cross-check (context only): PCA plant energy survey
A16: PCA electricity intensity (kWh/metric ton CEMENT) | B16: 142
A17: Clinker per ton of cement for US plants, 2025 (USGS domestic clinker 69 Mt / cement 84 Mt) | B17: 0.8214
A18: BTU per kWh | B18: 3412
A24: Electric kiln heat, engineering estimates (GJ electricity per metric ton clinker)
A25: CemZero 2018: plasma kiln, optimized | B25: 4.4
A26: CemZero 2018: electric flow heater (151.2 MW per 1 Mt/yr at 8,000 h) | B26: 4.35
A27: CemZero 2018: electric calciner plus plasma kiln | B27: 3.3
A28: Quevedo Parra & Romano 2023: fully electric plant, excluding CO2 compression and plant auxiliaries | B28: 4.15
A30: Alternative chemistry cement (GJ electricity per metric ton binder)
A31: Electrochemical calcium extraction from silicate rock (Lu et al. 2024; Prancevic et al. 2026) | B31: 4.5
A32: Auxiliary plant electricity (BTU per metric ton; EI estimate) | B32: 300000
A34: BTU per GJ | B34: 947817
A37: EIA Manufacturing Energy Consumption Survey 2022, cement (NAICS 327310)
A38: Total fuel consumption (trillion Btu, Table 3.2) | B38: 362
A39: Net electricity (trillion Btu, Table 3.2) | B39: 44
A40: Natural gas (trillion Btu, Table 3.2) | B40: 90
A41: Coal (trillion Btu, Table 3.2) | B41: 121
A42: Petroleum coke (trillion Btu, Table 3.5 byproducts) | B42: 38
A43: Net electricity (million kWh, Table 3.1) | B43: 13035
A44: U.S. clinker production, 2022 (million metric tons; USGS Mineral Commodity Summaries 2026) | B44: 79.489
A45: Coal share of coal + petroleum coke | B45: =B41/(B41+B42) -> 0.76100629

Sheet Parameters
A1: Split of PCA's combined 53% coal + petroleum coke share, using the MECS 2022 coal-to-petroleum-coke ratio
A2: Coal share of total thermal energy | B2: ='Source Data'!B8*'Source Data'!B45 -> 0.40333333 | C2: PCA 53% x MECS 2022 coal share (121 / (121 + 38))
A3: Petroleum coke share of total thermal energy (rides "heavy or residual fuel oil if") | B3: ='Source Data'!B8*(1-'Source Data'!B45) -> 0.12666667 | C3: PCA 53% x MECS 2022 petroleum coke share
A9: Petcoke split between EPS fuel elements, following BIFU: AEO cement block 2025 petroleum coke 24.6 TBtu (filed as petroleum diesel) vs other petroleum 35.4 TBtu (filed as residual-oil feedstock)
A10: Share of module petcoke on petroleum diesel | B10: 0.41
A11: Share on heavy or residual fuel oil | B11: =1-B10 -> 0.59

Sheet Calc
A1: Thermal energy intensity conversion
A2: Thermal BTU/metric ton clinker | B2: ='Source Data'!B2*'Source Data'!B3 -> 3425979.5
A3: Thermal MMBtu/metric ton clinker (display) | B3: =B2/1000000 -> 3.4259795
A5: Fuel splits
A6: Fuel | B6: BTU/t clinker
A7: hard coal if | B7: =($B$2*Parameters!$B$2) -> 1381811.7
A8: natural gas if | B8: =($B$2*'Source Data'!$B$6) -> 1062053.6
A9: heavy or residual fuel oil if (petroleum coke, 59%) | B9: =(($B$2*Parameters!$B$3)*Parameters!$B$11) -> 256034.87
A10: biomass if (alternative fuels) | B10: =($B$2*'Source Data'!$B$7) -> 548156.72
A11: petroleum diesel if (petroleum coke, 41%) | B11: =(($B$2*Parameters!$B$3)*Parameters!$B$10) -> 177922.53
A12: Electricity
A13: kWh per metric ton clinker (MECS 2022 net electricity / USGS 2022 clinker production) | B13: ='Source Data'!B43/'Source Data'!B44 -> 163.98495
A14: BTU per metric ton clinker | B14: =B13*'Source Data'!B18 -> 559516.66
A15: BTU per metric ton clinker (value used) | B15: =(B14) -> 559516.66
A17: Electric kiln (all electricity)
A18: Kiln heat: mean of the four engineering estimates (GJ/t) | B18: =AVERAGE('Source Data'!B25:B28) -> 4.05
A19: Electric kiln BTU/t = heat x BTU per GJ + ordinary plant electricity (B15) | B19: =(B18*'Source Data'!B34+B15) -> 4398175.5
A21: Alternative chemistry cement (all electricity)
A22: BTU/t = process electricity x BTU per GJ + auxiliary electricity | B22: =('Source Data'!B31*'Source Data'!B34+'Source Data'!B32) -> 4565176.5

Sheet CEIbPaF
A1: Unit: BTU/metric ton clinker | B1: electricity if | C1: hard coal if | D1: natural gas if | E1: biomass if | F1: petroleum diesel if | G1: heat if | H1: crude oil if | I1: heavy or residual fuel oil if | J1: LPG propane or butane if | K1: hydrogen if
A2: dry kiln with precalciner | B2: =Calc!B15 -> 559516.66 | C2: =Calc!B7 -> 1381811.7 | D2: =Calc!B8 -> 1062053.6 | E2: =Calc!B10 -> 548156.72 | F2: =Calc!B11 -> 177922.53 | G2: 0 | H2: 0 | I2: =Calc!B9 -> 256034.87 | J2: 0 | K2: 0
A3: dry kiln with CCS | B3: =Calc!B15 -> 559516.66 | C3: =Calc!B7 -> 1381811.7 | D3: =Calc!B8 -> 1062053.6 | E3: =Calc!B10 -> 548156.72 | F3: =Calc!B11 -> 177922.53 | G3: 0 | H3: 0 | I3: =Calc!B9 -> 256034.87 | J3: 0 | K3: 0
A4: electric kiln | B4: =Calc!B19 -> 4398175.5 | C4: 0 | D4: 0 | E4: 0 | F4: 0 | G4: 0 | H4: 0 | I4: 0 | J4: 0 | K4: 0
A5: electric kiln with CCS | B5: =B4 -> 4398175.5 | C5: =C4 -> 0 | D5: =D4 -> 0 | E5: =E4 -> 0 | F5: =F4 -> 0 | G5: =G4 -> 0 | H5: =H4 -> 0 | I5: =I4 -> 0 | ... K5: =K4 -> 0
A6: alternative chemistry cement | B6: =Calc!B22 -> 4565176.5 | C6: 0 | D6: 0 | E6: 0 | F6: 0 | G6: 0 | H6: 0 | I6: 0 | J6: 0 | K6: 0
