Workbook

Sheet About
A1: SoCTaSCbRIC Share of CCS Transportation and Storage Costs by Recipient ISIC Code
A3: Sources: | B3: None needed
A5: Notes:
A7: 52-code expansion (2026-07-17):
A8: The output tabs produce the 52-code ISIC list. The derivation above is unchanged and live; output-tab formulas reference the derivation tabs
A9: directly, with the original header-label criteria written as literals (the derivation tabs still use the pre-split 42-code labels).
A11: Children of split parents multiply the parent's allocation by the factors on the 'Factors applied' tab (editable; defaults = BEA 2024 gross-
A12: output shares from io-model/BObIC; semantic overrides documented per row with rationale).

Sheet Factors applied
A1: Child factors applied inline in the output-tab formulas (editable). Defaults = BEA 2024 output shares; semantic overrides and fuel reroutes noted per row.
A2: File | B2: Row context | C2: Child | D2: Parent | E2: Factor | F2: Rationale | G2: BEA 2024 output share
A3: SoCTaSCbRIC.csv | B3: CCS transportation and storage costs | C3: ISIC 01 | D3: ISIC 01T03 | E3: 0.94299868 | F3: BEA 2024 output share (default) | G3: 0.94299868
A4: SoCTaSCbRIC.csv | B4: CCS transportation and storage costs | C4: ISIC 02 | D4: ISIC 01T03 | E4: 0.041765731 | F4: BEA 2024 output share (default) | G4: 0.041765731
A5: SoCTaSCbRIC.csv | B5: CCS transportation and storage costs | C5: ISIC 03 | D5: ISIC 01T03 | E5: 0.015235586 | F5: BEA 2024 output share (default) | G5: 0.015235586
A6: SoCTaSCbRIC.csv | B6: CCS transportation and storage costs | C6: ISIC 07 | D6: ISIC 07T08 | E6: 0.43273688 | F6: BEA 2024 output share (default) | G6: 0.43273688
A7: SoCTaSCbRIC.csv | B7: CCS transportation and storage costs | C7: ISIC 08 | D7: ISIC 07T08 | E7: 0.56726312 | F7: BEA 2024 output share (default) | G7: 0.56726312
A8: SoCTaSCbRIC.csv | B8: CCS transportation and storage costs | C8: ISIC 301 | D8: ISIC 30 | E8: 0.11713687 | F8: BEA 2024 output share (default) | G8: 0.11713687
A9: SoCTaSCbRIC.csv | B9: CCS transportation and storage costs | C9: ISIC 302T309 | D9: ISIC 30 | E9: 0.88286313 | F9: BEA 2024 output share (default) | G9: 0.88286313
A10: SoCTaSCbRIC.csv | B10: CCS transportation and storage costs | C10: ISIC 49 | D10: ISIC 49T53 | E10: 0.4781643 | F10: BEA 2024 output share (default) | G10: 0.4781643
A11: SoCTaSCbRIC.csv | B11: CCS transportation and storage costs | C11: ISIC 50 | D11: ISIC 49T53 | E11: 0.042586394 | F11: BEA 2024 output share (default) | G11: 0.042586394
A12: SoCTaSCbRIC.csv | B12: CCS transportation and storage costs | C12: ISIC 51 | D12: ISIC 49T53 | E12: 0.18080246 | F12: BEA 2024 output share (default) | G12: 0.18080246
A13: SoCTaSCbRIC.csv | B13: CCS transportation and storage costs | C13: ISIC 52 | D13: ISIC 49T53 | E13: 0.21390606 | F13: BEA 2024 output share (default) | G13: 0.21390606
A14: SoCTaSCbRIC.csv | B14: CCS transportation and storage costs | C14: ISIC 53 | D14: ISIC 49T53 | E14: 0.084540784 | F14: BEA 2024 output share (default) | G14: 0.084540784
... A18: SoCTaSCbRIC.csv | B18: CCS transportation and storage costs | C18: ISIC 94T96 | D18: ISIC 90T96 | E18: 0.57837505 | F18: BEA 2024 output share (default) | G18: 0.57837505

Sheet Checks
A1: Validation checks
A3: Child-factor groups sum to 1 (per file/context/parent; rate-file reroutes excluded)
A4: SoCTaSCbRIC.csv | CCS transportation and storage | ISIC 01T03 | B4: =('Factors applied'!$E$3+'Factors applied'!$E$4+'Factors applied'!$E$5) | C4: =IF(ABS(B4-1)<0.000000001,"PASS","FAIL")
A5: SoCTaSCbRIC.csv | CCS transportation and storage | ISIC 07T08 | B5: =('Factors applied'!$E$6+'Factors applied'!$E$7) | C5: =IF(ABS(B5-1)<0.000000001,"PASS","FAIL")
A6: SoCTaSCbRIC.csv | CCS transportation and storage | ISIC 30 | B6: =('Factors applied'!$E$8+'Factors applied'!$E$9) | C6: =IF(ABS(B6-1)<0.000000001,"PASS","FAIL")
A7: SoCTaSCbRIC.csv | CCS transportation and storage | ISIC 49T53 | B7: =('Factors applied'!$E$10+'Factors applied'!$E$11+'Factors applied'!$E$12+'Factors applied'!$E$13+'Factors applied'!$E$14) | C7: =IF(ABS(B7-1)<0.000000001,"PASS","FAIL")
A8: SoCTaSCbRIC.csv | CCS transportation and storage | ISIC 69T82 | B8: =('Factors applied'!$E$15+'Factors applied'!$E$16) | C8: =IF(ABS(B8-1)<0.000000001,"PASS","FAIL")
A9: SoCTaSCbRIC.csv | CCS transportation and storage | ISIC 90T96 | B9: =('Factors applied'!$E$17+'Factors applied'!$E$18) | C9: =IF(ABS(B9-1)<0.000000001,"PASS","FAIL")

Sheet SoCTaSCbRIC
A1: Unit: % | B1: ISIC 01 | C1: ISIC 02 | D1: ISIC 03 | E1: ISIC 05 | F1: ISIC 06 | G1: ISIC 07 | H1: ISIC 08 | I1: ISIC 09 | J1: ISIC 10T12 | K1: ISIC 13T15 | L1: ISIC 16 | M1: ISIC 17T18 | N1: ISIC 19 | O1: ISIC 20 | P1: ISIC 21 | Q1: ISIC 22 | R1: ISIC 231 | S1: ISIC 239 | T1: ISIC 241 | U1: ISIC 242 | V1: ISIC 25 | W1: ISIC 26 | X1: ISIC 27 | Y1: ISIC 28 | Z1: ISIC 29 | AA1: ISIC 301 | AB1: ISIC 302T309 | AC1: ISIC 31T33 | AD1: ISIC 351 | AE1: ISIC 352T353 | AF1: ISIC 36T39 | AG1: ISIC 41T43 | AH1: ISIC 45T47 | AI1: ISIC 49 | AJ1: ISIC 50 | AK1: ISIC 51 | AL1: ISIC 52 | AM1: ISIC 53 | AN1: ISIC 55T56 | AO1: ISIC 58T60 | AP1: ISIC 61 | AQ1: ISIC 62T63 | AR1: ISIC 64T66 | AS1: ISIC 68 | AT1: ISIC 69T75 | AU1: ISIC 77T82 | AV1: ISIC 84 | AW1: ISIC 85 | AX1: ISIC 86T88 | AY1: ISIC 90T93 | AZ1: ISIC 94T96 | BA1: ISIC 97T98
A2: CCS transportation and storage costs | B2: =0*'Factors applied'!$E$3 | C2: =0*'Factors applied'!$E$4 | D2: =0*'Factors applied'!$E$5 | E2: 0 | F2: 0 | G2: =0*'Factors applied'!$E$6 | H2: =0*'Factors applied'!$E$7 | I2: 0 | J2: 0 | K2: 0 | L2: 0 | M2: 0 | N2: 0 | O2: 0 | P2: 0 | Q2: 0 | R2: 0 | S2: 0 | T2: 0 | U2: 0 | V2: 0 | W2: 0 | X2: 0 | Y2: 0 | Z2: 0 | AA2: =0*'Factors applied'!$E$8 | AB2: =0*'Factors applied'!$E$9 | AC2: 0 | AD2: 0 | AE2: 1 | AF2: 0 | AG2: 0 | AH2: 0 | AI2: =0*'Factors applied'!$E$10 | AJ2: =0*'Factors applied'!$E$11 | AK2: =0*'Factors applied'!$E$12 | AL2: =0*'Factors applied'!$E$13 | AM2: =0*'Factors applied'!$E$14 | AN2: 0 | AO2: 0 | AP2: 0 | AQ2: 0 | AR2: 0 | AS2: 0 | AT2: =0*'Factors applied'!$E$15 | AU2: =0*'Factors applied'!$E$16 | AV2: 0 | AW2: 0 | AX2: 0 | AY2: =0*'Factors applied'!$E$17 | AZ2: =0*'Factors applied'!$E$18 | BA2: 0
