Workbook

Sheet About
A1: MASCM Maximum Annual SCM Supply for Cement
A3: Sources: | B3: Fly ash used in concrete and other CCP (coal combustion product) beneficial uses
B4: ACAA (American Coal Ash Association)
B5: 2024 Coal Combustion Product Production & Use Survey
B6: 2025
B7: https://acaa-usa.org/publications/production-use-reports/
B8: Fly ash used in concrete: 14.6 million metric tons in 2024 (11.9 Mt in 2023). CCPs used in blended cement / as raw feed to clinker production: 5.3 Mt in 2024 (overlap risk with the concrete figure flagged - see Notes). [DIRECT]
B10: Iron and steel slag supply (GGBFS - ground granulated blast-furnace slag)
B11: USGS
B12: Mineral Commodity Summaries 2026 - Iron and Steel Slag
B13: 2026
B14: https://pubs.usgs.gov/periodicals/mcs2026/mcs2026-iron-and-steel-slag.pdf
B15: Total slag sales approximately 16 million metric tons (2025). GGBFS (the cement-grade fraction) is reported as under 30% of total slag tonnage, implying roughly under 4.8 Mt; the US GGBFS supply is heavily import-dependent. Figure read via reader proxy from a partial extract - treat as indicative. [SNIPPET]
B17: Natural pozzolan supply (volcanic ash, calcined clay, etc.)
B18: NPA (National Precast/Pozzolan association context) via secondary reporting
B19: Industry capacity estimates, secondary sourcing
B20: 2025
B21: https://www.flyash.info/
B22: Approximately 1-2 million metric tons per year of natural pozzolan capacity reported via secondary (non-primary) sourcing; no single authoritative NPA production report was retrieved. [SNIPPET]
A25: Notes:
A26: DRAFT status | B26: This is an input for staff review, not a finished or approved EI position; treat as a starting point pending team sign-off. Verify all cited figures against the primary ACAA/USGS sources before use in any work product.
A27: Current-supply build-up (2025 anchor, ~22 Mt) | B27: 22,000,000 metric tons/year = 14,600,000 (fly ash used in concrete, ACAA 2024) + 4,000,000 (GGBFS, EI judgment within the USGS <4.8 Mt implied ceiling, rounded down for import-dependency risk) + 1,500,000 (natural pozzolans, midpoint of the 1-2 Mt SNIPPET-tier range) + 1,900,000 (a partial draw on the ACAA 5.3 Mt CCPs-to-blended-cement/clinker-feed stream, NOT the full figure, to avoid double-counting tonnage already reflected in the 14.6 Mt concrete-fly-ash figure - see Overlap risk below). See the Derivation tab for the itemized build-up.
A28: Overlap risk | B28: The ACAA 5.3 Mt "CCPs to blended cement / clinker feed" figure likely double-counts some tonnage already captured in the 14.6 Mt "fly ash used in concrete" figure (both draw from the same fly ash supply, used at different points - as a concrete admixture vs. as a cement-plant raw material). Rather than adding the full 5.3 Mt, this workbook takes a partial (1.9 Mt) draw as an EI judgment plug to reach the round ~22 Mt current-supply anchor; this is flagged as the least-certain element of the build-up.
A29: BAU trajectory | B29: Structurally DECLINING: fly ash supply falls with ongoing US coal-plant retirements (partially offset by pond/impoundment ash harvesting); GGBFS supply falls with blast-furnace closures and rides on imports. DRAFT trajectory: linear decline from 22,000,000 (2025) to 15,000,000 (2050), held flat at 22,000,000 for 2021-2024 (no year-by-year historical SCM-supply series was sourced).
A30: Non-binding at defaults | B30: This ceiling does not constrain the BAU Clinker to Cement Ratio (BCtCR) trajectory - limestone/Type IL substitution is not SCM-supply-limited. MASCM is reserved for a future SCM-blending policy lever and is non-binding at default (BAU) blending levels; it would only bind under an aggressive SCM-substitution policy scenario.
A31: Provenance | B31: Written by Claude Code (Fable/Sonnet agent session), cement industry breakout, worktree cement-industry-breakout-f901fc, 2026-08-26. Reviewed by: (pending).

Sheet SCM Supply Components
A1: SCM (supplementary cementitious material) supply components, most recent reported year
A2: Component | B2: Value (Mt) | C2: Source | D2: Note
A3: Fly ash used in concrete (2024) | B3: 14.6 | C3: ACAA 2024 Survey | D3: DIRECT
A4: Fly ash used in concrete (2023, for trend) | B4: 11.9 | C4: ACAA 2024 Survey | D4: DIRECT
A5: CCPs to blended cement / clinker feed (2024) | B5: 5.3 | C5: ACAA 2024 Survey | D5: DIRECT; overlap risk vs. row above - see About Notes
A6: Total slag sales (2025) | B6: 16 | C6: USGS MCS2026 Iron and Steel Slag | D6: SNIPPET
A7: GGBFS share of total slag tonnage (fraction) | B7: 0.3 | C7: USGS MCS2026 Iron and Steel Slag | D7: SNIPPET; reported as an upper bound ("under 30%")
A8: Natural pozzolan capacity, low end | B8: 1 | C8: Secondary reporting | D8: SNIPPET
A9: Natural pozzolan capacity, high end | B9: 2 | C9: Secondary reporting | D9: SNIPPET

Sheet Derivation
A1: Current-supply (2025) build-up, EI judgment on component apportionment - see About Notes
A2: Component | B2: Value (metric tons/year) | C2: Formula basis
A3: Fly ash used in concrete | B3: ='SCM Supply Components'!B3*1000000
A4: GGBFS (EI judgment, within USGS <30% ceiling) | B4: 4000000 | C4: EI judgment; see USGS-implied ceiling below (row 5) for comparison
A5: (for reference: USGS-implied GGBFS ceiling) | B5: ='SCM Supply Components'!B6*'SCM Supply Components'!B7*1000000
A6: Natural pozzolans (midpoint of range) | B6: =AVERAGE('SCM Supply Components'!B8:B9)*1000000
A7: Partial draw on CCPs-to-blended-cement/clinker-feed stream (EI judgment plug) | B7: 1900000
A8: Current-supply anchor total (2025) | B8: =SUM(B3:B4,B6:B7)
A10: 2050 judgment target | B10: 15000000
A11: Anchor year | B11: 2025
A12: Horizon end year | B12: 2050
A14: BAU trajectory by year (flat 2021-2025 at anchor, linear decline to 2050 target)
B15: 2021 | C15: 2022 | D15: 2023 | E15: 2024 | F15: 2025 | G15: 2026 | H15: 2027 | I15: 2028 | J15: 2029 | K15: 2030 | L15: 2031 | M15: 2032 | N15: 2033 | O15: 2034 | P15: 2035 | Q15: 2036 | R15: 2037 | S15: 2038 | T15: 2039 | U15: 2040 | V15: 2041 | W15: 2042 | X15: 2043 | Y15: 2044 | Z15: 2045 | AA15: 2046 | AB15: 2047 | AC15: 2048 | AD15: 2049 | AE15: 2050
A16: Maximum Annual SCM Supply for Cement | B16: =$B$8 | C16: =$B$8 | D16: =$B$8 | E16: =$B$8 | F16: =$B$8 | G16: =ROUND($B$8+($B$10-$B$8)*MAX(0,2026-$B$11)/($B$12-$B$11),0) | H16: =ROUND($B$8+($B$10-$B$8)*MAX(0,2027-$B$11)/($B$12-$B$11),0) | I16: =ROUND($B$8+($B$10-$B$8)*MAX(0,2028-$B$11)/($B$12-$B$11),0) | J16: =ROUND($B$8+($B$10-$B$8)*MAX(0,2029-$B$11)/($B$12-$B$11),0) | K16: =ROUND($B$8+($B$10-$B$8)*MAX(0,2030-$B$11)/($B$12-$B$11),0) | L16: =ROUND($B$8+($B$10-$B$8)*MAX(0,2031-$B$11)/($B$12-$B$11),0) | M16: =ROUND($B$8+($B$10-$B$8)*MAX(0,2032-$B$11)/($B$12-$B$11),0) | N16: =ROUND($B$8+($B$10-$B$8)*MAX(0,2033-$B$11)/($B$12-$B$11),0) | O16: =ROUND($B$8+($B$10-$B$8)*MAX(0,2034-$B$11)/($B$12-$B$11),0) | P16: =ROUND($B$8+($B$10-$B$8)*MAX(0,2035-$B$11)/($B$12-$B$11),0) | Q16: =ROUND($B$8+($B$10-$B$8)*MAX(0,2036-$B$11)/($B$12-$B$11),0) | R16: =ROUND($B$8+($B$10-$B$8)*MAX(0,2037-$B$11)/($B$12-$B$11),0) | S16: =ROUND($B$8+($B$10-$B$8)*MAX(0,2038-$B$11)/($B$12-$B$11),0) | T16: =ROUND($B$8+($B$10-$B$8)*MAX(0,2039-$B$11)/($B$12-$B$11),0) | U16: =ROUND($B$8+($B$10-$B$8)*MAX(0,2040-$B$11)/($B$12-$B$11),0) | V16: =ROUND($B$8+($B$10-$B$8)*MAX(0,2041-$B$11)/($B$12-$B$11),0) | W16: =ROUND($B$8+($B$10-$B$8)*MAX(0,2042-$B$11)/($B$12-$B$11),0) | X16: =ROUND($B$8+($B$10-$B$8)*MAX(0,2043-$B$11)/($B$12-$B$11),0) | Y16: =ROUND($B$8+($B$10-$B$8)*MAX(0,2044-$B$11)/($B$12-$B$11),0) | Z16: =ROUND($B$8+($B$10-$B$8)*MAX(0,2045-$B$11)/($B$12-$B$11),0) | AA16: =ROUND($B$8+($B$10-$B$8)*MAX(0,2046-$B$11)/($B$12-$B$11),0) | AB16: =ROUND($B$8+($B$10-$B$8)*MAX(0,2047-$B$11)/($B$12-$B$11),0) | AC16: =ROUND($B$8+($B$10-$B$8)*MAX(0,2048-$B$11)/($B$12-$B$11),0) | AD16: =ROUND($B$8+($B$10-$B$8)*MAX(0,2049-$B$11)/($B$12-$B$11),0) | AE16: =ROUND($B$8+($B$10-$B$8)*MAX(0,2050-$B$11)/($B$12-$B$11),0)

Sheet Checks
A1: Cross-check: 'MASCM' export-tab literal values vs. Derivation formula results
B3: 2021 | C3: 2022 | D3: 2023 | E3: 2024 | F3: 2025 | G3: 2026 | H3: 2027 | I3: 2028 | J3: 2029 | K3: 2030 | L3: 2031 | M3: 2032 | N3: 2033 | O3: 2034 | P3: 2035 | Q3: 2036 | R3: 2037 | S3: 2038 | T3: 2039 | U3: 2040 | V3: 2041 | W3: 2042 | X3: 2043 | Y3: 2044 | Z3: 2045 | AA3: 2046 | AB3: 2047 | AC3: 2048 | AD3: 2049 | AE3: 2050
A4: Export literal | B4: 22000000 | C4: 22000000 | D4: 22000000 | E4: 22000000 | F4: 22000000 | G4: 21720000 | H4: 21440000 | I4: 21160000 | J4: 20880000 | K4: 20600000 | L4: 20320000 | M4: 20040000 | N4: 19760000 | O4: 19480000 | P4: 19200000 | Q4: 18920000 | R4: 18640000 | S4: 18360000 | T4: 18080000 | U4: 17800000 | V4: 17520000 | W4: 17240000 | X4: 16960000 | Y4: 16680000 | Z4: 16400000 | AA4: 16120000 | AB4: 15840000 | AC4: 15560000 | AD4: 15280000 | AE4: 15000000
A5: Derivation formula | B5: =Derivation!B16 | C5: =Derivation!C16 | D5: =Derivation!D16 | E5: =Derivation!E16 | F5: =Derivation!F16 | G5: =Derivation!G16 | H5: =Derivation!H16 | I5: =Derivation!I16 | ... AE5: =Derivation!AE16
A6: ABS(Export - Derivation) | B6: =ABS(B4-B5) | C6: =ABS(C4-C5) | D6: =ABS(D4-D5) | E6: =ABS(E4-E5) | F6: =ABS(F4-F5) | G6: =ABS(G4-G5) | H6: =ABS(H4-H5) | I6: =ABS(I4-I5) | ... AE6: =ABS(AE4-AE5)
A8: Max abs diff | B8: =MAX(B6:AE6)
A9: Result | B9: =IF(B8<1e-06,"PASS","FAIL")

Sheet MASCM
A1: Unit: metric tons/year (Phase 4 build-up: ~22 MMT current from ACAA fly ash + USGS GGBFS + pozzolans, declining to 15 by 2050 - see generator comments) | B1: 2021 | C1: 2022 | D1: 2023 | E1: 2024 | F1: 2025 | G1: 2026 | H1: 2027 | I1: 2028 | J1: 2029 | K1: 2030 | L1: 2031 | M1: 2032 | N1: 2033 | O1: 2034 | P1: 2035 | Q1: 2036 | R1: 2037 | S1: 2038 | T1: 2039 | U1: 2040 | V1: 2041 | W1: 2042 | X1: 2043 | Y1: 2044 | Z1: 2045 | AA1: 2046 | AB1: 2047 | AC1: 2048 | AD1: 2049 | AE1: 2050
A2: Maximum Annual SCM Supply for Cement | B2: 22000000 | C2: 22000000 | D2: 22000000 | E2: 22000000 | F2: 22000000 | G2: 21720000 | H2: 21440000 | I2: 21160000 | J2: 20880000 | K2: 20600000 | L2: 20320000 | M2: 20040000 | N2: 19760000 | O2: 19480000 | P2: 19200000 | Q2: 18920000 | R2: 18640000 | S2: 18360000 | T2: 18080000 | U2: 17800000 | V2: 17520000 | W2: 17240000 | X2: 16960000 | Y2: 16680000 | Z2: 16400000 | AA2: 16120000 | AB2: 15840000 | AC2: 15560000 | AD2: 15280000 | AE2: 15000000
