Workbook
Name Fraction_coal: About!$C$53
Name Fraction_coal: About!$C$53
Name gal_per_barrel: #REF!
Name Percent_rural: About!$A$75
Name Percent_rural: About!$A$75
Name Percent_urban: About!$A$74
Name Percent_urban: About!$A$74
Name quadrillion: About!$B$77
Name quadrillion: About!$B$77
Name Table4: #REF!
Name Table4_1: #REF!
Name Table4_1_22: #REF!
Name Table4_22: #REF!
Name Table4_A: #REF!
Name Table4_A_22: #REF!
Name Table5: #REF!
Name Table5_1: #REF!
Name Table5_1_22: #REF!
Name Table5_22: #REF!
Name Table5_A: #REF!
Name Table5_A_22: #REF!

Sheet About
A1: BCEU BAU Components Energy Use
A3: Sources: | B3: Residential
B4: U.S. Energy Information Administration
B5: 2026
B6: Annual Energy Outlook 2026
B7: Alternative electricity and transportation: Table 4
B8: https://www.eia.gov/outlooks/aeo/tables_side_xls.php
B11: Commercial
B12: U.S. Energy Information Administration
B13: 2026
B14: Annual Energy Outlook 2026
B15: Alternative electricity and transportation: Table 5
B16: https://www.eia.gov/outlooks/aeo/tables_side_xls.php
B19: Urban vs. Rural Residential Households
B20: Energy Information Administration
B21: 2020
B22: Residential Energy Consumption Survey (RECS)
B23: https://www.eia.gov/consumption/residential/data/2020/?src=%E2%80%B9%20Consumption%20%20%20%20%20%20Residential%20Energy%20Consumption%20Survey%20(RECS)-f1
B24: https://www.eia.gov/consumption/residential/data/2020/hc/xls/HC%202.1.xlsx
B25: Table HC2.1
B27: Historic Data Center Demand
B28: EPRI
B29: 2026
B30: Powering Intelligence 2026
B31: https://powering-intelligence.epri.com/
B32: U.S. National data download
A34: Notes:
A36: Notes on Component Categorization
A37: Water heaters are categorized as appliances, not as part of the "heating"
A38: component. The "heating" component refers to heating of air and is affected by
A39: the building envelope, whereas appliances are not affected by envelope.
A41: The two plug load categories ("televisions and related equipment" and
A42: "computers and related equipment" in Table 4, "office equipment (PC)" and
A43: office equipment (non-PC)" in Table 5) are assigned to the
A44: "other component" category, not to appliances.
A46: Notes on Coal
A47: The AEO tables do not include a breakdown of coal or where it is used.
A48: Table 5 (commercial buildings), footnote 5 indicates that "other fuels" includes
... A50: Accordingly, we make the following assumptions based on comparing emissions
B51: Coal is only used in commercial buildings.
B52: Coal is only used for "other components" (not heating, lighting, etc.)
B53: Coal composes the following fraction of "other fuels": | C53: 0.04
B54: Remainng "other fuels" are LPG/propane/butane
A56: Note on Envelope
A57: Envelope does not use energy itself, so it must always have zero in this variable. We export
A58: only one envelope CSV file, which is read by all building types. (We need to export a CSV
A59: file for envelope, instead of hard-coding the zero value in Vensim, because Vensim's VDF2TAB
A60: export function inserts extra "Time" rows for variables of mixed type - data for some
A61: subscript elements, constand for others - and we wish to avoid extra time rows when
A62: VDF2TAB is used on BCEU BAU Components Energy Use.)
A64: The 'Crosswalk AEO to EPS Summary' tab summarizes relevant AEO data and tags it with EPS categories. The 'Calculations' tab organizes the AEO data and makes a few adjustments.
A66: Notes on commercial electricity other
A67: Commercial electricity consumption includes electricity used for water and waste facilities. In the EPS model, these are included in the industrial fuel use. To avoid double counting, we removed water and waste electricity consumption from commercial-other.
A69: Notes on data centers
A70: Data center load is captured in a separate EPS file bldgs/BDCL. We therefore estimate data center load in AEO and remove it from the totals in this file. See the "Data Centers" tab.
... A73: Urban/Rural Residential Split
A74: ='RECS HC2.1'!B24/SUM('RECS HC2.1'!B24,'RECS HC2.1'!B27) -> 0.81308184 | B74: Urban
A75: ='RECS HC2.1'!B27/SUM('RECS HC2.1'!B24,'RECS HC2.1'!B27) -> 0.18691816 | B75: Rural
A77: Quadrillion | B77: =10^15 -> 1e+15
A78: quad to TWh | B78: 293.083 | C78: https://www.eia.gov/energyexplained/units-and-calculators/energy-conversion-calculators.php

Sheet Source Data>

Sheet RECS HC2.1
A1: Preliminary data release date: March 2022
A2: Table HC2.1 Structural and geographic characteristics of U.S. homes, by housing unit type, 2020
B3: Number of housing units (million)
C4: Housing unit type
B5: Total U.S.a | C5: Single-family detached | D5: Single-family attached | E5: Apartments (2–4 unit building) | F5: Apartments (5 or more unit building) | G5: Mobile home
A6: All homes | B6: 123.53 | C6: 77.07 | D6: 7.45 | E6: 9.34 | F6: 22.84 | G6: 6.83
A7: Census region and division
A8: Northeast | B8: 21.92 | C8: 11.23 | D8: 1.95 | E8: 3.15 | F8: 5.1 | G8: 0.5
A9: New England | B9: 5.88 | C9: 3.34 | D9: 0.3 | E9: 0.99 | F9: 1.1 | G9: 0.14
A10: Middle Atlantic | B10: 16.04 | C10: 7.89 | D10: 1.65 | E10: 2.15 | F10: 3.99 | G10: 0.36
A11: Midwest | B11: 27.04 | C11: 18.58 | D11: 1.33 | E11: 1.95 | F11: 4.2 | G11: 0.97
A12: East North Central | B12: 18.55 | C12: 12.59 | D12: 0.91 | E12: 1.49 | F12: 2.94 | G12: 0.63
A13: West North Central | B13: 8.5 | C13: 5.99 | D13: 0.43 | E13: 0.47 | F13: 1.26 | G13: 0.35
A14: South | B14: 46.84 | C14: 30.29 | D14: 2.48 | E14: 2.36 | F14: 7.83 | G14: 3.89
A15: South Atlantic | B15: 24.84 | C15: 15.25 | D15: 1.92 | E15: 1.17 | F15: 4.51 | G15: 2
A16: East South Central | B16: 7.38 | C16: 5.17 | D16: 0.19 | E16: 0.41 | F16: 0.84 | G16: 0.77
A17: West South Central | B17: 14.62 | C17: 9.87 | D17: 0.36 | E17: 0.78 | F17: 2.48 | G17: 1.12
A18: West | B18: 27.72 | C18: 16.97 | D18: 1.69 | E18: 1.89 | F18: 5.7 | G18: 1.47
A19: Mountain | B19: 9.22 | C19: 6.06 | D19: 0.5 | E19: 0.52 | F19: 1.47 | G19: 0.67
... A22: Pacific | B22: 18.51 | C22: 10.91 | D22: 1.19 | E22: 1.36 | F22: 4.24 | G22: 0.8
A23: Census urban-rural classificationb
A24: Urban | B24: 100.44 | C24: 58.8 | D24: 7.04 | E24: 9.02 | F24: 22.27 | G24: 3.31
A25: Urbanized area | B25: 89.24 | C25: 50.99 | D25: 6.57 | E25: 7.95 | F25: 21.2 | G25: 2.53
A26: Urban cluster | B26: 11.2 | C26: 7.82 | D26: 0.47 | E26: 1.07 | F26: 1.07 | G26: 0.77
A27: Rural | B27: 23.09 | C27: 18.27 | D27: 0.41 | E27: 0.32 | F27: 0.57 | G27: 3.52
A28: Climate regionc
A29: Very cold/Cold | B29: 42.5 | C29: 28.04 | D29: 2.43 | E29: 3.78 | F29: 6.74 | G29: 1.52
A30: Mixed-humid | B30: 36.79 | C30: 21.89 | D30: 2.8 | E30: 2.72 | F30: 7.03 | G30: 2.35
A31: Mixed-dry/Hot-dry | B31: 15.06 | C31: 9.07 | D31: 0.9 | E31: 1.12 | F31: 3.12 | G31: 0.83
A32: Hot-humid | B32: 22.31 | C32: 13.98 | D32: 0.92 | E32: 1.25 | F32: 4.37 | G32: 1.8
A33: Marine | B33: 6.87 | C33: 4.09 | D33: 0.4 | E33: 0.48 | F33: 1.57 | G33: 0.34
A34: Year of construction
A35: Before 1950 | B35: 20.26 | C35: 13.58 | D35: 1.14 | E35: 2.36 | F35: 3.08 | G35: 0.09
A36: 1950 to 1959 | B36: 12.48 | C36: 9.9 | D36: 0.4 | E36: 0.77 | F36: 1.25 | G36: 0.16
A37: 1960 to 1969 | B37: 12.76 | C37: 8.23 | D37: 0.63 | E37: 1.12 | F37: 2.41 | G37: 0.37
A38: 1970 to 1979 | B38: 18.34 | C38: 10.46 | D38: 0.97 | E38: 1.56 | F38: 4.01 | G38: 1.34
A39: 1980 to 1989 | B39: 16.3 | C39: 8.67 | D39: 1.26 | E39: 1.43 | F39: 3.6 | G39: 1.33
A40: 1990 to 1999 | B40: 17.16 | C40: 10.65 | D40: 1.08 | E40: 0.95 | F40: 2.55 | G40: 1.92
A41: 2000 to 2009 | B41: 16.16 | C41: 9.98 | D41: 1.31 | E41: 0.72 | F41: 3.17 | G41: 0.98
A42: 2010 to 2015 | B42: 5.53 | C42: 3.05 | D42: 0.37 | E42: 0.26 | F42: 1.52 | G42: 0.32
A43: 2016 to 2020 | B43: 4.56 | C43: 2.53 | D43: 0.29 | E43: 0.18 | F43: 1.26 | G43: 0.31
A44: Number of stories
A45: 1 story | B45: 47.15 | C45: 44.59 | D45: 2.57 | E45: N | F45: N | G45: N
A46: 2 stories | B46: 32.47 | C46: 28.53 | D46: 3.94 | E46: N | F46: N | G46: N
A47: 3 or more stories | B47: 2.61 | C47: 1.76 | D47: 0.85 | E47: N | F47: N | G47: N
A48: Split-level | B48: 2.28 | C48: 2.19 | D48: 0.09 | E48: N | F48: N | G48: N
A49: Not asked (apartments and mobile homes) | B49: 39.01 | C49: N | D49: N | E49: 9.34 | F49: 22.84 | G49: 6.83
A50: Major outside wall construction
A51: Siding (aluminum, fiber cement, vinyl, or steel) | B51: 45.44 | C51: 31.14 | D51: 2.83 | E51: 2.23 | F51: 3.79 | G51: 5.45
A52: Brick | B52: 33.37 | C52: 17.52 | D52: 2.01 | E52: 3.79 | F52: 9.8 | G52: 0.24
A53: Wood | B53: 18.8 | C53: 12.63 | D53: 0.92 | E53: 1.55 | F53: 2.86 | G53: 0.84
A54: Stucco | B54: 15.65 | C54: 10.54 | D54: 1.07 | E54: 0.89 | F54: 3.08 | G54: 0.08
A55: Concrete block | B55: 6.42 | C55: 2.89 | D55: 0.41 | E55: 0.5 | F55: 2.56 | G55: Q
A56: Shingle (composition) | B56: 1.89 | C56: 1.16 | D56: 0.11 | E56: 0.21 | F56: 0.3 | G56: 0.11
A57: Stone | B57: 1.46 | C57: 0.94 | D57: 0.08 | E57: 0.14 | F57: 0.31 | G57: N
A58: Some other material | B58: 0.5 | C58: 0.26 | D58: Q | E58: Q | F58: 0.14 | G58: Q
A59: Major roofing material
A60: Shingles (composition or asphalt) | B60: 76.03 | C60: 61.56 | D60: 5.49 | E60: 5.89 | F60: N | G60: 3.09
A61: Metal | B61: 9.69 | C61: 5.87 | D61: 0.28 | E61: 0.46 | F61: N | G61: 3.08
A62: Wood shingles or shakes | B62: 5.19 | C62: 3.06 | D62: 0.55 | E62: 1.23 | F62: N | G62: 0.35
A63: Ceramic or clay tiles | B63: 4.89 | C63: 3.6 | D63: 0.59 | E63: 0.66 | F63: N | G63: Q
A64: Concrete tiles | B64: 2.14 | C64: 1.58 | D64: 0.11 | E64: 0.43 | F64: N | G64: Q
A65: Slate or synthetic slate | B65: 1.49 | C65: 0.73 | D65: 0.18 | E65: 0.51 | F65: N | G65: 0.08
A66: Some other material | B66: 1.26 | C66: 0.67 | D66: 0.27 | E66: 0.15 | F66: N | G66: 0.18
A67: Not asked (apartments in buildings with 5 or more units) | B67: 22.84 | C67: N | D67: N | E67: N | F67: 22.84 | G67: N
A68: Total number of rooms (excluding bathrooms)
A69: 1 or 2 | B69: 4.59 | C69: 0.09 | D69: 0.05 | E69: 0.77 | F69: 3.56 | G69: 0.11
A70: 3 | B70: 8.73 | C70: 0.65 | D70: 0.3 | E70: 1.71 | F70: 5.86 | G70: 0.21
A71: 4 | B71: 15.95 | C71: 3.3 | D71: 1.46 | E71: 3.04 | F71: 6.98 | G71: 1.17
A72: 5 | B72: 19.54 | C72: 9.77 | D72: 1.81 | E72: 2.17 | F72: 4.13 | G72: 1.65
A73: 6 | B73: 22.1 | C73: 15.86 | D73: 1.66 | E73: 0.97 | F73: 1.68 | G73: 1.94
A74: 7 | B74: 18.86 | C74: 16.23 | D74: 1.1 | E74: 0.27 | F74: 0.38 | G74: 0.87
A75: 8 | B75: 13.87 | C75: 12.42 | D75: 0.56 | E75: 0.16 | F75: 0.15 | G75: 0.58
A76: 9 or more | B76: 19.9 | C76: 18.73 | D76: 0.51 | E76: 0.25 | F76: 0.11 | G76: 0.3
A77: Number of bedrooms
A78: 0 | B78: 1.82 | C78: 0.1 | D78: Q | E78: 0.32 | F78: 1.36 | G78: Q
A79: 1 | B79: 14.52 | C79: 1.25 | D79: 0.49 | E79: 2.61 | F79: 9.78 | G79: 0.4
A80: 2 | B80: 30.67 | C80: 10.56 | D80: 3.19 | E80: 4.57 | F80: 9.99 | G80: 2.36
A81: 3 | B81: 48.27 | C81: 38.87 | D81: 2.94 | E81: 1.48 | F81: 1.51 | G81: 3.49
A82: 4 | B82: 22.08 | C82: 20.61 | D82: 0.58 | E82: 0.23 | F82: 0.15 | G82: 0.51
A83: 5 or more | B83: 6.16 | C83: 5.69 | D83: 0.21 | E83: 0.13 | F83: Q | G83: 0.07
A84: Number of other rooms (excluding bathrooms)
A85: 1 | B85: 8.41 | C85: 1.43 | D85: 0.31 | E85: 1.55 | F85: 4.84 | G85: 0.28
A86: 2 | B86: 27.88 | C86: 9.65 | D86: 2.13 | E86: 3.9 | F86: 10.07 | G86: 2.13
A87: 3 | B87: 32.82 | C87: 19.91 | D87: 2.39 | E87: 2.55 | F87: 5.6 | G87: 2.36
A88: 4 | B88: 26.77 | C88: 21.33 | D88: 1.5 | E88: 0.82 | F88: 1.86 | G88: 1.26
A89: 5 or more | B89: 27.64 | C89: 24.75 | D89: 1.11 | E89: 0.51 | F89: 0.47 | G89: 0.79
A90: Number of full bathrooms
A91: 0 | B91: 0.15 | C91: 0.07 | D91: Q | E91: Q | F91: Q | G91: Q
A92: 1 | B92: 50.32 | C92: 21.7 | D92: 3.03 | E92: 7.24 | F92: 16.26 | G92: 2.1
A93: 2 | B93: 56.85 | C93: 40.42 | D93: 3.7 | E93: 1.86 | F93: 6.36 | G93: 4.51
A94: 3 or more | B94: 16.21 | C94: 14.89 | D94: 0.72 | E94: 0.23 | F94: 0.15 | G94: 0.22
A95: Number of half bathrooms
A96: 0 | B96: 86.83 | C96: 47.8 | D96: 4.06 | E96: 8.21 | F96: 20.77 | G96: 5.98
A97: 1 | B97: 33.79 | C97: 26.87 | D97: 3.21 | E97: 1.03 | F97: 1.94 | G97: 0.75
A98: 2 or more | B98: 2.91 | C98: 2.39 | D98: 0.18 | E98: 0.11 | F98: 0.13 | G98: 0.1
A99: Basement
A100: Yes | B100: 36.83 | C100: 33.86 | D100: 2.98 | E100: N | F100: N | G100: N
A101: Finished basement | B101: 21.71 | C101: 19.85 | D101: 1.87 | E101: N | F101: N | G101: N
A102: Unfinished basement | B102: 15.12 | C102: 14.01 | D102: 1.11 | E102: N | F102: N | G102: N
...

Sheet Table_4._Residential_Sector_Key
A1: Table 4. Residential Sector Key Indicators and Consumption
A2: https://www.eia.gov/outlooks/aeo/data/browser/#/?id=4-AEO2025&cases=highZTC&sourcekey=0
A3: Tue Dec 02 2025 13:13:01 GMT-0800 (Pacific Standard Time)
A4: Source: U.S. Energy Information Administration
B5: full name | C5: api key | D5: units | E5: 2023 | F5: 2024 | G5: 2025 | H5: 2026 | I5: 2027 | J5: 2028 | K5: 2029 | L5: 2030 | M5: 2031 | N5: 2032 | O5: 2033 | P5: 2034 | Q5: 2035 | R5: 2036 | S5: 2037 | T5: 2038 | U5: 2039 | V5: 2040 | W5: 2041 | X5: 2042 | Y5: 2043 | Z5: 2044 | AA5: 2045 | AB5: 2046 | AC5: 2047 | AD5: 2048 | AE5: 2049 | AF5: 2050 | AG5: Growth (2024-2050)
A6: Key Indicators
A7: Households (millions)
A8: Single-Family | B8: Residential: Key Indicators: Households: Single-Family: High Zero-Carbon Technology Cost | C8: AEO.2025.HIGHZTC.KEI_HHD_RESD_SFR_NA_NA_USA_MILL.A | D8: millions | F8: 88.609744 | G8: 89.620168 | H8: 90.63056 | I8: 91.639144 | J8: 92.631344 | K8: 93.625568 | L8: 94.61288 | M8: 95.59792 | N8: 96.579056 | O8: 97.53976 | P8: 98.471496 | Q8: 99.397144 | R8: 100.30808 | S8: 101.19444 | T8: 102.05506 | U8: 102.88178 | V8: 103.68032 | W8: 104.44803 | X8: 105.19444 | Y8: 105.90901 | Z8: 106.60332 | AA8: 107.29699 | AB8: 107.98818 | AC8: 108.67842 | AD8: 109.36732 | AE8: 110.05501 | AF8: 110.7399 | AG8: 0.009
A9: Multifamily | B9: Residential: Key Indicators: Households: Multifamily: High Zero-Carbon Technology Cost | C9: AEO.2025.HIGHZTC.KEI_HHD_RESD_MFR_NA_NA_USA_MILL.A | D9: millions | F9: 34.017912 | G9: 34.38036 | H9: 34.797956 | I9: 35.233648 | J9: 35.702292 | K9: 36.208236 | L9: 36.726044 | M9: 37.24678 | N9: 37.753312 | O9: 38.226856 | P9: 38.666984 | Q9: 39.093076 | R9: 39.503836 | S9: 39.883568 | T9: 40.239072 | U9: 40.573248 | V9: 40.890328 | W9: 41.185544 | X9: 41.464128 | Y9: 41.734528 | Z9: 42.00598 | AA9: 42.277656 | AB9: 42.549808 | AC9: 42.820992 | AD9: 43.09248 | AE9: 43.364628 | AF9: 43.636816 | AG9: 0.01
A10: Mobile Homes | B10: Residential: Key Indicators: Households: Mobile Homes: High Zero-Carbon Technology Cost | C10: AEO.2025.HIGHZTC.KEI_HHD_RESD_MBH_NA_NA_USA_MILL.A | D10: millions | F10: 6.755902 | G10: 6.748634 | H10: 6.770403 | I10: 6.792666 | J10: 6.804218 | K10: 6.813859 | L10: 6.818653 | M10: 6.824849 | N10: 6.833779 | O10: 6.843395 | P10: 6.850643 | Q10: 6.855789 | R10: 6.86137 | S10: 6.866089 | T10: 6.869494 | U10: 6.871957 | V10: 6.87686 | W10: 6.883047 | X10: 6.889117 | Y10: 6.89479 | Z10: 6.900812 | AA10: 6.907353 | AB10: 6.912851 | AC10: 6.918932 | AD10: 6.924763 | AE10: 6.931044 | AF10: 6.936647 | AG10: 0.001
A11: Total | B11: Residential: Key Indicators: Households: Total: High Zero-Carbon Technology Cost | C11: AEO.2025.HIGHZTC.KEI_HHD_RESD_TEN_NA_NA_USA_MILL.A | D11: millions | F11: 129.38356 | G11: 130.74916 | H11: 132.19892 | I11: 133.66546 | J11: 135.13785 | K11: 136.64766 | L11: 138.15758 | M11: 139.66955 | N11: 141.16615 | O11: 142.61001 | P11: 143.98912 | Q11: 145.34601 | R11: 146.67328 | S11: 147.9441 | T11: 149.16362 | U11: 150.32698 | V11: 151.44751 | W11: 152.51662 | X11: 153.54769 | Y11: 154.53833 | Z11: 155.51011 | AA11: 156.482 | AB11: 157.45084 | AC11: 158.41834 | AD11: 159.38456 | AE11: 160.35068 | AF11: 161.31337 | AG11: 0.009
A12: Average House Square Footage | B12: Residential: Key Indicators: Average House Square Footage: High Zero-Carbon Technology Cost | C12: AEO.2025.HIGHZTC.KEI_HHD_RESD_NA_NA_NA_USA_SQFT.A | D12: sq ft | F12: 1643.9569 | G12: 1650.5161 | H12: 1656.462 | I12: 1662.1603 | J12: 1667.5287 | K12: 1672.5446 | L12: 1677.3794 | M12: 1682.076 | N12: 1686.7471 | O12: 1691.495 | P12: 1696.3218 | Q12: 1701.146 | R12: 1705.9552 | S12: 1710.8412 | T12: 1715.7644 | U12: 1720.6978 | V12: 1725.6134 | W12: 1730.5463 | X12: 1735.4882 | Y12: 1740.3724 | Z12: 1745.155 | AA12: 1749.8751 | AB12: 1754.5343 | AC12: 1759.1407 | AD12: 1763.6879 | AE12: 1768.1737 | AF12: 1772.6058 | AG12: 0.003
A13: Energy Intensity
A14: (MMBtu per household)
A15: Gross End-use Consumption | B15: Residential: Household Energy Intensity: Gross End-use Consumption: High Zero-Carbon Technology Cost | C15: AEO.2025.HIGHZTC.INY_HHD_RESD_DELE_NA_NA_USA_MILLBTUPHOSD.A | D15: MMBtu/household | F15: 85.992244 | G15: 87.9766 | H15: 87.58989 | I15: 87.167932 | J15: 86.534193 | K15: 85.477507 | L15: 84.242287 | M15: 82.878242 | N15: 81.472909 | O15: 80.23763 | P15: 79.124025 | Q15: 78.223224 | R15: 77.510909 | S15: 76.934631 | T15: 76.394609 | U15: 75.9338 | V15: 75.490184 | W15: 75.046198 | X15: 74.63335 | Y15: 74.262238 | Z15: 73.916539 | AA15: 73.581211 | AB15: 73.25364 | AC15: 72.937099 | AD15: 72.637647 | AE15: 72.361427 | AF15: 72.093053 | AG15: -0.007
A16: Delivered Energy Consumption | B16: Residential: Household Energy Intensity: Delivered Energy Consumption: High Zero-Carbon Technology Cost | C16: AEO.2025.HIGHZTC.INY_HHD_RESD_TEN_NA_NA_USA_MILLBTUPHOSD.A | D16: MMBtu/household | F16: 84.632913 | G16: 86.447232 | H16: 85.892414 | I16: 85.317887 | J16: 84.531319 | K16: 83.322996 | L16: 81.928291 | M16: 80.396377 | N16: 78.827237 | O16: 77.431217 | P16: 76.162388 | Q16: 75.148382 | R16: 74.320522 | S16: 73.627571 | T16: 72.966007 | U16: 72.382382 | V16: 71.813781 | W16: 71.24327 | X16: 70.700708 | Y16: 70.198181 | Z16: 69.719191 | AA16: 69.247444 | AB16: 68.781064 | AC16: 68.323618 | AD16: 67.880286 | AE16: 67.458633 | AF16: 67.043821 | AG16: -0.009
A17: (thousand Btu per square foot)
A18: Gross End-use Consumption | B18: Residential: Energy Intensity per Square Foot: Gross End-use Consumption: High Zero-Carbon Technology Cost | C18: AEO.2025.HIGHZTC.INY_HHD_RESD_DELE_NA_NA_USA_THBTUPSQFT.A | D18: thousand Btu/sq ft | F18: 52.308089 | G18: 53.302479 | H18: 52.877692 | I18: 52.442555 | J18: 51.893676 | K18: 51.106266 | L18: 50.22256 | M18: 49.2714 | N18: 48.301794 | O18: 47.435925 | P18: 46.644467 | Q18: 45.982663 | R18: 45.435489 | S18: 44.968891 | T18: 44.525116 | U18: 44.129656 | V18: 43.74687 | W18: 43.365612 | X18: 43.00424 | Y18: 42.670314 | Z18: 42.355285 | AA18: 42.049407 | AB18: 41.751045 | AC18: 41.461776 | AD18: 41.185092 | AE18: 40.924388 | AF18: 40.670662 | AG18: -0.01
A19: Delivered Energy Consumption | B19: Residential: Energy Intensity per Square Foot: Delivered Energy Consumption: High Zero-Carbon Technology Cost | C19: AEO.2025.HIGHZTC.INY_HHD_RESD_TEN_NA_NA_USA_THBTUPSQFT.A | D19: thousand Btu/sq ft | F19: 51.481224 | G19: 52.375879 | H19: 51.852933 | I19: 51.329518 | J19: 50.692573 | K19: 49.818103 | L19: 48.843029 | M19: 47.795923 | N19: 46.733288 | O19: 45.776794 | P19: 44.89855 | Q19: 44.175151 | R19: 43.565342 | S19: 43.035889 | T19: 42.526822 | U19: 42.065715 | V19: 41.616379 | W19: 41.168082 | X19: 40.738225 | Y19: 40.335149 | Z19: 39.950142 | AA19: 39.572792 | AB19: 39.201892 | AC19: 38.839199 | AD19: 38.487698 | AE19: 38.151587 | AF19: 37.822182 | AG19: -0.012
A20: Energy Consumption by Fuel
A21: Electricity
A22: Space Heating | B22: Residential: Electricity: Space Heating: High Zero-Carbon Technology Cost | C22: AEO.2025.HIGHZTC.CNSM_HHD_RESD_SPH_ELC_NA_USA_QBTU.A | D22: quads | F22: 0.528061 | G22: 0.582562 | H22: 0.585545 | I22: 0.589188 | J22: 0.589904 | K22: 0.586412 | L22: 0.580551 | M22: 0.573595 | N22: 0.566739 | O22: 0.560726 | P22: 0.554572 | Q22: 0.550309 | R22: 0.547657 | S22: 0.545295 | T22: 0.542041 | U22: 0.538591 | V22: 0.534952 | W22: 0.530828 | X22: 0.526828 | Y22: 0.522867 | Z22: 0.518328 | AA22: 0.513525 | AB22: 0.508348 | AC22: 0.502928 | AD22: 0.497403 | AE22: 0.492208 | AF22: 0.4868 | AG22: -0.003
A23: Space Cooling | B23: Residential: Electricity: Space Cooling: High Zero-Carbon Technology Cost | C23: AEO.2025.HIGHZTC.CNSM_NA_RESD_SPC_ELC_NA_USA_QBTU.A | D23: quads | F23: 0.997081 | G23: 0.952473 | H23: 0.971354 | I23: 0.98971 | J23: 1.002009 | K23: 1.00703 | L23: 1.009506 | M23: 1.010393 | N23: 1.012497 | O23: 1.019494 | P23: 1.028533 | Q23: 1.041697 | R23: 1.058786 | S23: 1.078113 | T23: 1.096537 | U23: 1.115933 | V23: 1.135576 | W23: 1.155665 | X23: 1.175584 | Y23: 1.195868 | Z23: 1.215889 | AA23: 1.235434 | AB23: 1.254577 | AC23: 1.273539 | AD23: 1.292448 | AE23: 1.311621 | AF23: 1.330636 | AG23: 0.011
A24: Water Heating | B24: Residential: Electricity: Water Heating: High Zero-Carbon Technology Cost | C24: AEO.2025.HIGHZTC.CNSM_NA_RESD_WTHT_ELC_NA_USA_QBTU.A | D24: quads | F24: 0.472693 | G24: 0.459259 | H24: 0.449699 | I24: 0.440442 | J24: 0.428544 | K24: 0.408148 | L24: 0.384946 | M24: 0.360722 | N24: 0.33842 | O24: 0.318282 | P24: 0.300561 | Q24: 0.285426 | R24: 0.272802 | S24: 0.262211 | T24: 0.253048 | U24: 0.245594 | V24: 0.239892 | W24: 0.23575 | X24: 0.233312 | Y24: 0.23256 | Z24: 0.231527 | AA24: 0.230325 | AB24: 0.228973 | AC24: 0.227549 | AD24: 0.226177 | AE24: 0.224938 | AF24: 0.223821 | AG24: -0.028
A25: Refrigeration | B25: Residential: Electricity: Refrigeration: High Zero-Carbon Technology Cost | C25: AEO.2025.HIGHZTC.CNSM_NA_RESD_REFR_ELC_NA_USA_QBTU.A | D25: quads | F25: 0.351479 | G25: 0.349737 | H25: 0.34897 | I25: 0.348118 | J25: 0.347168 | K25: 0.346545 | L25: 0.343717 | M25: 0.341147 | N25: 0.338816 | O25: 0.336635 | P25: 0.334581 | Q25: 0.332782 | R25: 0.331396 | S25: 0.330414 | T25: 0.32985 | U25: 0.329701 | V25: 0.329972 | W25: 0.33064 | X25: 0.331706 | Y25: 0.333167 | Z25: 0.335038 | AA25: 0.337389 | AB25: 0.340228 | AC25: 0.343544 | AD25: 0.346847 | AE25: 0.350126 | AF25: 0.353358 | AG25: 0
A26: Cooking | B26: Residential: Electricity: Cooking: High Zero-Carbon Technology Cost | C26: AEO.2025.HIGHZTC.CNSM_NA_RESD_CGR_ELC_NA_USA_QBTU.A | D26: quads | F26: 0.067364 | G26: 0.067851 | H26: 0.068571 | I26: 0.069303 | J26: 0.07004 | K26: 0.070797 | L26: 0.071554 | M26: 0.072311 | N26: 0.07306 | O26: 0.073778 | P26: 0.074459 | Q26: 0.075123 | R26: 0.075764 | S26: 0.076366 | T26: 0.076926 | U26: 0.077443 | V26: 0.077925 | W26: 0.078369 | X26: 0.078785 | Y26: 0.079176 | Z26: 0.079553 | AA26: 0.079923 | AB26: 0.080284 | AC26: 0.080637 | AD26: 0.080982 | AE26: 0.081316 | AF26: 0.081638 | AG26: 0.007
A27: Clothes Dryers | B27: Residential: Electricity: Clothes Dryers: High Zero-Carbon Technology Cost | C27: AEO.2025.HIGHZTC.CNSM_NA_RESD_CDR_ELC_NA_USA_QBTU.A | D27: quads | F27: 0.191812 | G27: 0.193075 | H27: 0.196545 | I27: 0.200855 | J27: 0.204061 | K27: 0.20567 | L27: 0.206345 | M27: 0.206255 | N27: 0.205808 | O27: 0.205284 | P27: 0.205276 | Q27: 0.206284 | R27: 0.208278 | S27: 0.210919 | T27: 0.213722 | U27: 0.216924 | V27: 0.220611 | W27: 0.224674 | X27: 0.228576 | Y27: 0.232386 | Z27: 0.235967 | AA27: 0.239332 | AB27: 0.242476 | AC27: 0.245414 | AD27: 0.248235 | AE27: 0.250977 | AF27: 0.253559 | AG27: 0.011
A28: Freezers | B28: Residential: Electricity: Freezers: High Zero-Carbon Technology Cost | C28: AEO.2025.HIGHZTC.CNSM_NA_RESD_FRZ_ELC_NA_USA_QBTU.A | D28: quads | F28: 0.079548 | G28: 0.079317 | H28: 0.079323 | I28: 0.079324 | J28: 0.079287 | K28: 0.079225 | L28: 0.07876 | M28: 0.078245 | N28: 0.07769 | O28: 0.077149 | P28: 0.076617 | Q28: 0.076115 | R28: 0.075638 | S28: 0.075175 | T28: 0.074736 | U28: 0.07432 | V28: 0.073932 | W28: 0.073581 | X28: 0.073268 | Y28: 0.072993 | Z28: 0.072761 | AA28: 0.072582 | AB28: 0.072468 | AC28: 0.072415 | AD28: 0.072435 | AE28: 0.072536 | AF28: 0.072717 | AG28: -0.003
A29: Lighting | B29: Residential: Electricity: Lighting: High Zero-Carbon Technology Cost | C29: AEO.2025.HIGHZTC.CNSM_NA_RESD_LGHTNG_ELC_NA_USA_QBTU.A | D29: quads | F29: 0.187371 | G29: 0.18539 | H29: 0.186964 | I29: 0.190632 | J29: 0.193727 | K29: 0.195604 | L29: 0.195166 | M29: 0.194531 | N29: 0.19432 | O29: 0.194149 | P29: 0.194404 | Q29: 0.195278 | R29: 0.196599 | S29: 0.198067 | T29: 0.199294 | U29: 0.200681 | V29: 0.198798 | W29: 0.197172 | X29: 0.195941 | Y29: 0.19514 | Z29: 0.194706 | AA29: 0.194468 | AB29: 0.194278 | AC29: 0.194106 | AD29: 0.194081 | AE29: 0.194207 | AF29: 0.194363 | AG29: 0.001
A30: Clothes Washers | B30: Residential: Electricity: Clothes Washers: High Zero-Carbon Technology Cost | C30: AEO.2025.HIGHZTC.CNSM_NA_RESD_CLW_ELC_NA_USA_QBTU.A | D30: quads | F30: 0.041807 | G30: 0.040731 | H30: 0.039766 | I30: 0.038787 | J30: 0.037633 | K30: 0.036454 | L30: 0.035086 | M30: 0.033659 | N30: 0.032143 | O30: 0.030826 | P30: 0.02971 | Q30: 0.028801 | R30: 0.028112 | S30: 0.027655 | T30: 0.027453 | U30: 0.027522 | V30: 0.02759 | W30: 0.027658 | X30: 0.027733 | Y30: 0.027815 | Z30: 0.027908 | AA30: 0.028016 | AB30: 0.028138 | AC30: 0.028273 | AD30: 0.02842 | AE30: 0.028576 | AF30: 0.028739 | AG30: -0.014
A31: Dishwashers | B31: Residential: Electricity: Dishwashers: High Zero-Carbon Technology Cost | C31: AEO.2025.HIGHZTC.CNSM_NA_RESD_DSW_ELC_NA_USA_QBTU.A | D31: quads | F31: 0.036367 | G31: 0.037219 | H31: 0.038216 | I31: 0.038546 | J31: 0.038751 | K31: 0.038915 | L31: 0.039032 | M31: 0.039101 | N31: 0.039118 | O31: 0.039202 | P31: 0.039359 | Q31: 0.039601 | R31: 0.039936 | S31: 0.040364 | T31: 0.040896 | U31: 0.041538 | V31: 0.042178 | W31: 0.042812 | X31: 0.043444 | Y31: 0.044074 | Z31: 0.044708 | AA31: 0.045349 | AB31: 0.045998 | AC31: 0.046655 | AD31: 0.047318 | AE31: 0.047988 | AF31: 0.048663 | AG31: 0.011
A32: Televisions and Related Equipment | B32: Residential: Electricity: Televisions: High Zero-Carbon Technology Cost | C32: AEO.2025.HIGHZTC.CNSM_NA_RESD_TVR_ELC_NA_USA_QBTU.A | D32: quads | F32: 0.129374 | G32: 0.126544 | H32: 0.125215 | I32: 0.124316 | J32: 0.122902 | K32: 0.120777 | L32: 0.118375 | M32: 0.115926 | N32: 0.113659 | O32: 0.11144 | P32: 0.1095 | Q32: 0.10799 | R32: 0.106861 | S32: 0.105954 | T32: 0.105066 | U32: 0.104306 | V32: 0.103691 | W32: 0.103142 | X32: 0.102677 | Y32: 0.102345 | Z32: 0.102119 | AA32: 0.102036 | AB32: 0.102082 | AC32: 0.102176 | AD32: 0.10236 | AE32: 0.102613 | AF32: 0.102926 | AG32: -0.009
A33: Computers and Related Equipment | B33: Residential: Electricity: Computers: High Zero-Carbon Technology Cost | C33: AEO.2025.HIGHZTC.CNSM_NA_RESD_CMPR_ELC_NA_USA_QBTU.A | D33: quads | F33: 0.100147 | G33: 0.098312 | H33: 0.097712 | I33: 0.097344 | J33: 0.096392 | K33: 0.094706 | L33: 0.092653 | M33: 0.090438 | N33: 0.088259 | O33: 0.086025 | P33: 0.083927 | Q33: 0.082077 | R33: 0.080451 | S33: 0.078944 | T33: 0.077403 | U33: 0.07593 | V33: 0.074545 | W33: 0.073196 | X33: 0.071926 | Y33: 0.070762 | Z33: 0.069712 | AA33: 0.068805 | AB33: 0.068054 | AC33: 0.067421 | AD33: 0.066941 | AE33: 0.066635 | AF33: 0.066465 | AG33: -0.016
... A39: Purchased Electricity at Residential Location | B39: Residential: Electricity: Purchased Electricity at Residential Location: High Zero-Carbon Technology Cost | C39: AEO.2025.HIGHZTC.CNSM_NA_RESD_PURCHELEC_ELC_NA_USA_QBTU.A | D39: quads | F39: 5.141959 | G39: 5.081856 | H39: 5.155061 | I39: 5.245214 | J39: 5.322819 | K39: 5.376949 | L39: 5.423333 | M39: 5.461133 | N39: 5.512463 | O39: 5.571132 | P39: 5.640814 | Q39: 5.72881 | R39: 5.829799 | S39: 5.937385 | T39: 6.039158 | U39: 6.141384 | V39: 6.238818 | W39: 6.331173 | X39: 6.419865 | Y39: 6.505672 | Z39: 6.584554 | AA39: 6.65771 | AB39: 6.726636 | AC39: 6.791243 | AD39: 6.851297 | AE39: 6.909533 | AF39: 6.964614 | AG39: 0.012
A40: Natural Gas
A41: Space Heating | B41: Residential: Natural Gas: Space Heating: High Zero-Carbon Technology Cost | C41: AEO.2025.HIGHZTC.CNSM_NA_RESD_SPH_NG_NA_USA_QBTU.A | D41: quads | F41: 2.777912 | G41: 3.12664 | H41: 3.141604 | I41: 3.146791 | J41: 3.143392 | K41: 3.126671 | L41: 3.103113 | M41: 3.069892 | N41: 3.026127 | O41: 2.987631 | P41: 2.946792 | Q41: 2.912199 | R41: 2.883551 | S41: 2.858295 | T41: 2.834296 | U41: 2.81154 | V41: 2.787776 | W41: 2.761015 | X41: 2.733698 | Y41: 2.706513 | Z41: 2.680865 | AA41: 2.657231 | AB41: 2.634207 | AC41: 2.611903 | AD41: 2.590528 | AE41: 2.569665 | AF41: 2.548368 | AG41: -0.003
A42: Space Cooling | B42: Residential: Natural Gas: Space Cooling: High Zero-Carbon Technology Cost | C42: AEO.2025.HIGHZTC.CNSM_NA_RESD_SPC_NG_NA_USA_QBTU.A | D42: quads | F42: 0.063499 | G42: 0.061038 | H42: 0.061464 | I42: 0.061531 | J42: 0.061383 | K42: 0.061147 | L42: 0.060918 | M42: 0.060665 | N42: 0.060395 | O42: 0.060147 | P42: 0.059927 | Q42: 0.059807 | R42: 0.059799 | S42: 0.059868 | T42: 0.059965 | U42: 0.060137 | V42: 0.060331 | W42: 0.060539 | X42: 0.060751 | Y42: 0.060975 | Z42: 0.061196 | AA42: 0.061401 | AB42: 0.061602 | AC42: 0.061793 | AD42: 0.061997 | AE42: 0.062199 | AF42: 0.062392 | AG42: -0.001
A43: Water Heating | B43: Residential: Natural Gas: Water Heating: High Zero-Carbon Technology Cost | C43: AEO.2025.HIGHZTC.CNSM_NA_RESD_WTHT_NG_NA_USA_QBTU.A | D43: quads | F43: 1.035874 | G43: 1.046498 | H43: 1.058767 | I43: 1.069351 | J43: 1.079818 | K43: 1.080751 | L43: 1.081037 | M43: 1.080496 | N43: 1.078113 | O43: 1.077774 | P43: 1.0797 | Q43: 1.084282 | R43: 1.088853 | S43: 1.093492 | T43: 1.09762 | U43: 1.101219 | V43: 1.10365 | W43: 1.104037 | X43: 1.102943 | Y43: 1.100647 | Z43: 1.097807 | AA43: 1.094437 | AB43: 1.09026 | AC43: 1.085951 | AD43: 1.081866 | AE43: 1.077826 | AF43: 1.074105 | AG43: 0.001
A44: Cooking | B44: Residential: Natural Gas: Cooking: High Zero-Carbon Technology Cost | C44: AEO.2025.HIGHZTC.CNSM_NA_RESD_CGR_NG_NA_USA_QBTU.A | D44: quads | F44: 0.077838 | G44: 0.077799 | H44: 0.077991 | I44: 0.078186 | J44: 0.078378 | K44: 0.078579 | L44: 0.078781 | M44: 0.078972 | N44: 0.079145 | O44: 0.079309 | P44: 0.079496 | Q44: 0.079723 | R44: 0.079999 | S44: 0.080326 | T44: 0.080726 | U44: 0.081166 | V44: 0.081648 | W44: 0.082162 | X44: 0.0827 | Y44: 0.083236 | Z44: 0.083776 | AA44: 0.084327 | AB44: 0.08489 | AC44: 0.085467 | AD44: 0.086059 | AE44: 0.08667 | AF44: 0.087302 | AG44: 0.004
A45: Clothes Dryers | B45: Residential: Natural Gas: Clothes Dryers: High Zero-Carbon Technology Cost | C45: AEO.2025.HIGHZTC.CNSM_NA_RESD_CDR_NG_NA_USA_QBTU.A | D45: quads | F45: 0.039583 | G45: 0.040486 | H45: 0.041405 | I45: 0.042257 | J45: 0.04311 | K45: 0.043956 | L45: 0.044797 | M45: 0.045565 | N45: 0.046229 | O45: 0.046833 | P45: 0.047464 | Q45: 0.048157 | R45: 0.04892 | S45: 0.049719 | T45: 0.050528 | U45: 0.051342 | V45: 0.052121 | W45: 0.052834 | X45: 0.053545 | Y45: 0.054265 | Z45: 0.055017 | AA45: 0.055794 | AB45: 0.056574 | AC45: 0.057377 | AD45: 0.058208 | AE45: 0.05904 | AF45: 0.059869 | AG45: 0.016
A46: Other Uses | B46: Residential: Natural Gas: Other Uses: High Zero-Carbon Technology Cost | C46: AEO.2025.HIGHZTC.CNSM_NA_RESD_OTHU_NG_NA_USA_QBTU.A | D46: quads | F46: 0.608734 | G46: 0.613747 | H46: 0.618291 | I46: 0.6214 | J46: 0.623526 | K46: 0.625004 | L46: 0.625873 | M46: 0.625361 | N46: 0.623064 | O46: 0.620104 | P46: 0.617586 | Q46: 0.615918 | R46: 0.615145 | S46: 0.61492 | T46: 0.614893 | U46: 0.615095 | V46: 0.615118 | W46: 0.614621 | X46: 0.613878 | Y46: 0.613063 | Z46: 0.612441 | AA46: 0.611882 | AB46: 0.611197 | AC46: 0.610648 | AD46: 0.610271 | AE46: 0.609813 | AF46: 0.609269 | AG46: 0
A47: Delivered Energy | B47: Residential: Natural Gas: Delivered Energy: High Zero-Carbon Technology Cost | C47: AEO.2025.HIGHZTC.CNSM_NA_RESD_DELE_NG_NA_USA_QBTU.A | D47: quads | F47: 4.60344 | G47: 4.966208 | H47: 4.999522 | I47: 5.019517 | J47: 5.029608 | K47: 5.016108 | L47: 4.994521 | M47: 4.960952 | N47: 4.913073 | O47: 4.871797 | P47: 4.830965 | Q47: 4.800086 | R47: 4.776269 | S47: 4.75662 | T47: 4.738029 | U47: 4.720499 | V47: 4.700645 | W47: 4.675209 | X47: 4.647515 | Y47: 4.6187 | Z47: 4.591101 | AA47: 4.565073 | AB47: 4.53873 | AC47: 4.513139 | AD47: 4.488929 | AE47: 4.465213 | AF47: 4.441305 | AG47: -0.001
A48: Distillate Fuel Oil
A49: Space Heating | B49: Residential: Distillate Fuel Oil: Space Heating: High Zero-Carbon Technology Cost | C49: AEO.2025.HIGHZTC.CNSM_NA_RESD_SPH_DFO_NA_USA_QBTU.A | D49: quads | F49: 0.379782 | G49: 0.410947 | H49: 0.40629 | I49: 0.399526 | J49: 0.391668 | K49: 0.383605 | L49: 0.375675 | M49: 0.368706 | N49: 0.36258 | O49: 0.357116 | P49: 0.351377 | Q49: 0.345757 | R49: 0.340382 | S49: 0.33508 | T49: 0.329944 | U49: 0.324954 | V49: 0.320003 | W49: 0.315094 | X49: 0.310324 | Y49: 0.305707 | Z49: 0.301 | AA49: 0.296803 | AB49: 0.292746 | AC49: 0.288855 | AD49: 0.285073 | AE49: 0.281366 | AF49: 0.277579 | AG49: -0.012
A50: Water Heating | B50: Residential: Distillate Fuel Oil: Water Heating: High Zero-Carbon Technology Cost | C50: AEO.2025.HIGHZTC.CNSM_NA_RESD_WTHT_DFO_NA_USA_QBTU.A | D50: quads | F50: 0.04028 | G50: 0.038163 | H50: 0.035939 | I50: 0.033678 | J50: 0.031549 | K50: 0.029547 | L50: 0.027811 | M50: 0.026394 | N50: 0.025277 | O50: 0.0244 | P50: 0.023768 | Q50: 0.023374 | R50: 0.022939 | S50: 0.022479 | T50: 0.022013 | U50: 0.02154 | V50: 0.021059 | W50: 0.020565 | X50: 0.020063 | Y50: 0.019557 | Z50: 0.019034 | AA50: 0.018539 | AB50: 0.018051 | AC50: 0.017579 | AD50: 0.017124 | AE50: 0.016686 | AF50: 0.016261 | AG50: -0.034
A51: Other Uses | B51: Residential: Distillate Fuel Oil: Other Uses: High Zero-Carbon Technology Cost | C51: AEO.2025.HIGHZTC.CNSM_NA_RESD_OTHU_DFO_NA_USA_QBTU.A | D51: quads | F51: 0.025815 | G51: 0.026125 | H51: 0.026247 | I51: 0.026216 | J51: 0.026099 | K51: 0.025952 | L51: 0.025805 | M51: 0.025722 | N51: 0.025691 | O51: 0.025659 | P51: 0.025626 | Q51: 0.025586 | R51: 0.025554 | S51: 0.025514 | T51: 0.025482 | U51: 0.025454 | V51: 0.025422 | W51: 0.025383 | X51: 0.025341 | Y51: 0.025298 | Z51: 0.025233 | AA51: 0.025202 | AB51: 0.025176 | AC51: 0.025159 | AD51: 0.025149 | AE51: 0.025135 | AF51: 0.025107 | AG51: -0.001
A52: Delivered Energy | B52: Residential: Distillate Fuel Oil: Delivered Energy: High Zero-Carbon Technology Cost | C52: AEO.2025.HIGHZTC.CNSM_NA_RESD_NA_DFO_NA_USA_QBTU.A | D52: quads | F52: 0.445877 | G52: 0.475235 | H52: 0.468476 | I52: 0.459419 | J52: 0.449316 | K52: 0.439104 | L52: 0.429291 | M52: 0.420822 | N52: 0.413547 | O52: 0.407175 | P52: 0.400771 | Q52: 0.394716 | R52: 0.388874 | S52: 0.383074 | T52: 0.377439 | U52: 0.371949 | V52: 0.366483 | W52: 0.361042 | X52: 0.355729 | Y52: 0.350562 | Z52: 0.345267 | AA52: 0.340544 | AB52: 0.335973 | AC52: 0.331592 | AD52: 0.327346 | AE52: 0.323188 | AF52: 0.318975 | AG52: -0.013
A53: Propane
A54: Space Heating | B54: Residential: Propane: Space Heating: High Zero-Carbon Technology Cost | C54: AEO.2025.HIGHZTC.CNSM_NA_RESD_SPH_PROP_NA_USA_QBTU.A | D54: quads | F54: 0.303247 | G54: 0.337638 | H54: 0.333916 | I54: 0.329423 | J54: 0.324515 | K54: 0.318994 | L54: 0.31282 | M54: 0.306422 | N54: 0.299933 | O54: 0.293791 | P54: 0.287481 | Q54: 0.281694 | R54: 0.27654 | S54: 0.271931 | T54: 0.267676 | U54: 0.263745 | V54: 0.260081 | W54: 0.256547 | X54: 0.253138 | Y54: 0.249816 | Z54: 0.246655 | AA54: 0.24367 | AB54: 0.240954 | AC54: 0.238307 | AD54: 0.235689 | AE54: 0.233024 | AF54: 0.230162 | AG54: -0.011
A55: Water Heating | B55: Residential: Propane: Water Heating: High Zero-Carbon Technology Cost | C55: AEO.2025.HIGHZTC.CNSM_NA_RESD_WTHT_PROP_NA_USA_QBTU.A | D55: quads | F55: 0.056642 | G55: 0.054625 | H55: 0.052684 | I55: 0.050775 | J55: 0.049031 | K55: 0.047143 | L55: 0.045398 | M55: 0.043868 | N55: 0.04252 | O55: 0.041422 | P55: 0.040549 | Q55: 0.039944 | R55: 0.039315 | S55: 0.038686 | T55: 0.038048 | U55: 0.037401 | V55: 0.03675 | W55: 0.036075 | X55: 0.035377 | Y55: 0.034657 | Z55: 0.033936 | AA55: 0.033213 | AB55: 0.032506 | AC55: 0.031829 | AD55: 0.031183 | AE55: 0.030557 | AF55: 0.029941 | AG55: -0.024
A56: Cooking | B56: Residential: Propane: Cooking: High Zero-Carbon Technology Cost | C56: AEO.2025.HIGHZTC.CNSM_NA_RESD_CGR_PROP_NA_USA_QBTU.A | D56: quads | F56: 0.010414 | G56: 0.010315 | H56: 0.010249 | I56: 0.010179 | J56: 0.010103 | K56: 0.010025 | L56: 0.009944 | M56: 0.009859 | N56: 0.009767 | O56: 0.009671 | P56: 0.009571 | Q56: 0.009465 | R56: 0.009354 | S56: 0.009237 | T56: 0.009139 | U56: 0.009061 | V56: 0.009006 | W56: 0.008974 | X56: 0.008966 | Y56: 0.008956 | Z56: 0.008943 | AA56: 0.008929 | AB56: 0.008912 | AC56: 0.008894 | AD56: 0.008872 | AE56: 0.008848 | AF56: 0.008823 | AG56: -0.006
A57: Other Uses | B57: Residential: Propane: Other Uses: High Zero-Carbon Technology Cost | C57: AEO.2025.HIGHZTC.CNSM_NA_RESD_OTHU_PROP_NA_USA_QBTU.A | D57: quads | F57: 0.075281 | G57: 0.078132 | H57: 0.080817 | I57: 0.083365 | J57: 0.085864 | K57: 0.088323 | L57: 0.090687 | M57: 0.093015 | N57: 0.095246 | O57: 0.097373 | P57: 0.099442 | Q57: 0.101583 | R57: 0.103856 | S57: 0.10623 | T57: 0.108665 | U57: 0.111141 | V57: 0.113638 | W57: 0.116105 | X57: 0.118547 | Y57: 0.120947 | Z57: 0.123361 | AA57: 0.125781 | AB57: 0.128248 | AC57: 0.130785 | AD57: 0.133369 | AE57: 0.13592 | AF57: 0.138362 | AG57: 0.024
A58: Delivered Energy | B58: Residential: Propane: Delivered Energy: High Zero-Carbon Technology Cost | C58: AEO.2025.HIGHZTC.CNSM_NA_RESD_DELE_PROP_NA_USA_QBTU.A | D58: quads | F58: 0.445585 | G58: 0.480711 | H58: 0.477666 | I58: 0.473743 | J58: 0.469514 | K58: 0.464486 | L58: 0.458849 | M58: 0.453163 | N58: 0.447466 | O58: 0.442258 | P58: 0.437043 | Q58: 0.432687 | R58: 0.429065 | S58: 0.426084 | T58: 0.423529 | U58: 0.421347 | V58: 0.419476 | W58: 0.417701 | X58: 0.416029 | Y58: 0.414376 | Z58: 0.412896 | AA58: 0.411593 | AB58: 0.41062 | AC58: 0.409815 | AD58: 0.409114 | AE58: 0.408349 | AF58: 0.407288 | AG58: -0.003
A59: Marketed Renewables (wood) | B59: Residential: Marketed Renewables (wood): High Zero-Carbon Technology Cost | C59: AEO.2025.HIGHZTC.CNSM_NA_RESD_NA_MRW_NA_USA_QBTU.A | D59: quads | F59: 0.357583 | G59: 0.365094 | H59: 0.352654 | I59: 0.347295 | J59: 0.345718 | K59: 0.345503 | L59: 0.34529 | M59: 0.342499 | N59: 0.337295 | O59: 0.332838 | P59: 0.328234 | Q59: 0.323965 | R59: 0.319381 | S59: 0.315221 | T59: 0.311018 | U59: 0.306564 | V59: 0.302182 | W59: 0.2981 | X59: 0.294377 | Y59: 0.29095 | Z59: 0.288536 | AA59: 0.284935 | AB59: 0.281377 | AC59: 0.277692 | AD59: 0.273872 | AE59: 0.270572 | AF59: 0.26805 | AG59: -0.011
A60: Energy Consumption by End Use
A61: Space Heating | B61: Residential: Delivered Energy Use by End Use: Space Heating: High Zero-Carbon Technology Cost | C61: AEO.2025.HIGHZTC.CNSM_NA_RESD_SPH_DEE_NA_USA_QBTU.A | D61: quads | F61: 4.346586 | G61: 4.82288 | H61: 4.820008 | I61: 4.812223 | J61: 4.795197 | K61: 4.761184 | L61: 4.717449 | M61: 4.661115 | N61: 4.592674 | O61: 4.532102 | P61: 4.468456 | Q61: 4.413923 | R61: 4.367511 | S61: 4.325822 | T61: 4.284976 | U61: 4.245395 | V61: 4.204994 | W61: 4.161585 | X61: 4.118366 | Y61: 4.075853 | Z61: 4.035384 | AA61: 3.996163 | AB61: 3.957632 | AC61: 3.919685 | AD61: 3.882566 | AE61: 3.846835 | AF61: 3.810959 | AG61: -0.005
A62: Space Cooling | B62: Residential: Delivered Energy Use by End Use: Space Cooling: High Zero-Carbon Technology Cost | C62: AEO.2025.HIGHZTC.CNSM_NA_RESD_SPC_DEE_NA_USA_QBTU.A | D62: quads | F62: 1.06058 | G62: 1.013512 | H62: 1.032818 | I62: 1.051242 | J62: 1.063392 | K62: 1.068177 | L62: 1.070424 | M62: 1.071058 | N62: 1.072892 | O62: 1.07964 | P62: 1.088461 | Q62: 1.101504 | R62: 1.118585 | S62: 1.137981 | T62: 1.156502 | U62: 1.17607 | V62: 1.195907 | W62: 1.216205 | X62: 1.236335 | Y62: 1.256843 | Z62: 1.277084 | AA62: 1.296835 | AB62: 1.316179 | AC62: 1.335333 | AD62: 1.354445 | AE62: 1.37382 | AF62: 1.393028 | AG62: 0.011
A63: Water Heating | B63: Residential: Delivered Energy Use by End Use: Water Heating: High Zero-Carbon Technology Cost | C63: AEO.2025.HIGHZTC.CNSM_NA_RESD_WTHT_DEE_NA_USA_QBTU.A | D63: quads | F63: 1.605489 | G63: 1.598546 | H63: 1.597089 | I63: 1.594245 | J63: 1.588942 | K63: 1.56559 | L63: 1.539192 | M63: 1.511479 | N63: 1.484329 | O63: 1.461879 | P63: 1.444578 | Q63: 1.433026 | R63: 1.423908 | S63: 1.416868 | T63: 1.410729 | U63: 1.405754 | V63: 1.401351 | W63: 1.396427 | X63: 1.391695 | Y63: 1.387422 | Z63: 1.382303 | AA63: 1.376514 | AB63: 1.36979 | AC63: 1.362908 | AD63: 1.356351 | AE63: 1.350008 | AF63: 1.344129 | AG63: -0.007
A64: Refrigeration | B64: Residential: Delivered Energy Use by End Use: Refrigeration: High Zero-Carbon Technology Cost | C64: AEO.2025.HIGHZTC.CNSM_NA_RESD_REFR_DEE_NA_USA_QBTU.A | D64: quads | F64: 0.351479 | G64: 0.349737 | H64: 0.34897 | I64: 0.348118 | J64: 0.347168 | K64: 0.346545 | L64: 0.343717 | M64: 0.341147 | N64: 0.338816 | O64: 0.336635 | P64: 0.334581 | Q64: 0.332782 | R64: 0.331396 | S64: 0.330414 | T64: 0.32985 | U64: 0.329701 | V64: 0.329972 | W64: 0.33064 | X64: 0.331706 | Y64: 0.333167 | Z64: 0.335038 | AA64: 0.337389 | AB64: 0.340228 | AC64: 0.343544 | AD64: 0.346847 | AE64: 0.350126 | AF64: 0.353358 | AG64: 0
A65: Cooking | B65: Residential: Delivered Energy Use by End Use: Cooking: High Zero-Carbon Technology Cost | C65: AEO.2025.HIGHZTC.CNSM_NA_RESD_CGR_DEE_NA_USA_QBTU.A | D65: quads | F65: 0.155616 | G65: 0.155966 | H65: 0.15681 | I65: 0.157668 | J65: 0.158521 | K65: 0.159401 | L65: 0.160279 | M65: 0.161142 | N65: 0.161972 | O65: 0.162759 | P65: 0.163526 | Q65: 0.164311 | R65: 0.165117 | S65: 0.165929 | T65: 0.166792 | U65: 0.16767 | V65: 0.168579 | W65: 0.169504 | X65: 0.170452 | Y65: 0.171368 | Z65: 0.172272 | AA65: 0.173179 | AB65: 0.174087 | AC65: 0.174998 | AD65: 0.175913 | AE65: 0.176835 | AF65: 0.177762 | AG65: 0.005
A66: Clothes Dryers | B66: Residential: Delivered Energy Use by End Use: Clothes Dryers: High Zero-Carbon Technology Cost | C66: AEO.2025.HIGHZTC.CNSM_NA_RESD_CDR_DEE_NA_USA_QBTU.A | D66: quads | F66: 0.231395 | G66: 0.233561 | H66: 0.237949 | I66: 0.243112 | J66: 0.247172 | K66: 0.249626 | L66: 0.251142 | M66: 0.251821 | N66: 0.252038 | O66: 0.252117 | P66: 0.25274 | Q66: 0.254441 | R66: 0.257198 | S66: 0.260638 | T66: 0.26425 | U66: 0.268266 | V66: 0.272733 | W66: 0.277508 | X66: 0.282121 | Y66: 0.28665 | Z66: 0.290984 | AA66: 0.295126 | AB66: 0.29905 | AC66: 0.302791 | AD66: 0.306443 | AE66: 0.310017 | AF66: 0.313427 | AG66: 0.012
A67: Freezers | B67: Residential: Delivered Energy Use by End Use: Freezers: High Zero-Carbon Technology Cost | C67: AEO.2025.HIGHZTC.CNSM_NA_RESD_FRZ_DEE_NA_USA_QBTU.A | D67: quads | F67: 0.079548 | G67: 0.079317 | H67: 0.079323 | I67: 0.079324 | J67: 0.079287 | K67: 0.079225 | L67: 0.07876 | M67: 0.078245 | N67: 0.07769 | O67: 0.077149 | P67: 0.076617 | Q67: 0.076115 | R67: 0.075638 | S67: 0.075175 | T67: 0.074736 | U67: 0.07432 | V67: 0.073932 | W67: 0.073581 | X67: 0.073268 | Y67: 0.072993 | Z67: 0.072761 | AA67: 0.072582 | AB67: 0.072468 | AC67: 0.072415 | AD67: 0.072435 | AE67: 0.072536 | AF67: 0.072717 | AG67: -0.003
A68: Lighting | B68: Residential: Delivered Energy Use by End Use: Lighting: High Zero-Carbon Technology Cost | C68: AEO.2025.HIGHZTC.CNSM_NA_RESD_LGHTNG_DEE_NA_USA_QBTU.A | D68: quads | F68: 0.187371 | G68: 0.18539 | H68: 0.186964 | I68: 0.190632 | J68: 0.193727 | K68: 0.195604 | L68: 0.195166 | M68: 0.194531 | N68: 0.19432 | O68: 0.194149 | P68: 0.194404 | Q68: 0.195278 | R68: 0.196599 | S68: 0.198067 | T68: 0.199294 | U68: 0.200681 | V68: 0.198798 | W68: 0.197172 | X68: 0.195941 | Y68: 0.19514 | Z68: 0.194706 | AA68: 0.194468 | AB68: 0.194278 | AC68: 0.194106 | AD68: 0.194081 | AE68: 0.194207 | AF68: 0.194363 | AG68: 0.001
A69: Clothes Washers | B69: Residential: Delivered Energy Use by End Use: Clothes Washers: High Zero-Carbon Technology Cost | C69: AEO.2025.HIGHZTC.CNSM_NA_RESD_CLW_DEE_NA_USA_QBTU.A | D69: quads | F69: 0.041807 | G69: 0.040731 | H69: 0.039766 | I69: 0.038787 | J69: 0.037633 | K69: 0.036454 | L69: 0.035086 | M69: 0.033659 | N69: 0.032143 | O69: 0.030826 | P69: 0.02971 | Q69: 0.028801 | R69: 0.028112 | S69: 0.027655 | T69: 0.027453 | U69: 0.027522 | V69: 0.02759 | W69: 0.027658 | X69: 0.027733 | Y69: 0.027815 | Z69: 0.027908 | AA69: 0.028016 | AB69: 0.028138 | AC69: 0.028273 | AD69: 0.02842 | AE69: 0.028576 | AF69: 0.028739 | AG69: -0.014
A70: Dishwashers | B70: Residential: Delivered Energy Use by End Use: Dishwashers: High Zero-Carbon Technology Cost | C70: AEO.2025.HIGHZTC.CNSM_NA_RESD_DSW_DEE_NA_USA_QBTU.A | D70: quads | F70: 0.036367 | G70: 0.037219 | H70: 0.038216 | I70: 0.038546 | J70: 0.038751 | K70: 0.038915 | L70: 0.039032 | M70: 0.039101 | N70: 0.039118 | O70: 0.039202 | P70: 0.039359 | Q70: 0.039601 | R70: 0.039936 | S70: 0.040364 | T70: 0.040896 | U70: 0.041538 | V70: 0.042178 | W70: 0.042812 | X70: 0.043444 | Y70: 0.044074 | Z70: 0.044708 | AA70: 0.045349 | AB70: 0.045998 | AC70: 0.046655 | AD70: 0.047318 | AE70: 0.047988 | AF70: 0.048663 | AG70: 0.011
A71: Televisions and Related Equipment | B71: Residential: Delivered Energy Use by End Use: Televisions: High Zero-Carbon Technology Cost | C71: AEO.2025.HIGHZTC.CNSM_NA_RESD_TVR_DEE_NA_USA_QBTU.A | D71: quads | F71: 0.129374 | G71: 0.126544 | H71: 0.125215 | I71: 0.124316 | J71: 0.122902 | K71: 0.120777 | L71: 0.118375 | M71: 0.115926 | N71: 0.113659 | O71: 0.11144 | P71: 0.1095 | Q71: 0.10799 | R71: 0.106861 | S71: 0.105954 | T71: 0.105066 | U71: 0.104306 | V71: 0.103691 | W71: 0.103142 | X71: 0.102677 | Y71: 0.102345 | Z71: 0.102119 | AA71: 0.102036 | AB71: 0.102082 | AC71: 0.102176 | AD71: 0.10236 | AE71: 0.102613 | AF71: 0.102926 | AG71: -0.009
A72: Computers and Related Equipment | B72: Residential: Delivered Energy Use by End Use: Computers: High Zero-Carbon Technology Cost | C72: AEO.2025.HIGHZTC.CNSM_NA_RESD_CMPR_DEE_NA_USA_QBTU.A | D72: quads | F72: 0.100147 | G72: 0.098312 | H72: 0.097712 | I72: 0.097344 | J72: 0.096392 | K72: 0.094706 | L72: 0.092653 | M72: 0.090438 | N72: 0.088259 | O72: 0.086025 | P72: 0.083927 | Q72: 0.082077 | R72: 0.080451 | S72: 0.078944 | T72: 0.077403 | U72: 0.07593 | V72: 0.074545 | W72: 0.073196 | X72: 0.071926 | Y72: 0.070762 | Z72: 0.069712 | AA72: 0.068805 | AB72: 0.068054 | AC72: 0.067421 | AD72: 0.066941 | AE72: 0.066635 | AF72: 0.066465 | AG72: -0.016
... A79: Electricity Related Losses | B79: Residential: Electricity Related Losses: High Zero-Carbon Technology Cost | C79: AEO.2025.HIGHZTC.CNSM_LOSSES_RESD_NA_ENRL_NA_USA_QBTU.A | D79: quads | F79: 7.308165 | G79: 7.003442 | H79: 6.681392 | I79: 6.538555 | J79: 6.488052 | K79: 6.438865 | L79: 6.233474 | M79: 6.076113 | N79: 5.736357 | O79: 5.608802 | P79: 5.473529 | Q79: 5.314852 | R79: 5.178302 | S79: 4.998352 | T79: 4.923231 | U79: 4.706847 | V79: 4.695487 | W79: 4.754326 | X79: 4.81075 | Y79: 4.841031 | Z79: 4.874164 | AA79: 4.873587 | AB79: 4.868451 | AC79: 4.876808 | AD79: 4.895246 | AE79: 4.921697 | AF79: 4.907921 | AG79: -0.015
A80: Total Energy Consumption by End Use
A81: Space Heating | B81: Residential: Total Energy Use by End Use: Space Heating: High Zero-Carbon Technology Cost | C81: AEO.2025.HIGHZTC.CNSM_NA_RESD_SPH_TEE_NA_USA_QBTU.A | D81: quads | F81: 5.072077 | G81: 5.594944 | H81: 5.546676 | I81: 5.512751 | J81: 5.478197 | K81: 5.42523 | L81: 5.345297 | M81: 5.258322 | N81: 5.141565 | O81: 5.054691 | P81: 4.964053 | Q81: 4.882354 | R81: 4.812238 | S81: 4.744048 | T81: 4.686104 | U81: 4.618788 | V81: 4.567894 | W81: 4.519598 | X81: 4.471659 | Y81: 4.422812 | Z81: 4.376312 | AA81: 4.328954 | AB81: 4.282132 | AC81: 4.23701 | AD81: 4.193624 | AE81: 4.152516 | AF81: 4.108894 | AG81: -0.008
A82: Space Cooling | B82: Residential: Total Energy Use by End Use: Space Cooling: High Zero-Carbon Technology Cost | C82: AEO.2025.HIGHZTC.CNSM_NA_RESD_SPC_TEE_NA_USA_QBTU.A | D82: quads | F82: 2.430449 | G82: 2.275815 | H82: 2.238277 | I82: 2.227978 | J82: 2.223534 | K82: 2.208526 | L82: 2.162174 | M82: 2.123043 | N82: 2.053504 | O82: 2.029796 | P82: 2.007618 | Q82: 1.988211 | R82: 1.978376 | S82: 1.964862 | T82: 1.967977 | U82: 1.949721 | V82: 1.966256 | W82: 1.995634 | X82: 2.024689 | Y82: 2.050387 | Z82: 2.07683 | AA82: 2.09746 | AB82: 2.117029 | AC82: 2.138878 | AD82: 2.162695 | AE82: 2.18839 | AF82: 2.207412 | AG82: -0.004
A83: Water Heating | B83: Residential: Total Energy Use by End Use: Water Heating: High Zero-Carbon Technology Cost | C83: AEO.2025.HIGHZTC.CNSM_NA_RESD_WTHT_TEE_NA_USA_QBTU.A | D83: quads | F83: 2.254912 | G83: 2.207198 | H83: 2.15517 | I83: 2.117918 | J83: 2.085118 | K83: 2.027772 | L83: 1.955499 | M83: 1.88705 | N83: 1.812092 | O83: 1.758513 | P83: 1.713177 | Q83: 1.675984 | R83: 1.645438 | S83: 1.617976 | T83: 1.597992 | U83: 1.576019 | V83: 1.564088 | W83: 1.555426 | X83: 1.548156 | Y83: 1.541742 | Z83: 1.534589 | AA83: 1.525777 | AB83: 1.515953 | AC83: 1.506481 | AD83: 1.497794 | AE83: 1.489704 | AF83: 1.481113 | AG83: -0.016
A84: Refrigeration | B84: Residential: Total Energy Use by End Use: Refrigeration: High Zero-Carbon Technology Cost | C84: AEO.2025.HIGHZTC.CNSM_NA_RESD_REFR_TEE_NA_USA_QBTU.A | D84: quads | F84: 0.834369 | G84: 0.81324 | H84: 0.782045 | I84: 0.76202 | J84: 0.749124 | K84: 0.738968 | L84: 0.715436 | M84: 0.696337 | N84: 0.666962 | O84: 0.650374 | P84: 0.633581 | Q84: 0.61605 | R84: 0.600507 | S84: 0.583832 | T84: 0.57395 | U84: 0.558276 | V84: 0.553818 | W84: 0.553637 | X84: 0.55415 | Y84: 0.554248 | Z84: 0.555408 | AA84: 0.556034 | AB84: 0.55741 | AC84: 0.560304 | AD84: 0.563752 | AE84: 0.567568 | AF84: 0.569623 | AG84: -0.015
A85: Cooking | B85: Residential: Total Energy Use by End Use: Cooking: High Zero-Carbon Technology Cost | C85: AEO.2025.HIGHZTC.CNSM_NA_RESD_CGR_TEE_NA_USA_QBTU.A | D85: quads | F85: 0.248167 | G85: 0.245888 | H85: 0.241907 | I85: 0.240067 | J85: 0.239614 | K85: 0.23957 | L85: 0.237662 | M85: 0.23643 | N85: 0.232731 | O85: 0.231519 | P85: 0.230068 | Q85: 0.228257 | R85: 0.226642 | S85: 0.224499 | T85: 0.22372 | U85: 0.22136 | V85: 0.221442 | W85: 0.22236 | X85: 0.223285 | Y85: 0.223908 | Z85: 0.224597 | AA85: 0.224973 | AB85: 0.225335 | AC85: 0.225876 | AD85: 0.226556 | AE85: 0.227335 | AF85: 0.227726 | AG85: -0.003
A86: Clothes Dryers | B86: Residential: Total Energy Use by End Use: Clothes Dryers: High Zero-Carbon Technology Cost | C86: AEO.2025.HIGHZTC.CNSM_NA_RESD_CDR_TEE_NA_USA_QBTU.A | D86: quads | F86: 0.494922 | G86: 0.489441 | H86: 0.481863 | I86: 0.481922 | J86: 0.483437 | K86: 0.482524 | L86: 0.474297 | M86: 0.466567 | N86: 0.451365 | O86: 0.443439 | P86: 0.436187 | Q86: 0.430033 | R86: 0.426331 | S86: 0.422407 | T86: 0.422411 | U86: 0.418654 | V86: 0.42239 | W86: 0.429038 | X86: 0.435405 | Y86: 0.440855 | Z86: 0.44619 | AA86: 0.450226 | AB86: 0.453832 | AC86: 0.457635 | AD86: 0.46168 | AE86: 0.465884 | AF86: 0.468612 | AG86: -0.002
A87: Freezers | B87: Residential: Total Energy Use by End Use: Freezers: High Zero-Carbon Technology Cost | C87: AEO.2025.HIGHZTC.CNSM_NA_RESD_FRZ_TEE_NA_USA_QBTU.A | D87: quads | F87: 0.188837 | G87: 0.184434 | H87: 0.177765 | I87: 0.173638 | J87: 0.171087 | K87: 0.168939 | L87: 0.163936 | M87: 0.159711 | N87: 0.152933 | O87: 0.149051 | P87: 0.145087 | Q87: 0.140906 | R87: 0.137059 | S87: 0.132833 | T87: 0.130043 | U87: 0.125845 | V87: 0.124086 | W87: 0.123207 | X87: 0.122402 | Y87: 0.121429 | Z87: 0.120619 | AA87: 0.119619 | AB87: 0.118727 | AC87: 0.118106 | AD87: 0.117734 | AE87: 0.117583 | AF87: 0.117221 | AG87: -0.018
A88: Lighting | B88: Residential: Total Energy Use by End Use: Lighting: High Zero-Carbon Technology Cost | C88: AEO.2025.HIGHZTC.CNSM_NA_RESD_LGHTNG_TEE_NA_USA_QBTU.A | D88: quads | F88: 0.444797 | G88: 0.431085 | H88: 0.418989 | I88: 0.417288 | J88: 0.418027 | K88: 0.417105 | L88: 0.406232 | M88: 0.39707 | N88: 0.382521 | O88: 0.375093 | P88: 0.368135 | Q88: 0.361501 | R88: 0.356248 | S88: 0.349978 | T88: 0.346777 | U88: 0.339808 | V88: 0.333658 | W88: 0.330153 | X88: 0.327341 | Y88: 0.32463 | Z88: 0.322772 | AA88: 0.320494 | AB88: 0.318293 | AC88: 0.316578 | AD88: 0.315452 | AE88: 0.314817 | AF88: 0.313318 | AG88: -0.013
A89: Clothes Washers | B89: Residential: Total Energy Use by End Use: Clothes Washers: High Zero-Carbon Technology Cost | C89: AEO.2025.HIGHZTC.CNSM_NA_RESD_CLW_TEE_NA_USA_QBTU.A | D89: quads | F89: 0.099244 | G89: 0.09471 | H89: 0.089117 | I89: 0.084904 | J89: 0.081205 | K89: 0.077735 | L89: 0.07303 | M89: 0.068704 | N89: 0.063274 | O89: 0.059556 | P89: 0.056261 | Q89: 0.053317 | R89: 0.050941 | S89: 0.048865 | T89: 0.047769 | U89: 0.046602 | V89: 0.046306 | W89: 0.046312 | X89: 0.046331 | Y89: 0.046272 | Z89: 0.046264 | AA89: 0.046172 | AB89: 0.0461 | AC89: 0.046112 | AD89: 0.046192 | AE89: 0.046323 | AF89: 0.046328 | AG89: -0.029
A90: Dishwashers | B90: Residential: Total Energy Use by End Use: Dishwashers: High Zero-Carbon Technology Cost | C90: AEO.2025.HIGHZTC.CNSM_NA_RESD_DSW_TEE_NA_USA_QBTU.A | D90: quads | F90: 0.086331 | G90: 0.086545 | H90: 0.085642 | I90: 0.084376 | J90: 0.083618 | K90: 0.082981 | L90: 0.081243 | M90: 0.079811 | N90: 0.077004 | O90: 0.075737 | P90: 0.074533 | Q90: 0.073311 | R90: 0.072366 | S90: 0.071323 | T90: 0.071161 | U90: 0.070336 | V90: 0.07079 | W90: 0.071685 | X90: 0.072578 | Y90: 0.073321 | Z90: 0.074114 | AA90: 0.074738 | AB90: 0.075361 | AC90: 0.076092 | AD90: 0.076909 | AE90: 0.07779 | AF90: 0.078446 | AG90: -0.004
A91: Televisions and Related Equipment | B91: Residential: Total Energy Use by End Use: Televisions: High Zero-Carbon Technology Cost | C91: AEO.2025.HIGHZTC.CNSM_NA_RESD_TVR_TEE_NA_USA_QBTU.A | D91: quads | F91: 0.307119 | G91: 0.294251 | H91: 0.280609 | I91: 0.272123 | J91: 0.265199 | K91: 0.257544 | L91: 0.246393 | M91: 0.236623 | N91: 0.223739 | O91: 0.2153 | P91: 0.207355 | Q91: 0.199913 | R91: 0.193637 | S91: 0.187217 | T91: 0.182818 | U91: 0.17662 | V91: 0.174033 | W91: 0.172705 | X91: 0.171532 | Y91: 0.170258 | Z91: 0.169288 | AA91: 0.168161 | AB91: 0.167245 | AC91: 0.166644 | AD91: 0.166372 | AE91: 0.16634 | AF91: 0.16592 | AG91: -0.023
A92: Computers and Related Equipment | B92: Residential: Total Energy Use by End Use: Computers: High Zero-Carbon Technology Cost | C92: AEO.2025.HIGHZTC.CNSM_NA_RESD_CMPR_TEE_NA_USA_QBTU.A | D92: quads | F92: 0.237738 | G92: 0.228604 | H92: 0.218973 | I92: 0.213083 | J92: 0.207996 | K92: 0.20195 | L92: 0.192855 | M92: 0.184598 | N92: 0.173739 | O92: 0.166199 | P92: 0.15893 | Q92: 0.151943 | R92: 0.145781 | S92: 0.139492 | T92: 0.134683 | U92: 0.12857 | V92: 0.125114 | W92: 0.122562 | X92: 0.12016 | Y92: 0.117718 | Z92: 0.115565 | AA92: 0.113394 | AB92: 0.111496 | AC92: 0.109961 | AD92: 0.108803 | AE92: 0.108018 | AF92: 0.107144 | AG92: -0.03
... A98: Total Energy | B98: Residential: Total Net Own-use Generation: Total Gross End-use Consumption: High Zero-Carbon Technology Cost | C98: AEO.2025.HIGHZTC.GEN_NA_RESD_TTG_TEE_NA_USA_QBTU.A | D98: quads | F98: 18.302611 | G98: 18.372553 | H98: 18.134776 | I98: 18.083752 | J98: 18.10504 | K98: 18.081033 | L98: 17.884776 | M98: 17.714714 | N98: 17.360242 | O98: 17.234044 | P98: 17.111412 | Q98: 16.995181 | R98: 16.921761 | S98: 16.816811 | T98: 16.812485 | U98: 16.668676 | V98: 16.723193 | W98: 16.83765 | X98: 16.944375 | Y98: 17.021435 | Z98: 17.096641 | AA98: 17.133556 | AB98: 17.16192 | AC98: 17.20043 | AD98: 17.245937 | AE98: 17.298698 | AF98: 17.308274 | AG98: -0.002
A99: Nonmarketed Renewables
A100: Solar Hot Water Heating | B100: Residential: Nonmarketed Renewables: Solar Hot Water Heating: High Zero-Carbon Technology Cost | C100: AEO.2025.HIGHZTC.CNSM_NA_RESD_SHW_NRW_NA_USA_QBTU.A | D100: quads | F100: 0.035525 | G100: 0.042155 | H100: 0.049198 | I100: 0.055102 | J100: 0.061131 | K100: 0.063327 | L100: 0.066036 | M100: 0.068474 | N100: 0.071069 | O100: 0.071029 | P100: 0.07183 | Q100: 0.071849 | R100: 0.071916 | S100: 0.071802 | T100: 0.071685 | U100: 0.071601 | V100: 0.070627 | W100: 0.070499 | X100: 0.070575 | Y100: 0.070644 | Z100: 0.070711 | AA100: 0.070803 | AB100: 0.071024 | AC100: 0.070883 | AD100: 0.070941 | AE100: 0.070838 | AF100: 0.07093 | AG100: 0.027
A101: Solar Photovoltaic | B101: Residential: Nonmarketed Renewables: Solar Photovoltaic: High Zero-Carbon Technology Cost | C101: AEO.2025.HIGHZTC.CNSM_NA_RESD_SOPH_NRW_NA_USA_QBTU.A | D101: quads | F101: 0.213925 | G101: 0.243256 | H101: 0.272936 | I101: 0.300863 | J101: 0.329338 | K101: 0.358154 | L101: 0.388935 | M101: 0.422001 | N101: 0.45468 | O101: 0.488552 | P101: 0.522083 | Q101: 0.548214 | R101: 0.575139 | S101: 0.602267 | T101: 0.630719 | U101: 0.659294 | V101: 0.6884 | W101: 0.717651 | X101: 0.747724 | Y101: 0.778135 | Z101: 0.808973 | AA101: 0.840843 | AB101: 0.873347 | AC101: 0.906792 | AD101: 0.940992 | AE101: 0.975945 | AF101: 1.011262 | AG101: 0.062
A102: Wind | B102: Residential: Nonmarketed Renewables: Wind: High Zero-Carbon Technology Cost | C102: AEO.2025.HIGHZTC.CNSM_NA_RESD_WND_NRW_NA_USA_QBTU.A | D102: quads | F102: 0.00126 | G102: 0.00214 | H102: 0.003001 | I102: 0.003401 | J102: 0.003849 | K102: 0.004333 | L102: 0.005261 | M102: 0.006483 | N102: 0.007725 | O102: 0.008146 | P102: 0.008342 | Q102: 0.008347 | R102: 0.008353 | S102: 0.008359 | T102: 0.008367 | U102: 0.008375 | V102: 0.008385 | W102: 0.008395 | X102: 0.008406 | Y102: 0.008417 | Z102: 0.008429 | AA102: 0.008441 | AB102: 0.008453 | AC102: 0.008466 | AD102: 0.00848 | AE102: 0.008494 | AF102: 0.008509 | AG102: 0.076
A103: Total | B103: Residential: Nonmarketed Renewables: Total: High Zero-Carbon Technology Cost | C103: AEO.2025.HIGHZTC.CNSM_NA_RESD_NA_NRW_NA_USA_QBTU.A | D103: quads | F103: 0.25071 | G103: 0.287551 | H103: 0.325135 | I103: 0.359367 | J103: 0.394318 | K103: 0.425814 | L103: 0.460232 | M103: 0.496958 | N103: 0.533473 | O103: 0.567727 | P103: 0.602256 | Q103: 0.628411 | R103: 0.655407 | S103: 0.682429 | T103: 0.710772 | U103: 0.73927 | V103: 0.767411 | W103: 0.796545 | X103: 0.826706 | Y103: 0.857196 | Z103: 0.888113 | AA103: 0.920087 | AB103: 0.952824 | AC103: 0.986141 | AD103: 1.020414 | AE103: 1.055277 | AF103: 1.090701 | AG103: 0.058
A104: Heating Degree Days
A105: New England | B105: Residential: Heating Degree Days: New England: High Zero-Carbon Technology Cost | C105: AEO.2025.HIGHZTC.KEI_HDD_RESD_NA_NA_NA_NENGL_HDD.A | D105: HDD | F105: 5643 | G105: 5924 | H105: 5901 | I105: 5879 | J105: 5856 | K105: 5833 | L105: 5810 | M105: 5787 | N105: 5764 | O105: 5741 | P105: 5718 | Q105: 5695 | R105: 5672 | S105: 5649 | T105: 5626 | U105: 5603 | V105: 5579 | W105: 5556 | X105: 5533 | Y105: 5510 | Z105: 5487 | AA105: 5464 | AB105: 5440 | AC105: 5417 | AD105: 5394 | AE105: 5371 | AF105: 5348 | AG105: -0.002
A106: Middle Atlantic | B106: Residential: Heating Degree Days: Middle Atlantic: High Zero-Carbon Technology Cost | C106: AEO.2025.HIGHZTC.KEI_HDD_RESD_NA_NA_NA_MATL_HDD.A | D106: HDD | F106: 4981 | G106: 5319 | H106: 5298 | I106: 5277 | J106: 5256 | K106: 5235 | L106: 5214 | M106: 5193 | N106: 5172 | O106: 5151 | P106: 5130 | Q106: 5109 | R106: 5088 | S106: 5068 | T106: 5047 | U106: 5026 | V106: 5005 | W106: 4984 | X106: 4963 | Y106: 4943 | Z106: 4922 | AA106: 4901 | AB106: 4880 | AC106: 4859 | AD106: 4838 | AE106: 4818 | AF106: 4797 | AG106: -0.001
A107: East North Central | B107: Residential: Heating Degree Days: East North Central: High Zero-Carbon Technology Cost | C107: AEO.2025.HIGHZTC.KEI_HDD_RESD_NA_NA_NA_ENC_HDD.A | D107: HDD | F107: 5306 | G107: 5952 | H107: 5937 | I107: 5923 | J107: 5908 | K107: 5894 | L107: 5879 | M107: 5864 | N107: 5850 | O107: 5835 | P107: 5820 | Q107: 5806 | R107: 5791 | S107: 5776 | T107: 5762 | U107: 5747 | V107: 5732 | W107: 5717 | X107: 5703 | Y107: 5688 | Z107: 5673 | AA107: 5658 | AB107: 5644 | AC107: 5629 | AD107: 5614 | AE107: 5599 | AF107: 5585 | AG107: 0.002
A108: West North Central | B108: Residential: Heating Degree Days: West North Central: High Zero-Carbon Technology Cost | C108: AEO.2025.HIGHZTC.KEI_HDD_RESD_NA_NA_NA_WNC_HDD.A | D108: HDD | F108: 5716 | G108: 6383 | H108: 6376 | I108: 6369 | J108: 6362 | K108: 6355 | L108: 6348 | M108: 6341 | N108: 6334 | O108: 6327 | P108: 6319 | Q108: 6312 | R108: 6304 | S108: 6297 | T108: 6289 | U108: 6282 | V108: 6274 | W108: 6267 | X108: 6259 | Y108: 6252 | Z108: 6244 | AA108: 6236 | AB108: 6229 | AC108: 6221 | AD108: 6213 | AE108: 6206 | AF108: 6198 | AG108: 0.003
A109: South Atlantic | B109: Residential: Heating Degree Days: South Atlantic: High Zero-Carbon Technology Cost | C109: AEO.2025.HIGHZTC.KEI_HDD_RESD_NA_NA_NA_SATL_HDD.A | D109: HDD | F109: 2271 | G109: 2344 | H109: 2329 | I109: 2313 | J109: 2298 | K109: 2283 | L109: 2267 | M109: 2251 | N109: 2235 | O109: 2220 | P109: 2204 | Q109: 2188 | R109: 2173 | S109: 2157 | T109: 2141 | U109: 2125 | V109: 2110 | W109: 2094 | X109: 2079 | Y109: 2063 | Z109: 2047 | AA109: 2032 | AB109: 2016 | AC109: 2001 | AD109: 1985 | AE109: 1970 | AF109: 1955 | AG109: -0.006
A110: East South Central | B110: Residential: Heating Degree Days: East South Central: High Zero-Carbon Technology Cost | C110: AEO.2025.HIGHZTC.KEI_HDD_RESD_NA_NA_NA_ESC_HDD.A | D110: HDD | F110: 3024 | G110: 3161 | H110: 3148 | I110: 3136 | J110: 3123 | K110: 3111 | L110: 3098 | M110: 3086 | N110: 3073 | O110: 3060 | P110: 3048 | Q110: 3035 | R110: 3022 | S110: 3009 | T110: 2996 | U110: 2984 | V110: 2971 | W110: 2958 | X110: 2945 | Y110: 2933 | Z110: 2920 | AA110: 2907 | AB110: 2894 | AC110: 2881 | AD110: 2869 | AE110: 2856 | AF110: 2843 | AG110: -0.002
A111: West South Central | B111: Residential: Heating Degree Days: West South Central: High Zero-Carbon Technology Cost | C111: AEO.2025.HIGHZTC.KEI_HDD_RESD_NA_NA_NA_WSC_HDD.A | D111: HDD | F111: 1844 | G111: 1949 | H111: 1942 | I111: 1935 | J111: 1928 | K111: 1921 | L111: 1914 | M111: 1907 | N111: 1900 | O111: 1893 | P111: 1886 | Q111: 1879 | R111: 1872 | S111: 1865 | T111: 1858 | U111: 1852 | V111: 1845 | W111: 1838 | X111: 1831 | Y111: 1825 | Z111: 1818 | AA111: 1811 | AB111: 1805 | AC111: 1798 | AD111: 1791 | AE111: 1785 | AF111: 1778 | AG111: -0.001
A112: Mountain | B112: Residential: Heating Degree Days: Mountain: High Zero-Carbon Technology Cost | C112: AEO.2025.HIGHZTC.KEI_HDD_RESD_NA_NA_NA_MTN_HDD.A | D112: HDD | F112: 4753 | G112: 4877 | H112: 4871 | I112: 4865 | J112: 4858 | K112: 4851 | L112: 4844 | M112: 4837 | N112: 4830 | O112: 4823 | P112: 4816 | Q112: 4809 | R112: 4802 | S112: 4796 | T112: 4789 | U112: 4782 | V112: 4776 | W112: 4769 | X112: 4763 | Y112: 4756 | Z112: 4750 | AA112: 4744 | AB112: 4737 | AC112: 4731 | AD112: 4725 | AE112: 4718 | AF112: 4712 | AG112: 0
A113: Pacific | B113: Residential: Heating Degree Days: Pacific: High Zero-Carbon Technology Cost | C113: AEO.2025.HIGHZTC.KEI_HDD_RESD_NA_NA_NA_PCF_HDD.A | D113: HDD | F113: 3352 | G113: 3290 | H113: 3283 | I113: 3277 | J113: 3270 | K113: 3263 | L113: 3256 | M113: 3249 | N113: 3242 | O113: 3234 | P113: 3227 | Q113: 3219 | R113: 3212 | S113: 3204 | T113: 3197 | U113: 3189 | V113: 3181 | W113: 3174 | X113: 3166 | Y113: 3158 | Z113: 3150 | AA113: 3143 | AB113: 3135 | AC113: 3127 | AD113: 3119 | AE113: 3112 | AF113: 3104 | AG113: -0.003
A114: United States | B114: Residential: Heating Degree Days: United States: High Zero-Carbon Technology Cost | C114: AEO.2025.HIGHZTC.KEI_HDD_RESD_NA_NA_NA_USA_HDD.A | D114: HDD | F114: 3753.9636 | G114: 3970.7402 | H114: 3953.677 | I114: 3936.8809 | J114: 3919.8694 | K114: 3903.1021 | L114: 3885.9797 | M114: 3868.9492 | N114: 3852.032 | O114: 3835.0635 | P114: 3818.0864 | Q114: 3801.1135 | R114: 3784.3435 | S114: 3767.4775 | T114: 3750.6677 | U114: 3733.8269 | V114: 3716.9988 | W114: 3700.1577 | X114: 3683.5239 | Y114: 3666.8364 | Z114: 3649.8879 | AA114: 3633.3447 | AB114: 3616.6768 | AC114: 3600.1343 | AD114: 3583.5701 | AE114: 3567.7378 | AF114: 3551.7458 | AG114: -0.002
A115: Cooling Degree Days
A116: New England | B116: Residential: Cooling Degree Days: New England: High Zero-Carbon Technology Cost | C116: AEO.2025.HIGHZTC.KEI_CDD_RESD_NA_NA_NA_NENGL_CDD.A | D116: CDD | F116: 620 | G116: 609 | H116: 615 | I116: 621 | J116: 627 | K116: 633 | L116: 640 | M116: 646 | N116: 652 | O116: 659 | P116: 665 | Q116: 671 | R116: 678 | S116: 684 | T116: 690 | U116: 697 | V116: 703 | W116: 710 | X116: 716 | Y116: 722 | Z116: 729 | AA116: 735 | AB116: 741 | AC116: 748 | AD116: 754 | AE116: 760 | AF116: 767 | AG116: 0.008
...

Sheet AEO 2025 Table 5
A1: Table 5. Commercial Sector Key Indicators and Consumption
A2: https://www.eia.gov/outlooks/aeo/data/browser/#/?id=5-AEO2025&cases=highZTC&sourcekey=0
A3: Tue Dec 02 2025 13:13:07 GMT-0800 (Pacific Standard Time)
A4: Source: U.S. Energy Information Administration
B5: full name | C5: api key | D5: units | E5: 2023 | F5: 2024 | G5: 2025 | H5: 2026 | I5: 2027 | J5: 2028 | K5: 2029 | L5: 2030 | M5: 2031 | N5: 2032 | O5: 2033 | P5: 2034 | Q5: 2035 | R5: 2036 | S5: 2037 | T5: 2038 | U5: 2039 | V5: 2040 | W5: 2041 | X5: 2042 | Y5: 2043 | Z5: 2044 | AA5: 2045 | AB5: 2046 | AC5: 2047 | AD5: 2048 | AE5: 2049 | AF5: 2050 | AG5: Growth (2024-2050)
A6: Key Indicators
A7: Total Floorspace (billion square feet)
A8: Surviving | B8: Commercial: Total Floorspace: Surviving: High Zero-Carbon Technology Cost | C8: AEO.2025.HIGHZTC.KEI_NA_COMM_NA_TFP_SURV_USA_BLNSQFT.A | D8: billion sq ft | F8: 100.6298 | G8: 101.84551 | H8: 102.98341 | I8: 104.38231 | J8: 105.94974 | K8: 107.60669 | L8: 109.2576 | M8: 110.865 | N8: 112.44348 | O8: 114.02752 | P8: 115.62702 | Q8: 117.23369 | R8: 118.833 | S8: 120.40864 | T8: 121.95262 | U8: 123.4675 | V8: 124.95824 | W8: 126.43023 | X8: 127.88881 | Y8: 129.33743 | Z8: 130.7792 | AA8: 132.21799 | AB8: 133.6573 | AC8: 135.10043 | AD8: 136.55005 | AE8: 138.00769 | AF8: 139.47395 | AG8: 0.013
A9: New Additions | B9: Commercial: Total Floorspace: New Additions: High Zero-Carbon Technology Cost | C9: AEO.2025.HIGHZTC.KEI_NA_COMM_NA_TFP_NADN_USA_BLNSQFT.A | D9: billion sq ft | F9: 2.742075 | G9: 2.676447 | H9: 2.951616 | I9: 3.136872 | J9: 3.245102 | K9: 3.258995 | L9: 3.235985 | M9: 3.227938 | N9: 3.254824 | O9: 3.292159 | P9: 3.321622 | Q9: 3.336882 | R9: 3.335924 | S9: 3.326909 | T9: 3.320311 | U9: 3.318532 | V9: 3.321972 | W9: 3.3306 | X9: 3.342516 | Y9: 3.357474 | Z9: 3.376159 | AA9: 3.398343 | AB9: 3.423773 | AC9: 3.451868 | AD9: 3.481559 | AE9: 3.51192 | AF9: 3.542278 | AG9: 0.01
A10: Total | B10: Commercial: Total Floorspace: Total: High Zero-Carbon Technology Cost | C10: AEO.2025.HIGHZTC.KEI_NA_COMM_NA_TFP_TOT_USA_BLNSQFT.A | D10: billion sq ft | F10: 103.37187 | G10: 104.52195 | H10: 105.93502 | I10: 107.51918 | J10: 109.19484 | K10: 110.86568 | L10: 112.49358 | M10: 114.09293 | N10: 115.6983 | O10: 117.31968 | P10: 118.94865 | Q10: 120.57057 | R10: 122.16892 | S10: 123.73555 | T10: 125.27293 | U10: 126.78603 | V10: 128.28021 | W10: 129.76083 | X10: 131.23132 | Y10: 132.6949 | Z10: 134.15536 | AA10: 135.61633 | AB10: 137.08107 | AC10: 138.55231 | AD10: 140.0316 | AE10: 141.51961 | AF10: 143.01623 | AG10: 0.013
A11: Energy Consumption Intensity
A12: (thousand Btu per square foot)
A13: Gross End-use Consumption | B13: Commercial: Energy Use Intensity: Gross End-use Consumption: High Zero-Carbon Technology Cost | C13: AEO.2025.HIGHZTC.INY_NA_COMM_NA_EUI_DLENCONS_USA_THBTUPSQFT.A | D13: thousand Btu/sq ft | F13: 91.297417 | G13: 93.06604 | H13: 92.122139 | I13: 91.445877 | J13: 90.480347 | K13: 89.907692 | L13: 89.112656 | M13: 88.37957 | N13: 87.622482 | O13: 86.837357 | P13: 86.167732 | Q13: 85.690338 | R13: 85.397949 | S13: 85.214699 | T13: 85.044395 | U13: 84.943207 | V13: 84.840546 | W13: 84.733612 | X13: 84.622826 | Y13: 84.529892 | Z13: 84.476494 | AA13: 84.450005 | AB13: 84.41684 | AC13: 84.421028 | AD13: 84.46035 | AE13: 84.503151 | AF13: 84.555496 | AG13: -0.003
A14: Delivered Energy Consumption | B14: Commercial: Energy Use Intensity: Delivered Energy Consumption: High Zero-Carbon Technology Cost | C14: AEO.2025.HIGHZTC.INY_NA_COMM_NA_EUI_ERL_USA_THBTUPSQFT.A | D14: thousand Btu/sq ft | F14: 89.926224 | G14: 91.548019 | H14: 90.468704 | I14: 89.751579 | J14: 88.74955 | K14: 88.113716 | L14: 87.240326 | M14: 86.402924 | N14: 85.555893 | O14: 84.661987 | P14: 83.932785 | Q14: 83.432762 | R14: 83.125374 | S14: 82.923317 | T14: 82.710251 | U14: 82.597198 | V14: 82.477486 | W14: 82.33297 | X14: 82.186722 | Y14: 82.053062 | Z14: 81.959312 | AA14: 81.891106 | AB14: 81.823502 | AC14: 81.784096 | AD14: 81.778503 | AE14: 81.779785 | AF14: 81.785347 | AG14: -0.004
A15: Energy Consumption by Fuel
A16: Electricity
A17: Space Heating | B17: Commercial: Purchased Electricity: Space Heating: High Zero-Carbon Technology Cost | C17: AEO.2025.HIGHZTC.CNSM_NA_COMM_NA_PRC_SPH_USA_QBTU.A | D17: quads | F17: 0.186541 | G17: 0.197985 | H17: 0.198076 | I17: 0.199054 | J17: 0.199048 | K17: 0.197891 | L17: 0.196351 | M17: 0.19459 | N17: 0.192773 | O17: 0.190066 | P17: 0.187679 | Q17: 0.186546 | R17: 0.185712 | S17: 0.184911 | T17: 0.183733 | U17: 0.182497 | V17: 0.181191 | W17: 0.179785 | X17: 0.178212 | Y17: 0.176566 | Z17: 0.174797 | AA17: 0.172949 | AB17: 0.171014 | AC17: 0.169022 | AD17: 0.166995 | AE17: 0.165017 | AF17: 0.163026 | AG17: -0.005
A18: Space Cooling 3/ | B18: Commercial: Purchased Electricity: Space Cooling: High Zero-Carbon Technology Cost | C18: AEO.2025.HIGHZTC.CNSM_NA_COMM_NA_PRC_SPC_USA_QBTU.A | D18: quads | F18: 0.572863 | G18: 0.555504 | H18: 0.567101 | I18: 0.581417 | J18: 0.593019 | K18: 0.600526 | L18: 0.605656 | M18: 0.610511 | N18: 0.615916 | O18: 0.620551 | P18: 0.626405 | Q18: 0.634237 | R18: 0.64382 | S18: 0.653979 | T18: 0.663072 | U18: 0.672389 | V18: 0.681693 | W18: 0.691424 | X18: 0.700888 | Y18: 0.710873 | Z18: 0.720879 | AA18: 0.730822 | AB18: 0.740723 | AC18: 0.750737 | AD18: 0.760976 | AE18: 0.77153 | AF18: 0.782225 | AG18: 0.012
A19: Water Heating | B19: Commercial: Purchased Electricity: Water Heating: High Zero-Carbon Technology Cost | C19: AEO.2025.HIGHZTC.CNSM_NA_COMM_NA_PRC_WTHT_USA_QBTU.A | D19: quads | F19: 0.074498 | G19: 0.074071 | H19: 0.074182 | I19: 0.074694 | J19: 0.074824 | K19: 0.074442 | L19: 0.073763 | M19: 0.072947 | N19: 0.072144 | O19: 0.07123 | P19: 0.070423 | Q19: 0.069795 | R19: 0.069306 | S19: 0.06885 | T19: 0.068283 | U19: 0.067699 | V19: 0.067105 | W19: 0.066492 | X19: 0.065852 | Y19: 0.065211 | Z19: 0.06455 | AA19: 0.063869 | AB19: 0.063171 | AC19: 0.062463 | AD19: 0.061751 | AE19: 0.061051 | AF19: 0.060345 | AG19: -0.008
A20: Ventilation | B20: Commercial: Purchased Electricity: Ventilation: High Zero-Carbon Technology Cost | C20: AEO.2025.HIGHZTC.CNSM_NA_COMM_NA_PRC_VNTC_USA_QBTU.A | D20: quads | F20: 0.744661 | G20: 0.756603 | H20: 0.773226 | I20: 0.794686 | J20: 0.812654 | K20: 0.825388 | L20: 0.832556 | M20: 0.83919 | N20: 0.846238 | O20: 0.852703 | P20: 0.860542 | Q20: 0.870582 | R20: 0.882446 | S20: 0.894907 | T20: 0.906128 | U20: 0.91749 | V20: 0.928914 | W20: 0.940408 | X20: 0.951505 | Y20: 0.962645 | Z20: 0.973623 | AA20: 0.984451 | AB20: 0.995252 | AC20: 1.006035 | AD20: 1.016947 | AE20: 1.028129 | AF20: 1.039459 | AG20: 0.013
A21: Cooking | B21: Commercial: Purchased Electricity: Cooking: High Zero-Carbon Technology Cost | C21: AEO.2025.HIGHZTC.CNSM_NA_COMM_NA_PRC_CGR_USA_QBTU.A | D21: quads | F21: 0.084363 | G21: 0.084583 | H21: 0.085052 | I21: 0.085953 | J21: 0.086428 | K21: 0.086317 | L21: 0.085872 | M21: 0.085313 | N21: 0.084775 | O21: 0.08415 | P21: 0.083641 | Q21: 0.083324 | R21: 0.083155 | S21: 0.083004 | T21: 0.082701 | U21: 0.08237 | V21: 0.08201 | W21: 0.081651 | X21: 0.081245 | Y21: 0.080829 | Z21: 0.08037 | AA21: 0.079869 | AB21: 0.079338 | AC21: 0.078786 | AD21: 0.078226 | AE21: 0.077667 | AF21: 0.077102 | AG21: -0.003
A22: Lighting | B22: Commercial: Purchased Electricity: Lighting: High Zero-Carbon Technology Cost | C22: AEO.2025.HIGHZTC.CNSM_NA_COMM_NA_PRC_LGHTNG_USA_QBTU.A | D22: quads | F22: 0.575629 | G22: 0.564073 | H22: 0.561419 | I22: 0.564836 | J22: 0.567739 | K22: 0.568038 | L22: 0.557796 | M22: 0.548668 | N22: 0.540723 | O22: 0.532836 | P22: 0.525787 | Q22: 0.520252 | R22: 0.516397 | S22: 0.513764 | T22: 0.511098 | U22: 0.509139 | V22: 0.506221 | W22: 0.504248 | X22: 0.502663 | Y22: 0.501633 | Z22: 0.500871 | AA22: 0.50037 | AB22: 0.500099 | AC22: 0.499308 | AD22: 0.498756 | AE22: 0.498499 | AF22: 0.498199 | AG22: -0.006
A23: Refrigeration | B23: Commercial: Purchased Electricity: Refrigeration: High Zero-Carbon Technology Cost | C23: AEO.2025.HIGHZTC.CNSM_NA_COMM_NA_PRC_REFR_USA_QBTU.A | D23: quads | F23: 0.367309 | G23: 0.368624 | H23: 0.370766 | I23: 0.374365 | J23: 0.377621 | K23: 0.380001 | L23: 0.380716 | M23: 0.381667 | N23: 0.382904 | O23: 0.384225 | P23: 0.385941 | Q23: 0.38814 | R23: 0.39069 | S23: 0.393327 | T23: 0.395723 | U23: 0.398099 | V23: 0.400438 | W23: 0.403045 | X23: 0.405577 | Y23: 0.408103 | Z23: 0.410566 | AA23: 0.412967 | AB23: 0.415333 | AC23: 0.417661 | AD23: 0.419969 | AE23: 0.422275 | AF23: 0.424554 | AG23: 0.006
A24: Computing | B24: Commercial: Purchased Electricity: Computing: High Zero-Carbon Technology Cost | C24: AEO.2025.HIGHZTC.CNSM_NA_COMM_NA_PRC_OTHEQPPC_USA_QBTU.A | D24: quads | F24: 0.341028 | G24: 0.357353 | H24: 0.375373 | I24: 0.394874 | J24: 0.415307 | K24: 0.435397 | L24: 0.45559 | M24: 0.476515 | N24: 0.498559 | O24: 0.521742 | P24: 0.546356 | Q24: 0.572547 | R24: 0.600297 | S24: 0.630078 | T24: 0.660603 | U24: 0.692721 | V24: 0.726536 | W24: 0.76207 | X24: 0.798772 | Y24: 0.836762 | Z24: 0.876796 | AA24: 0.918226 | AB24: 0.961156 | AC24: 1.006466 | AD24: 1.053483 | AE24: 1.101443 | AF24: 1.152105 | AG24: 0.048
A25: Office Equipment | B25: Commercial: Purchased Electricity: Office Equipment: High Zero-Carbon Technology Cost | C25: AEO.2025.HIGHZTC.CNSM_NA_COMM_NA_PRC_OTHEQPNPC_USA_QBTU.A | D25: quads | F25: 0.043232 | G25: 0.043304 | H25: 0.043522 | I25: 0.043887 | J25: 0.044332 | K25: 0.044707 | L25: 0.045026 | M25: 0.045362 | N25: 0.045696 | O25: 0.046077 | P25: 0.046523 | Q25: 0.046986 | R25: 0.047455 | S25: 0.047915 | T25: 0.048288 | U25: 0.048647 | V25: 0.048933 | W25: 0.04908 | X25: 0.049147 | Y25: 0.04914 | Z25: 0.048991 | AA25: 0.048634 | AB25: 0.048195 | AC25: 0.047543 | AD25: 0.046675 | AE25: 0.045653 | AF25: 0.044405 | AG25: 0.001
A26: Other Uses | B26: Commercial: Purchased Electricity: Other Uses: High Zero-Carbon Technology Cost | C26: AEO.2025.HIGHZTC.CNSM_NA_COMM_NA_PRC_OTHU_USA_QBTU.A | D26: quads | F26: 1.900956 | G26: 1.978316 | H26: 1.908781 | I26: 1.89502 | J26: 1.879119 | K26: 1.913518 | L26: 1.944432 | M26: 1.974445 | N26: 2.004845 | O26: 2.035856 | P26: 2.068322 | Q26: 2.102765 | R26: 2.139369 | S26: 2.1765 | T26: 2.213699 | U26: 2.251456 | V26: 2.289937 | W26: 2.329063 | X26: 2.368841 | Y26: 2.409592 | Z26: 2.451186 | AA26: 2.493665 | AB26: 2.536645 | AC26: 2.580551 | AD26: 2.62578 | AE26: 2.671892 | AF26: 2.719254 | AG26: 0.014
A27: Gross End-use Electricity Consumption | B27: Commercial: Energy Consumption by Fuel: Electricity Subtotal: High Zero-Carbon Technology Cost | C27: AEO.2025.HIGHZTC.CNSM_NA_COMM_NA_PRC_DELE_USA_QBTU.A | D27: quads | F27: 4.891081 | G27: 4.980416 | H27: 4.957498 | I27: 5.008786 | J27: 5.050092 | K27: 5.126225 | L27: 5.177759 | M27: 5.229208 | N27: 5.284572 | O27: 5.339435 | P27: 5.40162 | Q27: 5.475173 | R27: 5.558648 | S27: 5.647235 | T27: 5.733328 | U27: 5.822506 | V27: 5.912979 | W27: 6.007267 | X27: 6.102704 | Y27: 6.201353 | Z27: 6.302629 | AA27: 6.405821 | AB27: 6.510925 | AC27: 6.618572 | AD27: 6.729558 | AE27: 6.843156 | AF27: 6.960674 | AG27: 0.014
A28: Purchased Electricity for Electric Vehicle Charging | B28: Commercial: Energy Consumption by Fuel: Purchased Electricity for EV Charging: High Zero-Carbon Technology Cost | C28: AEO.2025.HIGHZTC.GEN_NA_COMM_NA_PRC_EVCHA_USA_QBTU.A | D28: quads | F28: 0.018762 | G28: 0.028121 | H28: 0.042235 | I28: 0.061641 | J28: 0.08625 | K28: 0.117048 | L28: 0.159369 | M28: 0.212916 | N28: 0.284019 | O28: 0.359777 | P28: 0.434374 | Q28: 0.506031 | R28: 0.574096 | S28: 0.638567 | T28: 0.698516 | U28: 0.754337 | V28: 0.806113 | W28: 0.85333 | X28: 0.895904 | Y28: 0.933313 | Z28: 0.966346 | AA28: 0.995626 | AB28: 1.021931 | AC28: 1.045841 | AD28: 1.066279 | AE28: 1.084419 | AF28: 1.100623 | AG28: 0.17
... A30: Purchased Electricity at Commercial Location | B30: Commercial: Energy Consumption by Fuel: Purchased Electricity: High Zero-Carbon Technology Cost | C30: AEO.2025.HIGHZTC.CNSM_NA_COMM_NA_DELE_ELC_USA_QBTU.A | D30: quads | F30: 4.7681 | G30: 4.849871 | H30: 4.824575 | I30: 4.888259 | J30: 4.947349 | K30: 5.044383 | L30: 5.126503 | M30: 5.216602 | N30: 5.329492 | O30: 5.444 | P30: 5.570151 | Q30: 5.709007 | R30: 5.855105 | S30: 6.002276 | T30: 6.139438 | U30: 6.279403 | V30: 6.415958 | W30: 6.549087 | X30: 6.678914 | Y30: 6.806004 | Z30: 6.931282 | AA30: 7.05442 | AB30: 7.177359 | AC30: 7.299059 | AD30: 7.420295 | AE30: 7.542165 | AF30: 7.665122 | AG30: 0.018
A31: Natural Gas
A32: Space Heating | B32: Commercial: Natural Gas: Space Heating: High Zero-Carbon Technology Cost | C32: AEO.2025.HIGHZTC.CNSM_NA_COMM_NA_NG_SPH_USA_QBTU.A | D32: quads | F32: 1.537413 | G32: 1.697475 | H32: 1.716881 | I32: 1.721059 | J32: 1.717088 | K32: 1.708489 | L32: 1.695878 | M32: 1.685565 | N32: 1.671333 | O32: 1.655639 | P32: 1.641919 | Q32: 1.633058 | R32: 1.628727 | S32: 1.626826 | T32: 1.625526 | U32: 1.62533 | V32: 1.623697 | W32: 1.619696 | X32: 1.614416 | Y32: 1.608446 | Z32: 1.603702 | AA32: 1.599288 | AB32: 1.593816 | AC32: 1.589346 | AD32: 1.585737 | AE32: 1.581855 | AF32: 1.577464 | AG32: 0.001
A33: Space Cooling | B33: Commercial: Natural Gas: Space Cooling: High Zero-Carbon Technology Cost | C33: AEO.2025.HIGHZTC.CNSM_NA_COMM_NA_NG_SPC_USA_QBTU.A | D33: quads | F33: 0.01832 | G33: 0.01762 | H33: 0.017856 | I33: 0.017985 | J33: 0.018026 | K33: 0.018042 | L33: 0.018032 | M33: 0.018032 | N33: 0.017987 | O33: 0.017929 | P33: 0.017896 | Q33: 0.017929 | R33: 0.018024 | S33: 0.01816 | T33: 0.01831 | U33: 0.018494 | V33: 0.018663 | W33: 0.018817 | X33: 0.018945 | Y33: 0.019081 | Z33: 0.019247 | AA33: 0.019418 | AB33: 0.019581 | AC33: 0.019763 | AD33: 0.019966 | AE33: 0.020156 | AF33: 0.020358 | AG33: 0.004
A34: Water Heating | B34: Commercial: Natural Gas: Water Heating: High Zero-Carbon Technology Cost | C34: AEO.2025.HIGHZTC.CNSM_NA_COMM_NA_NG_WTHT_USA_QBTU.A | D34: quads | F34: 0.269945 | G34: 0.282625 | H34: 0.290403 | I34: 0.2948 | J34: 0.298126 | K34: 0.300994 | L34: 0.303366 | M34: 0.305882 | N34: 0.30765 | O34: 0.309273 | P34: 0.311314 | Q34: 0.314163 | R34: 0.317874 | S34: 0.322065 | T34: 0.326389 | U34: 0.330938 | V34: 0.335197 | W34: 0.339036 | X34: 0.342592 | Y34: 0.346006 | Z34: 0.349657 | AA34: 0.353361 | AB34: 0.356839 | AC34: 0.360547 | AD34: 0.364444 | AE34: 0.368194 | AF34: 0.371812 | AG34: 0.012
A35: Cooking | B35: Commercial: Natural Gas: Cooking: High Zero-Carbon Technology Cost | C35: AEO.2025.HIGHZTC.CNSM_NA_COMM_NA_NG_CGR_USA_QBTU.A | D35: quads | F35: 0.400883 | G35: 0.418216 | H35: 0.427767 | I35: 0.434062 | J35: 0.438574 | K35: 0.442312 | L35: 0.445268 | M35: 0.448634 | N35: 0.451018 | O35: 0.453211 | P35: 0.455967 | Q35: 0.459839 | R35: 0.464891 | S35: 0.470575 | T35: 0.476397 | U35: 0.482477 | V35: 0.488085 | W35: 0.493181 | X35: 0.497859 | Y35: 0.502327 | Z35: 0.507092 | AA35: 0.511912 | AB35: 0.516398 | AC35: 0.521192 | AD35: 0.526222 | AE35: 0.531022 | AF35: 0.535618 | AG35: 0.011
A36: Other Uses | B36: Commercial: Natural Gas: Other Uses: High Zero-Carbon Technology Cost | C36: AEO.2025.HIGHZTC.CNSM_NA_COMM_NA_NG_OTHU_USA_QBTU.A | D36: quads | F36: 1.200143 | G36: 1.195241 | H36: 1.192541 | I36: 1.18453 | J36: 1.172073 | K36: 1.174134 | L36: 1.174214 | M36: 1.173943 | N36: 1.170539 | O36: 1.1664 | P36: 1.16325 | Q36: 1.162672 | R36: 1.164979 | S36: 1.16898 | T36: 1.173669 | U36: 1.179099 | V36: 1.183828 | W36: 1.186681 | X36: 1.188695 | Y36: 1.190251 | Z36: 1.192779 | AA36: 1.19538 | AB36: 1.197174 | AC36: 1.199681 | AD36: 1.202824 | AE36: 1.205542 | AF36: 1.207929 | AG36: 0
A37: Delivered Energy | B37: Commercial: Natural Gas: Delivered Energy: High Zero-Carbon Technology Cost | C37: AEO.2025.HIGHZTC.CNSM_NA_COMM_NA_NG_DELE_USA_QBTU.A | D37: quads | F37: 3.426704 | G37: 3.611178 | H37: 3.645448 | I37: 3.652436 | J37: 3.643887 | K37: 3.643972 | L37: 3.636758 | M37: 3.632056 | N37: 3.618527 | O37: 3.602453 | P37: 3.590345 | Q37: 3.58766 | R37: 3.594494 | S37: 3.606606 | T37: 3.620292 | U37: 3.636338 | V37: 3.64947 | W37: 3.657411 | X37: 3.662507 | Y37: 3.666111 | Z37: 3.672477 | AA37: 3.67936 | AB37: 3.683807 | AC37: 3.690529 | AD37: 3.699193 | AE37: 3.706769 | AF37: 3.713181 | AG37: 0.003
A38: Distillate Fuel Oil
A39: Space Heating | B39: Commercial: Distillate Fuel Oil: Space Heating: High Zero-Carbon Technology Cost | C39: AEO.2025.HIGHZTC.CNSM_NA_COMM_NA_DFO_SPH_USA_QBTU.A | D39: quads | F39: 0.069269 | G39: 0.074071 | H39: 0.073987 | I39: 0.073583 | J39: 0.072936 | K39: 0.071975 | L39: 0.070986 | M39: 0.069949 | N39: 0.068908 | O39: 0.067778 | P39: 0.066642 | Q39: 0.065496 | R39: 0.064415 | S39: 0.063298 | T39: 0.06222 | U39: 0.061174 | V39: 0.060119 | W39: 0.059095 | X39: 0.058066 | Y39: 0.057049 | Z39: 0.055952 | AA39: 0.055022 | AB39: 0.054114 | AC39: 0.053304 | AD39: 0.052548 | AE39: 0.051773 | AF39: 0.050965 | AG39: -0.012
A40: Water Heating | B40: Commercial: Distillate Fuel Oil: Water Heating: High Zero-Carbon Technology Cost | C40: AEO.2025.HIGHZTC.CNSM_NA_COMM_NA_DFO_WTHT_USA_QBTU.A | D40: quads | F40: 0.003746 | G40: 0.003811 | H40: 0.003828 | I40: 0.003833 | J40: 0.003829 | K40: 0.003819 | L40: 0.00381 | M40: 0.003796 | N40: 0.003782 | O40: 0.003765 | P40: 0.003747 | Q40: 0.003729 | R40: 0.003714 | S40: 0.003697 | T40: 0.003681 | U40: 0.003667 | V40: 0.003652 | W40: 0.003637 | X40: 0.003621 | Y40: 0.003606 | Z40: 0.003584 | AA40: 0.003572 | AB40: 0.003561 | AC40: 0.003556 | AD40: 0.003553 | AE40: 0.003548 | AF40: 0.00354 | AG40: -0.002
A41: Other Uses | B41: Commercial: Distillate Fuel Oil: Other Uses: High Zero-Carbon Technology Cost | C41: AEO.2025.HIGHZTC.CNSM_NA_COMM_NA_DFO_OTHU_USA_QBTU.A | D41: quads | F41: 0.235269 | G41: 0.238648 | H41: 0.242276 | I41: 0.244607 | J41: 0.246048 | K41: 0.247077 | L41: 0.248054 | M41: 0.248537 | N41: 0.24897 | O41: 0.248937 | P41: 0.248789 | Q41: 0.248491 | R41: 0.248383 | S41: 0.24808 | T41: 0.247905 | U41: 0.247811 | V41: 0.247625 | W41: 0.247337 | X41: 0.246923 | Y41: 0.246471 | Z41: 0.245575 | AA41: 0.245337 | AB41: 0.245137 | AC41: 0.245284 | AD41: 0.245618 | AE41: 0.24574 | AF41: 0.245625 | AG41: 0.002
A42: Delivered Energy | B42: Commercial: Distillate Fuel Oil: Delivered Energy: High Zero-Carbon Technology Cost | C42: AEO.2025.HIGHZTC.CNSM_NA_COMM_NA_DFO_DELE_USA_QBTU.A | D42: quads | F42: 0.308284 | G42: 0.316531 | H42: 0.320091 | I42: 0.322023 | J42: 0.322813 | K42: 0.322871 | L42: 0.32285 | M42: 0.322282 | N42: 0.32166 | O42: 0.320479 | P42: 0.319178 | Q42: 0.317716 | R42: 0.316511 | S42: 0.315075 | T42: 0.313805 | U42: 0.312652 | V42: 0.311396 | W42: 0.310069 | X42: 0.30861 | Y42: 0.307126 | Z42: 0.305111 | AA42: 0.303931 | AB42: 0.302812 | AC42: 0.302144 | AD42: 0.301719 | AE42: 0.30106 | AF42: 0.30013 | AG42: -0.001
A43: Marketed Renewables (biomass) | B43: Commercial: Marketed Renewables (biomass): High Zero-Carbon Technology Cost | C43: AEO.2025.HIGHZTC.CNSM_NA_COMM_NA_BMS_NA_USA_QBTU.A | D43: quads | F43: 0.158104 | G43: 0.158104 | H43: 0.158104 | I43: 0.158104 | J43: 0.158104 | K43: 0.158104 | L43: 0.158104 | M43: 0.158104 | N43: 0.158104 | O43: 0.158104 | P43: 0.158104 | Q43: 0.158104 | R43: 0.158104 | S43: 0.158104 | T43: 0.158104 | U43: 0.158104 | V43: 0.158104 | W43: 0.158104 | X43: 0.158104 | Y43: 0.158104 | Z43: 0.158104 | AA43: 0.158104 | AB43: 0.158104 | AC43: 0.158104 | AD43: 0.158104 | AE43: 0.158104 | AF43: 0.158104 | AG43: 0
A44: Other Fuels | B44: Commercial: Other Fuels: High Zero-Carbon Technology Cost | C44: AEO.2025.HIGHZTC.CNSM_NA_COMM_NA_OFU_NA_USA_QBTU.A | D44: quads | F44: 0.653411 | G44: 0.661214 | H44: 0.677821 | I44: 0.690836 | J44: 0.705091 | K44: 0.716506 | L44: 0.729131 | M44: 0.741835 | N44: 0.754909 | O44: 0.76726 | P44: 0.780288 | Q44: 0.79308 | R44: 0.805218 | S44: 0.817067 | T44: 0.828231 | U44: 0.840011 | V44: 0.851415 | W44: 0.862254 | X44: 0.873242 | Y44: 0.883991 | Z44: 0.894654 | AA44: 0.905585 | AB44: 0.916303 | AC44: 0.927382 | AD44: 0.938543 | AE44: 0.949764 | AF44: 0.960719 | AG44: 0.015
A45: Energy Consumption by End Use
A46: Space Heating | B46: Commercial: Delivered Energy Use by End Use: Space Heating: High Zero-Carbon Technology Cost | C46: AEO.2025.HIGHZTC.CNSM_NA_COMM_NA_DEE_SPH_USA_QBTU.A | D46: quads | F46: 1.793223 | G46: 1.969532 | H46: 1.988944 | I46: 1.993697 | J46: 1.989073 | K46: 1.978354 | L46: 1.963215 | M46: 1.950104 | N46: 1.933014 | O46: 1.913483 | P46: 1.89624 | Q46: 1.8851 | R46: 1.878854 | S46: 1.875036 | T46: 1.871479 | U46: 1.869001 | V46: 1.865007 | W46: 1.858576 | X46: 1.850695 | Y46: 1.842061 | Z46: 1.834451 | AA46: 1.827259 | AB46: 1.818943 | AC46: 1.811671 | AD46: 1.80528 | AE46: 1.798646 | AF46: 1.791455 | AG46: 0
A47: Space Cooling | B47: Commercial: Delivered Energy Use by End Use: Space Cooling: High Zero-Carbon Technology Cost | C47: AEO.2025.HIGHZTC.CNSM_NA_COMM_NA_DEE_SPC_USA_QBTU.A | D47: quads | F47: 0.591183 | G47: 0.573124 | H47: 0.584957 | I47: 0.599402 | J47: 0.611045 | K47: 0.618568 | L47: 0.623688 | M47: 0.628543 | N47: 0.633903 | O47: 0.63848 | P47: 0.644301 | Q47: 0.652166 | R47: 0.661844 | S47: 0.672138 | T47: 0.681383 | U47: 0.690883 | V47: 0.700357 | W47: 0.710241 | X47: 0.719833 | Y47: 0.729954 | Z47: 0.740125 | AA47: 0.75024 | AB47: 0.760304 | AC47: 0.7705 | AD47: 0.780941 | AE47: 0.791686 | AF47: 0.802583 | AG47: 0.012
A48: Water Heating | B48: Commercial: Delivered Energy Use by End Use: Water Heating: High Zero-Carbon Technology Cost | C48: AEO.2025.HIGHZTC.CNSM_NA_COMM_NA_DEE_WTHT_USA_QBTU.A | D48: quads | F48: 0.348189 | G48: 0.360507 | H48: 0.368414 | I48: 0.373327 | J48: 0.376779 | K48: 0.379255 | L48: 0.380939 | M48: 0.382625 | N48: 0.383577 | O48: 0.384267 | P48: 0.385484 | Q48: 0.387687 | R48: 0.390894 | S48: 0.394612 | T48: 0.398352 | U48: 0.402303 | V48: 0.405953 | W48: 0.409165 | X48: 0.412065 | Y48: 0.414822 | Z48: 0.417791 | AA48: 0.420802 | AB48: 0.42357 | AC48: 0.426566 | AD48: 0.429748 | AE48: 0.432792 | AF48: 0.435698 | AG48: 0.009
A49: Ventilation | B49: Commercial: Delivered Energy Use by End Use: Ventilation: High Zero-Carbon Technology Cost | C49: AEO.2025.HIGHZTC.CNSM_NA_COMM_NA_DEE_VNTC_USA_QBTU.A | D49: quads | F49: 0.744661 | G49: 0.756603 | H49: 0.773226 | I49: 0.794686 | J49: 0.812654 | K49: 0.825388 | L49: 0.832556 | M49: 0.83919 | N49: 0.846238 | O49: 0.852703 | P49: 0.860542 | Q49: 0.870582 | R49: 0.882446 | S49: 0.894907 | T49: 0.906128 | U49: 0.91749 | V49: 0.928914 | W49: 0.940408 | X49: 0.951505 | Y49: 0.962645 | Z49: 0.973623 | AA49: 0.984451 | AB49: 0.995252 | AC49: 1.006035 | AD49: 1.016947 | AE49: 1.028129 | AF49: 1.039459 | AG49: 0.013
A50: Cooking | B50: Commercial: Delivered Energy Use by End Use: Cooking: High Zero-Carbon Technology Cost | C50: AEO.2025.HIGHZTC.CNSM_NA_COMM_NA_DEE_CGR_USA_QBTU.A | D50: quads | F50: 0.485247 | G50: 0.502799 | H50: 0.512819 | I50: 0.520016 | J50: 0.525002 | K50: 0.528629 | L50: 0.53114 | M50: 0.533947 | N50: 0.535792 | O50: 0.537361 | P50: 0.539608 | Q50: 0.543163 | R50: 0.548046 | S50: 0.553579 | T50: 0.559098 | U50: 0.564847 | V50: 0.570095 | W50: 0.574832 | X50: 0.579104 | Y50: 0.583157 | Z50: 0.587462 | AA50: 0.591781 | AB50: 0.595736 | AC50: 0.599977 | AD50: 0.604447 | AE50: 0.608689 | AF50: 0.61272 | AG50: 0.009
A51: Lighting | B51: Commercial: Delivered Energy Use by End Use: Lighting: High Zero-Carbon Technology Cost | C51: AEO.2025.HIGHZTC.CNSM_NA_COMM_NA_DEE_LGHTNG_USA_QBTU.A | D51: quads | F51: 0.575629 | G51: 0.564073 | H51: 0.561419 | I51: 0.564836 | J51: 0.567739 | K51: 0.568038 | L51: 0.557796 | M51: 0.548668 | N51: 0.540723 | O51: 0.532836 | P51: 0.525787 | Q51: 0.520252 | R51: 0.516397 | S51: 0.513764 | T51: 0.511098 | U51: 0.509139 | V51: 0.506221 | W51: 0.504248 | X51: 0.502663 | Y51: 0.501633 | Z51: 0.500871 | AA51: 0.50037 | AB51: 0.500099 | AC51: 0.499308 | AD51: 0.498756 | AE51: 0.498499 | AF51: 0.498199 | AG51: -0.006
A52: Refrigeration | B52: Commercial: Delivered Energy Use by End Use: Refrigeration: High Zero-Carbon Technology Cost | C52: AEO.2025.HIGHZTC.CNSM_NA_COMM_NA_DEE_REFR_USA_QBTU.A | D52: quads | F52: 0.367309 | G52: 0.368624 | H52: 0.370766 | I52: 0.374365 | J52: 0.377621 | K52: 0.380001 | L52: 0.380716 | M52: 0.381667 | N52: 0.382904 | O52: 0.384225 | P52: 0.385941 | Q52: 0.38814 | R52: 0.39069 | S52: 0.393327 | T52: 0.395723 | U52: 0.398099 | V52: 0.400438 | W52: 0.403045 | X52: 0.405577 | Y52: 0.408103 | Z52: 0.410566 | AA52: 0.412967 | AB52: 0.415333 | AC52: 0.417661 | AD52: 0.419969 | AE52: 0.422275 | AF52: 0.424554 | AG52: 0.006
A53: Computing | B53: Commercial: Delivered Energy Use by End Use: Computing: High Zero-Carbon Technology Cost | C53: AEO.2025.HIGHZTC.CNSM_NA_COMM_NA_DEE_OFEQPC_USA_QBTU.A | D53: quads | F53: 0.341028 | G53: 0.357353 | H53: 0.375373 | I53: 0.394874 | J53: 0.415307 | K53: 0.435397 | L53: 0.45559 | M53: 0.476515 | N53: 0.498559 | O53: 0.521742 | P53: 0.546356 | Q53: 0.572547 | R53: 0.600297 | S53: 0.630078 | T53: 0.660603 | U53: 0.692721 | V53: 0.726536 | W53: 0.76207 | X53: 0.798772 | Y53: 0.836762 | Z53: 0.876796 | AA53: 0.918226 | AB53: 0.961156 | AC53: 1.006466 | AD53: 1.053483 | AE53: 1.101443 | AF53: 1.152105 | AG53: 0.048
A54: Office Equipment | B54: Commercial: Delivered Energy Use by End Use: Office Equipment: High Zero-Carbon Technology Cost | C54: AEO.2025.HIGHZTC.CNSM_NA_COMM_NA_DEE_OFEQPNPC_USA_QBTU.A | D54: quads | F54: 0.043232 | G54: 0.043304 | H54: 0.043522 | I54: 0.043887 | J54: 0.044332 | K54: 0.044707 | L54: 0.045026 | M54: 0.045362 | N54: 0.045696 | O54: 0.046077 | P54: 0.046523 | Q54: 0.046986 | R54: 0.047455 | S54: 0.047915 | T54: 0.048288 | U54: 0.048647 | V54: 0.048933 | W54: 0.04908 | X54: 0.049147 | Y54: 0.04914 | Z54: 0.048991 | AA54: 0.048634 | AB54: 0.048195 | AC54: 0.047543 | AD54: 0.046675 | AE54: 0.045653 | AF54: 0.044405 | AG54: 0.001
A55: Other Uses | B55: Commercial: Delivered Energy Use by End Use: Other Uses: High Zero-Carbon Technology Cost | C55: AEO.2025.HIGHZTC.CNSM_NA_COMM_NA_DEE_OTHU_USA_QBTU.A | D55: quads | F55: 4.147883 | G55: 4.231525 | H55: 4.179523 | I55: 4.173097 | J55: 4.160436 | K55: 4.20934 | L55: 4.253935 | M55: 4.296864 | N55: 4.337367 | O55: 4.376558 | P55: 4.418754 | Q55: 4.465113 | R55: 4.516052 | S55: 4.568731 | T55: 4.621608 | U55: 4.676483 | V55: 4.730909 | W55: 4.78344 | X55: 4.835805 | Y55: 4.888411 | Z55: 4.942298 | AA55: 4.998072 | AB55: 5.053363 | AC55: 5.111002 | AD55: 5.170872 | AE55: 5.231041 | AF55: 5.291631 | AG55: 0.009
A56: Gross End-use Consumption | B56: Commercial: Delivered Energy Use by End Use: Gross End-use Consumption: High Zero-Carbon Technology Cost | C56: AEO.2025.HIGHZTC.CNSM_NA_COMM_NA_DEE_NA_USA_QBTU.A | D56: quads | F56: 9.437585 | G56: 9.727445 | H56: 9.758962 | I56: 9.832186 | J56: 9.879988 | K56: 9.967678 | L56: 10.024602 | M56: 10.083485 | N56: 10.137773 | O56: 10.187731 | P56: 10.249536 | Q56: 10.331735 | R56: 10.432977 | S56: 10.544087 | T56: 10.653761 | U56: 10.769613 | V56: 10.883364 | W56: 10.995106 | X56: 11.105165 | Y56: 11.216686 | Z56: 11.332975 | AA56: 11.452801 | AB56: 11.57195 | AC56: 11.696729 | AD56: 11.827118 | AE56: 11.958854 | AF56: 12.092809 | AG56: 0.01
A57: Purchased Electricity for Electric Vehicle Charging | B57: Commercial: Energy Consumption by End Use: Purchased Electricity for EV Charging: High Zero-Carbon Technology Cost | C57: AEO.2025.HIGHZTC.CNSM_NA_COMM_NA_DEE_EVCHA_USA_QBTU.A | D57: quads | F57: 0.018762 | G57: 0.028121 | H57: 0.042235 | I57: 0.061641 | J57: 0.08625 | K57: 0.117048 | L57: 0.159369 | M57: 0.212916 | N57: 0.284019 | O57: 0.359777 | P57: 0.434374 | Q57: 0.506031 | R57: 0.574096 | S57: 0.638567 | T57: 0.698516 | U57: 0.754337 | V57: 0.806113 | W57: 0.85333 | X57: 0.895904 | Y57: 0.933313 | Z57: 0.966346 | AA57: 0.995626 | AB57: 1.021931 | AC57: 1.045841 | AD57: 1.066279 | AE57: 1.084419 | AF57: 1.100623 | AG57: 0.17
... A60: Electricity Related Losses | B60: Commercial: Electricity Related Losses: High Zero-Carbon Technology Cost | C60: AEO.2025.HIGHZTC.CNSM_NA_COMM_NA_ERL_NA_USA_QBTU.A | D60: quads | F60: 6.777106 | G60: 6.684136 | H60: 6.253369 | I60: 6.093877 | J60: 6.030732 | K60: 6.040976 | L60: 5.892607 | M60: 5.804432 | N60: 5.546403 | O60: 5.481199 | P60: 5.405417 | Q60: 5.296977 | R60: 5.201281 | S60: 5.053478 | T60: 5.005479 | U60: 4.813126 | V60: 4.829375 | W60: 4.918497 | X60: 5.005445 | Y60: 5.065261 | Z60: 5.131445 | AA60: 5.164556 | AB60: 5.195317 | AC60: 5.242154 | AD60: 5.302442 | AE60: 5.373029 | AF60: 5.402284 | AG60: -0.009
A61: Total Energy Consumption by End Use
A62: Space Heating | B62: Commercial: Total Energy Use by End Use: Space Heating: High Zero-Carbon Technology Cost | C62: AEO.2025.HIGHZTC.CNSM_NA_COMM_NA_TEE_SPH_USA_QBTU.A | D62: quads | F62: 2.050678 | G62: 2.233704 | H62: 2.23661 | I62: 2.232819 | J62: 2.22263 | K62: 2.206147 | L62: 2.179727 | M62: 2.157284 | N62: 2.124557 | O62: 2.0957 | P62: 2.069406 | Q62: 2.049578 | R62: 2.035589 | S62: 2.022901 | T62: 2.013637 | U62: 2.001738 | V62: 1.9944 | W62: 1.986596 | X62: 1.977257 | Y62: 1.966503 | Z62: 1.956925 | AA62: 1.947016 | AB62: 1.935972 | AC62: 1.926361 | AD62: 1.917953 | AE62: 1.909583 | AF62: 1.899814 | AG62: -0.003
A63: Space Cooling | B63: Commercial: Total Energy Use by End Use: Space Cooling: High Zero-Carbon Technology Cost | C63: AEO.2025.HIGHZTC.CNSM_NA_COMM_NA_TEE_SPC_USA_QBTU.A | D63: quads | F63: 1.381821 | G63: 1.314333 | H63: 1.294033 | I63: 1.297857 | J63: 1.306872 | K63: 1.309834 | L63: 1.291535 | M63: 1.278553 | N63: 1.245885 | O63: 1.233408 | P63: 1.222264 | Q63: 1.211373 | R63: 1.205205 | S63: 1.195097 | T63: 1.194414 | U63: 1.179938 | V63: 1.187171 | W63: 1.202587 | X63: 1.21759 | Y63: 1.230971 | Z63: 1.24522 | AA63: 1.256291 | AB63: 1.2672 | AC63: 1.279913 | AD63: 1.294379 | AE63: 1.310367 | AF63: 1.322507 | AG63: -0.002
A64: Water Heating | B64: Commercial: Total Energy Use by End Use: Water Heating: High Zero-Carbon Technology Cost | C64: AEO.2025.HIGHZTC.CNSM_NA_COMM_NA_TEE_WTHT_USA_QBTU.A | D64: quads | F64: 0.451008 | G64: 0.459339 | H64: 0.461168 | I64: 0.463057 | J64: 0.464576 | K64: 0.464945 | L64: 0.462276 | M64: 0.460291 | N64: 0.45526 | O64: 0.452555 | P64: 0.450461 | Q64: 0.449225 | R64: 0.449385 | S64: 0.449668 | T64: 0.451184 | U64: 0.451543 | V64: 0.453875 | W64: 0.456513 | X64: 0.458832 | Y64: 0.460782 | Z64: 0.463019 | AA64: 0.465027 | AB64: 0.4668 | AC64: 0.46895 | AD64: 0.471413 | AE64: 0.473835 | AF64: 0.475808 | AG64: 0.002
A65: Ventilation | B65: Commercial: Total Energy Use by End Use: Ventilation: High Zero-Carbon Technology Cost | C65: AEO.2025.HIGHZTC.CNSM_NA_COMM_NA_TEE_VNTC_USA_QBTU.A | D65: quads | F65: 1.772406 | G65: 1.76614 | H65: 1.740031 | I65: 1.749339 | J65: 1.766192 | K65: 1.775494 | L65: 1.750602 | M65: 1.732674 | N65: 1.687071 | O65: 1.670197 | P65: 1.654535 | Q65: 1.638175 | R65: 1.627198 | S65: 1.610526 | T65: 1.607216 | U65: 1.584815 | V65: 1.592274 | W65: 1.61005 | X65: 1.627245 | Y65: 1.641109 | Z65: 1.655806 | AA65: 1.666126 | AB65: 1.676329 | AC65: 1.68868 | AD65: 1.703091 | AE65: 1.719316 | AF65: 1.730359 | AG65: -0.001
A66: Cooking | B66: Commercial: Total Energy Use by End Use: Cooking: High Zero-Carbon Technology Cost | C66: AEO.2025.HIGHZTC.CNSM_NA_COMM_NA_TEE_CGR_USA_QBTU.A | D66: quads | F66: 0.601681 | G66: 0.615658 | H66: 0.619164 | I66: 0.623271 | J66: 0.626414 | K66: 0.627988 | L66: 0.62583 | M66: 0.62478 | N66: 0.620026 | O66: 0.618036 | P66: 0.616781 | Q66: 0.616629 | R66: 0.618226 | S66: 0.619953 | T66: 0.623085 | U66: 0.624758 | V66: 0.628661 | W66: 0.632974 | X66: 0.636802 | Y66: 0.640125 | Z66: 0.643775 | AA66: 0.647085 | AB66: 0.650029 | AC66: 0.653437 | AD66: 0.657227 | AE66: 0.660902 | AF66: 0.663967 | AG66: 0.004
A67: Lighting | B67: Commercial: Total Energy Use by End Use: Lighting: High Zero-Carbon Technology Cost | C67: AEO.2025.HIGHZTC.CNSM_NA_COMM_NA_TEE_LGHTNG_USA_QBTU.A | D67: quads | F67: 1.370086 | G67: 1.316717 | H67: 1.26339 | I67: 1.243371 | J67: 1.233902 | K67: 1.221908 | L67: 1.172867 | M67: 1.132833 | N67: 1.077994 | O67: 1.04367 | P67: 1.010913 | Q67: 0.978958 | R67: 0.952216 | S67: 0.9246 | T67: 0.906543 | U67: 0.879455 | V67: 0.867725 | W67: 0.863311 | X67: 0.859644 | Y67: 0.855179 | Z67: 0.851814 | AA67: 0.846846 | AB67: 0.84233 | AC67: 0.838114 | AD67: 0.835271 | AE67: 0.833629 | AF67: 0.82934 | AG67: -0.019
A68: Refrigeration | B68: Commercial: Total Energy Use by End Use: Refrigeration: High Zero-Carbon Technology Cost | C68: AEO.2025.HIGHZTC.CNSM_NA_COMM_NA_TEE_REFR_USA_QBTU.A | D68: quads | F68: 0.874252 | G68: 0.86048 | H68: 0.834356 | I68: 0.824088 | J68: 0.820707 | K68: 0.817421 | L68: 0.800525 | M68: 0.788026 | N68: 0.763362 | O68: 0.752586 | P68: 0.742035 | Q68: 0.730364 | R68: 0.720418 | S68: 0.707854 | T68: 0.701901 | U68: 0.687652 | V68: 0.686401 | W68: 0.690044 | X68: 0.69361 | Y68: 0.69573 | Z68: 0.698235 | AA68: 0.698922 | AB68: 0.699556 | AC68: 0.701065 | AD68: 0.703325 | AE68: 0.70616 | AF68: 0.706743 | AG68: -0.008
A69: Computing | B69: Commercial: Total Energy Use by End Use: Computing: High Zero-Carbon Technology Cost | C69: AEO.2025.HIGHZTC.CNSM_NA_COMM_NA_TEE_OFEQPC_USA_QBTU.A | D69: quads | F69: 0.811698 | G69: 0.834171 | H69: 0.844722 | I69: 0.869234 | J69: 0.902613 | K69: 0.936584 | L69: 0.957962 | M69: 0.983859 | N69: 0.993933 | O69: 1.02194 | P69: 1.05046 | Q69: 1.077362 | R69: 1.106925 | S69: 1.133924 | T69: 1.171724 | U69: 1.196563 | V69: 1.245374 | W69: 1.304722 | X69: 1.366045 | Y69: 1.426504 | Z69: 1.491137 | AA69: 1.554044 | AB69: 1.6189 | AC69: 1.689404 | AD69: 1.764277 | AE69: 1.841917 | AF69: 1.917879 | AG69: 0.034
A70: Office Equipment | B70: Commercial: Total Energy Use by End Use: Office Equipment: High Zero-Carbon Technology Cost | C70: AEO.2025.HIGHZTC.CNSM_NA_COMM_NA_TEE_OFEQPNPC_USA_QBTU.A | D70: quads | F70: 0.1029 | G70: 0.101085 | H70: 0.09794 | I70: 0.096608 | J70: 0.09635 | K70: 0.09617 | L70: 0.094675 | M70: 0.093659 | N70: 0.091101 | O70: 0.090251 | P70: 0.089448 | Q70: 0.088413 | R70: 0.087506 | S70: 0.086231 | T70: 0.085649 | U70: 0.08403 | V70: 0.083878 | W70: 0.084028 | X70: 0.084051 | Y70: 0.083773 | Z70: 0.083317 | AA70: 0.08231 | AB70: 0.081175 | AC70: 0.079803 | AD70: 0.078167 | AE70: 0.076344 | AF70: 0.07392 | AG70: -0.013
A71: Other Uses | B71: Commercial: Total Energy Use by End Use: Other Uses: High Zero-Carbon Technology Cost | C71: AEO.2025.HIGHZTC.CNSM_NA_COMM_NA_TEE_OTHU_USA_QBTU.A | D71: quads | F71: 6.771493 | G71: 6.871196 | H71: 6.566175 | I71: 6.449575 | J71: 6.365326 | K71: 6.411992 | L71: 6.398026 | M71: 6.39905 | N71: 6.329408 | O71: 6.328351 | P71: 6.327124 | Q71: 6.319124 | R71: 6.3216 | S71: 6.309186 | T71: 6.334388 | U71: 6.314053 | V71: 6.366209 | W71: 6.44191 | X71: 6.51811 | Y71: 6.586669 | Z71: 6.659758 | AA71: 6.724789 | AB71: 6.789255 | AC71: 6.862036 | AD71: 6.942509 | AE71: 7.02729 | AF71: 7.099048 | AG71: 0.002
A72: Total Gross End-use Consumption | B72: Commercial: Total Energy Use by End Use: Total Gross End-use Consumption: High Zero-Carbon Technology Cost | C72: AEO.2025.HIGHZTC.CNSM_NA_COMM_NA_TEE_NA_USA_QBTU.A | D72: quads | F72: 16.188023 | G72: 16.372822 | H72: 15.957589 | I72: 15.849218 | J72: 15.805582 | K72: 15.868482 | L72: 15.734024 | M72: 15.651011 | N72: 15.388597 | O72: 15.306694 | P72: 15.233425 | Q72: 15.159203 | R72: 15.124268 | S72: 15.059938 | T72: 15.08974 | U72: 15.004543 | V72: 15.105967 | W72: 15.272736 | X72: 15.439186 | Y72: 15.587345 | Z72: 15.749004 | AA72: 15.888456 | AB72: 16.027546 | AC72: 16.187763 | AD72: 16.367611 | AE72: 16.559345 | AF72: 16.719385 | AG72: 0.001
A73: Purchased Electricity for Electric Vehicle Charging | B73: Commercial: Total Energy Use by End Use: Purchased Electricity for EV Charging: High Zero-Carbon Technology Cost | C73: AEO.2025.HIGHZTC.GEN_GFO_COMM_NA_TEE_NA_USA_QBTU.A | D73: quads | F73: 0.045429 | G73: 0.066877 | H73: 0.096977 | I73: 0.138486 | J73: 0.191387 | K73: 0.257221 | L73: 0.342553 | M73: 0.449824 | N73: 0.579598 | O73: 0.722013 | P73: 0.855902 | Q73: 0.97554 | R73: 1.084083 | S73: 1.176193 | T73: 1.268015 | U73: 1.332532 | V73: 1.412885 | W73: 1.494198 | X73: 1.56733 | Y73: 1.627916 | Z73: 1.681762 | AA73: 1.724526 | AB73: 1.761653 | AC73: 1.79696 | AD73: 1.828227 | AE73: 1.856957 | AF73: 1.876329 | AG73: 0.154
... A75: Total Energy | B75: Commercial: Total Energy Use by End Use: Total Net Own-use Generation: High Zero-Carbon Technology Cost | C75: AEO.2025.HIGHZTC.GEN_GFO_COMM_NA_TEE_TOT_USA_QBTU.A | D75: quads | F75: 16.091709 | G75: 16.281033 | H75: 15.879408 | I75: 15.805535 | J75: 15.807975 | K75: 15.926811 | L75: 15.865954 | M75: 15.875313 | N75: 15.729095 | O75: 15.773493 | P75: 15.823483 | Q75: 15.862545 | R75: 15.930712 | S75: 15.952607 | T75: 16.065348 | U75: 16.039635 | V75: 16.215719 | W75: 16.455423 | X75: 16.686821 | Y75: 16.886599 | Z75: 17.093075 | AA75: 17.265953 | AB75: 17.433702 | AC75: 17.61937 | AD75: 17.820293 | AE75: 18.030891 | AF75: 18.199539 | AG75: 0.005
A76: Nonmarketed Renewable Fuels
A77: Solar Thermal | B77: Commercial: Nonmarketed Renewable Fuels: Solar Thermal: High Zero-Carbon Technology Cost | C77: AEO.2025.HIGHZTC.CNSM_NA_COMM_NA_NRF_SOTH_USA_QBTU.A | D77: quads | F77: 0.06597 | G77: 0.063523 | H77: 0.063384 | I77: 0.062599 | J77: 0.061945 | K77: 0.061423 | L77: 0.061378 | M77: 0.060735 | N77: 0.060531 | O77: 0.05826 | P77: 0.058207 | Q77: 0.058237 | R77: 0.05822 | S77: 0.058091 | T77: 0.057848 | U77: 0.057545 | V77: 0.056179 | W77: 0.05599 | X77: 0.055925 | Y77: 0.055866 | Z77: 0.055858 | AA77: 0.055775 | AB77: 0.055778 | AC77: 0.055605 | AD77: 0.055572 | AE77: 0.055527 | AF77: 0.05545 | AG77: -0.007
A78: Solar Photovoltaic | B78: Commercial: Nonmarketed Renewable Fuels: Solar Photovoltaic: High Zero-Carbon Technology Cost | C78: AEO.2025.HIGHZTC.CNSM_NA_COMM_NA_NRF_SOPH_USA_QBTU.A | D78: quads | F78: 0.139688 | G78: 0.156569 | H78: 0.173044 | I78: 0.180036 | J78: 0.186819 | K78: 0.196667 | L78: 0.208341 | M78: 0.223166 | N78: 0.2367 | O78: 0.252736 | P78: 0.263313 | Q78: 0.269636 | R78: 0.275047 | S78: 0.280907 | T78: 0.289735 | U78: 0.29475 | V78: 0.300421 | W78: 0.308763 | X78: 0.316904 | Y78: 0.325831 | Z78: 0.334814 | AA78: 0.34411 | AB78: 0.352546 | AC78: 0.362357 | AD78: 0.372492 | AE78: 0.382311 | AF78: 0.393028 | AG78: 0.041
A79: Wind | B79: Commercial: Nonmarketed Renewable Fuels: Wind: High Zero-Carbon Technology Cost | C79: AEO.2025.HIGHZTC.CNSM_NA_COMM_NA_NRF_WND_USA_QBTU.A | D79: quads | F79: 0.002529 | G79: 0.002531 | H79: 0.00253 | I79: 0.00253 | J79: 0.00253 | K79: 0.002536 | L79: 0.002542 | M79: 0.002549 | N79: 0.00256 | O79: 0.002576 | P79: 0.002582 | Q79: 0.002583 | R79: 0.002584 | S79: 0.002585 | T79: 0.002588 | U79: 0.00259 | V79: 0.002593 | W79: 0.002597 | X79: 0.0026 | Y79: 0.002602 | Z79: 0.002606 | AA79: 0.002611 | AB79: 0.002614 | AC79: 0.002618 | AD79: 0.002622 | AE79: 0.002626 | AF79: 0.002632 | AG79: 0.002
A80: Total | B80: Commercial: Nonmarketed Renewable Fuels: Total: High Zero-Carbon Technology Cost | C80: AEO.2025.HIGHZTC.CNSM_NA_COMM_NA_NRF_TOT_USA_QBTU.A | D80: quads | F80: 0.208187 | G80: 0.222623 | H80: 0.238958 | I80: 0.245164 | J80: 0.251295 | K80: 0.260626 | L80: 0.272261 | M80: 0.286451 | N80: 0.299791 | O80: 0.313572 | P80: 0.324101 | Q80: 0.330456 | R80: 0.335851 | S80: 0.341582 | T80: 0.35017 | U80: 0.354886 | V80: 0.359193 | W80: 0.36735 | X80: 0.375429 | Y80: 0.384299 | Z80: 0.393278 | AA80: 0.402496 | AB80: 0.410938 | AC80: 0.42058 | AD80: 0.430687 | AE80: 0.440464 | AF80: 0.451111 | AG80: 0.03
A81: Heating Degree Days
A82: New England | B82: Commercial: Heating Degree Days: New England: High Zero-Carbon Technology Cost | C82: AEO.2025.HIGHZTC.KEI_NA_COMM_NA_NA_NA_NENGL_HDD.A | D82: HDD | F82: 5643 | G82: 5924 | H82: 5901 | I82: 5879 | J82: 5856 | K82: 5833 | L82: 5810 | M82: 5787 | N82: 5764 | O82: 5741 | P82: 5718 | Q82: 5695 | R82: 5672 | S82: 5649 | T82: 5626 | U82: 5603 | V82: 5579 | W82: 5556 | X82: 5533 | Y82: 5510 | Z82: 5487 | AA82: 5464 | AB82: 5440 | AC82: 5417 | AD82: 5394 | AE82: 5371 | AF82: 5348 | AG82: -0.002
A83: Middle Atlantic | B83: Commercial: Heating Degree Days: Middle Atlantic: High Zero-Carbon Technology Cost | C83: AEO.2025.HIGHZTC.KEI_NA_COMM_NA_NA_NA_MATL_HDD.A | D83: HDD | F83: 4981 | G83: 5319 | H83: 5298 | I83: 5277 | J83: 5256 | K83: 5235 | L83: 5214 | M83: 5193 | N83: 5172 | O83: 5151 | P83: 5130 | Q83: 5109 | R83: 5088 | S83: 5068 | T83: 5047 | U83: 5026 | V83: 5005 | W83: 4984 | X83: 4963 | Y83: 4943 | Z83: 4922 | AA83: 4901 | AB83: 4880 | AC83: 4859 | AD83: 4838 | AE83: 4818 | AF83: 4797 | AG83: -0.001
A84: East North Central | B84: Commercial: Heating Degree Days: East North Central: High Zero-Carbon Technology Cost | C84: AEO.2025.HIGHZTC.KEI_NA_COMM_NA_NA_NA_ENC_HDD.A | D84: HDD | F84: 5306 | G84: 5952 | H84: 5937 | I84: 5923 | J84: 5908 | K84: 5894 | L84: 5879 | M84: 5864 | N84: 5850 | O84: 5835 | P84: 5820 | Q84: 5806 | R84: 5791 | S84: 5776 | T84: 5762 | U84: 5747 | V84: 5732 | W84: 5717 | X84: 5703 | Y84: 5688 | Z84: 5673 | AA84: 5658 | AB84: 5644 | AC84: 5629 | AD84: 5614 | AE84: 5599 | AF84: 5585 | AG84: 0.002
A85: West North Central | B85: Commercial: Heating Degree Days: West North Central: High Zero-Carbon Technology Cost | C85: AEO.2025.HIGHZTC.KEI_NA_COMM_NA_NA_NA_WNC_HDD.A | D85: HDD | F85: 5716 | G85: 6383 | H85: 6376 | I85: 6369 | J85: 6362 | K85: 6355 | L85: 6348 | M85: 6341 | N85: 6334 | O85: 6327 | P85: 6319 | Q85: 6312 | R85: 6304 | S85: 6297 | T85: 6289 | U85: 6282 | V85: 6274 | W85: 6267 | X85: 6259 | Y85: 6252 | Z85: 6244 | AA85: 6236 | AB85: 6229 | AC85: 6221 | AD85: 6213 | AE85: 6206 | AF85: 6198 | AG85: 0.003
A86: South Atlantic | B86: Commercial: Heating Degree Days: South Atlantic: High Zero-Carbon Technology Cost | C86: AEO.2025.HIGHZTC.KEI_NA_COMM_NA_NA_NA_SATL_HDD.A | D86: HDD | F86: 2271 | G86: 2344 | H86: 2329 | I86: 2313 | J86: 2298 | K86: 2283 | L86: 2267 | M86: 2251 | N86: 2235 | O86: 2220 | P86: 2204 | Q86: 2188 | R86: 2173 | S86: 2157 | T86: 2141 | U86: 2125 | V86: 2110 | W86: 2094 | X86: 2079 | Y86: 2063 | Z86: 2047 | AA86: 2032 | AB86: 2016 | AC86: 2001 | AD86: 1985 | AE86: 1970 | AF86: 1955 | AG86: -0.006
A87: East South Central | B87: Commercial: Heating Degree Days: East South Central: High Zero-Carbon Technology Cost | C87: AEO.2025.HIGHZTC.KEI_NA_COMM_NA_NA_NA_ESC_HDD.A | D87: HDD | F87: 3024 | G87: 3161 | H87: 3148 | I87: 3136 | J87: 3123 | K87: 3111 | L87: 3098 | M87: 3086 | N87: 3073 | O87: 3060 | P87: 3048 | Q87: 3035 | R87: 3022 | S87: 3009 | T87: 2996 | U87: 2984 | V87: 2971 | W87: 2958 | X87: 2945 | Y87: 2933 | Z87: 2920 | AA87: 2907 | AB87: 2894 | AC87: 2881 | AD87: 2869 | AE87: 2856 | AF87: 2843 | AG87: -0.002
A88: West South Central | B88: Commercial: Heating Degree Days: West South Central: High Zero-Carbon Technology Cost | C88: AEO.2025.HIGHZTC.KEI_NA_COMM_NA_NA_NA_WSC_HDD.A | D88: HDD | F88: 1844 | G88: 1949 | H88: 1942 | I88: 1935 | J88: 1928 | K88: 1921 | L88: 1914 | M88: 1907 | N88: 1900 | O88: 1893 | P88: 1886 | Q88: 1879 | R88: 1872 | S88: 1865 | T88: 1858 | U88: 1852 | V88: 1845 | W88: 1838 | X88: 1831 | Y88: 1825 | Z88: 1818 | AA88: 1811 | AB88: 1805 | AC88: 1798 | AD88: 1791 | AE88: 1785 | AF88: 1778 | AG88: -0.001
A89: Mountain | B89: Commercial: Heating Degree Days: Mountain: High Zero-Carbon Technology Cost | C89: AEO.2025.HIGHZTC.KEI_NA_COMM_NA_NA_NA_MTN_HDD.A | D89: HDD | F89: 4753 | G89: 4877 | H89: 4871 | I89: 4865 | J89: 4858 | K89: 4851 | L89: 4844 | M89: 4837 | N89: 4830 | O89: 4823 | P89: 4816 | Q89: 4809 | R89: 4802 | S89: 4796 | T89: 4789 | U89: 4782 | V89: 4776 | W89: 4769 | X89: 4763 | Y89: 4756 | Z89: 4750 | AA89: 4744 | AB89: 4737 | AC89: 4731 | AD89: 4725 | AE89: 4718 | AF89: 4712 | AG89: 0
A90: Pacific | B90: Commercial: Heating Degree Days: Pacific: High Zero-Carbon Technology Cost | C90: AEO.2025.HIGHZTC.KEI_NA_COMM_NA_NA_NA_PCF_HDD.A | D90: HDD | F90: 3352 | G90: 3290 | H90: 3283 | I90: 3277 | J90: 3270 | K90: 3263 | L90: 3256 | M90: 3249 | N90: 3242 | O90: 3234 | P90: 3227 | Q90: 3219 | R90: 3212 | S90: 3204 | T90: 3197 | U90: 3189 | V90: 3181 | W90: 3174 | X90: 3166 | Y90: 3158 | Z90: 3150 | AA90: 3143 | AB90: 3135 | AC90: 3127 | AD90: 3119 | AE90: 3112 | AF90: 3104 | AG90: -0.003
A91: United States | B91: Commercial: Heating Degree Days: United States: High Zero-Carbon Technology Cost | C91: AEO.2025.HIGHZTC.KEI_NA_COMM_NA_NA_NA_USA_HDD.A | D91: HDD | F91: 3753.9636 | G91: 3970.7402 | H91: 3953.677 | I91: 3936.8809 | J91: 3919.8694 | K91: 3903.1021 | L91: 3885.9797 | M91: 3868.9492 | N91: 3852.032 | O91: 3835.0635 | P91: 3818.0864 | Q91: 3801.1135 | R91: 3784.3435 | S91: 3767.4775 | T91: 3750.6677 | U91: 3733.8269 | V91: 3716.9988 | W91: 3700.1577 | X91: 3683.5239 | Y91: 3666.8364 | Z91: 3649.8879 | AA91: 3633.3447 | AB91: 3616.6768 | AC91: 3600.1343 | AD91: 3583.5701 | AE91: 3567.7378 | AF91: 3551.7458 | AG91: -0.002
A92: Cooling Degree Days
A93: New England | B93: Commercial: Cooling Degree Days: New England: High Zero-Carbon Technology Cost | C93: AEO.2025.HIGHZTC.KEI_NA_COMM_NA_NA_NA_NENGL_CDD.A | D93: CDD | F93: 620 | G93: 609 | H93: 615 | I93: 621 | J93: 627 | K93: 633 | L93: 640 | M93: 646 | N93: 652 | O93: 659 | P93: 665 | Q93: 671 | R93: 678 | S93: 684 | T93: 690 | U93: 697 | V93: 703 | W93: 710 | X93: 716 | Y93: 722 | Z93: 729 | AA93: 735 | AB93: 741 | AC93: 748 | AD93: 754 | AE93: 760 | AF93: 767 | AG93: 0.008
A94: Middle Atlantic | B94: Commercial: Cooling Degree Days: Middle Atlantic: High Zero-Carbon Technology Cost | C94: AEO.2025.HIGHZTC.KEI_NA_COMM_NA_NA_NA_MATL_CDD.A | D94: CDD | F94: 867 | G94: 845 | H94: 853 | I94: 860 | J94: 868 | K94: 876 | L94: 884 | M94: 892 | N94: 900 | O94: 908 | P94: 915 | Q94: 923 | R94: 931 | S94: 939 | T94: 947 | U94: 955 | V94: 963 | W94: 971 | X94: 978 | Y94: 986 | Z94: 994 | AA94: 1002 | AB94: 1010 | AC94: 1018 | AD94: 1026 | AE94: 1033 | AF94: 1041 | AG94: 0.007
A95: East North Central | B95: Commercial: Cooling Degree Days: East North Central: High Zero-Carbon Technology Cost | C95: AEO.2025.HIGHZTC.KEI_NA_COMM_NA_NA_NA_ENC_CDD.A | D95: CDD | F95: 899 | G95: 851 | H95: 856 | I95: 861 | J95: 866 | K95: 871 | L95: 876 | M95: 881 | N95: 886 | O95: 890 | P95: 895 | Q95: 900 | R95: 905 | S95: 910 | T95: 915 | U95: 920 | V95: 925 | W95: 930 | X95: 935 | Y95: 940 | Z95: 945 | AA95: 950 | AB95: 955 | AC95: 960 | AD95: 965 | AE95: 970 | AF95: 975 | AG95: 0.003
A96: West North Central | B96: Commercial: Cooling Degree Days: West North Central: High Zero-Carbon Technology Cost | C96: AEO.2025.HIGHZTC.KEI_NA_COMM_NA_NA_NA_WNC_CDD.A | D96: CDD | F96: 1046 | G96: 1046 | H96: 1051 | I96: 1056 | J96: 1061 | K96: 1066 | L96: 1071 | M96: 1076 | N96: 1081 | O96: 1086 | P96: 1092 | Q96: 1097 | R96: 1102 | S96: 1107 | T96: 1112 | U96: 1117 | V96: 1122 | W96: 1128 | X96: 1133 | Y96: 1138 | Z96: 1143 | AA96: 1148 | AB96: 1153 | AC96: 1159 | AD96: 1164 | AE96: 1169 | AF96: 1174 | AG96: 0.004
A97: South Atlantic | B97: Commercial: Cooling Degree Days: South Atlantic: High Zero-Carbon Technology Cost | C97: AEO.2025.HIGHZTC.KEI_NA_COMM_NA_NA_NA_SATL_CDD.A | D97: CDD | F97: 2399 | G97: 2400 | H97: 2415 | I97: 2430 | J97: 2445 | K97: 2460 | L97: 2476 | M97: 2491 | N97: 2507 | O97: 2522 | P97: 2538 | Q97: 2553 | R97: 2569 | S97: 2585 | T97: 2600 | U97: 2616 | V97: 2632 | W97: 2648 | X97: 2663 | Y97: 2679 | Z97: 2695 | AA97: 2711 | AB97: 2727 | AC97: 2742 | AD97: 2758 | AE97: 2774 | AF97: 2790 | AG97: 0.006
A98: East South Central | B98: Commercial: Cooling Degree Days: East South Central: High Zero-Carbon Technology Cost | C98: AEO.2025.HIGHZTC.KEI_NA_COMM_NA_NA_NA_ESC_CDD.A | D98: CDD | F98: 1859 | G98: 1773 | H98: 1781 | I98: 1788 | J98: 1796 | K98: 1803 | L98: 1811 | M98: 1818 | N98: 1826 | O98: 1834 | P98: 1841 | Q98: 1849 | R98: 1857 | S98: 1864 | T98: 1872 | U98: 1879 | V98: 1887 | W98: 1895 | X98: 1902 | Y98: 1910 | Z98: 1918 | AA98: 1925 | AB98: 1933 | AC98: 1940 | AD98: 1948 | AE98: 1956 | AF98: 1963 | AG98: 0.002
A99: West South Central | B99: Commercial: Cooling Degree Days: West South Central: High Zero-Carbon Technology Cost | C99: AEO.2025.HIGHZTC.KEI_NA_COMM_NA_NA_NA_WSC_CDD.A | D99: CDD | F99: 3073 | G99: 2901 | H99: 2915 | I99: 2928 | J99: 2942 | K99: 2955 | L99: 2969 | M99: 2982 | N99: 2996 | O99: 3010 | P99: 3023 | Q99: 3037 | R99: 3050 | S99: 3064 | T99: 3077 | U99: 3091 | V99: 3104 | W99: 3118 | X99: 3131 | Y99: 3145 | Z99: 3158 | AA99: 3172 | AB99: 3185 | AC99: 3199 | AD99: 3212 | AE99: 3226 | AF99: 3239 | AG99: 0.002
A100: Mountain | B100: Commercial: Cooling Degree Days: Mountain: High Zero-Carbon Technology Cost | C100: AEO.2025.HIGHZTC.KEI_NA_COMM_NA_NA_NA_MTN_CDD.A | D100: CDD | F100: 1710 | G100: 1568 | H100: 1575 | I100: 1583 | J100: 1591 | K100: 1598 | L100: 1606 | M100: 1613 | N100: 1621 | O100: 1629 | P100: 1636 | Q100: 1644 | R100: 1651 | S100: 1659 | T100: 1666 | U100: 1674 | V100: 1681 | W100: 1689 | X100: 1696 | Y100: 1703 | Z100: 1711 | AA100: 1718 | AB100: 1725 | AC100: 1733 | AD100: 1740 | AE100: 1747 | AF100: 1755 | AG100: 0.001
A101: Pacific | B101: Commercial: Cooling Degree Days: Pacific: High Zero-Carbon Technology Cost | C101: AEO.2025.HIGHZTC.KEI_NA_COMM_NA_NA_NA_PCF_CDD.A | D101: CDD | F101: 1056 | G101: 1023 | H101: 1032 | I101: 1040 | J101: 1049 | K101: 1057 | L101: 1066 | M101: 1075 | N101: 1083 | O101: 1092 | P101: 1101 | Q101: 1109 | R101: 1118 | S101: 1127 | T101: 1135 | U101: 1144 | V101: 1153 | W101: 1161 | X101: 1170 | Y101: 1179 | Z101: 1188 | AA101: 1196 | AB101: 1205 | AC101: 1214 | AD101: 1222 | AE101: 1231 | AF101: 1240 | AG101: 0.006
A102: United States | B102: Commercial: Cooling Degree Days: United States: High Zero-Carbon Technology Cost | C102: AEO.2025.HIGHZTC.KEI_NA_COMM_NA_NA_NA_USA_CDD.A | D102: CDD | F102: 1616.899 | G102: 1566.3795 | H102: 1578.3627 | I102: 1589.9611 | J102: 1602.0439 | K102: 1613.7058 | L102: 1626.066 | M102: 1637.9312 | N102: 1650.1273 | O102: 1662.2134 | P102: 1674.2971 | Q102: 1686.3522 | R102: 1698.6343 | S102: 1711.0575 | T102: 1722.9598 | U102: 1735.4679 | V102: 1747.7921 | W102: 1760.2925 | X102: 1772.2791 | Y102: 1784.8037 | Z102: 1797.3385 | AA102: 1809.6792 | AB102: 1822.1086 | AC102: 1834.5897 | AD102: 1846.8102 | AE102: 1859.1403 | AF102: 1871.4392 | AG102: 0.006

Sheet AEO 2023 Table 5
A1: Table 5. Commercial Sector Key Indicators and Consumption
A2: https://www.eia.gov/outlooks/aeo/data/browser/#/?id=5-AEO2023&sourcekey=0
A3: Fri Jan 30 2026 11:55:45 GMT-0800 (Pacific Standard Time)
A4: Source: U.S. Energy Information Administration
B5: full name | C5: api key | D5: units | E5: 2021 | F5: 2022 | G5: 2023 | H5: 2024 | I5: 2025 | J5: 2026 | K5: 2027 | L5: 2028 | M5: 2029 | N5: 2030 | O5: 2031 | P5: 2032 | Q5: 2033 | R5: 2034 | S5: 2035 | T5: 2036 | U5: 2037 | V5: 2038 | W5: 2039 | X5: 2040 | Y5: 2041 | Z5: 2042 | AA5: 2043 | AB5: 2044 | AC5: 2045 | AD5: 2046 | AE5: 2047 | AF5: 2048 | AG5: 2049 | AH5: 2050 | AI5: Growth (2022-2050)
A6: Key Indicators
A7: Total Floorspace (billion square feet)
A8: Surviving | B8: Commercial: Total Floorspace: Surviving: Reference case | C8: AEO.2023.REF2023.KEI_NA_COMM_NA_TFP_SURV_USA_BLNSQFT.A | D8: billion sq ft | F8: 93.44426 | G8: 94.366943 | H8: 95.261948 | I8: 96.233696 | J8: 97.372681 | K8: 98.426239 | L8: 99.435837 | M8: 100.54059 | N8: 101.74724 | O8: 103.03194 | P8: 104.36439 | Q8: 105.67116 | R8: 106.90464 | S8: 108.06495 | T8: 109.14883 | U8: 110.16222 | V8: 111.119 | W8: 112.02248 | X8: 112.87895 | Y8: 113.69973 | Z8: 114.49508 | AA8: 115.27697 | AB8: 116.05735 | AC8: 116.84493 | AD8: 117.64615 | AE8: 118.46553 | AF8: 119.30512 | AG8: 120.16537 | AH8: 121.04549 | AI8: 0.009
A9: New Additions | B9: Commercial: Total Floorspace: New Additions: Reference case | C9: AEO.2023.REF2023.KEI_NA_COMM_NA_TFP_NADN_USA_BLNSQFT.A | D9: billion sq ft | F9: 2.027277 | G9: 2.008512 | H9: 2.0946 | I9: 2.272168 | J9: 2.197147 | K9: 2.163451 | L9: 2.269371 | M9: 2.382768 | N9: 2.473055 | O9: 2.533678 | P9: 2.521117 | Q9: 2.460828 | R9: 2.400291 | S9: 2.336108 | T9: 2.277334 | U9: 2.231909 | V9: 2.189344 | W9: 2.152566 | X9: 2.126638 | Y9: 2.110632 | Z9: 2.106252 | AA9: 2.113633 | AB9: 2.129588 | AC9: 2.151935 | AD9: 2.178813 | AE9: 2.207783 | AF9: 2.237309 | AG9: 2.266142 | AH9: 2.292936 | AI9: 0.004
A10: Total | B10: Commercial: Total Floorspace: Total: Reference case | C10: AEO.2023.REF2023.KEI_NA_COMM_NA_TFP_TOT_USA_BLNSQFT.A | D10: billion sq ft | F10: 95.471535 | G10: 96.375458 | H10: 97.356544 | I10: 98.505867 | J10: 99.569824 | K10: 100.58969 | L10: 101.70521 | M10: 102.92336 | N10: 104.22029 | O10: 105.56561 | P10: 106.88551 | Q10: 108.13199 | R10: 109.30493 | S10: 110.40105 | T10: 111.42616 | U10: 112.39414 | V10: 113.30834 | W10: 114.17505 | X10: 115.00559 | Y10: 115.81036 | Z10: 116.60133 | AA10: 117.3906 | AB10: 118.18694 | AC10: 118.99686 | AD10: 119.82496 | AE10: 120.67332 | AF10: 121.54242 | AG10: 122.43152 | AH10: 123.33843 | AI10: 0.009
A11: Energy Consumption Intensity
A12: (thousand Btu per square foot)
A13: Gross End-use Consumption | B13: Commercial: Energy Use Intensity: Gross End-use Consumption: Reference case | C13: AEO.2023.REF2023.INY_NA_COMM_NA_EUI_DLENCONS_USA_THBTUPSQFT.A | D13: thousand Btu/sq ft | F13: 97.783371 | G13: 96.37368 | H13: 94.586517 | I13: 93.941353 | J13: 93.461243 | K13: 92.806595 | L13: 92.461998 | M13: 91.902512 | N13: 91.177719 | O13: 90.426102 | P13: 89.704483 | Q13: 88.94278 | R13: 88.203415 | S13: 87.533478 | T13: 86.942825 | U13: 86.362343 | V13: 85.767792 | W13: 85.219444 | X13: 84.72036 | Y13: 84.269615 | Z13: 83.864128 | AA13: 83.519119 | AB13: 83.214996 | AC13: 82.896759 | AD13: 82.531181 | AE13: 82.224678 | AF13: 81.96669 | AG13: 81.719337 | AH13: 81.461876 | AI13: -0.007
A14: Delivered Energy Consumption | B14: Commercial: Energy Use Intensity: Delivered Energy Consumption: Reference case | C14: AEO.2023.REF2023.INY_NA_COMM_NA_EUI_ERL_USA_THBTUPSQFT.A | D14: thousand Btu/sq ft | F14: 96.520187 | G14: 94.9076 | H14: 92.965706 | I14: 92.204842 | J14: 91.668808 | K14: 90.94574 | L14: 90.547615 | M14: 89.89782 | N14: 89.117981 | O14: 88.313622 | P14: 87.548271 | Q14: 86.710747 | R14: 85.890129 | S14: 85.181641 | T14: 84.502602 | U14: 83.877907 | V14: 83.211494 | W14: 82.597618 | X14: 82.04258 | Y14: 81.545753 | Z14: 81.104858 | AA14: 80.731537 | AB14: 80.403252 | AC14: 80.062279 | AD14: 79.645531 | AE14: 79.335136 | AF14: 79.057587 | AG14: 78.810997 | AH14: 78.560989 | AI14: -0.007
A15: Energy Consumption by Fuel
A16: Electricity
A17: Space Heating | B17: Commercial: Purchased Electricity: Space Heating: Reference case | C17: AEO.2023.REF2023.CNSM_NA_COMM_NA_PRC_SPH_USA_QBTU.A | D17: quads | F17: 0.119273 | G17: 0.118361 | H17: 0.110862 | I17: 0.111099 | J17: 0.111147 | K17: 0.110854 | L17: 0.110384 | M17: 0.109759 | N17: 0.108987 | O17: 0.108285 | P17: 0.107479 | Q17: 0.106449 | R17: 0.105275 | S17: 0.104142 | T17: 0.102983 | U17: 0.101737 | V17: 0.100347 | W17: 0.098874 | X17: 0.097414 | Y17: 0.09606 | Z17: 0.094758 | AA17: 0.093488 | AB17: 0.092216 | AC17: 0.090939 | AD17: 0.089708 | AE17: 0.088523 | AF17: 0.087315 | AG17: 0.086134 | AH17: 0.08499 | AI17: -0.012
A18: Space Cooling | B18: Commercial: Purchased Electricity: Space Cooling: Reference case | C18: AEO.2023.REF2023.CNSM_NA_COMM_NA_PRC_SPC_USA_QBTU.A | D18: quads | F18: 0.54288 | G18: 0.477379 | H18: 0.550791 | I18: 0.560045 | J18: 0.56775 | K18: 0.575085 | L18: 0.582462 | M18: 0.589573 | N18: 0.595396 | O18: 0.601495 | P18: 0.607785 | Q18: 0.612405 | R18: 0.616628 | S18: 0.621292 | T18: 0.626046 | U18: 0.630735 | V18: 0.634936 | W18: 0.639136 | X18: 0.642875 | Y18: 0.647011 | Z18: 0.651487 | AA18: 0.656187 | AB18: 0.661275 | AC18: 0.666915 | AD18: 0.673704 | AE18: 0.681264 | AF18: 0.689054 | AG18: 0.696994 | AH18: 0.705699 | AI18: 0.009
A19: Water Heating | B19: Commercial: Purchased Electricity: Water Heating: Reference case | C19: AEO.2023.REF2023.CNSM_NA_COMM_NA_PRC_WTHT_USA_QBTU.A | D19: quads | F19: 0.024215 | G19: 0.023555 | H19: 0.02313 | I19: 0.02287 | J19: 0.022632 | K19: 0.022556 | L19: 0.022463 | M19: 0.02235 | N19: 0.022206 | O19: 0.022059 | P19: 0.021899 | Q19: 0.021688 | R19: 0.021453 | S19: 0.021236 | T19: 0.021016 | U19: 0.020783 | V19: 0.020526 | W19: 0.020267 | X19: 0.02001 | Y19: 0.019778 | Z19: 0.019556 | AA19: 0.019342 | AB19: 0.019133 | AC19: 0.01893 | AD19: 0.018741 | AE19: 0.01857 | AF19: 0.0184 | AG19: 0.018239 | AH19: 0.018094 | AI19: -0.01
A20: Ventilation | B20: Commercial: Purchased Electricity: Ventilation: Reference case | C20: AEO.2023.REF2023.CNSM_NA_COMM_NA_PRC_VNTC_USA_QBTU.A | D20: quads | F20: 0.418793 | G20: 0.407891 | H20: 0.400019 | I20: 0.394285 | J20: 0.38814 | K20: 0.381195 | L20: 0.373949 | M20: 0.366494 | N20: 0.358411 | O20: 0.350666 | P20: 0.342958 | Q20: 0.334873 | R20: 0.326773 | S20: 0.319148 | T20: 0.311811 | U20: 0.30456 | V20: 0.297195 | W20: 0.289957 | X20: 0.283031 | Y20: 0.276615 | Z20: 0.270569 | AA20: 0.264814 | AB20: 0.259292 | AC20: 0.253978 | AD20: 0.248923 | AE20: 0.244183 | AF20: 0.239593 | AG20: 0.235279 | AH20: 0.231259 | AI20: -0.021
A21: Cooking | B21: Commercial: Purchased Electricity: Cooking: Reference case | C21: AEO.2023.REF2023.CNSM_NA_COMM_NA_PRC_CGR_USA_QBTU.A | D21: quads | F21: 0.082377 | G21: 0.081711 | H21: 0.081787 | I21: 0.082301 | J21: 0.08263 | K21: 0.082722 | L21: 0.082723 | M21: 0.08264 | N21: 0.082438 | O21: 0.08224 | P21: 0.081999 | Q21: 0.081577 | R21: 0.081061 | S21: 0.080577 | T21: 0.080065 | U21: 0.079491 | V21: 0.078827 | W21: 0.07813 | X21: 0.077413 | Y21: 0.076771 | Z21: 0.076153 | AA21: 0.075557 | AB21: 0.074978 | AC21: 0.074415 | AD21: 0.073904 | AE21: 0.073456 | AF21: 0.072993 | AG21: 0.072537 | AH21: 0.072122 | AI21: -0.005
A22: Lighting | B22: Commercial: Purchased Electricity: Lighting: Reference case | C22: AEO.2023.REF2023.CNSM_NA_COMM_NA_PRC_LGHTNG_USA_QBTU.A | D22: quads | F22: 0.497281 | G22: 0.48856 | H22: 0.485795 | I22: 0.487572 | J22: 0.489366 | K22: 0.490566 | L22: 0.492025 | M22: 0.493689 | N22: 0.491019 | O22: 0.488961 | P22: 0.486973 | Q22: 0.484227 | R22: 0.480979 | S22: 0.47801 | T22: 0.474966 | U22: 0.470955 | V22: 0.46601 | W22: 0.459942 | X22: 0.457929 | Y22: 0.456811 | Z22: 0.455971 | AA22: 0.45553 | AB22: 0.455459 | AC22: 0.45568 | AD22: 0.456329 | AE22: 0.457722 | AF22: 0.459158 | AG22: 0.460843 | AH22: 0.463004 | AI22: -0.003
A23: Refrigeration | B23: Commercial: Purchased Electricity: Refrigeration: Reference case | C23: AEO.2023.REF2023.CNSM_NA_COMM_NA_PRC_REFR_USA_QBTU.A | D23: quads | F23: 0.603352 | G23: 0.601355 | H23: 0.60268 | I23: 0.606446 | J23: 0.609686 | K23: 0.612279 | L23: 0.615204 | M23: 0.618493 | N23: 0.620748 | O23: 0.6239 | P23: 0.62699 | Q23: 0.629387 | R23: 0.631325 | S23: 0.633214 | T23: 0.634855 | U23: 0.636155 | V23: 0.636938 | W23: 0.637474 | X23: 0.637919 | Y23: 0.639058 | Z23: 0.640294 | AA23: 0.641609 | AB23: 0.642984 | AC23: 0.644417 | AD23: 0.645996 | AE23: 0.647793 | AF23: 0.649657 | AG23: 0.651697 | AH23: 0.653934 | AI23: 0.003
A24: Computing | B24: Commercial: Purchased Electricity: Computing: Reference case | C24: AEO.2023.REF2023.CNSM_NA_COMM_NA_PRC_OTHEQPPC_USA_QBTU.A | D24: quads | F24: 0.430736 | G24: 0.434585 | H24: 0.439935 | I24: 0.447378 | J24: 0.454369 | K24: 0.460986 | L24: 0.468872 | M24: 0.477159 | N24: 0.486197 | O24: 0.495433 | P24: 0.505082 | Q24: 0.514312 | R24: 0.523711 | S24: 0.532915 | T24: 0.542904 | U24: 0.552165 | V24: 0.562175 | W24: 0.572007 | X24: 0.581746 | Y24: 0.591454 | Z24: 0.601737 | AA24: 0.612648 | AB24: 0.623171 | AC24: 0.634406 | AD24: 0.646435 | AE24: 0.658221 | AF24: 0.670737 | AG24: 0.683498 | AH24: 0.69654 | AI24: 0.017
A25: Office Equipment | B25: Commercial: Purchased Electricity: Office Equipment: Reference case | C25: AEO.2023.REF2023.CNSM_NA_COMM_NA_PRC_OTHEQPNPC_USA_QBTU.A | D25: quads | F25: 0.174708 | G25: 0.173262 | H25: 0.172777 | I25: 0.173193 | J25: 0.173864 | K25: 0.174594 | L25: 0.175666 | M25: 0.177107 | N25: 0.178874 | O25: 0.180673 | P25: 0.182679 | Q25: 0.184498 | R25: 0.185888 | S25: 0.187457 | T25: 0.188627 | U25: 0.189682 | V25: 0.190608 | W25: 0.190859 | X25: 0.19104 | Y25: 0.190877 | Z25: 0.19009 | AA25: 0.188979 | AB25: 0.18755 | AC25: 0.1855 | AD25: 0.183143 | AE25: 0.180174 | AF25: 0.176542 | AG25: 0.172244 | AH25: 0.166953 | AI25: -0.002
A26: Other Uses | B26: Commercial: Purchased Electricity: Other Uses: Reference case | C26: AEO.2023.REF2023.CNSM_NA_COMM_NA_PRC_OTHU_USA_QBTU.A | D26: quads | F26: 1.8215 | G26: 1.853537 | H26: 1.835454 | I26: 1.821644 | J26: 1.820174 | K26: 1.817382 | L26: 1.837756 | M26: 1.859593 | N26: 1.882188 | O26: 1.90582 | P26: 1.929482 | Q26: 1.951943 | R26: 1.973375 | S26: 1.994686 | T26: 2.015948 | U26: 2.036447 | V26: 2.056621 | W26: 2.076788 | X26: 2.096851 | Y26: 2.117749 | Z26: 2.13926 | AA26: 2.161906 | AB26: 2.185556 | AC26: 2.21069 | AD26: 2.236834 | AE26: 2.264744 | AF26: 2.293979 | AG26: 2.324365 | AH26: 2.356389 | AI26: 0.009
A27: Electricity Subtotal | B27: Commercial: Energy Consumption by Fuel: Electricity Subtotal: Reference case | C27: AEO.2023.REF2023.CNSM_NA_COMM_NA_PRC_DELE_USA_QBTU.A | D27: quads | F27: 4.715115 | G27: 4.660196 | H27: 4.703229 | I27: 4.706833 | J27: 4.719758 | K27: 4.728219 | L27: 4.761503 | M27: 4.796856 | N27: 4.826465 | O27: 4.859533 | P27: 4.893326 | Q27: 4.92136 | R27: 4.946467 | S27: 4.972676 | T27: 4.99922 | U27: 5.022711 | V27: 5.044183 | W27: 5.063434 | X27: 5.086228 | Y27: 5.112185 | Z27: 5.139875 | AA27: 5.170059 | AB27: 5.201613 | AC27: 5.235871 | AD27: 5.273718 | AE27: 5.314649 | AF27: 5.357429 | AG27: 5.401831 | AH27: 5.448982 | AI27: 0.005
A28: On-site Generation for Own Use | B28: Commercial: Energy Consumption by Fuel: Generation for Own Use: Reference case | C28: AEO.2023.REF2023.GEN_NA_COMM_NA_GFO_ELC_USA_QBTU.A | D28: quads | F28: 0.120598 | G28: 0.141293 | H28: 0.157796 | I28: 0.171057 | J28: 0.178473 | K28: 0.187182 | L28: 0.194703 | M28: 0.206329 | N28: 0.214666 | O28: 0.223006 | P28: 0.230468 | Q28: 0.241354 | R28: 0.252853 | S28: 0.259646 | T28: 0.271905 | U28: 0.279236 | V28: 0.289649 | W28: 0.299346 | X28: 0.307959 | Y28: 0.31545 | Z28: 0.321735 | AA28: 0.327236 | AB28: 0.332311 | AC28: 0.337295 | AD28: 0.345774 | AE28: 0.34869 | AF28: 0.35358 | AG28: 0.356073 | AH28: 0.357791 | AI28: 0.04
A29: Purchased Electricity | B29: Commercial: Energy Consumption by Fuel: Purchased Electricity: Reference case | C29: AEO.2023.REF2023.CNSM_NA_COMM_NA_DELE_ELC_USA_QBTU.A | D29: quads | F29: 4.594516 | G29: 4.518903 | H29: 4.545434 | I29: 4.535777 | J29: 4.541285 | K29: 4.541036 | L29: 4.5668 | M29: 4.590527 | N29: 4.611798 | O29: 4.636527 | P29: 4.662858 | Q29: 4.680006 | R29: 4.693614 | S29: 4.71303 | T29: 4.727315 | U29: 4.743475 | V29: 4.754533 | W29: 4.764088 | X29: 4.77827 | Y29: 4.796735 | Z29: 4.818141 | AA29: 4.842824 | AB29: 4.869302 | AC29: 4.898576 | AD29: 4.927944 | AE29: 4.965959 | AF29: 5.003849 | AG29: 5.045757 | AH29: 5.091191 | AI29: 0.004
A30: Natural Gas
A31: Space Heating | B31: Commercial: Natural Gas: Space Heating: Reference case | C31: AEO.2023.REF2023.CNSM_NA_COMM_NA_NG_SPH_USA_QBTU.A | D31: quads | F31: 1.825454 | G31: 1.7947 | H31: 1.706173 | I31: 1.738566 | J31: 1.76394 | K31: 1.779544 | L31: 1.788921 | M31: 1.79061 | N31: 1.7891 | O31: 1.787161 | P31: 1.78353 | Q31: 1.776289 | R31: 1.767478 | S31: 1.757646 | T31: 1.748321 | U31: 1.738137 | V31: 1.725022 | W31: 1.712733 | X31: 1.699783 | Y31: 1.686558 | Z31: 1.673985 | AA31: 1.663169 | AB31: 1.653979 | AC31: 1.642917 | AD31: 1.629286 | AE31: 1.617342 | AF31: 1.607314 | AG31: 1.597087 | AH31: 1.585169 | AI31: -0.005
A32: Space Cooling | B32: Commercial: Natural Gas: Space Cooling: Reference case | C32: AEO.2023.REF2023.CNSM_NA_COMM_NA_NG_SPC_USA_QBTU.A | D32: quads | F32: 0.024829 | G32: 0.019927 | H32: 0.025627 | I32: 0.025995 | J32: 0.026232 | K32: 0.026372 | L32: 0.026435 | M32: 0.026429 | N32: 0.026391 | O32: 0.026353 | P32: 0.026314 | Q32: 0.026221 | R32: 0.026135 | S32: 0.026053 | T32: 0.025982 | U32: 0.025909 | V32: 0.025794 | W32: 0.025696 | X32: 0.025607 | Y32: 0.025509 | Z32: 0.025444 | AA32: 0.025413 | AB32: 0.025411 | AC32: 0.025387 | AD32: 0.025342 | AE32: 0.025319 | AF32: 0.025355 | AG32: 0.025379 | AH32: 0.025378 | AI32: 0.001
A33: Water Heating | B33: Commercial: Natural Gas: Water Heating: Reference case | C33: AEO.2023.REF2023.CNSM_NA_COMM_NA_NG_WTHT_USA_QBTU.A | D33: quads | F33: 0.592038 | G33: 0.587033 | H33: 0.59738 | I33: 0.612751 | J33: 0.625663 | K33: 0.635529 | L33: 0.643779 | M33: 0.650036 | N33: 0.65564 | O33: 0.661104 | P33: 0.666126 | Q33: 0.669921 | R33: 0.673173 | S33: 0.676108 | T33: 0.679318 | U33: 0.682179 | V33: 0.683963 | W33: 0.686183 | X33: 0.688062 | Y33: 0.689956 | Z33: 0.692163 | AA33: 0.69516 | AB33: 0.698934 | AC33: 0.701843 | AD33: 0.702562 | AE33: 0.704524 | AF33: 0.707957 | AG33: 0.711782 | AH33: 0.714992 | AI33: 0.007
A34: Cooking | B34: Commercial: Natural Gas: Cooking: Reference case | C34: AEO.2023.REF2023.CNSM_NA_COMM_NA_NG_CGR_USA_QBTU.A | D34: quads | F34: 0.330657 | G34: 0.330951 | H34: 0.339432 | I34: 0.350318 | J34: 0.359456 | K34: 0.366753 | L34: 0.373101 | M34: 0.378484 | N34: 0.383503 | O34: 0.388504 | P34: 0.393151 | Q34: 0.397004 | R34: 0.400425 | S34: 0.403553 | T34: 0.406752 | U34: 0.409697 | V34: 0.411976 | W34: 0.414445 | X34: 0.416588 | Y34: 0.418795 | Z34: 0.421125 | AA34: 0.423867 | AB34: 0.426979 | AC34: 0.429664 | AD34: 0.4306 | AE34: 0.432317 | AF34: 0.434994 | AG34: 0.438022 | AH34: 0.440721 | AI34: 0.01
A35: Other Uses | B35: Commercial: Natural Gas: Other Uses: Reference case | C35: AEO.2023.REF2023.CNSM_NA_COMM_NA_NG_OTHU_USA_QBTU.A | D35: quads | F35: 0.829705 | G35: 0.877519 | H35: 0.834122 | I35: 0.813466 | J35: 0.803619 | K35: 0.790551 | L35: 0.796054 | M35: 0.799018 | N35: 0.801052 | O35: 0.802318 | P35: 0.803479 | Q35: 0.803824 | R35: 0.803934 | S35: 0.804007 | T35: 0.804495 | U35: 0.804872 | V35: 0.804778 | W35: 0.805447 | X35: 0.805684 | Y35: 0.80564 | Z35: 0.805986 | AA35: 0.807134 | AB35: 0.808823 | AC35: 0.809986 | AD35: 0.810499 | AE35: 0.811488 | AF35: 0.813177 | AG35: 0.814774 | AH35: 0.815962 | AI35: -0.001
A36: Delivered Energy | B36: Commercial: Natural Gas: Delivered Energy: Reference case | C36: AEO.2023.REF2023.CNSM_NA_COMM_NA_NG_DELE_USA_QBTU.A | D36: quads | F36: 3.602684 | G36: 3.610131 | H36: 3.502734 | I36: 3.541095 | J36: 3.578909 | K36: 3.598749 | L36: 3.628291 | M36: 3.644576 | N36: 3.655685 | O36: 3.66544 | P36: 3.672601 | Q36: 3.673259 | R36: 3.671146 | S36: 3.667367 | T36: 3.664868 | U36: 3.660794 | V36: 3.651533 | W36: 3.644504 | X36: 3.635725 | Y36: 3.626458 | Z36: 3.618704 | AA36: 3.614743 | AB36: 3.614126 | AC36: 3.609797 | AD36: 3.598289 | AE36: 3.59099 | AF36: 3.588797 | AG36: 3.587044 | AH36: 3.582223 | AI36: 0
A37: Distillate Fuel Oil
A38: Space Heating | B38: Commercial: Distillate Fuel Oil: Space Heating: Reference case | C38: AEO.2023.REF2023.CNSM_NA_COMM_NA_DFO_SPH_USA_QBTU.A | D38: quads | F38: 0.212071 | G38: 0.20616 | H38: 0.189944 | I38: 0.191777 | J38: 0.193137 | K38: 0.194076 | L38: 0.194863 | M38: 0.194118 | N38: 0.192428 | O38: 0.190378 | P38: 0.188286 | Q38: 0.186091 | R38: 0.183872 | S38: 0.181496 | T38: 0.179108 | U38: 0.176649 | V38: 0.17415 | W38: 0.171617 | X38: 0.169061 | Y38: 0.166513 | Z38: 0.164037 | AA38: 0.161519 | AB38: 0.159163 | AC38: 0.156796 | AD38: 0.154307 | AE38: 0.15187 | AF38: 0.149531 | AG38: 0.1472 | AH38: 0.144935 | AI38: -0.014
A39: Water Heating | B39: Commercial: Distillate Fuel Oil: Water Heating: Reference case | C39: AEO.2023.REF2023.CNSM_NA_COMM_NA_DFO_WTHT_USA_QBTU.A | D39: quads | F39: 0.006139 | G39: 0.005899 | H39: 0.005873 | I39: 0.00598 | J39: 0.006072 | K39: 0.006151 | L39: 0.006232 | M39: 0.006269 | N39: 0.006277 | O39: 0.00627 | P39: 0.006262 | Q39: 0.006249 | R39: 0.006235 | S39: 0.006215 | T39: 0.006193 | U39: 0.006167 | V39: 0.006139 | W39: 0.006109 | X39: 0.00608 | Y39: 0.006048 | Z39: 0.006018 | AA39: 0.005986 | AB39: 0.00596 | AC39: 0.005933 | AD39: 0.005901 | AE39: 0.005871 | AF39: 0.005839 | AG39: 0.005809 | AH39: 0.00578 | AI39: -0.002
A40: Other Uses | B40: Commercial: Distillate Fuel Oil: Other Uses: Reference case | C40: AEO.2023.REF2023.CNSM_NA_COMM_NA_DFO_OTHU_USA_QBTU.A | D40: quads | F40: 0.079483 | G40: 0.080017 | H40: 0.081899 | I40: 0.082917 | J40: 0.083774 | K40: 0.084482 | L40: 0.086216 | M40: 0.087276 | N40: 0.087908 | O40: 0.088286 | P40: 0.088642 | Q40: 0.08895 | R40: 0.089274 | S40: 0.08954 | T40: 0.08981 | U40: 0.090052 | V40: 0.090278 | W40: 0.090496 | X40: 0.090717 | Y40: 0.090886 | Z40: 0.091096 | AA40: 0.091274 | AB40: 0.091533 | AC40: 0.091761 | AD40: 0.091552 | AE40: 0.091488 | AF40: 0.091623 | AG40: 0.091867 | AH40: 0.092141 | AI40: 0.005
A41: Delivered Energy | B41: Commercial: Distillate Fuel Oil: Delivered Energy: Reference case | C41: AEO.2023.REF2023.CNSM_NA_COMM_NA_DFO_DELE_USA_QBTU.A | D41: quads | F41: 0.297694 | G41: 0.292076 | H41: 0.277716 | I41: 0.280674 | J41: 0.282983 | K41: 0.284708 | L41: 0.287311 | M41: 0.287663 | N41: 0.286613 | O41: 0.284934 | P41: 0.28319 | Q41: 0.28129 | R41: 0.27938 | S41: 0.277251 | T41: 0.275111 | U41: 0.272868 | V41: 0.270568 | W41: 0.268223 | X41: 0.265857 | Y41: 0.263447 | Z41: 0.26115 | AA41: 0.258779 | AB41: 0.256655 | AC41: 0.25449 | AD41: 0.251759 | AE41: 0.249229 | AF41: 0.246993 | AG41: 0.244876 | AH41: 0.242856 | AI41: -0.007
A42: Marketed Renewables (biomass) | B42: Commercial: Marketed Renewables (biomass): Reference case | C42: AEO.2023.REF2023.CNSM_NA_COMM_NA_BMS_NA_USA_QBTU.A | D42: quads | F42: 0.120805 | G42: 0.120805 | H42: 0.120805 | I42: 0.120805 | J42: 0.120805 | K42: 0.120805 | L42: 0.120805 | M42: 0.120805 | N42: 0.120805 | O42: 0.120805 | P42: 0.120805 | Q42: 0.120805 | R42: 0.120805 | S42: 0.120805 | T42: 0.120805 | U42: 0.120805 | V42: 0.120805 | W42: 0.120805 | X42: 0.120805 | Y42: 0.120805 | Z42: 0.120805 | AA42: 0.120805 | AB42: 0.120805 | AC42: 0.120805 | AD42: 0.120805 | AE42: 0.120805 | AF42: 0.120805 | AG42: 0.120805 | AH42: 0.120805 | AI42: 0
A43: Other Fuels | B43: Commercial: Other Fuels: Reference case | C43: AEO.2023.REF2023.CNSM_NA_COMM_NA_OFU_NA_USA_QBTU.A | D43: quads | F43: 0.599232 | G43: 0.604849 | H43: 0.604131 | I43: 0.604367 | J43: 0.603466 | K43: 0.602905 | L43: 0.605956 | M43: 0.609015 | N43: 0.613001 | O43: 0.615176 | P43: 0.618187 | Q43: 0.620845 | R43: 0.623269 | S43: 0.625689 | T43: 0.627701 | U43: 0.629442 | V43: 0.631117 | W43: 0.632968 | X43: 0.634698 | Y43: 0.6364 | Z43: 0.638135 | AA43: 0.639972 | AB43: 0.641725 | AC43: 0.643492 | AD43: 0.644724 | AE43: 0.646651 | AF43: 0.648406 | AG43: 0.650468 | AH43: 0.652513 | AI43: 0.003
A44: Energy Consumption by End Use
A45: Space Heating | B45: Commercial: Delivered Energy Use by End Use: Space Heating: Reference case | C45: AEO.2023.REF2023.CNSM_NA_COMM_NA_DEE_SPH_USA_QBTU.A | D45: quads | F45: 2.156799 | G45: 2.119221 | H45: 2.006979 | I45: 2.041441 | J45: 2.068224 | K45: 2.084474 | L45: 2.094169 | M45: 2.094486 | N45: 2.090514 | O45: 2.085824 | P45: 2.079295 | Q45: 2.06883 | R45: 2.056624 | S45: 2.043284 | T45: 2.030412 | U45: 2.016523 | V45: 1.999519 | W45: 1.983224 | X45: 1.966258 | Y45: 1.949131 | Z45: 1.93278 | AA45: 1.918176 | AB45: 1.905357 | AC45: 1.890653 | AD45: 1.8733 | AE45: 1.857735 | AF45: 1.84416 | AG45: 1.830421 | AH45: 1.815094 | AI45: -0.006
A46: Space Cooling | B46: Commercial: Delivered Energy Use by End Use: Space Cooling: Reference case | C46: AEO.2023.REF2023.CNSM_NA_COMM_NA_DEE_SPC_USA_QBTU.A | D46: quads | F46: 0.567709 | G46: 0.497307 | H46: 0.576418 | I46: 0.58604 | J46: 0.593982 | K46: 0.601457 | L46: 0.608897 | M46: 0.616002 | N46: 0.621787 | O46: 0.627848 | P46: 0.634099 | Q46: 0.638626 | R46: 0.642763 | S46: 0.647345 | T46: 0.652028 | U46: 0.656644 | V46: 0.66073 | W46: 0.664832 | X46: 0.668482 | Y46: 0.67252 | Z46: 0.676931 | AA46: 0.681601 | AB46: 0.686685 | AC46: 0.692302 | AD46: 0.699047 | AE46: 0.706583 | AF46: 0.714408 | AG46: 0.722373 | AH46: 0.731077 | AI46: 0.009
A47: Water Heating | B47: Commercial: Delivered Energy Use by End Use: Water Heating: Reference case | C47: AEO.2023.REF2023.CNSM_NA_COMM_NA_DEE_WTHT_USA_QBTU.A | D47: quads | F47: 0.622392 | G47: 0.616487 | H47: 0.626382 | I47: 0.641601 | J47: 0.654367 | K47: 0.664236 | L47: 0.672475 | M47: 0.678654 | N47: 0.684122 | O47: 0.689432 | P47: 0.694287 | Q47: 0.697859 | R47: 0.70086 | S47: 0.703559 | T47: 0.706527 | U47: 0.709129 | V47: 0.710628 | W47: 0.712559 | X47: 0.714152 | Y47: 0.715782 | Z47: 0.717737 | AA47: 0.720488 | AB47: 0.724027 | AC47: 0.726705 | AD47: 0.727204 | AE47: 0.728964 | AF47: 0.732197 | AG47: 0.73583 | AH47: 0.738865 | AI47: 0.006
A48: Ventilation | B48: Commercial: Delivered Energy Use by End Use: Ventilation: Reference case | C48: AEO.2023.REF2023.CNSM_NA_COMM_NA_DEE_VNTC_USA_QBTU.A | D48: quads | F48: 0.418793 | G48: 0.407891 | H48: 0.400019 | I48: 0.394285 | J48: 0.38814 | K48: 0.381195 | L48: 0.373949 | M48: 0.366494 | N48: 0.358411 | O48: 0.350666 | P48: 0.342958 | Q48: 0.334873 | R48: 0.326773 | S48: 0.319148 | T48: 0.311811 | U48: 0.30456 | V48: 0.297195 | W48: 0.289957 | X48: 0.283031 | Y48: 0.276615 | Z48: 0.270569 | AA48: 0.264814 | AB48: 0.259292 | AC48: 0.253978 | AD48: 0.248923 | AE48: 0.244183 | AF48: 0.239593 | AG48: 0.235279 | AH48: 0.231259 | AI48: -0.021
A49: Cooking | B49: Commercial: Delivered Energy Use by End Use: Cooking: Reference case | C49: AEO.2023.REF2023.CNSM_NA_COMM_NA_DEE_CGR_USA_QBTU.A | D49: quads | F49: 0.413035 | G49: 0.412662 | H49: 0.421219 | I49: 0.432619 | J49: 0.442085 | K49: 0.449475 | L49: 0.455824 | M49: 0.461124 | N49: 0.465941 | O49: 0.470744 | P49: 0.47515 | Q49: 0.478581 | R49: 0.481486 | S49: 0.48413 | T49: 0.486817 | U49: 0.489188 | V49: 0.490804 | W49: 0.492575 | X49: 0.494001 | Y49: 0.495566 | Z49: 0.497278 | AA49: 0.499424 | AB49: 0.501957 | AC49: 0.504078 | AD49: 0.504504 | AE49: 0.505773 | AF49: 0.507987 | AG49: 0.510559 | AH49: 0.512843 | AI49: 0.008
A50: Lighting | B50: Commercial: Delivered Energy Use by End Use: Lighting: Reference case | C50: AEO.2023.REF2023.CNSM_NA_COMM_NA_DEE_LGHTNG_USA_QBTU.A | D50: quads | F50: 0.497281 | G50: 0.48856 | H50: 0.485795 | I50: 0.487572 | J50: 0.489366 | K50: 0.490566 | L50: 0.492025 | M50: 0.493689 | N50: 0.491019 | O50: 0.488961 | P50: 0.486973 | Q50: 0.484227 | R50: 0.480979 | S50: 0.47801 | T50: 0.474966 | U50: 0.470955 | V50: 0.46601 | W50: 0.459942 | X50: 0.457929 | Y50: 0.456811 | Z50: 0.455971 | AA50: 0.45553 | AB50: 0.455459 | AC50: 0.45568 | AD50: 0.456329 | AE50: 0.457722 | AF50: 0.459158 | AG50: 0.460843 | AH50: 0.463004 | AI50: -0.003
A51: Refrigeration | B51: Commercial: Delivered Energy Use by End Use: Refrigeration: Reference case | C51: AEO.2023.REF2023.CNSM_NA_COMM_NA_DEE_REFR_USA_QBTU.A | D51: quads | F51: 0.603352 | G51: 0.601355 | H51: 0.60268 | I51: 0.606446 | J51: 0.609686 | K51: 0.612279 | L51: 0.615204 | M51: 0.618493 | N51: 0.620748 | O51: 0.6239 | P51: 0.62699 | Q51: 0.629387 | R51: 0.631325 | S51: 0.633214 | T51: 0.634855 | U51: 0.636155 | V51: 0.636938 | W51: 0.637474 | X51: 0.637919 | Y51: 0.639058 | Z51: 0.640294 | AA51: 0.641609 | AB51: 0.642984 | AC51: 0.644417 | AD51: 0.645996 | AE51: 0.647793 | AF51: 0.649657 | AG51: 0.651697 | AH51: 0.653934 | AI51: 0.003
A52: Computing | B52: Commercial: Delivered Energy Use by End Use: Computing: Reference case | C52: AEO.2023.REF2023.CNSM_NA_COMM_NA_DEE_OFEQPC_USA_QBTU.A | D52: quads | F52: 0.430736 | G52: 0.434585 | H52: 0.439935 | I52: 0.447378 | J52: 0.454369 | K52: 0.460986 | L52: 0.468872 | M52: 0.477159 | N52: 0.486197 | O52: 0.495433 | P52: 0.505082 | Q52: 0.514312 | R52: 0.523711 | S52: 0.532915 | T52: 0.542904 | U52: 0.552165 | V52: 0.562175 | W52: 0.572007 | X52: 0.581746 | Y52: 0.591454 | Z52: 0.601737 | AA52: 0.612648 | AB52: 0.623171 | AC52: 0.634406 | AD52: 0.646435 | AE52: 0.658221 | AF52: 0.670737 | AG52: 0.683498 | AH52: 0.69654 | AI52: 0.017
A53: Office Equipment | B53: Commercial: Delivered Energy Use by End Use: Office Equipment: Reference case | C53: AEO.2023.REF2023.CNSM_NA_COMM_NA_DEE_OFEQPNPC_USA_QBTU.A | D53: quads | F53: 0.174708 | G53: 0.173262 | H53: 0.172777 | I53: 0.173193 | J53: 0.173864 | K53: 0.174594 | L53: 0.175666 | M53: 0.177107 | N53: 0.178874 | O53: 0.180673 | P53: 0.182679 | Q53: 0.184498 | R53: 0.185888 | S53: 0.187457 | T53: 0.188627 | U53: 0.189682 | V53: 0.190608 | W53: 0.190859 | X53: 0.19104 | Y53: 0.190877 | Z53: 0.19009 | AA53: 0.188979 | AB53: 0.18755 | AC53: 0.1855 | AD53: 0.183143 | AE53: 0.180174 | AF53: 0.176542 | AG53: 0.172244 | AH53: 0.166953 | AI53: -0.002
A54: Other Uses | B54: Commercial: Delivered Energy Use by End Use: Other Uses: Reference case | C54: AEO.2023.REF2023.CNSM_NA_COMM_NA_DEE_OTHU_USA_QBTU.A | D54: quads | F54: 3.450725 | G54: 3.536727 | H54: 3.476412 | I54: 3.443199 | J54: 3.431837 | K54: 3.416125 | L54: 3.446787 | M54: 3.475707 | N54: 3.504954 | O54: 3.532405 | P54: 3.560595 | Q54: 3.586367 | R54: 3.610657 | S54: 3.634727 | T54: 3.658757 | U54: 3.681617 | V54: 3.703599 | W54: 3.726506 | X54: 3.748755 | Y54: 3.77148 | Z54: 3.795282 | AA54: 3.821091 | AB54: 3.848442 | AC54: 3.876735 | AD54: 3.904414 | AE54: 3.935176 | AF54: 3.967991 | AG54: 4.002277 | AH54: 4.037809 | AI54: 0.006
A55: Gross End-use Consumption | B55: Commercial: Delivered Energy Use by End Use: Gross End-use Consumption: Reference case | C55: AEO.2023.REF2023.CNSM_NA_COMM_NA_DEE_NA_USA_QBTU.A | D55: quads | F55: 9.335528 | G55: 9.288057 | H55: 9.208616 | I55: 9.253775 | J55: 9.30592 | K55: 9.335386 | L55: 9.403867 | M55: 9.458915 | N55: 9.502568 | O55: 9.545887 | P55: 9.588109 | Q55: 9.617559 | R55: 9.641068 | S55: 9.663788 | T55: 9.687705 | U55: 9.70662 | V55: 9.718206 | W55: 9.729934 | X55: 9.743315 | Y55: 9.759295 | Z55: 9.778669 | AA55: 9.804359 | AB55: 9.834926 | AC55: 9.864454 | AD55: 9.889296 | AE55: 9.922324 | AF55: 9.96243 | AG55: 10.005023 | AH55: 10.047379 | AI55: 0.003
A56: On-site Generation for Own Use | B56: Commercial: Energy Consumption by End Use: Generation for Own Use: Reference case | C56: AEO.2023.REF2023.GEN_NA_COMM_NA_DEE_GFO_USA_QBTU.A | D56: quads | F56: 0.120598 | G56: 0.141293 | H56: 0.157796 | I56: 0.171057 | J56: 0.178473 | K56: 0.187182 | L56: 0.194703 | M56: 0.206329 | N56: 0.214666 | O56: 0.223006 | P56: 0.230468 | Q56: 0.241354 | R56: 0.252853 | S56: 0.259646 | T56: 0.271905 | U56: 0.279236 | V56: 0.289649 | W56: 0.299346 | X56: 0.307959 | Y56: 0.31545 | Z56: 0.321735 | AA56: 0.327236 | AB56: 0.332311 | AC56: 0.337295 | AD56: 0.345774 | AE56: 0.34869 | AF56: 0.35358 | AG56: 0.356073 | AH56: 0.357791 | AI56: 0.04
... A58: Electricity Related Losses | B58: Commercial: Electricity Related Losses: Reference case | C58: AEO.2023.REF2023.CNSM_NA_COMM_NA_ERL_NA_USA_QBTU.A | D58: quads | F58: 8.418628 | G58: 8.114022 | H58: 8.191726 | I58: 8.159429 | J58: 8.091992 | K58: 8.006085 | L58: 7.955819 | M58: 7.915802 | N58: 7.896358 | O58: 7.930013 | P58: 8.003522 | Q58: 8.026731 | R58: 8.080197 | S58: 8.120834 | T58: 8.149742 | U58: 8.150818 | V58: 8.118296 | W58: 8.079234 | X58: 8.068868 | Y58: 8.079835 | Z58: 8.125821 | AA58: 8.163304 | AB58: 8.210293 | AC58: 8.270639 | AD58: 8.296746 | AE58: 8.347886 | AF58: 8.401999 | AG58: 8.450187 | AH58: 8.512757 | AI58: 0
A59: Total Energy Consumption by End Use
A60: Space Heating | B60: Commercial: Total Energy Use by End Use: Space Heating: Reference case | C60: AEO.2023.REF2023.CNSM_NA_COMM_NA_TEE_SPH_USA_QBTU.A | D60: quads | F60: 2.369756 | G60: 2.325303 | H60: 2.200071 | I60: 2.234034 | J60: 2.258785 | K60: 2.272178 | L60: 2.278605 | M60: 2.27561 | N60: 2.268822 | O60: 2.26253 | P60: 2.255087 | Q60: 2.242448 | R60: 2.228594 | S60: 2.213358 | T60: 2.198295 | U60: 2.181622 | V60: 2.161021 | W60: 2.140987 | X60: 2.120797 | Y60: 2.100954 | Z60: 2.082587 | AA60: 2.065789 | AB60: 2.050912 | AC60: 2.034301 | AD60: 2.014431 | AE60: 1.996781 | AF60: 1.981096 | AG60: 1.965162 | AH60: 1.94787 | AI60: -0.007
A61: Space Cooling | B61: Commercial: Total Energy Use by End Use: Space Cooling: Reference case | C61: AEO.2023.REF2023.CNSM_NA_COMM_NA_TEE_SPC_USA_QBTU.A | D61: quads | F61: 1.536997 | G61: 1.328487 | H61: 1.535744 | I61: 1.556894 | J61: 1.567385 | K61: 1.575223 | L61: 1.582111 | M61: 1.588919 | N61: 1.595887 | O61: 1.609396 | P61: 1.628192 | Q61: 1.637458 | R61: 1.650042 | S61: 1.661971 | T61: 1.672609 | U61: 1.680196 | V61: 1.682619 | W61: 1.684639 | X61: 1.688349 | Y61: 1.695125 | Z61: 1.706891 | AA61: 1.717692 | AB61: 1.73045 | AC61: 1.745769 | AD61: 1.758936 | AE61: 1.776665 | AF61: 1.795044 | AG61: 1.812694 | AH61: 1.833566 | AI61: 0.006
A62: Water Heating | B62: Commercial: Total Energy Use by End Use: Water Heating: Reference case | C62: AEO.2023.REF2023.CNSM_NA_COMM_NA_TEE_WTHT_USA_QBTU.A | D62: quads | F62: 0.665627 | G62: 0.657499 | H62: 0.666669 | I62: 0.681247 | J62: 0.693169 | K62: 0.702429 | L62: 0.710007 | M62: 0.715536 | N62: 0.720452 | O62: 0.725429 | P62: 0.730105 | Q62: 0.733232 | R62: 0.735904 | S62: 0.738239 | T62: 0.740788 | U62: 0.742856 | V62: 0.743663 | W62: 0.744897 | X62: 0.745897 | Y62: 0.747042 | Z62: 0.748654 | AA62: 0.751028 | AB62: 0.754226 | AC62: 0.756606 | AD62: 0.756688 | AE62: 0.758132 | AF62: 0.761054 | AG62: 0.764363 | AH62: 0.767133 | AI62: 0.005
A63: Ventilation | B63: Commercial: Total Energy Use by End Use: Ventilation: Reference case | C63: AEO.2023.REF2023.CNSM_NA_COMM_NA_TEE_VNTC_USA_QBTU.A | D63: quads | F63: 1.166529 | G63: 1.118084 | H63: 1.096742 | I63: 1.077789 | J63: 1.053604 | K63: 1.026656 | L63: 0.998766 | M63: 0.971284 | N63: 0.944791 | O63: 0.9229 | P63: 0.903901 | Q63: 0.88105 | R63: 0.860566 | S63: 0.840346 | T63: 0.820125 | U63: 0.798799 | V63: 0.775511 | W63: 0.752614 | X63: 0.732036 | Y63: 0.713807 | Z63: 0.698323 | AA63: 0.682943 | AB63: 0.668563 | AC63: 0.655164 | AD63: 0.640535 | AE63: 0.627728 | AF63: 0.615343 | AG63: 0.603332 | AH63: 0.592547 | AI63: -0.024
A64: Cooking | B64: Commercial: Total Energy Use by End Use: Cooking: Reference case | C64: AEO.2023.REF2023.CNSM_NA_COMM_NA_TEE_CGR_USA_QBTU.A | D64: quads | F64: 0.560115 | G64: 0.554933 | H64: 0.563668 | I64: 0.57529 | J64: 0.583754 | K64: 0.589544 | L64: 0.594042 | M64: 0.597497 | N64: 0.600815 | O64: 0.604947 | P64: 0.609268 | Q64: 0.611633 | R64: 0.613902 | S64: 0.615721 | T64: 0.617338 | U64: 0.618186 | V64: 0.617672 | W64: 0.617239 | X64: 0.61681 | Y64: 0.616903 | Z64: 0.617671 | AA64: 0.618726 | AB64: 0.620303 | AC64: 0.621624 | AD64: 0.620771 | AE64: 0.621152 | AF64: 0.622461 | AG64: 0.62403 | AH64: 0.625516 | AI64: 0.004
A65: Lighting | B65: Commercial: Total Energy Use by End Use: Lighting: Reference case | C65: AEO.2023.REF2023.CNSM_NA_COMM_NA_TEE_LGHTNG_USA_QBTU.A | D65: quads | F65: 1.385153 | G65: 1.339207 | H65: 1.331915 | I65: 1.332792 | J65: 1.32838 | K65: 1.321219 | L65: 1.314132 | M65: 1.308378 | N65: 1.294353 | O65: 1.286871 | P65: 1.283467 | Q65: 1.274002 | R65: 1.266673 | S65: 1.258643 | T65: 1.249258 | U65: 1.235217 | V65: 1.216023 | W65: 1.193826 | X65: 1.184395 | Y65: 1.178803 | Z65: 1.176833 | AA65: 1.174792 | AB65: 1.174362 | AC65: 1.175478 | AD65: 1.174237 | AE65: 1.17668 | AF65: 1.179251 | AG65: 1.181748 | AH65: 1.186339 | AI65: -0.006
A66: Refrigeration | B66: Commercial: Total Energy Use by End Use: Refrigeration: Reference case | C66: AEO.2023.REF2023.CNSM_NA_COMM_NA_TEE_REFR_USA_QBTU.A | D66: quads | F66: 1.680609 | G66: 1.648395 | H66: 1.652382 | I66: 1.657738 | J66: 1.654988 | K66: 1.649023 | L66: 1.643127 | M66: 1.639134 | N66: 1.636326 | O66: 1.642009 | P66: 1.652495 | Q66: 1.655916 | R66: 1.662613 | S66: 1.66731 | T66: 1.669798 | U66: 1.668502 | V66: 1.66205 | W66: 1.654631 | X66: 1.649924 | Y66: 1.649092 | Z66: 1.65256 | AA66: 1.654683 | AB66: 1.657877 | AC66: 1.662347 | AD66: 1.662294 | AE66: 1.665301 | AF66: 1.668507 | AG66: 1.671159 | AH66: 1.675552 | AI66: 0
A67: Computing | B67: Commercial: Total Energy Use by End Use: Computing: Reference case | C67: AEO.2023.REF2023.CNSM_NA_COMM_NA_TEE_OFEQPC_USA_QBTU.A | D67: quads | F67: 1.199797 | G67: 1.191255 | H67: 1.206181 | I67: 1.22292 | J67: 1.233381 | K67: 1.241554 | L67: 1.252292 | M67: 1.26457 | N67: 1.281642 | O67: 1.303904 | P67: 1.331193 | Q67: 1.353154 | R67: 1.379209 | S67: 1.403213 | T67: 1.427948 | U67: 1.448214 | V67: 1.466961 | W67: 1.484703 | X67: 1.504636 | Y67: 1.526249 | Z67: 1.553045 | AA67: 1.579993 | AB67: 1.606792 | AC67: 1.636521 | AD67: 1.663424 | AE67: 1.69211 | AF67: 1.722647 | AG67: 1.752706 | AH67: 1.784721 | AI67: 0.014
A68: Office Equipment | B68: Commercial: Total Energy Use by End Use: Office Equipment: Reference case | C68: AEO.2023.REF2023.CNSM_NA_COMM_NA_TEE_OFEQPNPC_USA_QBTU.A | D68: quads | F68: 0.486641 | G68: 0.474933 | H68: 0.473706 | I68: 0.473428 | J68: 0.471953 | K68: 0.470228 | L68: 0.46918 | M68: 0.469369 | N68: 0.471521 | O68: 0.475505 | P68: 0.481469 | Q68: 0.485415 | R68: 0.489541 | S68: 0.493592 | T68: 0.496127 | U68: 0.497496 | V68: 0.49738 | W68: 0.495395 | X68: 0.494109 | Y68: 0.492559 | Z68: 0.490609 | AA68: 0.487368 | AB68: 0.483581 | AC68: 0.478517 | AD68: 0.471269 | AE68: 0.463179 | AF68: 0.453412 | AG68: 0.44169 | AH68: 0.427778 | AI68: -0.005
A69: Other Uses | B69: Commercial: Total Energy Use by End Use: Other Uses: Reference case | C69: AEO.2023.REF2023.CNSM_NA_COMM_NA_TEE_OTHU_USA_QBTU.A | D69: quads | F69: 6.702933 | G69: 6.763982 | H69: 6.673265 | I69: 6.601071 | J69: 6.552513 | K69: 6.493419 | L69: 6.517425 | M69: 6.544419 | N69: 6.584316 | O69: 6.64241 | P69: 6.716454 | Q69: 6.769983 | R69: 6.834221 | S69: 6.892231 | T69: 6.945162 | U69: 6.986348 | V69: 7.013602 | W69: 7.040237 | X69: 7.07523 | Y69: 7.118594 | Z69: 7.177317 | AA69: 7.234649 | AB69: 7.298151 | AC69: 7.368766 | AD69: 7.423457 | AE69: 7.492481 | AF69: 7.565614 | AG69: 7.638326 | AH69: 7.719114 | AI69: 0.005
A70: Total Gross End-use Consumption | B70: Commercial: Total Energy Use by End Use: Total Gross End-use Consumption: Reference case | C70: AEO.2023.REF2023.CNSM_NA_COMM_NA_TEE_NA_USA_QBTU.A | D70: quads | F70: 17.754156 | G70: 17.402081 | H70: 17.400341 | I70: 17.413204 | J70: 17.397911 | K70: 17.341473 | L70: 17.359686 | M70: 17.374718 | N70: 17.398926 | O70: 17.475899 | P70: 17.591631 | Q70: 17.644291 | R70: 17.721266 | S70: 17.784622 | T70: 17.837448 | U70: 17.857437 | V70: 17.836502 | W70: 17.809168 | X70: 17.812183 | Y70: 17.83913 | Z70: 17.904491 | AA70: 17.967663 | AB70: 18.045219 | AC70: 18.135094 | AD70: 18.186043 | AE70: 18.27021 | AF70: 18.364429 | AG70: 18.45521 | AH70: 18.560137 | AI70: 0.002
A71: On-site Generation for Own Use | B71: Commercial: Total Energy Use by End Use: Generation for Own Use: Reference case | C71: AEO.2023.REF2023.GEN_GFO_COMM_NA_TEE_NA_USA_QBTU.A | D71: quads | F71: 0.120598 | G71: 0.141293 | H71: 0.157796 | I71: 0.171057 | J71: 0.178473 | K71: 0.187182 | L71: 0.194703 | M71: 0.206329 | N71: 0.214666 | O71: 0.223006 | P71: 0.230468 | Q71: 0.241354 | R71: 0.252853 | S71: 0.259646 | T71: 0.271905 | U71: 0.279236 | V71: 0.289649 | W71: 0.299346 | X71: 0.307959 | Y71: 0.31545 | Z71: 0.321735 | AA71: 0.327236 | AB71: 0.332311 | AC71: 0.337295 | AD71: 0.345774 | AE71: 0.34869 | AF71: 0.35358 | AG71: 0.356073 | AH71: 0.357791 | AI71: 0.04
A72: Total Net Own-use Generation | B72: Commercial: Total Energy Use by End Use: Total Net Own-use Generation: Reference case | C72: AEO.2023.REF2023.GEN_GFO_COMM_NA_TEE_TOT_USA_QBTU.A | D72: quads | F72: 17.633558 | G72: 17.260786 | H72: 17.242546 | I72: 17.242146 | J72: 17.21944 | K72: 17.154289 | L72: 17.164982 | M72: 17.168388 | N72: 17.184261 | O72: 17.252895 | P72: 17.361164 | Q72: 17.402935 | R72: 17.468412 | S72: 17.524977 | T72: 17.565542 | U72: 17.578201 | V72: 17.546852 | W72: 17.509823 | X72: 17.504223 | Y72: 17.523678 | Z72: 17.582756 | AA72: 17.640427 | AB72: 17.712906 | AC72: 17.797798 | AD72: 17.840267 | AE72: 17.92152 | AF72: 18.010849 | AG72: 18.099136 | AH72: 18.202347 | AI72: 0.001
A73: Nonmarketed Renewable Fuels
A74: Solar Thermal | B74: Commercial: Nonmarketed Renewable Fuels: Solar Thermal: Reference case | C74: AEO.2023.REF2023.CNSM_NA_COMM_NA_NRF_SOTH_USA_QBTU.A | D74: quads | F74: 0.073909 | G74: 0.074151 | H74: 0.075857 | I74: 0.076403 | J74: 0.076692 | K74: 0.076408 | L74: 0.075979 | M74: 0.075916 | N74: 0.075721 | O74: 0.075837 | P74: 0.07584 | Q74: 0.075719 | R74: 0.075756 | S74: 0.075952 | T74: 0.075837 | U74: 0.075588 | V74: 0.07488 | W74: 0.074639 | X74: 0.07434 | Y74: 0.074429 | Z74: 0.074297 | AA74: 0.074153 | AB74: 0.074107 | AC74: 0.074012 | AD74: 0.073801 | AE74: 0.073765 | AF74: 0.073537 | AG74: 0.073493 | AH74: 0.073127 | AI74: 0
A75: Solar Photovoltaic | B75: Commercial: Nonmarketed Renewable Fuels: Solar Photovoltaic: Reference case | C75: AEO.2023.REF2023.CNSM_NA_COMM_NA_NRF_SOPH_USA_QBTU.A | D75: quads | F75: 0.261815 | G75: 0.308044 | H75: 0.349125 | I75: 0.378463 | J75: 0.393909 | K75: 0.41462 | L75: 0.431876 | M75: 0.460305 | N75: 0.480624 | O75: 0.501828 | P75: 0.519754 | Q75: 0.54558 | R75: 0.57358 | S75: 0.591709 | T75: 0.620738 | U75: 0.637336 | V75: 0.65884 | W75: 0.681914 | X75: 0.701094 | Y75: 0.720852 | Z75: 0.735415 | AA75: 0.748405 | AB75: 0.761182 | AC75: 0.772834 | AD75: 0.793086 | AE75: 0.800969 | AF75: 0.811401 | AG75: 0.818581 | AH75: 0.819181 | AI75: 0.042
A76: Wind | B76: Commercial: Nonmarketed Renewable Fuels: Wind: Reference case | C76: AEO.2023.REF2023.CNSM_NA_COMM_NA_NRF_WND_USA_QBTU.A | D76: quads | F76: 0.006792 | G76: 0.006789 | H76: 0.006849 | I76: 0.006794 | J76: 0.00673 | K76: 0.006714 | L76: 0.006732 | M76: 0.006796 | N76: 0.006782 | O76: 0.00682 | P76: 0.006835 | Q76: 0.006836 | R76: 0.006857 | S76: 0.006903 | T76: 0.006914 | U76: 0.006883 | V76: 0.0068 | W76: 0.006808 | X76: 0.006781 | Y76: 0.006804 | Z76: 0.006803 | AA76: 0.006792 | AB76: 0.006783 | AC76: 0.006769 | AD76: 0.006765 | AE76: 0.006767 | AF76: 0.00676 | AG76: 0.006754 | AH76: 0.006743 | AI76: 0
A77: Total | B77: Commercial: Nonmarketed Renewable Fuels: Total: Reference case | C77: AEO.2023.REF2023.CNSM_NA_COMM_NA_NRF_TOT_USA_QBTU.A | D77: quads | F77: 0.342516 | G77: 0.388984 | H77: 0.431831 | I77: 0.461659 | J77: 0.477331 | K77: 0.497743 | L77: 0.514586 | M77: 0.543017 | N77: 0.563127 | O77: 0.584484 | P77: 0.602429 | Q77: 0.628135 | R77: 0.656193 | S77: 0.674563 | T77: 0.703489 | U77: 0.719807 | V77: 0.74052 | W77: 0.763362 | X77: 0.782215 | Y77: 0.802085 | Z77: 0.816515 | AA77: 0.829349 | AB77: 0.842072 | AC77: 0.853616 | AD77: 0.873652 | AE77: 0.881501 | AF77: 0.891699 | AG77: 0.898828 | AH77: 0.899051 | AI77: 0.035
A78: Heating Degree Days
A79: New England | B79: Commercial: Heating Degree Days: New England: Reference case | C79: AEO.2023.REF2023.KEI_NA_COMM_NA_NA_NA_NENGL_HDD.A | D79: HDD | F79: 6198 | G79: 6420 | H79: 5972 | I79: 5949 | J79: 5925 | K79: 5902 | L79: 5878 | M79: 5854 | N79: 5830 | O79: 5807 | P79: 5783 | Q79: 5759 | R79: 5735 | S79: 5711 | T79: 5687 | U79: 5663 | V79: 5639 | W79: 5615 | X79: 5591 | Y79: 5567 | Z79: 5543 | AA79: 5519 | AB79: 5495 | AC79: 5471 | AD79: 5447 | AE79: 5423 | AF79: 5399 | AG79: 5374 | AH79: 5350 | AI79: -0.005
A80: Middle Atlantic | B80: Commercial: Heating Degree Days: Middle Atlantic: Reference case | C80: AEO.2023.REF2023.KEI_NA_COMM_NA_NA_NA_MATL_HDD.A | D80: HDD | F80: 5742 | G80: 5779 | H80: 5348 | I80: 5325 | J80: 5303 | K80: 5281 | L80: 5259 | M80: 5236 | N80: 5214 | O80: 5192 | P80: 5169 | Q80: 5147 | R80: 5125 | S80: 5102 | T80: 5080 | U80: 5058 | V80: 5036 | W80: 5013 | X80: 4991 | Y80: 4969 | Z80: 4947 | AA80: 4924 | AB80: 4902 | AC80: 4880 | AD80: 4858 | AE80: 4835 | AF80: 4813 | AG80: 4791 | AH80: 4769 | AI80: -0.007
A81: East North Central | B81: Commercial: Heating Degree Days: East North Central: Reference case | C81: AEO.2023.REF2023.KEI_NA_COMM_NA_NA_NA_ENC_HDD.A | D81: HDD | F81: 6427 | G81: 6306 | H81: 5982 | I81: 5967 | J81: 5953 | K81: 5938 | L81: 5923 | M81: 5908 | N81: 5893 | O81: 5879 | P81: 5864 | Q81: 5849 | R81: 5834 | S81: 5819 | T81: 5804 | U81: 5790 | V81: 5775 | W81: 5760 | X81: 5745 | Y81: 5730 | Z81: 5715 | AA81: 5701 | AB81: 5686 | AC81: 5671 | AD81: 5656 | AE81: 5641 | AF81: 5626 | AG81: 5611 | AH81: 5597 | AI81: -0.005
A82: West North Central | B82: Commercial: Heating Degree Days: West North Central: Reference case | C82: AEO.2023.REF2023.KEI_NA_COMM_NA_NA_NA_WNC_HDD.A | D82: HDD | F82: 6845 | G82: 6601 | H82: 6349 | I82: 6340 | J82: 6330 | K82: 6321 | L82: 6311 | M82: 6301 | N82: 6291 | O82: 6281 | P82: 6271 | Q82: 6261 | R82: 6250 | S82: 6240 | T82: 6230 | U82: 6219 | V82: 6209 | W82: 6198 | X82: 6188 | Y82: 6177 | Z82: 6167 | AA82: 6156 | AB82: 6145 | AC82: 6135 | AD82: 6124 | AE82: 6113 | AF82: 6103 | AG82: 6092 | AH82: 6081 | AI82: -0.004
A83: South Atlantic | B83: Commercial: Heating Degree Days: South Atlantic: Reference case | C83: AEO.2023.REF2023.KEI_NA_COMM_NA_NA_NA_SATL_HDD.A | D83: HDD | F83: 2566 | G83: 2600 | H83: 2375 | I83: 2358 | J83: 2342 | K83: 2326 | L83: 2310 | M83: 2294 | N83: 2277 | O83: 2261 | P83: 2245 | Q83: 2229 | R83: 2213 | S83: 2197 | T83: 2180 | U83: 2164 | V83: 2148 | W83: 2132 | X83: 2116 | Y83: 2100 | Z83: 2084 | AA83: 2068 | AB83: 2052 | AC83: 2036 | AD83: 2020 | AE83: 2005 | AF83: 1989 | AG83: 1973 | AH83: 1957 | AI83: -0.01
A84: East South Central | B84: Commercial: Heating Degree Days: East South Central: Reference case | C84: AEO.2023.REF2023.KEI_NA_COMM_NA_NA_NA_ESC_HDD.A | D84: HDD | F84: 3487 | G84: 3442 | H84: 3180 | I84: 3168 | J84: 3156 | K84: 3144 | L84: 3131 | M84: 3119 | N84: 3106 | O84: 3094 | P84: 3081 | Q84: 3069 | R84: 3056 | S84: 3043 | T84: 3031 | U84: 3018 | V84: 3005 | W84: 2992 | X84: 2980 | Y84: 2967 | Z84: 2954 | AA84: 2941 | AB84: 2929 | AC84: 2916 | AD84: 2903 | AE84: 2890 | AF84: 2877 | AG84: 2865 | AH84: 2852 | AI84: -0.007
A85: West South Central | B85: Commercial: Heating Degree Days: West South Central: Reference case | C85: AEO.2023.REF2023.KEI_NA_COMM_NA_NA_NA_WSC_HDD.A | D85: HDD | F85: 2195 | G85: 2056 | H85: 1942 | I85: 1934 | J85: 1925 | K85: 1916 | L85: 1908 | M85: 1899 | N85: 1891 | O85: 1882 | P85: 1874 | Q85: 1865 | R85: 1857 | S85: 1849 | T85: 1840 | U85: 1832 | V85: 1824 | W85: 1815 | X85: 1807 | Y85: 1799 | Z85: 1791 | AA85: 1783 | AB85: 1774 | AC85: 1766 | AD85: 1758 | AE85: 1750 | AF85: 1742 | AG85: 1734 | AH85: 1726 | AI85: -0.009
A86: Mountain | B86: Commercial: Heating Degree Days: Mountain: Reference case | C86: AEO.2023.REF2023.KEI_NA_COMM_NA_NA_NA_MTN_HDD.A | D86: HDD | F86: 4970 | G86: 4978 | H86: 4789 | I86: 4776 | J86: 4763 | K86: 4751 | L86: 4738 | M86: 4725 | N86: 4712 | O86: 4698 | P86: 4685 | Q86: 4672 | R86: 4658 | S86: 4645 | T86: 4632 | U86: 4619 | V86: 4606 | W86: 4593 | X86: 4580 | Y86: 4568 | Z86: 4555 | AA86: 4542 | AB86: 4530 | AC86: 4517 | AD86: 4504 | AE86: 4492 | AF86: 4479 | AG86: 4467 | AH86: 4454 | AI86: -0.004
A87: Pacific | B87: Commercial: Heating Degree Days: Pacific: Reference case | C87: AEO.2023.REF2023.KEI_NA_COMM_NA_NA_NA_PCF_HDD.A | D87: HDD | F87: 3212 | G87: 3503 | H87: 3250 | I87: 3241 | J87: 3232 | K87: 3223 | L87: 3213 | M87: 3204 | N87: 3195 | O87: 3185 | P87: 3176 | Q87: 3166 | R87: 3157 | S87: 3147 | T87: 3137 | U87: 3128 | V87: 3118 | W87: 3108 | X87: 3098 | Y87: 3089 | Z87: 3079 | AA87: 3069 | AB87: 3059 | AC87: 3049 | AD87: 3040 | AE87: 3030 | AF87: 3020 | AG87: 3010 | AH87: 3000 | AI87: -0.002
A88: United States | B88: Commercial: Heating Degree Days: United States: Reference case | C88: AEO.2023.REF2023.KEI_NA_COMM_NA_NA_NA_USA_HDD.A | D88: HDD | F88: 4234.6138 | G88: 4246.6187 | H88: 3976.106 | I88: 3957.1807 | J88: 3938.5415 | K88: 3920.0117 | L88: 3901.2561 | M88: 3882.522 | N88: 3863.8103 | O88: 3845.189 | P88: 3826.6262 | Q88: 3807.9734 | R88: 3789.4521 | S88: 3770.8213 | T88: 3752.033 | U88: 3733.78 | V88: 3715.3057 | W88: 3696.5273 | X88: 3678.1174 | Y88: 3659.8506 | Z88: 3641.3955 | AA88: 3622.8992 | AB88: 3604.3987 | AC88: 3585.9695 | AD88: 3567.7004 | AE88: 3549.5581 | AF88: 3531.4092 | AG88: 3513.4824 | AH88: 3495.6748 | AI88: -0.007
A89: Cooling Degree Days
A90: New England | B90: Commercial: Cooling Degree Days: New England: Reference case | C90: AEO.2023.REF2023.KEI_NA_COMM_NA_NA_NA_NENGL_CDD.A | D90: CDD | F90: 639 | G90: 500 | H90: 614 | I90: 621 | J90: 629 | K90: 636 | L90: 643 | M90: 651 | N90: 658 | O90: 665 | P90: 673 | Q90: 680 | R90: 687 | S90: 695 | T90: 702 | U90: 710 | V90: 717 | W90: 724 | X90: 732 | Y90: 739 | Z90: 747 | AA90: 754 | AB90: 761 | AC90: 769 | AD90: 776 | AE90: 784 | AF90: 791 | AG90: 799 | AH90: 806 | AI90: 0.008
A91: Middle Atlantic | B91: Commercial: Cooling Degree Days: Middle Atlantic: Reference case | C91: AEO.2023.REF2023.KEI_NA_COMM_NA_NA_NA_MATL_CDD.A | D91: CDD | F91: 835 | G91: 692 | H91: 864 | I91: 874 | J91: 883 | K91: 893 | L91: 902 | M91: 912 | N91: 922 | O91: 931 | P91: 941 | Q91: 950 | R91: 960 | S91: 970 | T91: 979 | U91: 989 | V91: 999 | W91: 1008 | X91: 1018 | Y91: 1027 | Z91: 1037 | AA91: 1047 | AB91: 1056 | AC91: 1066 | AD91: 1076 | AE91: 1085 | AF91: 1095 | AG91: 1104 | AH91: 1114 | AI91: 0.01
A92: East North Central | B92: Commercial: Cooling Degree Days: East North Central: Reference case | C92: AEO.2023.REF2023.KEI_NA_COMM_NA_NA_NA_ENC_CDD.A | D92: CDD | F92: 813 | G92: 752 | H92: 892 | I92: 900 | J92: 908 | K92: 916 | L92: 924 | M92: 932 | N92: 939 | O92: 947 | P92: 955 | Q92: 963 | R92: 971 | S92: 979 | T92: 987 | U92: 994 | V92: 1002 | W92: 1010 | X92: 1018 | Y92: 1026 | Z92: 1034 | AA92: 1042 | AB92: 1050 | AC92: 1058 | AD92: 1066 | AE92: 1073 | AF92: 1081 | AG92: 1089 | AH92: 1097 | AI92: 0.011
A93: West North Central | B93: Commercial: Cooling Degree Days: West North Central: Reference case | C93: AEO.2023.REF2023.KEI_NA_COMM_NA_NA_NA_WNC_CDD.A | D93: CDD | F93: 1050 | G93: 944 | H93: 1069 | I93: 1077 | J93: 1084 | K93: 1091 | L93: 1099 | M93: 1106 | N93: 1114 | O93: 1121 | P93: 1129 | Q93: 1136 | R93: 1144 | S93: 1151 | T93: 1159 | U93: 1166 | V93: 1174 | W93: 1182 | X93: 1189 | Y93: 1197 | Z93: 1204 | AA93: 1212 | AB93: 1220 | AC93: 1227 | AD93: 1235 | AE93: 1243 | AF93: 1250 | AG93: 1258 | AH93: 1266 | AI93: 0.007
A94: South Atlantic | B94: Commercial: Cooling Degree Days: South Atlantic: Reference case | C94: AEO.2023.REF2023.KEI_NA_COMM_NA_NA_NA_SATL_CDD.A | D94: CDD | F94: 2264 | G94: 2150 | H94: 2408 | I94: 2426 | J94: 2442 | K94: 2459 | L94: 2476 | M94: 2494 | N94: 2511 | O94: 2528 | P94: 2545 | Q94: 2562 | R94: 2579 | S94: 2597 | T94: 2614 | U94: 2632 | V94: 2649 | W94: 2666 | X94: 2684 | Y94: 2701 | Z94: 2719 | AA94: 2736 | AB94: 2754 | AC94: 2771 | AD94: 2789 | AE94: 2806 | AF94: 2824 | AG94: 2842 | AH94: 2859 | AI94: 0.008
A95: East South Central | B95: Commercial: Cooling Degree Days: East South Central: Reference case | C95: AEO.2023.REF2023.KEI_NA_COMM_NA_NA_NA_ESC_CDD.A | D95: CDD | F95: 1730 | G95: 1637 | H95: 1805 | I95: 1814 | J95: 1824 | K95: 1834 | L95: 1844 | M95: 1854 | N95: 1864 | O95: 1874 | P95: 1884 | Q95: 1894 | R95: 1904 | S95: 1914 | T95: 1924 | U95: 1934 | V95: 1944 | W95: 1954 | X95: 1964 | Y95: 1974 | Z95: 1984 | AA95: 1994 | AB95: 2004 | AC95: 2014 | AD95: 2024 | AE95: 2034 | AF95: 2044 | AG95: 2054 | AH95: 2064 | AI95: 0.006
A96: West South Central | B96: Commercial: Cooling Degree Days: West South Central: Reference case | C96: AEO.2023.REF2023.KEI_NA_COMM_NA_NA_NA_WSC_CDD.A | D96: CDD | F96: 3000 | G96: 2658 | H96: 2860 | I96: 2874 | J96: 2887 | K96: 2901 | L96: 2915 | M96: 2928 | N96: 2942 | O96: 2955 | P96: 2969 | Q96: 2982 | R96: 2996 | S96: 3009 | T96: 3023 | U96: 3036 | V96: 3050 | W96: 3063 | X96: 3076 | Y96: 3090 | Z96: 3103 | AA96: 3117 | AB96: 3130 | AC96: 3144 | AD96: 3157 | AE96: 3170 | AF96: 3184 | AG96: 3197 | AH96: 3210 | AI96: 0.002
A97: Mountain | B97: Commercial: Cooling Degree Days: Mountain: Reference case | C97: AEO.2023.REF2023.KEI_NA_COMM_NA_NA_NA_MTN_CDD.A | D97: CDD | F97: 1578 | G97: 1415 | H97: 1580 | I97: 1589 | J97: 1599 | K97: 1608 | L97: 1618 | M97: 1628 | N97: 1638 | O97: 1647 | P97: 1657 | Q97: 1667 | R97: 1677 | S97: 1687 | T97: 1697 | U97: 1706 | V97: 1716 | W97: 1726 | X97: 1735 | Y97: 1745 | Z97: 1755 | AA97: 1764 | AB97: 1774 | AC97: 1783 | AD97: 1793 | AE97: 1802 | AF97: 1812 | AG97: 1822 | AH97: 1831 | AI97: 0.005
A98: Pacific | B98: Commercial: Cooling Degree Days: Pacific: Reference case | C98: AEO.2023.REF2023.KEI_NA_COMM_NA_NA_NA_PCF_CDD.A | D98: CDD | F98: 1098 | G98: 825 | H98: 1006 | I98: 1013 | J98: 1020 | K98: 1028 | L98: 1035 | M98: 1043 | N98: 1050 | O98: 1058 | P98: 1066 | Q98: 1073 | R98: 1081 | S98: 1088 | T98: 1096 | U98: 1104 | V98: 1111 | W98: 1119 | X98: 1127 | Y98: 1134 | Z98: 1142 | AA98: 1150 | AB98: 1157 | AC98: 1165 | AD98: 1173 | AE98: 1181 | AF98: 1188 | AG98: 1196 | AH98: 1204 | AI98: 0.003
A99: United States | B99: Commercial: Cooling Degree Days: United States: Reference case | C99: AEO.2023.REF2023.KEI_NA_COMM_NA_NA_NA_USA_CDD.A | D99: CDD | F99: 1549.9558 | G99: 1383.8479 | H99: 1570.0425 | I99: 1583.3448 | J99: 1596.1143 | K99: 1609.385 | L99: 1622.5208 | M99: 1636.0071 | N99: 1649.149 | O99: 1662.2189 | P99: 1675.7427 | Q99: 1688.7622 | R99: 1702.2782 | S99: 1715.7018 | T99: 1729.145 | U99: 1742.5604 | V99: 1755.9835 | W99: 1769.3446 | X99: 1782.9401 | Y99: 1796.3021 | Z99: 1810.0153 | AA99: 1823.6044 | AB99: 1837.095 | AC99: 1850.6907 | AD99: 1864.4714 | AE99: 1877.7441 | AF99: 1891.3885 | AG99: 1904.9642 | AH99: 1918.2256 | AI99: 0.008

Sheet EPRI
A1: Scenario | B1: State | C1: Year | D1: Nominal Capacity (GW) | E1: Peak Load (GW) | F1: Annual Energy (TWh)
A2: Historical | B2: US | C2: 2021 | D2: 10.5 | E2: 10.3 | F2: 91.4
A3: Historical | B3: US | C3: 2022 | D3: 16 | E3: 13.9 | F3: 116
A4: Historical | B4: US | C4: 2023 | D4: 25.5 | E4: 16.7 | F4: 141
A5: Historical | B5: US | C5: 2024 | D5: 39.8 | E5: 21.5 | F5: 184
A6: Low | B6: US | C6: 2024 | D6: 35.1 | E6: 20.7 | F6: 177
A7: Low | B7: US | C7: 2025 | D7: 38.7 | E7: 24.8 | F7: 212
A8: Low | B8: US | C8: 2026 | D8: 42.2 | E8: 29.7 | F8: 251
A9: Low | B9: US | C9: 2027 | D9: 45.6 | E9: 35.1 | F9: 296
A10: Low | B10: US | C10: 2028 | D10: 49.1 | E10: 39.4 | F10: 333
A11: Low | B11: US | C11: 2029 | D11: 52.6 | E11: 42.5 | F11: 359
A12: Low | B12: US | C12: 2030 | D12: 56.1 | E12: 45.4 | F12: 384
A13: Medium | B13: US | C13: 2024 | D13: 39.8 | E13: 21.5 | F13: 184
... A26: High | B26: US | C26: 2030 | D26: 132 | E26: 94 | F26: 794

Sheet Water and Waste
A1: EIA | B1: terrwatt to btu | C1: 3412000000000
A2: Commercial MEL TWh/yr | B2: 2012 | C2: 2015 | D2: 2018 | E2: 2020 | F2: 2030 | G2: 2040 | H2: 2050
A3: Wastewater Treatment | B3: 31 | C3: 31 | D3: 31 | E3: 32 | F3: 33 | G3: 34 | H3: 35
A4: Water Supply & Purification | B4: 29 | C4: 29 | D4: 28 | E4: 28 | F4: 29 | G4: 30 | H4: 31
A6: btus | B6: =SUM(B3:B4)*$C$1 -> 204720000000000 | C6: =SUM(C3:C4)*$C$1 -> 204720000000000 | D6: =SUM(D3:D4)*$C$1 -> 201308000000000 | E6: =SUM(E3:E4)*$C$1 -> 204720000000000 | F6: =SUM(F3:F4)*$C$1 -> 211544000000000 | G6: =SUM(G3:G4)*$C$1 -> 218368000000000 | H6: =SUM(H3:H4)*$C$1 -> 225192000000000
D8: 2018 | E8: 2019 | F8: 2020 | G8: 2021 | H8: 2022 | I8: 2023 | J8: 2024 | K8: 2025 | L8: 2026 | M8: 2027 | N8: 2028 | O8: 2029 | P8: 2030 | Q8: 2031 | R8: 2032 | S8: 2033 | T8: 2034 | U8: 2035 | V8: 2036 | W8: 2037 | X8: 2038 | Y8: 2039 | Z8: 2040 | AA8: 2041 | AB8: 2042 | AC8: 2043 | AD8: 2044 | AE8: 2045 | AF8: 2046 | AG8: 2047 | AH8: 2048 | AI8: 2049 | AJ8: 2050
C9: btus | D9: =_xlfn.FORECAST.LINEAR(D8,$D$6:$E$6,$D$2:$E$2) -> 201308000000000 | E9: =_xlfn.FORECAST.LINEAR(E8,$D$6:$E$6,$D$2:$E$2) -> 203014000000000 | F9: =_xlfn.FORECAST.LINEAR(F8,$D$6:$E$6,$D$2:$E$2) -> 204720000000000 | G9: =_xlfn.FORECAST.LINEAR(G8,$E$6:$F$6,$E$2:$F$2) -> 205402400000000 | H9: =_xlfn.FORECAST.LINEAR(H8,$E$6:$F$6,$E$2:$F$2) -> 206084800000000 | I9: =_xlfn.FORECAST.LINEAR(I8,$E$6:$F$6,$E$2:$F$2) -> 206767200000000 | J9: =_xlfn.FORECAST.LINEAR(J8,$E$6:$F$6,$E$2:$F$2) -> 207449600000000 | K9: =_xlfn.FORECAST.LINEAR(K8,$E$6:$F$6,$E$2:$F$2) -> 208132000000000 | L9: =_xlfn.FORECAST.LINEAR(L8,$E$6:$F$6,$E$2:$F$2) -> 208814400000000 | M9: =_xlfn.FORECAST.LINEAR(M8,$E$6:$F$6,$E$2:$F$2) -> 209496800000000 | N9: =_xlfn.FORECAST.LINEAR(N8,$E$6:$F$6,$E$2:$F$2) -> 210179200000000 | ... P9: =_xlfn.FORECAST.LINEAR(P8,$E$6:$F$6,$E$2:$F$2) -> 211544000000000 | Q9: =_xlfn.FORECAST.LINEAR(Q8,$F$6:$G$6,$F$2:$G$2) -> 212226400000000 | R9: =_xlfn.FORECAST.LINEAR(R8,$F$6:$G$6,$F$2:$G$2) -> 212908800000000 | S9: =_xlfn.FORECAST.LINEAR(S8,$F$6:$G$6,$F$2:$G$2) -> 213591200000000 | T9: =_xlfn.FORECAST.LINEAR(T8,$F$6:$G$6,$F$2:$G$2) -> 214273600000000 | U9: =_xlfn.FORECAST.LINEAR(U8,$F$6:$G$6,$F$2:$G$2) -> 214956000000000 | V9: =_xlfn.FORECAST.LINEAR(V8,$F$6:$G$6,$F$2:$G$2) -> 215638400000000 | W9: =_xlfn.FORECAST.LINEAR(W8,$F$6:$G$6,$F$2:$G$2) -> 216320800000000 | X9: =_xlfn.FORECAST.LINEAR(X8,$F$6:$G$6,$F$2:$G$2) -> 217003200000000 | ... Z9: =_xlfn.FORECAST.LINEAR(Z8,$F$6:$G$6,$F$2:$G$2) -> 218368000000000 | AA9: =_xlfn.FORECAST.LINEAR(AA8,$G$6:$H$6,$G$2:$H$2) -> 219050400000000 | AB9: =_xlfn.FORECAST.LINEAR(AB8,$G$6:$H$6,$G$2:$H$2) -> 219732800000000 | AC9: =_xlfn.FORECAST.LINEAR(AC8,$G$6:$H$6,$G$2:$H$2) -> 220415200000000 | AD9: =_xlfn.FORECAST.LINEAR(AD8,$G$6:$H$6,$G$2:$H$2) -> 221097600000000 | AE9: =_xlfn.FORECAST.LINEAR(AE8,$G$6:$H$6,$G$2:$H$2) -> 221780000000000 | AF9: =_xlfn.FORECAST.LINEAR(AF8,$G$6:$H$6,$G$2:$H$2) -> 222462400000000 | AG9: =_xlfn.FORECAST.LINEAR(AG8,$G$6:$H$6,$G$2:$H$2) -> 223144800000000 | AH9: =_xlfn.FORECAST.LINEAR(AH8,$G$6:$H$6,$G$2:$H$2) -> 223827200000000 | ... AJ9: =_xlfn.FORECAST.LINEAR(AJ8,$G$6:$H$6,$G$2:$H$2) -> 225192000000000

Sheet Data Centers
B1: Full Time Series
A2: Scenario | B2: 2024 | C2: 2025 | D2: 2026 | E2: 2027 | F2: 2028 | G2: 2029 | H2: 2030 | I2: 2031 | J2: 2032 | K2: 2033 | L2: 2034 | M2: 2035 | N2: 2036 | O2: 2037 | P2: 2038 | Q2: 2039 | R2: 2040 | S2: 2041 | T2: 2042 | U2: 2043 | V2: 2044 | W2: 2045 | X2: 2046 | Y2: 2047 | Z2: 2048 | AA2: 2049 | AB2: 2050
A3: low | B3: 184 | C3: 224 | D3: 263 | E3: 308 | F3: 345 | G3: 371 | H3: 396 | I3: 411.49091 | J3: 427.27921 | K3: 443.357 | L3: 459.66919 | M3: 476.16832 | N3: 492.77204 | O3: 509.4036 | P3: 525.85731 | Q3: 541.98813 | R3: 557.64663 | S3: 572.77335 | T3: 587.12859 | U3: 600.72613 | V3: 613.33128 | W3: 624.94815 | X3: 635.29808 | Y3: 644.29142 | Z3: 651.82973 | AA3: 657.85703 | AB3: 663.20985
A4: mid | B4: 184 | C4: 224 | D4: 290 | E4: 369 | F4: 448 | G4: 518 | H4: 585 | I4: 615.4 | J4: 645.8 | K4: 676.2 | L4: 706.6 | M4: 737 | N4: 753.6 | O4: 770.2 | P4: 786.8 | Q4: 803.4 | R4: 820 | S4: 829.4 | T4: 838.8 | U4: 848.2 | V4: 857.6 | W4: 867 | X4: 876.4 | Y4: 885.8 | Z4: 895.2 | AA4: 904.6 | AB4: 914
A5: high | B5: 184 | C5: 224 | D5: 314 | E5: 425 | F5: 544 | G5: 653 | H5: 760 | I5: 825 | J5: 890 | K5: 955 | L5: 1020 | M5: 1085 | N5: 1120.8 | O5: 1156.6 | P5: 1192.4 | Q5: 1228.2 | R5: 1264 | S5: 1309.7 | T5: 1355.4 | U5: 1401.1 | V5: 1446.8 | W5: 1492.5 | X5: 1538.2 | Y5: 1583.9 | Z5: 1629.6 | AA5: 1675.3 | AB5: 1721
A6: mid share of AEO commercial | C6: 0.15212903 | D6: 0.18839537 | E6: 0.23731045 | F6: 0.28444522 | G6: 0.32478631 | H6: 0.36370223 | I6: 0.37910936 | J6: 0.39388989 | K6: 0.4079523 | L6: 0.42153247 | M6: 0.43447014 | N6: 0.43853129 | O6: 0.44252598 | P6: 0.44631937 | Q6: 0.45011744 | R6: 0.45392466 | S6: 0.45342324 | T6: 0.45303153 | U6: 0.45246959 | V6: 0.45199544 | W6: 0.45152557 | X6: 0.45149219 | Y6: 0.45198315 | Z6: 0.45279623 | AA6: 0.45373451 | AB6: 0.45488002
A8: Color Code
B9: EPRI Historical
B10: IEA Historical
B11: AEO
B12: EPRI Low
B13: EPRI Mid
B14: EPRI High
B15: ADP mid growth rate
B16: ADP high growth rate
B18: Extrapolated ADO Trajectories
B19: use mid case growth trajectory from Evolved Energy
B20: Growth Rate Estimates
C21: 2025 | D21: 2030 | E21: 2035 | F21: 2040 | G21: 2050
B22: evolved energy mid | C22: 279 | D22: 541 | E22: 693 | F22: 776 | G22: 870
B23: evolved energy high | C23: 279 | D23: 718 | E23: 1043 | F23: 1222 | G23: 1679
C26: 2025 | D26: 2026 | E26: 2027 | F26: 2028 | G26: 2029 | H26: 2030 | I26: 2031 | J26: 2032 | K26: 2033 | L26: 2034 | M26: 2035 | N26: 2036 | O26: 2037 | P26: 2038 | Q26: 2039 | R26: 2040 | S26: 2041 | T26: 2042 | U26: 2043 | V26: 2044 | W26: 2045 | X26: 2046 | Y26: 2047 | Z26: 2048 | AA26: 2049 | AB26: 2050
B27: evolved energy mid | C27: 279 | D27: 331.4 | E27: 383.8 | F27: 436.2 | G27: 488.6 | H27: 541 | I27: 571.4 | J27: 601.8 | K27: 632.2 | L27: 662.6 | M27: 693 | N27: 709.6 | O27: 726.2 | P27: 742.8 | Q27: 759.4 | R27: 776 | S27: 785.4 | T27: 794.8 | U27: 804.2 | V27: 813.6 | W27: 823 | X27: 832.4 | Y27: 841.8 | Z27: 851.2 | AA27: 860.6 | AB27: 870
A28: ADP | B28: growth rate | D28: 0.056192237 | E28: 0.056192237 | F28: 0.056192237 | G28: 0.056192237 | H28: 0.056192237 | I28: 0.056192237 | J28: 0.05320266 | K28: 0.050515121 | L28: 0.048086049 | M28: 0.045879867 | N28: 0.023953824 | O28: 0.023393461 | P28: 0.022858717 | Q28: 0.022347873 | R28: 0.021859363 | S28: 0.012113402 | T28: 0.011968424 | U28: 0.011826875 | V28: 0.011688635 | W28: 0.011553589 | X28: 0.011421628 | Y28: 0.011292648 | Z28: 0.011166548 | AA28: 0.011043233 | AB28: 0.010922612
C30: 2025 | D30: 2026 | E30: 2027 | F30: 2028 | G30: 2029 | H30: 2030 | I30: 2031 | J30: 2032 | K30: 2033 | L30: 2034 | M30: 2035 | N30: 2036 | O30: 2037 | P30: 2038 | Q30: 2039 | R30: 2040 | S30: 2041 | T30: 2042 | U30: 2043 | V30: 2044 | W30: 2045 | X30: 2046 | Y30: 2047 | Z30: 2048 | AA30: 2049 | AB30: 2050
B31: evolved energy high | C31: 279 | D31: 366.8 | E31: 454.6 | F31: 542.4 | G31: 630.2 | H31: 718 | I31: 783 | J31: 848 | K31: 913 | L31: 978 | M31: 1043 | N31: 1078.8 | O31: 1114.6 | P31: 1150.4 | Q31: 1186.2 | R31: 1222 | S31: 1267.7 | T31: 1313.4 | U31: 1359.1 | V31: 1404.8 | W31: 1450.5 | X31: 1496.2 | Y31: 1541.9 | Z31: 1587.6 | AA31: 1633.3 | AB31: 1679
A32: ADP high | B32: growth rate | C32: 0.090529248 | D32: 0.090529248 | E32: 0.090529248 | F32: 0.090529248 | G32: 0.090529248 | H32: 0.090529248 | I32: 0.090529248 | J32: 0.083014049 | K32: 0.076650943 | L32: 0.071193866 | M32: 0.066462168 | N32: 0.034324065 | O32: 0.03318502 | P32: 0.032119146 | Q32: 0.031119611 | R32: 0.030180408 | S32: 0.037397709 | T32: 0.036049539 | U32: 0.034795188 | V32: 0.033625193 | W32: 0.032531321 | X32: 0.031506377 | Y32: 0.030544045 | Z32: 0.029638757 | AA32: 0.028785588 | AB32: 0.027980163
A34: AEO 2026 Data Center Categories
B35: ='AEO 2026 Table 5'!A24 -> Data Center Servers | C35: ='AEO 2026 Table 5'!E24*About!$B$78 -> 104.83315 | D35: ='AEO 2026 Table 5'!F24*About!$B$78 -> 118.31702 | E35: ='AEO 2026 Table 5'!G24*About!$B$78 -> 132.75722 | F35: ='AEO 2026 Table 5'!H24*About!$B$78 -> 147.67397 | G35: ='AEO 2026 Table 5'!I24*About!$B$78 -> 162.89582 | H35: ='AEO 2026 Table 5'!J24*About!$B$78 -> 178.22553 | I35: ='AEO 2026 Table 5'!K24*About!$B$78 -> 193.72083 | J35: ='AEO 2026 Table 5'!L24*About!$B$78 -> 209.51361 | ... AB35: ='AEO 2026 Table 5'!AD24*About!$B$78 -> 445.51107
B37: ='AEO 2026 Table 5'!A18 -> Space Cooling | C37: ='AEO 2026 Table 5'!E18*About!$B$78 -> 166.13087 | D37: ='AEO 2026 Table 5'!F18*About!$B$78 -> 174.22964 | E37: ='AEO 2026 Table 5'!G18*About!$B$78 -> 176.10214 | F37: ='AEO 2026 Table 5'!H18*About!$B$78 -> 178.49693 | G37: ='AEO 2026 Table 5'!I18*About!$B$78 -> 180.48344 | H37: ='AEO 2026 Table 5'!J18*About!$B$78 -> 181.7308 | I37: ='AEO 2026 Table 5'!K18*About!$B$78 -> 183.16398 | J37: ='AEO 2026 Table 5'!L18*About!$B$78 -> 184.77301 | ... AB37: ='AEO 2026 Table 5'!AD18*About!$B$78 -> 230.72578
B38: ='AEO 2026 Table 5'!A20 -> Ventilation | C38: ='AEO 2026 Table 5'!E20*About!$B$78 -> 226.42977 | D38: ='AEO 2026 Table 5'!F20*About!$B$78 -> 228.04231 | E38: ='AEO 2026 Table 5'!G20*About!$B$78 -> 230.71963 | F38: ='AEO 2026 Table 5'!H20*About!$B$78 -> 234.15808 | G38: ='AEO 2026 Table 5'!I20*About!$B$78 -> 236.9919 | H38: ='AEO 2026 Table 5'!J20*About!$B$78 -> 238.23193 | I38: ='AEO 2026 Table 5'!K20*About!$B$78 -> 239.56692 | J38: ='AEO 2026 Table 5'!L20*About!$B$78 -> 241.05754 | ... AB38: ='AEO 2026 Table 5'!AD20*About!$B$78 -> 282.68383
B39: ='AEO 2026 Table 5'!A25 -> Computers and office equipment | C39: ='AEO 2026 Table 5'!E25*About!$B$78 -> 63.585236 | D39: ='AEO 2026 Table 5'!F25*About!$B$78 -> 62.05886 | E39: ='AEO 2026 Table 5'!G25*About!$B$78 -> 60.703937 | F39: ='AEO 2026 Table 5'!H25*About!$B$78 -> 59.403235 | G39: ='AEO 2026 Table 5'!I25*About!$B$78 -> 58.107222 | H39: ='AEO 2026 Table 5'!J25*About!$B$78 -> 56.832604 | I39: ='AEO 2026 Table 5'!K25*About!$B$78 -> 55.635653 | J39: ='AEO 2026 Table 5'!L25*About!$B$78 -> 54.431375 | ... AB39: ='AEO 2026 Table 5'!AD25*About!$B$78 -> 44.198968
B40: ='AEO 2026 Table 5'!A26 -> Other Uses | C40: ='AEO 2026 Table 5'!E26*About!$B$78 -> 571.26654 | D40: ='AEO 2026 Table 5'!F26*About!$B$78 -> 625.35911 | E40: ='AEO 2026 Table 5'!G26*About!$B$78 -> 627.10618 | F40: ='AEO 2026 Table 5'!H26*About!$B$78 -> 626.9485 | G40: ='AEO 2026 Table 5'!I26*About!$B$78 -> 626.67095 | H40: ='AEO 2026 Table 5'!J26*About!$B$78 -> 626.03408 | I40: ='AEO 2026 Table 5'!K26*About!$B$78 -> 625.51884 | J40: ='AEO 2026 Table 5'!L26*About!$B$78 -> 625.29112 | ... AB40: ='AEO 2026 Table 5'!AD26*About!$B$78 -> 662.47983
B41: other DC related comm | C41: =SUM(C37:C40) -> 1027.4124 | D41: =SUM(D37:D40) -> 1089.6899 | E41: =SUM(E37:E40) -> 1094.6319 | F41: =SUM(F37:F40) -> 1099.0067 | G41: =SUM(G37:G40) -> 1102.2535 | H41: =SUM(H37:H40) -> 1102.8294 | I41: =SUM(I37:I40) -> 1103.8854 | J41: =SUM(J37:J40) -> 1105.553 | ... AB41: =SUM(AB37:AB40) -> 1220.0884
B44: non-DC comm | C44: =SUM('AEO 2026 Table 5'!E17,'AEO 2026 Table 5'!E19,'AEO 2026 Table 5'!E21,'AEO 2026 Table 5'!E22,'AEO 2026 Table 5'!E23)*About!$B$78 -> 378.08616 | D44: =SUM('AEO 2026 Table 5'!F17,'AEO 2026 Table 5'!F19,'AEO 2026 Table 5'!F21,'AEO 2026 Table 5'!F22,'AEO 2026 Table 5'!F23)*About!$B$78 -> 371.99355 | E44: =SUM('AEO 2026 Table 5'!G17,'AEO 2026 Table 5'!G19,'AEO 2026 Table 5'!G21,'AEO 2026 Table 5'!G22,'AEO 2026 Table 5'!G23)*About!$B$78 -> 369.50937 | F44: =SUM('AEO 2026 Table 5'!H17,'AEO 2026 Table 5'!H19,'AEO 2026 Table 5'!H21,'AEO 2026 Table 5'!H22,'AEO 2026 Table 5'!H23)*About!$B$78 -> 368.71512 | G44: =SUM('AEO 2026 Table 5'!I17,'AEO 2026 Table 5'!I19,'AEO 2026 Table 5'!I21,'AEO 2026 Table 5'!I22,'AEO 2026 Table 5'!I23)*About!$B$78 -> 367.61635 | H44: =SUM('AEO 2026 Table 5'!J17,'AEO 2026 Table 5'!J19,'AEO 2026 Table 5'!J21,'AEO 2026 Table 5'!J22,'AEO 2026 Table 5'!J23)*About!$B$78 -> 363.0592 | I44: =SUM('AEO 2026 Table 5'!K17,'AEO 2026 Table 5'!K19,'AEO 2026 Table 5'!K21,'AEO 2026 Table 5'!K22,'AEO 2026 Table 5'!K23)*About!$B$78 -> 359.06741 | J44: =SUM('AEO 2026 Table 5'!L17,'AEO 2026 Table 5'!L19,'AEO 2026 Table 5'!L21,'AEO 2026 Table 5'!L22,'AEO 2026 Table 5'!L23)*About!$B$78 -> 355.54807 | ... AB44: =SUM('AEO 2026 Table 5'!AD17,'AEO 2026 Table 5'!AD19,'AEO 2026 Table 5'!AD21,'AEO 2026 Table 5'!AD22,'AEO 2026 Table 5'!AD23)*About!$B$78 -> 323.71398
B45: non-DC comm end-uses have essentially no growth from 2026-2050
B46: let's assume all growth in other end uses are from DCs
C49: =C3-C35 -> 119.16685 | D49: =C49+D41-C41 -> 181.44435 | E49: =D49+E41-D41 -> 186.38631 | F49: =E49+F41-E41 -> 190.76116 | G49: =F49+G41-F41 -> 194.00794 | H49: =G49+H41-G41 -> 194.58385 | I49: =H49+I41-H41 -> 195.63982 | J49: =I49+J41-I41 -> 197.30747 | K49: =J49+K41-J41 -> 200.05864 | ... AB49: =AA49+AB41-AA41 -> 311.84284
C50: =C49/C41 -> 0.11598735 | D50: =D49/D41 -> 0.16651007 | E50: =E49/E41 -> 0.17027305 | F50: =F49/F41 -> 0.17357597 | G50: =G49/G41 -> 0.17601027 | H50: =H49/H41 -> 0.17644056 | I50: =I49/I41 -> 0.17722838 | J50: =J49/J41 -> 0.17846947 | ... AB50: =AB49/AB41 -> 0.25559036
C52: =C41-C49 -> 908.24557 | D52: =D41-D49 -> 908.24557 | E52: =E41-E49 -> 908.24557 | F52: =F41-F49 -> 908.24557 | G52: =G41-G49 -> 908.24557 | H52: =H41-H49 -> 908.24557 | I52: =I41-I49 -> 908.24557 | J52: =J41-J49 -> 908.24557 | ... AB52: =AB41-AB49 -> 908.24557
B53: multiplier for other DC related comm | C53: =C52/C41 -> 0.88401265 | D53: =D52/D41 -> 0.83348993 | E53: =E52/E41 -> 0.82972695 | F53: =F52/F41 -> 0.82642403 | G53: =G52/G41 -> 0.82398973 | H53: =H52/H41 -> 0.82355944 | I53: =I52/I41 -> 0.82277162 | J53: =J52/J41 -> 0.82153053 | ... AB53: =AB52/AB41 -> 0.74440964
B54: ^space cooling, vent, computers/office eqpt, other uses
A57: Therefore, our data center demand we are subtracting from AEO is:
C58: =C26 -> 2025 | D58: =D26 -> 2026 | E58: =E26 -> 2027 | F58: =F26 -> 2028 | G58: =G26 -> 2029 | H58: =H26 -> 2030 | I58: =I26 -> 2031 | J58: =J26 -> 2032 | ... AB58: =AB26 -> 2050
B59: AEO DCs | C59: =C35+C49 -> 224 | D59: =D35+D49 -> 299.76137 | E59: =E35+E49 -> 319.14353 | F59: =F35+F49 -> 338.43514 | G59: =G35+G49 -> 356.90376 | H59: =H35+H49 -> 372.80938 | I59: =I35+I49 -> 389.36065 | J59: =J35+J49 -> 406.82107 | ... AB59: =AB35+AB49 -> 757.35391
A61: and the remaining data-center related elec demand is:
C62: =C52 -> 908.24557 | D62: =D52 -> 908.24557 | E62: =E52 -> 908.24557 | F62: =F52 -> 908.24557 | G62: =G52 -> 908.24557 | H62: =H52 -> 908.24557 | I62: =I52 -> 908.24557 | J62: =J52 -> 908.24557 | ... AB62: =AB52 -> 908.24557
A64: we do this by applying the "multiplier for other DC related comm" to space cooling, ventilation, computers and other office equipment, and other uses.
C82: {=C58:AB58} -> 2025 | D82: 2026 | E82: 2027 | F82: 2028 | G82: 2029 | H82: 2030 | I82: 2031 | J82: 2032 | K82: 2033 | L82: 2034 | M82: 2035 | N82: 2036 | O82: 2037 | P82: 2038 | Q82: 2039 | R82: 2040 | S82: 2041 | T82: 2042 | U82: 2043 | V82: 2044 | W82: 2045 | X82: 2046 | Y82: 2047 | Z82: 2048 | AA82: 2049 | AB82: 2050
B83: ="non-DC "&B37 -> non-DC Space Cooling | C83: =C37*C$53 -> 146.86179 | D83: =D37*D$53 -> 145.21865 | E83: =E37*E$53 -> 146.11669 | F83: =F37*F$53 -> 147.51415 | G83: =G37*G$53 -> 148.7165 | H83: =H37*H$53 -> 149.66612 | I83: =I37*I$53 -> 150.70212 | J83: =J37*J$53 -> 151.79666 | ... AB83: =AB37*AB$53 -> 171.7545
B84: ="non-DC "&B38 -> non-DC Ventilation | C84: =C38*C$53 -> 200.16678 | D84: =D38*D$53 -> 190.07097 | E84: =E38*E$53 -> 191.43429 | F84: =F38*F$53 -> 193.51386 | G84: =G38*G$53 -> 195.27889 | H84: =H38*H$53 -> 196.19815 | I84: =I38*I$53 -> 197.10887 | J84: =J38*J$53 -> 198.03613 | ... AB84: =AB38*AB$53 -> 210.43257
B85: ="DC "&B37 -> DC Space Cooling | C85: =C37*C50 -> 19.269081 | D85: =D37*D50 -> 29.01099 | E85: =E37*E50 -> 29.98545 | F85: =F37*F50 -> 30.982778 | G85: =G37*G50 -> 31.766939 | H85: =H37*H50 -> 32.064686 | I85: =I37*I50 -> 32.461856 | J85: =J37*J50 -> 32.97634 | ... AB85: =AB37*AB50 -> 58.971286
B86: ="DC "&B38 -> DC Ventilation | C86: =C38*C50 -> 26.26299 | D86: =D38*D50 -> 37.971342 | E86: =E38*E50 -> 39.285335 | F86: =F38*F50 -> 40.644216 | G86: =G38*G50 -> 41.713008 | H86: =H38*H50 -> 42.033776 | I86: =I38*I50 -> 42.458058 | J86: =J38*J50 -> 43.021412 | ... AB86: =AB38*AB50 -> 72.251262

Sheet Calcs>

Sheet Crosswalk AEO to EPS Summary
A1: Data center related? | B1: AEO CODE | C1: Variables | D1: Combined Code | E1: Variables | F1: EPS-end use | G1: EPS-fuel | H1: 2024 | I1: 2025 | J1: 2026 | K1: 2027 | L1: 2028 | M1: 2029 | N1: 2030 | O1: 2031 | P1: 2032 | Q1: 2033 | R1: 2034 | S1: 2035 | T1: 2036 | U1: 2037 | V1: 2038 | W1: 2039 | X1: 2040 | Y1: 2041 | Z1: 2042 | AA1: 2043 | AB1: 2044 | AC1: 2045 | AD1: 2046 | AE1: 2047 | AF1: 2048 | AG1: 2049 | AH1: 2050
C2: AEO Table 4
B3: Residential: Electricity: Space Heating: Alternative Electricity and Transportation | C3: Residential: Electricity: Space Heating: High Zero-Carbon Technology Cost | D3: =E3&"-"&F3&"-"&G3 -> residential-heating-electricity (BTU) | E3: residential | F3: heating | G3: electricity (BTU) | H3: =INDEX(Table_4._Residential_Sector_Key!$F$8:$AG$125,MATCH($C3,Table_4._Residential_Sector_Key!$B$8:$B$125,0),MATCH(H$1,Table_4._Residential_Sector_Key!$F$5:$AG$5,0)) -> 0.528061 | I3: =INDEX('AEO 2026 Table 4'!$E$6:$AD$125,MATCH($B3,'AEO 2026 Table 4'!$B$6:$B$125,0),MATCH(I$1,'AEO 2026 Table 4'!$E$5:$AD$5,0)) -> 0.594987 | J3: =INDEX('AEO 2026 Table 4'!$E$6:$AD$125,MATCH($B3,'AEO 2026 Table 4'!$B$6:$B$125,0),MATCH(J$1,'AEO 2026 Table 4'!$E$5:$AD$5,0)) -> 0.565591 | K3: =INDEX('AEO 2026 Table 4'!$E$6:$AD$125,MATCH($B3,'AEO 2026 Table 4'!$B$6:$B$125,0),MATCH(K$1,'AEO 2026 Table 4'!$E$5:$AD$5,0)) -> 0.56617 | L3: =INDEX('AEO 2026 Table 4'!$E$6:$AD$125,MATCH($B3,'AEO 2026 Table 4'!$B$6:$B$125,0),MATCH(L$1,'AEO 2026 Table 4'!$E$5:$AD$5,0)) -> 0.56695 | M3: =INDEX('AEO 2026 Table 4'!$E$6:$AD$125,MATCH($B3,'AEO 2026 Table 4'!$B$6:$B$125,0),MATCH(M$1,'AEO 2026 Table 4'!$E$5:$AD$5,0)) -> 0.565817 | N3: =INDEX('AEO 2026 Table 4'!$E$6:$AD$125,MATCH($B3,'AEO 2026 Table 4'!$B$6:$B$125,0),MATCH(N$1,'AEO 2026 Table 4'!$E$5:$AD$5,0)) -> 0.562275 | O3: =INDEX('AEO 2026 Table 4'!$E$6:$AD$125,MATCH($B3,'AEO 2026 Table 4'!$B$6:$B$125,0),MATCH(O$1,'AEO 2026 Table 4'!$E$5:$AD$5,0)) -> 0.557641 | P3: =INDEX('AEO 2026 Table 4'!$E$6:$AD$125,MATCH($B3,'AEO 2026 Table 4'!$B$6:$B$125,0),MATCH(P$1,'AEO 2026 Table 4'!$E$5:$AD$5,0)) -> 0.553019 | ... AH3: =INDEX('AEO 2026 Table 4'!$E$6:$AD$125,MATCH($B3,'AEO 2026 Table 4'!$B$6:$B$125,0),MATCH(AH$1,'AEO 2026 Table 4'!$E$5:$AD$5,0)) -> 0.472459
B4: Residential: Electricity: Space Cooling: Alternative Electricity and Transportation | C4: Residential: Electricity: Space Cooling: High Zero-Carbon Technology Cost | D4: =E4&"-"&F4&"-"&G4 -> residential-cooling-electricity (BTU) | E4: residential | F4: cooling | G4: electricity (BTU) | H4: =INDEX(Table_4._Residential_Sector_Key!$F$8:$AG$125,MATCH($C4,Table_4._Residential_Sector_Key!$B$8:$B$125,0),MATCH(H$1,Table_4._Residential_Sector_Key!$F$5:$AG$5,0)) -> 0.997081 | I4: =INDEX('AEO 2026 Table 4'!$E$6:$AD$125,MATCH($B4,'AEO 2026 Table 4'!$B$6:$B$125,0),MATCH(I$1,'AEO 2026 Table 4'!$E$5:$AD$5,0)) -> 0.924574 | J4: =INDEX('AEO 2026 Table 4'!$E$6:$AD$125,MATCH($B4,'AEO 2026 Table 4'!$B$6:$B$125,0),MATCH(J$1,'AEO 2026 Table 4'!$E$5:$AD$5,0)) -> 0.983886 | K4: =INDEX('AEO 2026 Table 4'!$E$6:$AD$125,MATCH($B4,'AEO 2026 Table 4'!$B$6:$B$125,0),MATCH(K$1,'AEO 2026 Table 4'!$E$5:$AD$5,0)) -> 0.997782 | L4: =INDEX('AEO 2026 Table 4'!$E$6:$AD$125,MATCH($B4,'AEO 2026 Table 4'!$B$6:$B$125,0),MATCH(L$1,'AEO 2026 Table 4'!$E$5:$AD$5,0)) -> 1.011565 | M4: =INDEX('AEO 2026 Table 4'!$E$6:$AD$125,MATCH($B4,'AEO 2026 Table 4'!$B$6:$B$125,0),MATCH(M$1,'AEO 2026 Table 4'!$E$5:$AD$5,0)) -> 1.022745 | N4: =INDEX('AEO 2026 Table 4'!$E$6:$AD$125,MATCH($B4,'AEO 2026 Table 4'!$B$6:$B$125,0),MATCH(N$1,'AEO 2026 Table 4'!$E$5:$AD$5,0)) -> 1.029994 | O4: =INDEX('AEO 2026 Table 4'!$E$6:$AD$125,MATCH($B4,'AEO 2026 Table 4'!$B$6:$B$125,0),MATCH(O$1,'AEO 2026 Table 4'!$E$5:$AD$5,0)) -> 1.036595 | P4: =INDEX('AEO 2026 Table 4'!$E$6:$AD$125,MATCH($B4,'AEO 2026 Table 4'!$B$6:$B$125,0),MATCH(P$1,'AEO 2026 Table 4'!$E$5:$AD$5,0)) -> 1.044131 | ... AH4: =INDEX('AEO 2026 Table 4'!$E$6:$AD$125,MATCH($B4,'AEO 2026 Table 4'!$B$6:$B$125,0),MATCH(AH$1,'AEO 2026 Table 4'!$E$5:$AD$5,0)) -> 1.31138
B5: Residential: Electricity: Water Heating: Alternative Electricity and Transportation | C5: Residential: Electricity: Water Heating: High Zero-Carbon Technology Cost | D5: =E5&"-"&F5&"-"&G5 -> residential-appliances-electricity (BTU) | E5: residential | F5: appliances | G5: electricity (BTU) | H5: =INDEX(Table_4._Residential_Sector_Key!$F$8:$AG$125,MATCH($C5,Table_4._Residential_Sector_Key!$B$8:$B$125,0),MATCH(H$1,Table_4._Residential_Sector_Key!$F$5:$AG$5,0)) -> 0.472693 | I5: =INDEX('AEO 2026 Table 4'!$E$6:$AD$125,MATCH($B5,'AEO 2026 Table 4'!$B$6:$B$125,0),MATCH(I$1,'AEO 2026 Table 4'!$E$5:$AD$5,0)) -> 0.452529 | J5: =INDEX('AEO 2026 Table 4'!$E$6:$AD$125,MATCH($B5,'AEO 2026 Table 4'!$B$6:$B$125,0),MATCH(J$1,'AEO 2026 Table 4'!$E$5:$AD$5,0)) -> 0.444829 | K5: =INDEX('AEO 2026 Table 4'!$E$6:$AD$125,MATCH($B5,'AEO 2026 Table 4'!$B$6:$B$125,0),MATCH(K$1,'AEO 2026 Table 4'!$E$5:$AD$5,0)) -> 0.439241 | L5: =INDEX('AEO 2026 Table 4'!$E$6:$AD$125,MATCH($B5,'AEO 2026 Table 4'!$B$6:$B$125,0),MATCH(L$1,'AEO 2026 Table 4'!$E$5:$AD$5,0)) -> 0.434669 | M5: =INDEX('AEO 2026 Table 4'!$E$6:$AD$125,MATCH($B5,'AEO 2026 Table 4'!$B$6:$B$125,0),MATCH(M$1,'AEO 2026 Table 4'!$E$5:$AD$5,0)) -> 0.417931 | N5: =INDEX('AEO 2026 Table 4'!$E$6:$AD$125,MATCH($B5,'AEO 2026 Table 4'!$B$6:$B$125,0),MATCH(N$1,'AEO 2026 Table 4'!$E$5:$AD$5,0)) -> 0.396813 | O5: =INDEX('AEO 2026 Table 4'!$E$6:$AD$125,MATCH($B5,'AEO 2026 Table 4'!$B$6:$B$125,0),MATCH(O$1,'AEO 2026 Table 4'!$E$5:$AD$5,0)) -> 0.37455 | P5: =INDEX('AEO 2026 Table 4'!$E$6:$AD$125,MATCH($B5,'AEO 2026 Table 4'!$B$6:$B$125,0),MATCH(P$1,'AEO 2026 Table 4'!$E$5:$AD$5,0)) -> 0.353889 | ... AH5: =INDEX('AEO 2026 Table 4'!$E$6:$AD$125,MATCH($B5,'AEO 2026 Table 4'!$B$6:$B$125,0),MATCH(AH$1,'AEO 2026 Table 4'!$E$5:$AD$5,0)) -> 0.228558
B6: Residential: Electricity: Refrigeration: Alternative Electricity and Transportation | C6: Residential: Electricity: Refrigeration: High Zero-Carbon Technology Cost | D6: =E6&"-"&F6&"-"&G6 -> residential-appliances-electricity (BTU) | E6: residential | F6: appliances | G6: electricity (BTU) | H6: =INDEX(Table_4._Residential_Sector_Key!$F$8:$AG$125,MATCH($C6,Table_4._Residential_Sector_Key!$B$8:$B$125,0),MATCH(H$1,Table_4._Residential_Sector_Key!$F$5:$AG$5,0)) -> 0.351479 | I6: =INDEX('AEO 2026 Table 4'!$E$6:$AD$125,MATCH($B6,'AEO 2026 Table 4'!$B$6:$B$125,0),MATCH(I$1,'AEO 2026 Table 4'!$E$5:$AD$5,0)) -> 0.349563 | J6: =INDEX('AEO 2026 Table 4'!$E$6:$AD$125,MATCH($B6,'AEO 2026 Table 4'!$B$6:$B$125,0),MATCH(J$1,'AEO 2026 Table 4'!$E$5:$AD$5,0)) -> 0.348527 | K6: =INDEX('AEO 2026 Table 4'!$E$6:$AD$125,MATCH($B6,'AEO 2026 Table 4'!$B$6:$B$125,0),MATCH(K$1,'AEO 2026 Table 4'!$E$5:$AD$5,0)) -> 0.347433 | L6: =INDEX('AEO 2026 Table 4'!$E$6:$AD$125,MATCH($B6,'AEO 2026 Table 4'!$B$6:$B$125,0),MATCH(L$1,'AEO 2026 Table 4'!$E$5:$AD$5,0)) -> 0.346209 | M6: =INDEX('AEO 2026 Table 4'!$E$6:$AD$125,MATCH($B6,'AEO 2026 Table 4'!$B$6:$B$125,0),MATCH(M$1,'AEO 2026 Table 4'!$E$5:$AD$5,0)) -> 0.345259 | N6: =INDEX('AEO 2026 Table 4'!$E$6:$AD$125,MATCH($B6,'AEO 2026 Table 4'!$B$6:$B$125,0),MATCH(N$1,'AEO 2026 Table 4'!$E$5:$AD$5,0)) -> 0.342024 | O6: =INDEX('AEO 2026 Table 4'!$E$6:$AD$125,MATCH($B6,'AEO 2026 Table 4'!$B$6:$B$125,0),MATCH(O$1,'AEO 2026 Table 4'!$E$5:$AD$5,0)) -> 0.33903 | P6: =INDEX('AEO 2026 Table 4'!$E$6:$AD$125,MATCH($B6,'AEO 2026 Table 4'!$B$6:$B$125,0),MATCH(P$1,'AEO 2026 Table 4'!$E$5:$AD$5,0)) -> 0.336304 | ... AH6: =INDEX('AEO 2026 Table 4'!$E$6:$AD$125,MATCH($B6,'AEO 2026 Table 4'!$B$6:$B$125,0),MATCH(AH$1,'AEO 2026 Table 4'!$E$5:$AD$5,0)) -> 0.346229
B7: Residential: Electricity: Cooking: Alternative Electricity and Transportation | C7: Residential: Electricity: Cooking: High Zero-Carbon Technology Cost | D7: =E7&"-"&F7&"-"&G7 -> residential-appliances-electricity (BTU) | E7: residential | F7: appliances | G7: electricity (BTU) | H7: =INDEX(Table_4._Residential_Sector_Key!$F$8:$AG$125,MATCH($C7,Table_4._Residential_Sector_Key!$B$8:$B$125,0),MATCH(H$1,Table_4._Residential_Sector_Key!$F$5:$AG$5,0)) -> 0.067364 | I7: =INDEX('AEO 2026 Table 4'!$E$6:$AD$125,MATCH($B7,'AEO 2026 Table 4'!$B$6:$B$125,0),MATCH(I$1,'AEO 2026 Table 4'!$E$5:$AD$5,0)) -> 0.068362 | J7: =INDEX('AEO 2026 Table 4'!$E$6:$AD$125,MATCH($B7,'AEO 2026 Table 4'!$B$6:$B$125,0),MATCH(J$1,'AEO 2026 Table 4'!$E$5:$AD$5,0)) -> 0.069242 | K7: =INDEX('AEO 2026 Table 4'!$E$6:$AD$125,MATCH($B7,'AEO 2026 Table 4'!$B$6:$B$125,0),MATCH(K$1,'AEO 2026 Table 4'!$E$5:$AD$5,0)) -> 0.07015 | L7: =INDEX('AEO 2026 Table 4'!$E$6:$AD$125,MATCH($B7,'AEO 2026 Table 4'!$B$6:$B$125,0),MATCH(L$1,'AEO 2026 Table 4'!$E$5:$AD$5,0)) -> 0.071053 | M7: =INDEX('AEO 2026 Table 4'!$E$6:$AD$125,MATCH($B7,'AEO 2026 Table 4'!$B$6:$B$125,0),MATCH(M$1,'AEO 2026 Table 4'!$E$5:$AD$5,0)) -> 0.07196 | N7: =INDEX('AEO 2026 Table 4'!$E$6:$AD$125,MATCH($B7,'AEO 2026 Table 4'!$B$6:$B$125,0),MATCH(N$1,'AEO 2026 Table 4'!$E$5:$AD$5,0)) -> 0.07286 | O7: =INDEX('AEO 2026 Table 4'!$E$6:$AD$125,MATCH($B7,'AEO 2026 Table 4'!$B$6:$B$125,0),MATCH(O$1,'AEO 2026 Table 4'!$E$5:$AD$5,0)) -> 0.07377 | P7: =INDEX('AEO 2026 Table 4'!$E$6:$AD$125,MATCH($B7,'AEO 2026 Table 4'!$B$6:$B$125,0),MATCH(P$1,'AEO 2026 Table 4'!$E$5:$AD$5,0)) -> 0.074686 | ... AH7: =INDEX('AEO 2026 Table 4'!$E$6:$AD$125,MATCH($B7,'AEO 2026 Table 4'!$B$6:$B$125,0),MATCH(AH$1,'AEO 2026 Table 4'!$E$5:$AD$5,0)) -> 0.085709
B8: Residential: Electricity: Clothes Dryers: Alternative Electricity and Transportation | C8: Residential: Electricity: Clothes Dryers: High Zero-Carbon Technology Cost | D8: =E8&"-"&F8&"-"&G8 -> residential-appliances-electricity (BTU) | E8: residential | F8: appliances | G8: electricity (BTU) | H8: =INDEX(Table_4._Residential_Sector_Key!$F$8:$AG$125,MATCH($C8,Table_4._Residential_Sector_Key!$B$8:$B$125,0),MATCH(H$1,Table_4._Residential_Sector_Key!$F$5:$AG$5,0)) -> 0.191812 | I8: =INDEX('AEO 2026 Table 4'!$E$6:$AD$125,MATCH($B8,'AEO 2026 Table 4'!$B$6:$B$125,0),MATCH(I$1,'AEO 2026 Table 4'!$E$5:$AD$5,0)) -> 0.190333 | J8: =INDEX('AEO 2026 Table 4'!$E$6:$AD$125,MATCH($B8,'AEO 2026 Table 4'!$B$6:$B$125,0),MATCH(J$1,'AEO 2026 Table 4'!$E$5:$AD$5,0)) -> 0.190841 | K8: =INDEX('AEO 2026 Table 4'!$E$6:$AD$125,MATCH($B8,'AEO 2026 Table 4'!$B$6:$B$125,0),MATCH(K$1,'AEO 2026 Table 4'!$E$5:$AD$5,0)) -> 0.191803 | L8: =INDEX('AEO 2026 Table 4'!$E$6:$AD$125,MATCH($B8,'AEO 2026 Table 4'!$B$6:$B$125,0),MATCH(L$1,'AEO 2026 Table 4'!$E$5:$AD$5,0)) -> 0.193076 | M8: =INDEX('AEO 2026 Table 4'!$E$6:$AD$125,MATCH($B8,'AEO 2026 Table 4'!$B$6:$B$125,0),MATCH(M$1,'AEO 2026 Table 4'!$E$5:$AD$5,0)) -> 0.193741 | N8: =INDEX('AEO 2026 Table 4'!$E$6:$AD$125,MATCH($B8,'AEO 2026 Table 4'!$B$6:$B$125,0),MATCH(N$1,'AEO 2026 Table 4'!$E$5:$AD$5,0)) -> 0.193361 | O8: =INDEX('AEO 2026 Table 4'!$E$6:$AD$125,MATCH($B8,'AEO 2026 Table 4'!$B$6:$B$125,0),MATCH(O$1,'AEO 2026 Table 4'!$E$5:$AD$5,0)) -> 0.192361 | P8: =INDEX('AEO 2026 Table 4'!$E$6:$AD$125,MATCH($B8,'AEO 2026 Table 4'!$B$6:$B$125,0),MATCH(P$1,'AEO 2026 Table 4'!$E$5:$AD$5,0)) -> 0.191029 | ... AH8: =INDEX('AEO 2026 Table 4'!$E$6:$AD$125,MATCH($B8,'AEO 2026 Table 4'!$B$6:$B$125,0),MATCH(AH$1,'AEO 2026 Table 4'!$E$5:$AD$5,0)) -> 0.222073
B9: Residential: Electricity: Freezers: Alternative Electricity and Transportation | C9: Residential: Electricity: Freezers: High Zero-Carbon Technology Cost | D9: =E9&"-"&F9&"-"&G9 -> residential-appliances-electricity (BTU) | E9: residential | F9: appliances | G9: electricity (BTU) | H9: =INDEX(Table_4._Residential_Sector_Key!$F$8:$AG$125,MATCH($C9,Table_4._Residential_Sector_Key!$B$8:$B$125,0),MATCH(H$1,Table_4._Residential_Sector_Key!$F$5:$AG$5,0)) -> 0.079548 | I9: =INDEX('AEO 2026 Table 4'!$E$6:$AD$125,MATCH($B9,'AEO 2026 Table 4'!$B$6:$B$125,0),MATCH(I$1,'AEO 2026 Table 4'!$E$5:$AD$5,0)) -> 0.079278 | J9: =INDEX('AEO 2026 Table 4'!$E$6:$AD$125,MATCH($B9,'AEO 2026 Table 4'!$B$6:$B$125,0),MATCH(J$1,'AEO 2026 Table 4'!$E$5:$AD$5,0)) -> 0.079241 | K9: =INDEX('AEO 2026 Table 4'!$E$6:$AD$125,MATCH($B9,'AEO 2026 Table 4'!$B$6:$B$125,0),MATCH(K$1,'AEO 2026 Table 4'!$E$5:$AD$5,0)) -> 0.079217 | L9: =INDEX('AEO 2026 Table 4'!$E$6:$AD$125,MATCH($B9,'AEO 2026 Table 4'!$B$6:$B$125,0),MATCH(L$1,'AEO 2026 Table 4'!$E$5:$AD$5,0)) -> 0.07916 | M9: =INDEX('AEO 2026 Table 4'!$E$6:$AD$125,MATCH($B9,'AEO 2026 Table 4'!$B$6:$B$125,0),MATCH(M$1,'AEO 2026 Table 4'!$E$5:$AD$5,0)) -> 0.079073 | N9: =INDEX('AEO 2026 Table 4'!$E$6:$AD$125,MATCH($B9,'AEO 2026 Table 4'!$B$6:$B$125,0),MATCH(N$1,'AEO 2026 Table 4'!$E$5:$AD$5,0)) -> 0.07857 | O9: =INDEX('AEO 2026 Table 4'!$E$6:$AD$125,MATCH($B9,'AEO 2026 Table 4'!$B$6:$B$125,0),MATCH(O$1,'AEO 2026 Table 4'!$E$5:$AD$5,0)) -> 0.078007 | P9: =INDEX('AEO 2026 Table 4'!$E$6:$AD$125,MATCH($B9,'AEO 2026 Table 4'!$B$6:$B$125,0),MATCH(P$1,'AEO 2026 Table 4'!$E$5:$AD$5,0)) -> 0.077404 | ... AH9: =INDEX('AEO 2026 Table 4'!$E$6:$AD$125,MATCH($B9,'AEO 2026 Table 4'!$B$6:$B$125,0),MATCH(AH$1,'AEO 2026 Table 4'!$E$5:$AD$5,0)) -> 0.0718
B10: Residential: Electricity: Lighting: Alternative Electricity and Transportation | C10: Residential: Electricity: Lighting: High Zero-Carbon Technology Cost | D10: =E10&"-"&F10&"-"&G10 -> residential-lighting-electricity (BTU) | E10: residential | F10: lighting | G10: electricity (BTU) | H10: =INDEX(Table_4._Residential_Sector_Key!$F$8:$AG$125,MATCH($C10,Table_4._Residential_Sector_Key!$B$8:$B$125,0),MATCH(H$1,Table_4._Residential_Sector_Key!$F$5:$AG$5,0)) -> 0.187371 | I10: =INDEX('AEO 2026 Table 4'!$E$6:$AD$125,MATCH($B10,'AEO 2026 Table 4'!$B$6:$B$125,0),MATCH(I$1,'AEO 2026 Table 4'!$E$5:$AD$5,0)) -> 0.182847 | J10: =INDEX('AEO 2026 Table 4'!$E$6:$AD$125,MATCH($B10,'AEO 2026 Table 4'!$B$6:$B$125,0),MATCH(J$1,'AEO 2026 Table 4'!$E$5:$AD$5,0)) -> 0.182216 | K10: =INDEX('AEO 2026 Table 4'!$E$6:$AD$125,MATCH($B10,'AEO 2026 Table 4'!$B$6:$B$125,0),MATCH(K$1,'AEO 2026 Table 4'!$E$5:$AD$5,0)) -> 0.183569 | L10: =INDEX('AEO 2026 Table 4'!$E$6:$AD$125,MATCH($B10,'AEO 2026 Table 4'!$B$6:$B$125,0),MATCH(L$1,'AEO 2026 Table 4'!$E$5:$AD$5,0)) -> 0.18564 | M10: =INDEX('AEO 2026 Table 4'!$E$6:$AD$125,MATCH($B10,'AEO 2026 Table 4'!$B$6:$B$125,0),MATCH(M$1,'AEO 2026 Table 4'!$E$5:$AD$5,0)) -> 0.187439 | N10: =INDEX('AEO 2026 Table 4'!$E$6:$AD$125,MATCH($B10,'AEO 2026 Table 4'!$B$6:$B$125,0),MATCH(N$1,'AEO 2026 Table 4'!$E$5:$AD$5,0)) -> 0.186994 | O10: =INDEX('AEO 2026 Table 4'!$E$6:$AD$125,MATCH($B10,'AEO 2026 Table 4'!$B$6:$B$125,0),MATCH(O$1,'AEO 2026 Table 4'!$E$5:$AD$5,0)) -> 0.186424 | P10: =INDEX('AEO 2026 Table 4'!$E$6:$AD$125,MATCH($B10,'AEO 2026 Table 4'!$B$6:$B$125,0),MATCH(P$1,'AEO 2026 Table 4'!$E$5:$AD$5,0)) -> 0.186261 | ... AH10: =INDEX('AEO 2026 Table 4'!$E$6:$AD$125,MATCH($B10,'AEO 2026 Table 4'!$B$6:$B$125,0),MATCH(AH$1,'AEO 2026 Table 4'!$E$5:$AD$5,0)) -> 0.182588
B11: Residential: Electricity: Clothes Washers: Alternative Electricity and Transportation | C11: Residential: Electricity: Clothes Washers: High Zero-Carbon Technology Cost | D11: =E11&"-"&F11&"-"&G11 -> residential-appliances-electricity (BTU) | E11: residential | F11: appliances | G11: electricity (BTU) | H11: =INDEX(Table_4._Residential_Sector_Key!$F$8:$AG$125,MATCH($C11,Table_4._Residential_Sector_Key!$B$8:$B$125,0),MATCH(H$1,Table_4._Residential_Sector_Key!$F$5:$AG$5,0)) -> 0.041807 | I11: =INDEX('AEO 2026 Table 4'!$E$6:$AD$125,MATCH($B11,'AEO 2026 Table 4'!$B$6:$B$125,0),MATCH(I$1,'AEO 2026 Table 4'!$E$5:$AD$5,0)) -> 0.040723 | J11: =INDEX('AEO 2026 Table 4'!$E$6:$AD$125,MATCH($B11,'AEO 2026 Table 4'!$B$6:$B$125,0),MATCH(J$1,'AEO 2026 Table 4'!$E$5:$AD$5,0)) -> 0.039741 | K11: =INDEX('AEO 2026 Table 4'!$E$6:$AD$125,MATCH($B11,'AEO 2026 Table 4'!$B$6:$B$125,0),MATCH(K$1,'AEO 2026 Table 4'!$E$5:$AD$5,0)) -> 0.03875 | L11: =INDEX('AEO 2026 Table 4'!$E$6:$AD$125,MATCH($B11,'AEO 2026 Table 4'!$B$6:$B$125,0),MATCH(L$1,'AEO 2026 Table 4'!$E$5:$AD$5,0)) -> 0.037583 | M11: =INDEX('AEO 2026 Table 4'!$E$6:$AD$125,MATCH($B11,'AEO 2026 Table 4'!$B$6:$B$125,0),MATCH(M$1,'AEO 2026 Table 4'!$E$5:$AD$5,0)) -> 0.036385 | N11: =INDEX('AEO 2026 Table 4'!$E$6:$AD$125,MATCH($B11,'AEO 2026 Table 4'!$B$6:$B$125,0),MATCH(N$1,'AEO 2026 Table 4'!$E$5:$AD$5,0)) -> 0.034992 | O11: =INDEX('AEO 2026 Table 4'!$E$6:$AD$125,MATCH($B11,'AEO 2026 Table 4'!$B$6:$B$125,0),MATCH(O$1,'AEO 2026 Table 4'!$E$5:$AD$5,0)) -> 0.03354 | P11: =INDEX('AEO 2026 Table 4'!$E$6:$AD$125,MATCH($B11,'AEO 2026 Table 4'!$B$6:$B$125,0),MATCH(P$1,'AEO 2026 Table 4'!$E$5:$AD$5,0)) -> 0.032 | ... AH11: =INDEX('AEO 2026 Table 4'!$E$6:$AD$125,MATCH($B11,'AEO 2026 Table 4'!$B$6:$B$125,0),MATCH(AH$1,'AEO 2026 Table 4'!$E$5:$AD$5,0)) -> 0.028319
