Workbook

Sheet About
A1: BCS BAU CCS Subsidy
A3: Source: | B3: None needed
A5: Notes:
A6: This variable captures any BAU subsidies for CCS, specified in dollars per ton captured.
A7: For electricity, adjust the credit value based on its duration relative to the financing repayment period
A9: 0.713109 | B9: 2025 to 2012 USD (model OCCF, InputData/web-app/OCCF) | C9: https://www.bls.gov/data/inflation_calculator.htm
A11: 45Q Tax Credit Amount | B11: 85
A12: *26 U.S.C. 45Q(b)(1): inflation adjustment applies to taxable years beginning after 2026, substituting 2025 for 1990 - so the $85 is in 2025 dollars and we use the 2025 currency year to adjust to 2012 $. Factor matches the model OCCF (0.713109). Electricity CCS receives the credit through 2035: construction must begin before 1/1/2033 (45Q(d)), plus the 3-year construction timeline below.
A13: 45Q Duration | B13: 12 years
A15: Historical Consumer Price Index for All Urban Consumers (CPI-U): U.S. city average, all items, index
A16: averages — Continued
A17: [1982-84=100, unless otherwise noted]
A18: Year | B18: Annual avg. | C18: Percent change from previous | E18: Multiply by to get 2012 Dollars
C19: Dec. | D19: Annual avg.
A20: 2012............................................................................. . | B20: 229.594 | C20: 1.7 | D20: 2.1 | E20: 1
A21: 2013............................................................................. . | B21: 232.957 | C21: 1.5 | D21: 1.5 | E21: 0.98556386
A22: 2014............................................................................. . | B22: 236.736 | C22: 0.8 | D22: 1.6 | E22: 0.96983137
A23: 2015............................................................................. . | B23: 237.017 | C23: 0.7 | D23: 0.1 | E23: 0.96868157
A24: 2016............................................................................. . | B24: 240.007 | C24: 2.1 | D24: 1.3 | E24: 0.95661377
A25: 2017............................................................................. . | B25: 245.12 | C25: 2.1 | D25: 2.1 | E25: 0.9366596
A26: 2018............................................................................. . | B26: 251.107 | C26: 1.9 | D26: 2.4 | E26: 0.91432736
A27: 2019............................................................................. . | B27: 255.657 | C27: 2.3 | D27: 1.8 | E27: 0.89805482
A28: 2020............................................................................. . | B28: 258.811 | C28: 1.4 | D28: 1.2 | E28: 0.88711067
A29: 2021............................................................................. . | B29: 270.97 | C29: 7 | D29: 4.7 | E29: 0.84730413
A30: 2022............................................................................. . | B30: 292.655 | C30: 6.5 | D30: 8 | E30: 0.78452102
A31: 2023............................................................................. . | B31: 304.702 | E31: 0.75350342
A32: 2024............................................................................. . | B32: 313.689 | E32: 0.73191601 | F32: =B20/B32 -> 0.73191601
A33: 2025… | B33: =B32/(1-$B$37/100) -> 321.73231 | E33: =$B$20/B33 -> 0.71361811
A34: 2026… | B34: =B33/(1-$B$37/100) -> 329.98185 | E34: =$B$20/B34 -> 0.69577765
A35: 2027… | B35: =B34/(1-$B$37/100) -> 338.44293 | E35: =$B$20/B35 -> 0.67838321
A37: Future inflation assumption | B37: 2.5 | C37: %
A39: 45Q tax credits include a commenced construction provision. Based on EIA data, we assume a construction timeline
A40: of 3 years for the electricity sector.
A42: The electricity sector calculations properly apply the tax credit duration depending on when CCS capacity comes online.
A43: However, the industry sector does not have stock tracking for CCS equipment. Therefore, we adjust the BAU subsidy
A44: values for industry only to reflect the duration multiplier.

Sheet 45Q Value
A1: https://www.congress.gov/crs-product/IF11455
B3: For geologically stored CO2
B4: equipment placed in service 2/8/18 to 1/1/23 | C4: equipment placed in service 1/1/23-1/1/33
A5: 2021 | B5: 50
A6: 2022 | B6: 50
A7: 2023 | C7: 85
A8: 2024 | C8: 85
A9: 2025 | C9: 85
A10: 2026 | C10: 85
A11: 2027 | C11: 85
A12: 2028 | C12: 85
A13: 2029 | C13: 85
A14: 2030 | C14: 85
A15: 2031 | C15: 85
A16: 2032 | C16: 85

Sheet Electricity Calculations
A1: Credit Amount | B1: =About!B11 -> 85
A2: Repayment Period for Financing | B2: 20
A3: 45Q Credit Duration | B3: 12
A4: Credit Value | B4: =B1*B3/B2 -> 51

Sheet Calculations
B1: 2021 | C1: 2022 | D1: 2023 | E1: 2024 | F1: 2025 | G1: 2026 | H1: 2027 | I1: 2028 | J1: 2029 | K1: 2030 | L1: 2031 | M1: 2032 | N1: 2033 | O1: 2034 | P1: 2035 | Q1: 2036 | R1: 2037 | S1: 2038 | T1: 2039 | U1: 2040 | V1: 2041 | W1: 2042 | X1: 2043 | Y1: 2044 | Z1: 2045 | AA1: 2046 | AB1: 2047 | AC1: 2048 | AD1: 2049 | AE1: 2050
A2: 45Q phase-in period | B2: 0 | C2: 0 | D2: 0 | E2: 0 | F2: 0 | G2: 0 | H2: 0 | I2: 0 | J2: 0 | K2: 0 | L2: =1/5 -> 0.2 | M2: =L2+1/5 -> 0.4 | N2: =M2+1/5 -> 0.6 | O2: =N2+1/5 -> 0.8 | P2: =O2+1/5 -> 1 | Q2: 0 | R2: 0 | S2: 0 | T2: 0 | U2: 0 | V2: 0 | W2: 0 | X2: 0 | Y2: 0 | Z2: 0 | AA2: 0 | AB2: 0 | AC2: 0 | AD2: 0 | AE2: 0
A3: 45Q phase-out period | B3: =IFERROR(IF(A3=1,1,INDEX($B$2:$AE$2,MATCH((B1-'BCS-DoSfCS'!$B$2),$B$1:$AE$1,0))),0) -> 0 | C3: =IFERROR(IF(B3=1,1,INDEX($B$2:$AE$2,MATCH((C1-'BCS-DoSfCS'!$B$2),$B$1:$AE$1,0))),0) -> 0 | D3: =IFERROR(IF(C3=1,1,INDEX($B$2:$AE$2,MATCH((D1-'BCS-DoSfCS'!$B$2),$B$1:$AE$1,0))),0) -> 0 | E3: =IFERROR(IF(D3=1,1,INDEX($B$2:$AE$2,MATCH((E1-'BCS-DoSfCS'!$B$2),$B$1:$AE$1,0))),0) -> 0 | F3: =IFERROR(IF(E3=1,1,INDEX($B$2:$AE$2,MATCH((F1-'BCS-DoSfCS'!$B$2),$B$1:$AE$1,0))),0) -> 0 | G3: =IFERROR(IF(F3=1,1,INDEX($B$2:$AE$2,MATCH((G1-'BCS-DoSfCS'!$B$2),$B$1:$AE$1,0))),0) -> 0 | H3: =IFERROR(IF(G3=1,1,INDEX($B$2:$AE$2,MATCH((H1-'BCS-DoSfCS'!$B$2),$B$1:$AE$1,0))),0) -> 0 | I3: =IFERROR(IF(H3=1,1,INDEX($B$2:$AE$2,MATCH((I1-'BCS-DoSfCS'!$B$2),$B$1:$AE$1,0))),0) -> 0 | ... AE3: =IFERROR(IF(AD3=1,1,INDEX($B$2:$AE$2,MATCH((AE1-'BCS-DoSfCS'!$B$2),$B$1:$AE$1,0))),0) -> 1
A5: *We use the data below for calculating the fraction of CCS potential achieved by industry. We do not subscript 45Q tax credits by sub-industry, so we must
A6: choose a representative value for determining how to apply a duration multiplier. Since most of the incremental CCS comes online between 2030-2035, we use that timeline.
A7: The potentials below use the "High emissions" values from the Rhodium figure above and are presented as MMT of capture capacity.
B8: 2022 | C8: 2030 | D8: 2035
A9: agriculture and forestry 01T03
A10: coal mining 05
A11: oil and gas extraction 06 | B11: 14 | C11: 16 | D11: 16
A12: other mining and quarrying 07T08
A13: food beverage and tobacco 10T12
A14: textiles apparel and leather 13T15
A15: wood products 16
A16: pulp paper and printing 17T18
A17: refined petroleum and coke 19 - energy | B17: 0 | C17: 0 | D17: 60 | E17: *mapped to energy-related emissions rather than process emissions, since CCS equipment is installed on crackers
A18: refined petroleum and coke 19 - process | B18: 2 | C18: 53 | D18: 53 | E18: *mapped to process emissions
A19: chemicals 20 | E19: *ammonia not counted because we assume this industry is decarbonized through the hydrogen PTC
A20: rubber and plastic products 22
A21: glass and glass products 231
A22: cement and other nonmetallic minerals 239 | B22: 0 | C22: 0 | D22: 50
A23: iron and steel 241 | B23: 0 | C23: 0 | D23: 14
A24: other metals 242
A25: metal products except machinery and vehicles 25
A26: computers and electronics 26
A27: appliances and electrical equipment 27
A28: other machinery 28
A29: road vehicles 29
A30: nonroad vehicles 30
A31: other manufacturing 31T33
A32: energy pipelines and gas processing 352T353
A33: water and waste 36T39
A34: construction 41T43

Sheet BCS-industry
A1: $ / metric ton | B1: 2021 | C1: 2022 | D1: 2023 | E1: 2024 | F1: 2025 | G1: 2026 | H1: 2027 | I1: 2028 | J1: 2029 | K1: 2030 | L1: 2031 | M1: 2032 | N1: 2033 | O1: 2034 | P1: 2035 | Q1: 2036 | R1: 2037 | S1: 2038 | T1: 2039 | U1: 2040 | V1: 2041 | W1: 2042 | X1: 2043 | Y1: 2044 | Z1: 2045 | AA1: 2046 | AB1: 2047 | AC1: 2048 | AD1: 2049 | AE1: 2050
A2: industry sector | B2: ='45Q Value'!B5*About!E29 -> 42.365206 | C2: ='45Q Value'!B6*About!E30 -> 39.226051 | D2: =About!$B$11*About!$A$9 -> 60.614265 | E2: =About!$B$11*About!$A$9 -> 60.614265 | F2: =About!$B$11*About!$A$9 -> 60.614265 | G2: =About!$B$11*About!$A$9 -> 60.614265 | H2: =About!$B$11*About!$A$9 -> 60.614265 | I2: =About!$B$11*About!$A$9 -> 60.614265 | J2: =About!$B$11*About!$A$9 -> 60.614265 | K2: =About!$B$11*About!$A$9 -> 60.614265 | ... M2: =About!$B$11*About!$A$9 -> 60.614265 | N2: =$M2*(1-Calculations!N3) -> 60.614265 | O2: =$M2*(1-Calculations!O3) -> 60.614265 | P2: =$M2*(1-Calculations!P3) -> 60.614265 | Q2: =$M2*(1-Calculations!Q3) -> 60.614265 | R2: =$M2*(1-Calculations!R3) -> 60.614265 | S2: =$M2*(1-Calculations!S3) -> 60.614265 | T2: =$M2*(1-Calculations!T3) -> 60.614265 | U2: =$M2*(1-Calculations!U3) -> 60.614265 | ... AE2: =$M2*(1-Calculations!AE3) -> 0

Sheet BCS-electricity
A1: $ / metric ton | B1: 2021 | C1: 2022 | D1: 2023 | E1: 2024 | F1: 2025 | G1: 2026 | H1: 2027 | I1: 2028 | J1: 2029 | K1: 2030 | L1: 2031 | M1: 2032 | N1: 2033 | O1: 2034 | P1: 2035 | Q1: 2036 | R1: 2037 | S1: 2038 | T1: 2039 | U1: 2040 | V1: 2041 | W1: 2042 | X1: 2043 | Y1: 2044 | Z1: 2045 | AA1: 2046 | AB1: 2047 | AC1: 2048 | AD1: 2049 | AE1: 2050
A2: hard coal | B2: 0 | C2: 0 | D2: 0 | E2: 0 | F2: 0 | G2: 0 | H2: 0 | I2: 0 | J2: 0 | K2: 0 | L2: 0 | M2: 0 | N2: 0 | O2: 0 | P2: 0 | Q2: 0 | R2: 0 | S2: 0 | T2: 0 | U2: 0 | V2: 0 | W2: 0 | X2: 0 | Y2: 0 | Z2: 0 | AA2: 0 | AB2: 0 | AC2: 0 | AD2: 0 | AE2: 0
A3: natural gas steam turbine | B3: 0 | C3: 0 | D3: 0 | E3: 0 | F3: 0 | G3: 0 | H3: 0 | I3: 0 | J3: 0 | K3: 0 | L3: 0 | M3: 0 | N3: 0 | O3: 0 | P3: 0 | Q3: 0 | R3: 0 | S3: 0 | T3: 0 | U3: 0 | V3: 0 | W3: 0 | X3: 0 | Y3: 0 | Z3: 0 | AA3: 0 | AB3: 0 | AC3: 0 | AD3: 0 | AE3: 0
A4: natural gas combined cycle | B4: 0 | C4: 0 | D4: 0 | E4: 0 | F4: 0 | G4: 0 | H4: 0 | I4: 0 | J4: 0 | K4: 0 | L4: 0 | M4: 0 | N4: 0 | O4: 0 | P4: 0 | Q4: 0 | R4: 0 | S4: 0 | T4: 0 | U4: 0 | V4: 0 | W4: 0 | X4: 0 | Y4: 0 | Z4: 0 | AA4: 0 | AB4: 0 | AC4: 0 | AD4: 0 | AE4: 0
A5: nuclear | B5: 0 | C5: 0 | D5: 0 | E5: 0 | F5: 0 | G5: 0 | H5: 0 | I5: 0 | J5: 0 | K5: 0 | L5: 0 | M5: 0 | N5: 0 | O5: 0 | P5: 0 | Q5: 0 | R5: 0 | S5: 0 | T5: 0 | U5: 0 | V5: 0 | W5: 0 | X5: 0 | Y5: 0 | Z5: 0 | AA5: 0 | AB5: 0 | AC5: 0 | AD5: 0 | AE5: 0
A6: hydro | B6: 0 | C6: 0 | D6: 0 | E6: 0 | F6: 0 | G6: 0 | H6: 0 | I6: 0 | J6: 0 | K6: 0 | L6: 0 | M6: 0 | N6: 0 | O6: 0 | P6: 0 | Q6: 0 | R6: 0 | S6: 0 | T6: 0 | U6: 0 | V6: 0 | W6: 0 | X6: 0 | Y6: 0 | Z6: 0 | AA6: 0 | AB6: 0 | AC6: 0 | AD6: 0 | AE6: 0
A7: onshore wind | B7: 0 | C7: 0 | D7: 0 | E7: 0 | F7: 0 | G7: 0 | H7: 0 | I7: 0 | J7: 0 | K7: 0 | L7: 0 | M7: 0 | N7: 0 | O7: 0 | P7: 0 | Q7: 0 | R7: 0 | S7: 0 | T7: 0 | U7: 0 | V7: 0 | W7: 0 | X7: 0 | Y7: 0 | Z7: 0 | AA7: 0 | AB7: 0 | AC7: 0 | AD7: 0 | AE7: 0
A8: solar PV | B8: 0 | C8: 0 | D8: 0 | E8: 0 | F8: 0 | G8: 0 | H8: 0 | I8: 0 | J8: 0 | K8: 0 | L8: 0 | M8: 0 | N8: 0 | O8: 0 | P8: 0 | Q8: 0 | R8: 0 | S8: 0 | T8: 0 | U8: 0 | V8: 0 | W8: 0 | X8: 0 | Y8: 0 | Z8: 0 | AA8: 0 | AB8: 0 | AC8: 0 | AD8: 0 | AE8: 0
A9: solar thermal | B9: 0 | C9: 0 | D9: 0 | E9: 0 | F9: 0 | G9: 0 | H9: 0 | I9: 0 | J9: 0 | K9: 0 | L9: 0 | M9: 0 | N9: 0 | O9: 0 | P9: 0 | Q9: 0 | R9: 0 | S9: 0 | T9: 0 | U9: 0 | V9: 0 | W9: 0 | X9: 0 | Y9: 0 | Z9: 0 | AA9: 0 | AB9: 0 | AC9: 0 | AD9: 0 | AE9: 0
A10: biomass | B10: 0 | C10: 0 | D10: 0 | E10: 0 | F10: 0 | G10: 0 | H10: 0 | I10: 0 | J10: 0 | K10: 0 | L10: 0 | M10: 0 | N10: 0 | O10: 0 | P10: 0 | Q10: 0 | R10: 0 | S10: 0 | T10: 0 | U10: 0 | V10: 0 | W10: 0 | X10: 0 | Y10: 0 | Z10: 0 | AA10: 0 | AB10: 0 | AC10: 0 | AD10: 0 | AE10: 0
A11: geothermal | B11: 0 | C11: 0 | D11: 0 | E11: 0 | F11: 0 | G11: 0 | H11: 0 | I11: 0 | J11: 0 | K11: 0 | L11: 0 | M11: 0 | N11: 0 | O11: 0 | P11: 0 | Q11: 0 | R11: 0 | S11: 0 | T11: 0 | U11: 0 | V11: 0 | W11: 0 | X11: 0 | Y11: 0 | Z11: 0 | AA11: 0 | AB11: 0 | AC11: 0 | AD11: 0 | AE11: 0
A12: petroleum | B12: 0 | C12: 0 | D12: 0 | E12: 0 | F12: 0 | G12: 0 | H12: 0 | I12: 0 | J12: 0 | K12: 0 | L12: 0 | M12: 0 | N12: 0 | O12: 0 | P12: 0 | Q12: 0 | R12: 0 | S12: 0 | T12: 0 | U12: 0 | V12: 0 | W12: 0 | X12: 0 | Y12: 0 | Z12: 0 | AA12: 0 | AB12: 0 | AC12: 0 | AD12: 0 | AE12: 0
... A18: municipal solid waste | B18: 0 | C18: 0 | D18: 0 | E18: 0 | F18: 0 | G18: 0 | H18: 0 | I18: 0 | J18: 0 | K18: 0 | L18: 0 | M18: 0 | N18: 0 | O18: 0 | P18: 0 | Q18: 0 | R18: 0 | S18: 0 | T18: 0 | U18: 0 | V18: 0 | W18: 0 | X18: 0 | Y18: 0 | Z18: 0 | AA18: 0 | AB18: 0 | AC18: 0 | AD18: 0 | AE18: 0
A19: hard coal w CCS | B19: ='BCS-industry'!B2 -> 42.365206 | C19: ='BCS-industry'!C2 -> 39.226051 | D19: =About!$B$11*About!$A$9 -> 60.614265 | E19: =About!$B$11*About!$A$9 -> 60.614265 | F19: =About!$B$11*About!$A$9 -> 60.614265 | G19: =About!$B$11*About!$A$9 -> 60.614265 | H19: =About!$B$11*About!$A$9 -> 60.614265 | I19: =About!$B$11*About!$A$9 -> 60.614265 | J19: =About!$B$11*About!$A$9 -> 60.614265 | K19: =About!$B$11*About!$A$9 -> 60.614265 | ... P19: =About!$B$11*About!$A$9 -> 60.614265 | Q19: 0 | R19: 0 | S19: 0 | T19: 0 | U19: 0 | V19: 0 | W19: 0 | X19: 0 | Y19: 0 | Z19: 0 | AA19: 0 | AB19: 0 | AC19: 0 | AD19: 0 | AE19: 0
A20: natural gas combined cycle w CCS | B20: =B19 -> 42.365206 | C20: =C19 -> 39.226051 | D20: =D19 -> 60.614265 | E20: =E19 -> 60.614265 | F20: =F19 -> 60.614265 | G20: =G19 -> 60.614265 | H20: =H19 -> 60.614265 | I20: =I19 -> 60.614265 | ... AE20: =AE19 -> 0
A21: biomass w CCS | B21: =B20 -> 42.365206 | C21: =C20 -> 39.226051 | D21: =D20 -> 60.614265 | E21: =E20 -> 60.614265 | F21: =F20 -> 60.614265 | G21: =G20 -> 60.614265 | H21: =H20 -> 60.614265 | I21: =I20 -> 60.614265 | ... AE21: =AE20 -> 0
A22: lignite w CCS | B22: =B21 -> 42.365206 | C22: =C21 -> 39.226051 | D22: =D21 -> 60.614265 | E22: =E21 -> 60.614265 | F22: =F21 -> 60.614265 | G22: =G21 -> 60.614265 | H22: =H21 -> 60.614265 | I22: =I21 -> 60.614265 | ... AE22: =AE21 -> 0
A23: small modular reactor | B23: 0 | C23: 0 | D23: 0 | E23: 0 | F23: 0 | G23: 0 | H23: 0 | I23: 0 | J23: 0 | K23: 0 | L23: 0 | M23: 0 | N23: 0 | O23: 0 | P23: 0 | Q23: 0 | R23: 0 | S23: 0 | T23: 0 | U23: 0 | V23: 0 | W23: 0 | X23: 0 | Y23: 0 | Z23: 0 | AA23: 0 | AB23: 0 | AC23: 0 | AD23: 0 | AE23: 0
A24: hydrogen combustion turbine | B24: 0 | C24: 0 | D24: 0 | E24: 0 | F24: 0 | G24: 0 | H24: 0 | I24: 0 | J24: 0 | K24: 0 | L24: 0 | M24: 0 | N24: 0 | O24: 0 | P24: 0 | Q24: 0 | R24: 0 | S24: 0 | T24: 0 | U24: 0 | V24: 0 | W24: 0 | X24: 0 | Y24: 0 | Z24: 0 | AA24: 0 | AB24: 0 | AC24: 0 | AD24: 0 | AE24: 0
A25: hydrogen combined cycle | B25: 0 | C25: 0 | D25: 0 | E25: 0 | F25: 0 | G25: 0 | H25: 0 | I25: 0 | J25: 0 | K25: 0 | L25: 0 | M25: 0 | N25: 0 | O25: 0 | P25: 0 | Q25: 0 | R25: 0 | S25: 0 | T25: 0 | U25: 0 | V25: 0 | W25: 0 | X25: 0 | Y25: 0 | Z25: 0 | AA25: 0 | AB25: 0 | AC25: 0 | AD25: 0 | AE25: 0

Sheet BCS-DoSfCS
A1: Years | B1: 2021 | C1: 2022 | D1: 2023 | E1: 2024 | F1: 2025 | G1: 2026 | H1: 2027 | I1: 2028 | J1: 2029 | K1: 2030 | L1: 2031 | M1: 2032 | N1: 2033 | O1: 2034 | P1: 2035 | Q1: 2036 | R1: 2037 | S1: 2038 | T1: 2039 | U1: 2040 | V1: 2041 | W1: 2042 | X1: 2043 | Y1: 2044 | Z1: 2045 | AA1: 2046 | AB1: 2047 | AC1: 2048 | AD1: 2049 | AE1: 2050
A2: Duration | B2: 12 | C2: =$B$2 -> 12 | D2: =$B$2 -> 12 | E2: =$B$2 -> 12 | F2: =$B$2 -> 12 | G2: =$B$2 -> 12 | H2: =$B$2 -> 12 | I2: =$B$2 -> 12 | J2: =$B$2 -> 12 | ... AE2: =$B$2 -> 12
