Workbook

Sheet About
A1: BCAF BAU Cement Carbon Price Allocation Fraction
A3: Sources: | B3: Why the U.S. value is zero
B4: U.S. Environmental Protection Agency
B5: Greenhouse Gas Reporting Program, Subpart H (cement production) overview
B6: 2025
B7: https://www.epa.gov/ghgreporting/subpart-h-cement-production
B8: The United States has no federal carbon price on cement, so there is no free allocation or output-based rebate to record; cement plants report their emissions under Subpart H but pay nothing on them. California prices cement under its cap-and-trade program with output-based free allocation, but that state program is not part of the national BAU carbon price in this model.
B10: How emissions trading systems allocate allowances to cement (for other regions)
B11: European Commission
B12: Directive (EU) 2023/959 amending the EU ETS Directive, recital 46 (free allocation phase-out alongside CBAM)
B13: 2023
B14: https://eur-lex.europa.eu/legal-content/EN/TXT/HTML/?uri=CELEX:32023L0959
B15: EU cement installations receive free allowances against the grey clinker benchmark; the share retained falls from 97.5 percent in 2026 to 51.5 percent in 2030 and zero from 2034 as the carbon border adjustment phases in. An EU build would enter that schedule here. California gives cement 100 percent assistance times a cap-adjustment factor (0.824 in 2026, 0.782 in 2030); Canada's output-based pricing system and Korea's ETS allocate against benchmarks as well. Secondary readings of the California and Canadian rules should be checked against the regulations before use.
A17: Notes:
A18: Purpose and layout | B18: BCAF is the share of the cement industry's carbon-price bill that is already handed back in proportion to its output under policies in place, by year. Emissions trading systems do this through free allowances set against a benchmark intensity (see CABI); the effect is that producers still face the full carbon price on each extra tonne of CO2 they emit, but the average cost they pass on to buyers is much smaller. In the model the rebate is paid by government to the cement industry and reduces the carbon cost passed through to cement buyers. The output-based allocation policy adds to this value (the two together are capped at one). Edit the 'Values by Year' tab; the 'BCAF' tab is exported to BCAF.csv.
A19: U.S. values | B19: Zero in every year: there is no carbon price on U.S. cement and so nothing to hand back.
A20: Other regions | B20: Enter the share of allowances the cement sector receives free, net of any phase-down (for the EU, the CBAM schedule in the second source). Where a system allocates against a benchmark, the model's CABI input sets that benchmark and this fraction scales how much of the benchmark allocation is retained.

Sheet Values by Year
A1: BAU share of the cement carbon-price bill handed back against output (edit here)
A2: Fraction between 0 and 1 by year. Zero means producers pay the full carbon price on every tonne; one means they receive the carbon price on the benchmark intensity times their output back.
A3: Year | B3: dimensionless | C3: Basis
A4: 2021 | B4: 0 | C4: No U.S. carbon price on cement
A5: 2022 | B5: 0 | C5: No U.S. carbon price on cement
A6: 2023 | B6: 0 | C6: No U.S. carbon price on cement
A7: 2024 | B7: 0 | C7: No U.S. carbon price on cement
A8: 2025 | B8: 0 | C8: No U.S. carbon price on cement
A9: 2026 | B9: 0 | C9: No U.S. carbon price on cement
A10: 2027 | B10: 0 | C10: No U.S. carbon price on cement
A11: 2028 | B11: 0 | C11: No U.S. carbon price on cement
A12: 2029 | B12: 0 | C12: No U.S. carbon price on cement
A13: 2030 | B13: 0 | C13: No U.S. carbon price on cement
A14: 2031 | B14: 0 | C14: No U.S. carbon price on cement
A15: 2032 | B15: 0 | C15: No U.S. carbon price on cement
... A33: 2050 | B33: 0 | C33: No U.S. carbon price on cement

Sheet Checks
A1: Live checks
A2: Check | B2: Value | C2: Result
A3: Values below 0 or above 1 (count) | B3: =COUNTIF('Values by Year'!B4:B33,"<0")+COUNTIF('Values by Year'!B4:B33,">1") -> 0 | C3: =IF(B3=0,"PASS","FAIL") -> PASS

Sheet BCAF
A1: Unit: dimensionless | B1: 2021 | C1: 2022 | D1: 2023 | E1: 2024 | F1: 2025 | G1: 2026 | H1: 2027 | I1: 2028 | J1: 2029 | K1: 2030 | L1: 2031 | M1: 2032 | N1: 2033 | O1: 2034 | P1: 2035 | Q1: 2036 | R1: 2037 | S1: 2038 | T1: 2039 | U1: 2040 | V1: 2041 | W1: 2042 | X1: 2043 | Y1: 2044 | Z1: 2045 | AA1: 2046 | AB1: 2047 | AC1: 2048 | AD1: 2049 | AE1: 2050
A2: BAU Cement Carbon Price Allocation Fraction | B2: ='Values by Year'!B4 -> 0 | C2: ='Values by Year'!B5 -> 0 | D2: ='Values by Year'!B6 -> 0 | E2: ='Values by Year'!B7 -> 0 | F2: ='Values by Year'!B8 -> 0 | G2: ='Values by Year'!B9 -> 0 | H2: ='Values by Year'!B10 -> 0 | I2: ='Values by Year'!B11 -> 0 | J2: ='Values by Year'!B12 -> 0 | K2: ='Values by Year'!B13 -> 0 | L2: ='Values by Year'!B14 -> 0 | M2: ='Values by Year'!B15 -> 0 | N2: ='Values by Year'!B16 -> 0 | O2: ='Values by Year'!B17 -> 0 | P2: ='Values by Year'!B18 -> 0 | Q2: ='Values by Year'!B19 -> 0 | R2: ='Values by Year'!B20 -> 0 | S2: ='Values by Year'!B21 -> 0 | T2: ='Values by Year'!B22 -> 0 | U2: ='Values by Year'!B23 -> 0 | V2: ='Values by Year'!B24 -> 0 | W2: ='Values by Year'!B25 -> 0 | X2: ='Values by Year'!B26 -> 0 | Y2: ='Values by Year'!B27 -> 0 | Z2: ='Values by Year'!B28 -> 0 | AA2: ='Values by Year'!B29 -> 0 | AB2: ='Values by Year'!B30 -> 0 | AC2: ='Values by Year'!B31 -> 0 | AD2: ='Values by Year'!B32 -> 0 | AE2: ='Values by Year'!B33 -> 0
