Workbook

Sheet About
A1: HOV Health Outcome Valuation
A3: Source: | B3: U.S. Environmental Protection Agency
B4: 2024
B5: COBRA User Manual
B6: https://www.epa.gov/system/files/documents/2024-06/cobra-user-manual-v5.1.pdf
B7: Appendix F
A9: Notes
A10: This variable contains EPA's core health valuation function input data to
A11: assign costs to specific health outcomes in EPS in dollars.
A13: Unit:
A14: 2012 USD
A15: 0.75350342 | B15: from 2023 USD

Sheet Calcs
A2: health outcome | B2: cost ($2023) | C2: notes
A3: Premature mortality | B3: =7.4*10^6*About!A16 -> 0
A4: Infant mortality | B4: =7.4*10^6*About!A17 -> 0
A5: Asthma symptoms albuturol use | B5: 0.63
A6: Asthma symptoms chest tightness | B6: =AVERAGE(371.19) -> 371.19 | C6: uses value for child age range because COBRA reports incidence only for children
A7: Asthma symptoms cough | B7: =AVERAGE(371.19) -> 371.19 | C7: uses value for child age range because COBRA reports incidence only for children
A8: Asthma symptoms shortness of breath | B8: =AVERAGE(371.19) -> 371.19 | C8: uses value for child age range because COBRA reports incidence only for children
A9: Asthma symptoms wheeze | B9: =AVERAGE(371.19) -> 371.19 | C9: uses value for child age range because COBRA reports incidence only for children
A10: Asthma incidence | B10: 80211.96 | F10: 85-99
A11: Hay fever rhinitis incidence | B11: 1095.99 | F11: 30-44
A12: Respiratory emergency room visits | B12: 1597.78 | F12: 35-44
A13: Respiratory hospital admissions | B13: =17653.3*0.65+66539.75*0.35 -> 34763.557 | C13: 65/35 split on child/elder values; derived from Appendix C | F13: 45-54
A14: Non-fatal heart attacks | B14: 89146.68 | F14: 55-64
A15: Minor restricted activity days | B15: 120.96 | F15: 65-74
A16: Work loss days | B16: 307.11 | F16: 75-84
A17: Lung cancer incidence | B17: =SUMPRODUCT(B29:B35,D29:D35) -> 47361.337 | C17: split based on BenMAP incidence
A18: Cardiovascular hospital admissions | B18: 28273.07
A19: Alzheimers disease hospital admissions | B19: 21983.68
A20: Parkinsons disease hospital admissions | B20: 23447.29
A21: Stroke incidence | B21: 62046.06
A22: Out of hospital cardiac arrest incidence | B22: 65318.08
A23: Cardiac emergency room visits | B23: 2120.9
A24: School loss days | B24: 1776.84
A26: BenMAP-CE User's Manual Appendix H, Table H-11 | C26: COBRA User's Manual Appendix F, Exhibit F-1
A27: Age group | B27: % new cases per year | C27: Age Range | D27: Unit Value
A28: 0-20 | B28: 0
A29: 20-34 | B29: 0.002002002 | C29: 30-34 | D29: 21635.86
A30: 35-44 | B30: 0.009009009 | C30: 35-44 | D30: 26410.78
A31: 45-54 | B31: 0.066066066 | C31: 45-54 | D31: 34184.32
A32: 55-64 | B32: 0.21821822 | C32: 55-64 | D32: 41729.36
A33: 65-74 | B33: 0.34134134 | C33: 65-74 | D33: 47872.31
A34: 75-84 | B34: 0.26626627 | C34: 75-84 | D34: 52116.05
A35: 85-99 | B35: 0.097097097 | C35: 85-99 | D35: 56623.86

Sheet HOV
A1: Health Outcome | B1: cost (2012 USD)
A2: Premature mortality | B2: =Calcs!B3*About!$A$15 -> 0
A3: Infant mortality | B3: =Calcs!B4*About!$A$15 -> 0
A4: Asthma symptoms albuturol use | B4: =Calcs!B5*About!$A$15 -> 0.47470716
A5: Asthma symptoms chest tightness | B5: =Calcs!B6*About!$A$15 -> 279.69294
A6: Asthma symptoms cough | B6: =Calcs!B7*About!$A$15 -> 279.69294
A7: Asthma symptoms shortness of breath | B7: =Calcs!B8*About!$A$15 -> 279.69294
A8: Asthma symptoms wheeze | B8: =Calcs!B9*About!$A$15 -> 279.69294
A9: Asthma incidence | B9: =Calcs!B10*About!$A$15 -> 60439.986
A10: Hay fever rhinitis incidence | B10: =Calcs!B11*About!$A$15 -> 825.83222
A11: Respiratory emergency room visits | B11: =Calcs!B12*About!$A$15 -> 1203.9327
A12: Respiratory hospital admissions | B12: =Calcs!B13*About!$A$15 -> 26194.46
A13: Non-fatal heart attacks | B13: =Calcs!B14*About!$A$15 -> 67172.329
... A23: School loss days | B23: =Calcs!B24*About!$A$15 -> 1338.855
