Workbook

Sheet About
A1: EMSbIC Export Market Share by Industry Category
A3: Sources: | B3: Gross exports by country and industry, 2022 (numerators and world-total denominator)
B4: OECD
B5: Trade in Value Added (TiVA), 2025 edition - Main Indicators, Levels (dataflow DSD_TIVA_MAINLV@DF_MAINLV, measure EXGR, counterpart World, ISIC Rev. 4)
B6: 2025
B7: https://data-explorer.oecd.org/vis?df%5Bds%5D=dsDisseminateFinalDMZ&df%5Bid%5D=DSD_TIVA_MAINLV%40DF_MAINLV&df%5Bag%5D=OECD.STI.PIE
B8: Raw pull pasted verbatim on the 'TiVA EXGR 2022' tab; includes the reproducible API URL and the 80-economy list summed for the world denominator. Values in current USD millions. The denominator excludes a small unmodeled rest-of-world residual; shares are therefore slightly overstated (a few percent of themselves).
B10: EU27 reporting basis (extra-EU exports only)
B11: OECD
B12: TiVA country note: European Union (27 countries)
B13: 2026
B14: https://www.oecd.org/content/dam/oecd/en/topics/policy-sub-issues/trade-in-value-added/trade-in-value-added-country-notes-european-union-27-2026.pdf
B15: The EU27_2020 reporting area counts extra-EU exports only (intra-EU trade excluded), the correct basis for an EPS EU build.
B17: Why this input exists (Armington share equations)
B18: Ahmad, Saad and David Riker / U.S. International Trade Commission
B19: A Method for Estimating the Elasticity of Substitution and Import Sensitivity by Industry, Working Paper 2019-05-B
B20: 2019
B21: https://www.usitc.gov/publications/332/working_papers/ahmad_riker_2019_elasticity_of_substitution_and_import_sensitivity.pdf
B22: The IESE substitution elasticities describe how buyers reallocate between competing suppliers as relative costs change. Converting that into an export response requires knowing this geography's share of the world market: the larger the share, the less room foreign buyers have to substitute away. This file supplies that share. A value of 0 reproduces the small-share limit and is the safe default for any geography without data.
A25: Notes:
A26: Region selector | B26: The 'Region' tab holds a drop-down (cell B2). Pick the geography being built; the EMSbIC output tab and its exported CSV update automatically. Adapting this file for another EPS region requires changing only that one cell (plus re-exporting the CSV).
A27: Definition | B27: Each value = this geography's 2022 gross exports of the industry's products / world gross exports of those products (0-1, dimensionless). Computed by formula on the 'calcs' tab from the raw TiVA source tab.
A28: Combined categories | B28: TiVA does not publish ISIC 231 vs 239 (glass vs cement/other nonmetallic minerals) or 241 vs 242 (iron and steel vs other metals) separately. Both children carry the parent-class share (ISIC 23 and ISIC 24 respectively) - a documented approximation, appropriate because the Armington share equation needs the geography's presence in the relevant product-class market.
A29: Energy pipelines and gas processing 352T353 | B29: No TiVA activity code corresponds to this category at any aggregation level; the share is set to 0. Harmless: the IESE substitution elasticity is also 0 for this category, so the value is never used.
A30: Rounding | B30: Output values rounded to 4 decimals.
A31: Vintage | B31: 2022 nominal USD, single-year snapshot; consider refreshing when OECD releases new TiVA editions.

Sheet Region
A1: Selected region (drop-down):
A2: Change this one cell to adapt the file to another EPS geography. | B2: USA
A4: Available regions:
A5: USA | B5: United States
A6: CHN | B6: China
A7: IND | B7: India
A8: EU27_2020 | B8: European Union (extra-EU exports)
A9: JPN | B9: Japan
A10: CAN | B10: Canada
A11: MEX | B11: Mexico
A12: BRA | B12: Brazil
A13: IDN | B13: Indonesia
A14: SAU | B14: Saudi Arabia

Sheet TiVA EXGR 2022
A1: activity_code | B1: activity_label | C1: USA | D1: CHN | E1: IND | F1: EU27_2020 | G1: JPN | H1: CAN | I1: MEX | J1: BRA | K1: IDN | L1: SAU | M1: WORLD_TOTAL
A2: A | B2: 01T03 Agriculture, forestry and fishing | C2: 70105.496 | D2: 19085.722 | E2: 14065.235 | F2: 40560.694 | G2: 1137.011 | H2: 25757.366 | I2: 15173.064 | J2: 63060.183 | K2: 7424.753 | L2: 693.02 | M2: 542278.12
A3: B05 | B3: 05 Coal mining | C3: 13417.79 | D3: 1084.184 | E3: 301.381 | F3: 880.984 | G3: 1.716 | H3: 5118.66 | I3: 1.271 | J3: 365.142 | K3: 52038.653 | L3: 0 | M3: 184402.48
A4: B06 | B4: 06 Oil and gas extraction | C4: 177740.86 | D4: 4288.144 | E4: 283.92 | F4: 6684.688 | G4: 50.732 | H4: 102282.11 | I4: 30437.175 | J4: 41909.531 | K4: 20924.372 | L4: 223045.4 | M4: 1401054.3
A5: B07_08 | B5: 07T08 Other mining and quarrying | C5: 12194.544 | D5: 11512.952 | E5: 2440.439 | F5: 9576.214 | G5: 547.842 | H5: 15890.886 | I5: 9616.715 | J5: 35087.03 | K5: 15832.875 | L5: 1490.52 | M5: 422564.97
A6: C10T12 | B6: 10T12 Food, beverage and tobacco | C6: 66170.959 | D6: 67688.689 | E6: 38528.78 | F6: 174588.35 | G6: 6078.644 | H6: 30837.924 | I6: 22857.893 | J6: 46407.18 | K6: 44878.811 | L6: 3387.696 | M6: 1075703.7
A7: C13T15 | B7: 13T15 Textiles, apparel and leather | C7: 14783.394 | D7: 311397.01 | E7: 36955.795 | F7: 56917.335 | G7: 5085.993 | H7: 2490.557 | I7: 7146.794 | J7: 3072.157 | K7: 16798.59 | L7: 592.322 | M7: 729761.79
A8: C16 | B8: 16 Wood products | C8: 6276.34 | D8: 16952.181 | E8: 716.196 | F8: 24250.879 | G8: 255.202 | H8: 14615.867 | I8: 761.539 | J8: 3939.237 | K8: 4165.344 | L8: 49.778 | M8: 138852.97
A9: C17_18 | B9: 17T18 Pulp, paper and printing | C9: 26338.118 | D9: 30865.838 | E9: 2019.066 | F9: 43991.252 | G9: 3393.191 | H9: 14629.683 | I9: 2706.341 | J9: 8543.022 | K9: 8117.731 | L9: 1622.103 | M9: 251865.15
A10: C19 | B10: 19 Refined petroleum and coke | C10: 130038.52 | D10: 46203.925 | E10: 87662.594 | F10: 76445.327 | G10: 13026.579 | H10: 19745.412 | I10: 4651.075 | J10: 10815.301 | K10: 4305.623 | L10: 69462.38 | M10: 886138.07
A11: C20 | B11: 20 Chemicals | C11: 124887.39 | D11: 196992.82 | E11: 32330.325 | F11: 217248.59 | G11: 51633.892 | H11: 26406.326 | I11: 12303.474 | J11: 13395.004 | K11: 21644.938 | L11: 50368.412 | M11: 1376572.8
A12: C22 | B12: 22 Rubber and plastic products | C12: 27454.418 | D12: 119598.29 | E12: 8940.002 | F12: 65686.378 | G12: 20403.929 | H12: 12044.12 | I12: 13130.784 | J12: 2813.446 | K12: 4204.981 | L12: 2773.098 | M12: 482696.85
A13: C23 | B13: 231+239 COMBINED (Glass; Cement and other nonmetallic minerals) - EPS 231/239 not separable in TiVA | C13: 9808.925 | D13: 66071.737 | E13: 8273.539 | F13: 32129.07 | G13: 6875.311 | H13: 3851.418 | I13: 4437.84 | J13: 1884.192 | K13: 1111.885 | L13: 936.053 | M13: 216485.9
... A23: F | B23: 41T43 Construction | C23: 4.697 | D23: 0.147 | E23: 1208.859 | F23: 7380.874 | G23: 100.737 | H23: 0.002 | I23: 169.527 | J23: 16.156 | K23: 37.743 | L23: 191.272 | M23: 25648.397
A24: #
A25: # METADATA
A26: # source_dataflow_id: OECD.STI.PIE | B26: DSD_TIVA_EXGRVA@DF_EXGRVA -> switched to OECD.STI.PIE | C26: DSD_TIVA_MAINLV@DF_MAINLV | D26: 1.1 ("TiVA 2025 edition - Main Indicators | E26: Levels") after confirming EXGRVA's value-added source-area/activity decomposition cannot be summed cleanly (overlapping aggregate codes double-count); MAINLV reports a single clean pre-aggregated gross-export figure per (country | F26: industry).
A27: # measure: EXGR (Gross exports | B27: current USD)
A28: # counterpart_area: W (World - i.e. exports to all destinations | B28: not bilateral)
A29: # activity_classification: CL_ACTIVITY_ISIC4 (ISIC Revision 4) | B29: restricted to the code set actually populated in this dataflow (verified by extracting the full distinct ACTIVITY code list from the pulled data; TiVA does not publish deeper splits than shown here | C29: e.g. no ISIC 231/239 or 241/242 breakout | D29: no 352/353 breakout)
A30: # year: 2022 (TIME_PERIOD) | B30: annual (FREQ=A) | C30: unit: USD | D30: UNIT_MULT=6 (i.e. raw OBS_VALUE x 10^6 = current USD; the values in this file are already expressed in USD millions | E30: matching raw OBS_VALUE directly)
A31: # api_url: https://sdmx.oecd.org/sti-public/rest/data/OECD.STI.PIE | B31: DSD_TIVA_MAINLV@DF_MAINLV | C31: 1.1/EXGR...W.USD.A?startPeriod=2022&endPeriod=2022&format=csv
A32: # ui_reference: https://data-explorer.oecd.org/vis?df%5Bds%5D=dsDisseminateFinalDMZ&df%5Bid%5D=DSD_TIVA_MAINLV%40DF_MAINLV&df%5Bag%5D=OECD.STI.PIE
A33: # eu_column_note: EU27_2020 reporting area is extra-EU27 exports only (intra-EU flows excluded) per OECD TiVA EU27 country note (Feb 2026): https://www.oecd.org/content/dam/oecd/en/topics/policy-sub-issues/trade-in-value-added/trade-in-value-added-country-notes-european-union-27-2026.pdf ; verified empirically (sum of 27 national exports >> EU27_2020 aggregate for a test activity).
A34: # world_total_denominator_note: WORLD_TOTAL = sum of gross exports of the 80 individually-modeled economies below (all to all destinations). Excludes a small unmodeled "rest of world" residual not covered individually by the OECD Inter-Country Input-Output table | B34: so shares computed from this denominator are a slight overstatement (denominator too small by a few percent).
A35: # world_total_denominator_countries_iso3: AGO | B35: ARE | C35: ARG | D35: AUS | E35: AUT | F35: BEL | G35: BGD | H35: BGR | I35: BLR | J35: BRA | K35: BRN | L35: CAN | M35: CHE | N35: CHL | O35: CHN | P35: CIV | Q35: CMR | R35: COD | S35: COL | T35: CRI | U35: CYP | V35: CZE | W35: DEU | X35: DNK | Y35: EGY | Z35: ESP | AA35: EST | AB35: FIN | AC35: FRA | AD35: GBR | AE35: GRC | AF35: HKG | AG35: HRV | AH35: HUN | AI35: IDN | AJ35: IND | AK35: IRL | AL35: ISL | AM35: ISR | AN35: ITA | AO35: JOR | AP35: JPN | AQ35: KAZ | AR35: KHM | AS35: KOR | AT35: LAO | AU35: LTU | AV35: LUX | AW35: LVA | AX35: MAR | AY35: MEX | AZ35: MLT | BA35: MMR | BB35: MYS | BC35: NGA | BD35: NLD | BE35: NOR | BF35: NZL | BG35: PAK | BH35: PER | BI35: PHL | BJ35: POL | BK35: PRT | BL35: ROU | BM35: RUS | BN35: SAU | BO35: SEN | BP35: SGP | BQ35: STP | BR35: SVK | BS35: SVN | BT35: SWE | BU35: THA | BV35: TUN | BW35: TUR | BX35: TWN | BY35: UKR | BZ35: USA | CA35: VNM | CB35: ZAF
A36: # excluded_industry: EPS 352T353 (energy pipelines and gas processing) has no row here - no TiVA activity code corresponds to it at any aggregation level (closest available | B36: ISIC section D = electricity+gas+steam combined | C36: is dominated by electricity generation and is not a usable proxy)
A37: # pull_date: 2026-08-14

Sheet calcs
A1: EPS Industry Category | B1: TiVA activity code | C1: USA | D1: CHN | E1: IND | F1: EU27_2020 | G1: JPN | H1: CAN | I1: MEX | J1: BRA | K1: IDN | L1: SAU
A2: agriculture and forestry 01T03 | B2: A | C2: =IFERROR(VLOOKUP($B2&"", 'TiVA EXGR 2022'!$A:$M, 3, FALSE)/VLOOKUP($B2&"", 'TiVA EXGR 2022'!$A:$M, 13, FALSE), 0) | D2: =IFERROR(VLOOKUP($B2&"", 'TiVA EXGR 2022'!$A:$M, 4, FALSE)/VLOOKUP($B2&"", 'TiVA EXGR 2022'!$A:$M, 13, FALSE), 0) | E2: =IFERROR(VLOOKUP($B2&"", 'TiVA EXGR 2022'!$A:$M, 5, FALSE)/VLOOKUP($B2&"", 'TiVA EXGR 2022'!$A:$M, 13, FALSE), 0) | F2: =IFERROR(VLOOKUP($B2&"", 'TiVA EXGR 2022'!$A:$M, 6, FALSE)/VLOOKUP($B2&"", 'TiVA EXGR 2022'!$A:$M, 13, FALSE), 0) | G2: =IFERROR(VLOOKUP($B2&"", 'TiVA EXGR 2022'!$A:$M, 7, FALSE)/VLOOKUP($B2&"", 'TiVA EXGR 2022'!$A:$M, 13, FALSE), 0) | H2: =IFERROR(VLOOKUP($B2&"", 'TiVA EXGR 2022'!$A:$M, 8, FALSE)/VLOOKUP($B2&"", 'TiVA EXGR 2022'!$A:$M, 13, FALSE), 0) | I2: =IFERROR(VLOOKUP($B2&"", 'TiVA EXGR 2022'!$A:$M, 9, FALSE)/VLOOKUP($B2&"", 'TiVA EXGR 2022'!$A:$M, 13, FALSE), 0) | J2: =IFERROR(VLOOKUP($B2&"", 'TiVA EXGR 2022'!$A:$M, 10, FALSE)/VLOOKUP($B2&"", 'TiVA EXGR 2022'!$A:$M, 13, FALSE), 0) | K2: =IFERROR(VLOOKUP($B2&"", 'TiVA EXGR 2022'!$A:$M, 11, FALSE)/VLOOKUP($B2&"", 'TiVA EXGR 2022'!$A:$M, 13, FALSE), 0) | L2: =IFERROR(VLOOKUP($B2&"", 'TiVA EXGR 2022'!$A:$M, 12, FALSE)/VLOOKUP($B2&"", 'TiVA EXGR 2022'!$A:$M, 13, FALSE), 0)
A3: coal mining 05 | B3: B05 | C3: =IFERROR(VLOOKUP($B3&"", 'TiVA EXGR 2022'!$A:$M, 3, FALSE)/VLOOKUP($B3&"", 'TiVA EXGR 2022'!$A:$M, 13, FALSE), 0) | D3: =IFERROR(VLOOKUP($B3&"", 'TiVA EXGR 2022'!$A:$M, 4, FALSE)/VLOOKUP($B3&"", 'TiVA EXGR 2022'!$A:$M, 13, FALSE), 0) | E3: =IFERROR(VLOOKUP($B3&"", 'TiVA EXGR 2022'!$A:$M, 5, FALSE)/VLOOKUP($B3&"", 'TiVA EXGR 2022'!$A:$M, 13, FALSE), 0) | F3: =IFERROR(VLOOKUP($B3&"", 'TiVA EXGR 2022'!$A:$M, 6, FALSE)/VLOOKUP($B3&"", 'TiVA EXGR 2022'!$A:$M, 13, FALSE), 0) | G3: =IFERROR(VLOOKUP($B3&"", 'TiVA EXGR 2022'!$A:$M, 7, FALSE)/VLOOKUP($B3&"", 'TiVA EXGR 2022'!$A:$M, 13, FALSE), 0) | H3: =IFERROR(VLOOKUP($B3&"", 'TiVA EXGR 2022'!$A:$M, 8, FALSE)/VLOOKUP($B3&"", 'TiVA EXGR 2022'!$A:$M, 13, FALSE), 0) | I3: =IFERROR(VLOOKUP($B3&"", 'TiVA EXGR 2022'!$A:$M, 9, FALSE)/VLOOKUP($B3&"", 'TiVA EXGR 2022'!$A:$M, 13, FALSE), 0) | J3: =IFERROR(VLOOKUP($B3&"", 'TiVA EXGR 2022'!$A:$M, 10, FALSE)/VLOOKUP($B3&"", 'TiVA EXGR 2022'!$A:$M, 13, FALSE), 0) | K3: =IFERROR(VLOOKUP($B3&"", 'TiVA EXGR 2022'!$A:$M, 11, FALSE)/VLOOKUP($B3&"", 'TiVA EXGR 2022'!$A:$M, 13, FALSE), 0) | L3: =IFERROR(VLOOKUP($B3&"", 'TiVA EXGR 2022'!$A:$M, 12, FALSE)/VLOOKUP($B3&"", 'TiVA EXGR 2022'!$A:$M, 13, FALSE), 0)
A4: oil and gas extraction 06 | B4: B06 | C4: =IFERROR(VLOOKUP($B4&"", 'TiVA EXGR 2022'!$A:$M, 3, FALSE)/VLOOKUP($B4&"", 'TiVA EXGR 2022'!$A:$M, 13, FALSE), 0) | D4: =IFERROR(VLOOKUP($B4&"", 'TiVA EXGR 2022'!$A:$M, 4, FALSE)/VLOOKUP($B4&"", 'TiVA EXGR 2022'!$A:$M, 13, FALSE), 0) | E4: =IFERROR(VLOOKUP($B4&"", 'TiVA EXGR 2022'!$A:$M, 5, FALSE)/VLOOKUP($B4&"", 'TiVA EXGR 2022'!$A:$M, 13, FALSE), 0) | F4: =IFERROR(VLOOKUP($B4&"", 'TiVA EXGR 2022'!$A:$M, 6, FALSE)/VLOOKUP($B4&"", 'TiVA EXGR 2022'!$A:$M, 13, FALSE), 0) | G4: =IFERROR(VLOOKUP($B4&"", 'TiVA EXGR 2022'!$A:$M, 7, FALSE)/VLOOKUP($B4&"", 'TiVA EXGR 2022'!$A:$M, 13, FALSE), 0) | H4: =IFERROR(VLOOKUP($B4&"", 'TiVA EXGR 2022'!$A:$M, 8, FALSE)/VLOOKUP($B4&"", 'TiVA EXGR 2022'!$A:$M, 13, FALSE), 0) | I4: =IFERROR(VLOOKUP($B4&"", 'TiVA EXGR 2022'!$A:$M, 9, FALSE)/VLOOKUP($B4&"", 'TiVA EXGR 2022'!$A:$M, 13, FALSE), 0) | J4: =IFERROR(VLOOKUP($B4&"", 'TiVA EXGR 2022'!$A:$M, 10, FALSE)/VLOOKUP($B4&"", 'TiVA EXGR 2022'!$A:$M, 13, FALSE), 0) | K4: =IFERROR(VLOOKUP($B4&"", 'TiVA EXGR 2022'!$A:$M, 11, FALSE)/VLOOKUP($B4&"", 'TiVA EXGR 2022'!$A:$M, 13, FALSE), 0) | L4: =IFERROR(VLOOKUP($B4&"", 'TiVA EXGR 2022'!$A:$M, 12, FALSE)/VLOOKUP($B4&"", 'TiVA EXGR 2022'!$A:$M, 13, FALSE), 0)
A5: other mining and quarrying 07T08 | B5: B07_08 | C5: =IFERROR(VLOOKUP($B5&"", 'TiVA EXGR 2022'!$A:$M, 3, FALSE)/VLOOKUP($B5&"", 'TiVA EXGR 2022'!$A:$M, 13, FALSE), 0) | D5: =IFERROR(VLOOKUP($B5&"", 'TiVA EXGR 2022'!$A:$M, 4, FALSE)/VLOOKUP($B5&"", 'TiVA EXGR 2022'!$A:$M, 13, FALSE), 0) | E5: =IFERROR(VLOOKUP($B5&"", 'TiVA EXGR 2022'!$A:$M, 5, FALSE)/VLOOKUP($B5&"", 'TiVA EXGR 2022'!$A:$M, 13, FALSE), 0) | F5: =IFERROR(VLOOKUP($B5&"", 'TiVA EXGR 2022'!$A:$M, 6, FALSE)/VLOOKUP($B5&"", 'TiVA EXGR 2022'!$A:$M, 13, FALSE), 0) | G5: =IFERROR(VLOOKUP($B5&"", 'TiVA EXGR 2022'!$A:$M, 7, FALSE)/VLOOKUP($B5&"", 'TiVA EXGR 2022'!$A:$M, 13, FALSE), 0) | H5: =IFERROR(VLOOKUP($B5&"", 'TiVA EXGR 2022'!$A:$M, 8, FALSE)/VLOOKUP($B5&"", 'TiVA EXGR 2022'!$A:$M, 13, FALSE), 0) | I5: =IFERROR(VLOOKUP($B5&"", 'TiVA EXGR 2022'!$A:$M, 9, FALSE)/VLOOKUP($B5&"", 'TiVA EXGR 2022'!$A:$M, 13, FALSE), 0) | J5: =IFERROR(VLOOKUP($B5&"", 'TiVA EXGR 2022'!$A:$M, 10, FALSE)/VLOOKUP($B5&"", 'TiVA EXGR 2022'!$A:$M, 13, FALSE), 0) | K5: =IFERROR(VLOOKUP($B5&"", 'TiVA EXGR 2022'!$A:$M, 11, FALSE)/VLOOKUP($B5&"", 'TiVA EXGR 2022'!$A:$M, 13, FALSE), 0) | L5: =IFERROR(VLOOKUP($B5&"", 'TiVA EXGR 2022'!$A:$M, 12, FALSE)/VLOOKUP($B5&"", 'TiVA EXGR 2022'!$A:$M, 13, FALSE), 0)
A6: food beverage and tobacco 10T12 | B6: C10T12 | C6: =IFERROR(VLOOKUP($B6&"", 'TiVA EXGR 2022'!$A:$M, 3, FALSE)/VLOOKUP($B6&"", 'TiVA EXGR 2022'!$A:$M, 13, FALSE), 0) | D6: =IFERROR(VLOOKUP($B6&"", 'TiVA EXGR 2022'!$A:$M, 4, FALSE)/VLOOKUP($B6&"", 'TiVA EXGR 2022'!$A:$M, 13, FALSE), 0) | E6: =IFERROR(VLOOKUP($B6&"", 'TiVA EXGR 2022'!$A:$M, 5, FALSE)/VLOOKUP($B6&"", 'TiVA EXGR 2022'!$A:$M, 13, FALSE), 0) | F6: =IFERROR(VLOOKUP($B6&"", 'TiVA EXGR 2022'!$A:$M, 6, FALSE)/VLOOKUP($B6&"", 'TiVA EXGR 2022'!$A:$M, 13, FALSE), 0) | G6: =IFERROR(VLOOKUP($B6&"", 'TiVA EXGR 2022'!$A:$M, 7, FALSE)/VLOOKUP($B6&"", 'TiVA EXGR 2022'!$A:$M, 13, FALSE), 0) | H6: =IFERROR(VLOOKUP($B6&"", 'TiVA EXGR 2022'!$A:$M, 8, FALSE)/VLOOKUP($B6&"", 'TiVA EXGR 2022'!$A:$M, 13, FALSE), 0) | I6: =IFERROR(VLOOKUP($B6&"", 'TiVA EXGR 2022'!$A:$M, 9, FALSE)/VLOOKUP($B6&"", 'TiVA EXGR 2022'!$A:$M, 13, FALSE), 0) | J6: =IFERROR(VLOOKUP($B6&"", 'TiVA EXGR 2022'!$A:$M, 10, FALSE)/VLOOKUP($B6&"", 'TiVA EXGR 2022'!$A:$M, 13, FALSE), 0) | K6: =IFERROR(VLOOKUP($B6&"", 'TiVA EXGR 2022'!$A:$M, 11, FALSE)/VLOOKUP($B6&"", 'TiVA EXGR 2022'!$A:$M, 13, FALSE), 0) | L6: =IFERROR(VLOOKUP($B6&"", 'TiVA EXGR 2022'!$A:$M, 12, FALSE)/VLOOKUP($B6&"", 'TiVA EXGR 2022'!$A:$M, 13, FALSE), 0)
A7: textiles apparel and leather 13T15 | B7: C13T15 | C7: =IFERROR(VLOOKUP($B7&"", 'TiVA EXGR 2022'!$A:$M, 3, FALSE)/VLOOKUP($B7&"", 'TiVA EXGR 2022'!$A:$M, 13, FALSE), 0) | D7: =IFERROR(VLOOKUP($B7&"", 'TiVA EXGR 2022'!$A:$M, 4, FALSE)/VLOOKUP($B7&"", 'TiVA EXGR 2022'!$A:$M, 13, FALSE), 0) | E7: =IFERROR(VLOOKUP($B7&"", 'TiVA EXGR 2022'!$A:$M, 5, FALSE)/VLOOKUP($B7&"", 'TiVA EXGR 2022'!$A:$M, 13, FALSE), 0) | F7: =IFERROR(VLOOKUP($B7&"", 'TiVA EXGR 2022'!$A:$M, 6, FALSE)/VLOOKUP($B7&"", 'TiVA EXGR 2022'!$A:$M, 13, FALSE), 0) | G7: =IFERROR(VLOOKUP($B7&"", 'TiVA EXGR 2022'!$A:$M, 7, FALSE)/VLOOKUP($B7&"", 'TiVA EXGR 2022'!$A:$M, 13, FALSE), 0) | H7: =IFERROR(VLOOKUP($B7&"", 'TiVA EXGR 2022'!$A:$M, 8, FALSE)/VLOOKUP($B7&"", 'TiVA EXGR 2022'!$A:$M, 13, FALSE), 0) | I7: =IFERROR(VLOOKUP($B7&"", 'TiVA EXGR 2022'!$A:$M, 9, FALSE)/VLOOKUP($B7&"", 'TiVA EXGR 2022'!$A:$M, 13, FALSE), 0) | J7: =IFERROR(VLOOKUP($B7&"", 'TiVA EXGR 2022'!$A:$M, 10, FALSE)/VLOOKUP($B7&"", 'TiVA EXGR 2022'!$A:$M, 13, FALSE), 0) | K7: =IFERROR(VLOOKUP($B7&"", 'TiVA EXGR 2022'!$A:$M, 11, FALSE)/VLOOKUP($B7&"", 'TiVA EXGR 2022'!$A:$M, 13, FALSE), 0) | L7: =IFERROR(VLOOKUP($B7&"", 'TiVA EXGR 2022'!$A:$M, 12, FALSE)/VLOOKUP($B7&"", 'TiVA EXGR 2022'!$A:$M, 13, FALSE), 0)
A8: wood products 16 | B8: C16 | C8: =IFERROR(VLOOKUP($B8&"", 'TiVA EXGR 2022'!$A:$M, 3, FALSE)/VLOOKUP($B8&"", 'TiVA EXGR 2022'!$A:$M, 13, FALSE), 0) | D8: =IFERROR(VLOOKUP($B8&"", 'TiVA EXGR 2022'!$A:$M, 4, FALSE)/VLOOKUP($B8&"", 'TiVA EXGR 2022'!$A:$M, 13, FALSE), 0) | E8: =IFERROR(VLOOKUP($B8&"", 'TiVA EXGR 2022'!$A:$M, 5, FALSE)/VLOOKUP($B8&"", 'TiVA EXGR 2022'!$A:$M, 13, FALSE), 0) | F8: =IFERROR(VLOOKUP($B8&"", 'TiVA EXGR 2022'!$A:$M, 6, FALSE)/VLOOKUP($B8&"", 'TiVA EXGR 2022'!$A:$M, 13, FALSE), 0) | G8: =IFERROR(VLOOKUP($B8&"", 'TiVA EXGR 2022'!$A:$M, 7, FALSE)/VLOOKUP($B8&"", 'TiVA EXGR 2022'!$A:$M, 13, FALSE), 0) | H8: =IFERROR(VLOOKUP($B8&"", 'TiVA EXGR 2022'!$A:$M, 8, FALSE)/VLOOKUP($B8&"", 'TiVA EXGR 2022'!$A:$M, 13, FALSE), 0) | I8: =IFERROR(VLOOKUP($B8&"", 'TiVA EXGR 2022'!$A:$M, 9, FALSE)/VLOOKUP($B8&"", 'TiVA EXGR 2022'!$A:$M, 13, FALSE), 0) | J8: =IFERROR(VLOOKUP($B8&"", 'TiVA EXGR 2022'!$A:$M, 10, FALSE)/VLOOKUP($B8&"", 'TiVA EXGR 2022'!$A:$M, 13, FALSE), 0) | K8: =IFERROR(VLOOKUP($B8&"", 'TiVA EXGR 2022'!$A:$M, 11, FALSE)/VLOOKUP($B8&"", 'TiVA EXGR 2022'!$A:$M, 13, FALSE), 0) | L8: =IFERROR(VLOOKUP($B8&"", 'TiVA EXGR 2022'!$A:$M, 12, FALSE)/VLOOKUP($B8&"", 'TiVA EXGR 2022'!$A:$M, 13, FALSE), 0)
A9: pulp paper and printing 17T18 | B9: C17_18 | C9: =IFERROR(VLOOKUP($B9&"", 'TiVA EXGR 2022'!$A:$M, 3, FALSE)/VLOOKUP($B9&"", 'TiVA EXGR 2022'!$A:$M, 13, FALSE), 0) | D9: =IFERROR(VLOOKUP($B9&"", 'TiVA EXGR 2022'!$A:$M, 4, FALSE)/VLOOKUP($B9&"", 'TiVA EXGR 2022'!$A:$M, 13, FALSE), 0) | E9: =IFERROR(VLOOKUP($B9&"", 'TiVA EXGR 2022'!$A:$M, 5, FALSE)/VLOOKUP($B9&"", 'TiVA EXGR 2022'!$A:$M, 13, FALSE), 0) | F9: =IFERROR(VLOOKUP($B9&"", 'TiVA EXGR 2022'!$A:$M, 6, FALSE)/VLOOKUP($B9&"", 'TiVA EXGR 2022'!$A:$M, 13, FALSE), 0) | G9: =IFERROR(VLOOKUP($B9&"", 'TiVA EXGR 2022'!$A:$M, 7, FALSE)/VLOOKUP($B9&"", 'TiVA EXGR 2022'!$A:$M, 13, FALSE), 0) | H9: =IFERROR(VLOOKUP($B9&"", 'TiVA EXGR 2022'!$A:$M, 8, FALSE)/VLOOKUP($B9&"", 'TiVA EXGR 2022'!$A:$M, 13, FALSE), 0) | I9: =IFERROR(VLOOKUP($B9&"", 'TiVA EXGR 2022'!$A:$M, 9, FALSE)/VLOOKUP($B9&"", 'TiVA EXGR 2022'!$A:$M, 13, FALSE), 0) | J9: =IFERROR(VLOOKUP($B9&"", 'TiVA EXGR 2022'!$A:$M, 10, FALSE)/VLOOKUP($B9&"", 'TiVA EXGR 2022'!$A:$M, 13, FALSE), 0) | K9: =IFERROR(VLOOKUP($B9&"", 'TiVA EXGR 2022'!$A:$M, 11, FALSE)/VLOOKUP($B9&"", 'TiVA EXGR 2022'!$A:$M, 13, FALSE), 0) | L9: =IFERROR(VLOOKUP($B9&"", 'TiVA EXGR 2022'!$A:$M, 12, FALSE)/VLOOKUP($B9&"", 'TiVA EXGR 2022'!$A:$M, 13, FALSE), 0)
A10: refined petroleum and coke 19 | B10: C19 | C10: =IFERROR(VLOOKUP($B10&"", 'TiVA EXGR 2022'!$A:$M, 3, FALSE)/VLOOKUP($B10&"", 'TiVA EXGR 2022'!$A:$M, 13, FALSE), 0) | D10: =IFERROR(VLOOKUP($B10&"", 'TiVA EXGR 2022'!$A:$M, 4, FALSE)/VLOOKUP($B10&"", 'TiVA EXGR 2022'!$A:$M, 13, FALSE), 0) | E10: =IFERROR(VLOOKUP($B10&"", 'TiVA EXGR 2022'!$A:$M, 5, FALSE)/VLOOKUP($B10&"", 'TiVA EXGR 2022'!$A:$M, 13, FALSE), 0) | F10: =IFERROR(VLOOKUP($B10&"", 'TiVA EXGR 2022'!$A:$M, 6, FALSE)/VLOOKUP($B10&"", 'TiVA EXGR 2022'!$A:$M, 13, FALSE), 0) | G10: =IFERROR(VLOOKUP($B10&"", 'TiVA EXGR 2022'!$A:$M, 7, FALSE)/VLOOKUP($B10&"", 'TiVA EXGR 2022'!$A:$M, 13, FALSE), 0) | H10: =IFERROR(VLOOKUP($B10&"", 'TiVA EXGR 2022'!$A:$M, 8, FALSE)/VLOOKUP($B10&"", 'TiVA EXGR 2022'!$A:$M, 13, FALSE), 0) | I10: =IFERROR(VLOOKUP($B10&"", 'TiVA EXGR 2022'!$A:$M, 9, FALSE)/VLOOKUP($B10&"", 'TiVA EXGR 2022'!$A:$M, 13, FALSE), 0) | J10: =IFERROR(VLOOKUP($B10&"", 'TiVA EXGR 2022'!$A:$M, 10, FALSE)/VLOOKUP($B10&"", 'TiVA EXGR 2022'!$A:$M, 13, FALSE), 0) | K10: =IFERROR(VLOOKUP($B10&"", 'TiVA EXGR 2022'!$A:$M, 11, FALSE)/VLOOKUP($B10&"", 'TiVA EXGR 2022'!$A:$M, 13, FALSE), 0) | L10: =IFERROR(VLOOKUP($B10&"", 'TiVA EXGR 2022'!$A:$M, 12, FALSE)/VLOOKUP($B10&"", 'TiVA EXGR 2022'!$A:$M, 13, FALSE), 0)
A11: chemicals 20 | B11: C20 | C11: =IFERROR(VLOOKUP($B11&"", 'TiVA EXGR 2022'!$A:$M, 3, FALSE)/VLOOKUP($B11&"", 'TiVA EXGR 2022'!$A:$M, 13, FALSE), 0) | D11: =IFERROR(VLOOKUP($B11&"", 'TiVA EXGR 2022'!$A:$M, 4, FALSE)/VLOOKUP($B11&"", 'TiVA EXGR 2022'!$A:$M, 13, FALSE), 0) | E11: =IFERROR(VLOOKUP($B11&"", 'TiVA EXGR 2022'!$A:$M, 5, FALSE)/VLOOKUP($B11&"", 'TiVA EXGR 2022'!$A:$M, 13, FALSE), 0) | F11: =IFERROR(VLOOKUP($B11&"", 'TiVA EXGR 2022'!$A:$M, 6, FALSE)/VLOOKUP($B11&"", 'TiVA EXGR 2022'!$A:$M, 13, FALSE), 0) | G11: =IFERROR(VLOOKUP($B11&"", 'TiVA EXGR 2022'!$A:$M, 7, FALSE)/VLOOKUP($B11&"", 'TiVA EXGR 2022'!$A:$M, 13, FALSE), 0) | H11: =IFERROR(VLOOKUP($B11&"", 'TiVA EXGR 2022'!$A:$M, 8, FALSE)/VLOOKUP($B11&"", 'TiVA EXGR 2022'!$A:$M, 13, FALSE), 0) | I11: =IFERROR(VLOOKUP($B11&"", 'TiVA EXGR 2022'!$A:$M, 9, FALSE)/VLOOKUP($B11&"", 'TiVA EXGR 2022'!$A:$M, 13, FALSE), 0) | J11: =IFERROR(VLOOKUP($B11&"", 'TiVA EXGR 2022'!$A:$M, 10, FALSE)/VLOOKUP($B11&"", 'TiVA EXGR 2022'!$A:$M, 13, FALSE), 0) | K11: =IFERROR(VLOOKUP($B11&"", 'TiVA EXGR 2022'!$A:$M, 11, FALSE)/VLOOKUP($B11&"", 'TiVA EXGR 2022'!$A:$M, 13, FALSE), 0) | L11: =IFERROR(VLOOKUP($B11&"", 'TiVA EXGR 2022'!$A:$M, 12, FALSE)/VLOOKUP($B11&"", 'TiVA EXGR 2022'!$A:$M, 13, FALSE), 0)
A12: rubber and plastic products 22 | B12: C22 | C12: =IFERROR(VLOOKUP($B12&"", 'TiVA EXGR 2022'!$A:$M, 3, FALSE)/VLOOKUP($B12&"", 'TiVA EXGR 2022'!$A:$M, 13, FALSE), 0) | D12: =IFERROR(VLOOKUP($B12&"", 'TiVA EXGR 2022'!$A:$M, 4, FALSE)/VLOOKUP($B12&"", 'TiVA EXGR 2022'!$A:$M, 13, FALSE), 0) | E12: =IFERROR(VLOOKUP($B12&"", 'TiVA EXGR 2022'!$A:$M, 5, FALSE)/VLOOKUP($B12&"", 'TiVA EXGR 2022'!$A:$M, 13, FALSE), 0) | F12: =IFERROR(VLOOKUP($B12&"", 'TiVA EXGR 2022'!$A:$M, 6, FALSE)/VLOOKUP($B12&"", 'TiVA EXGR 2022'!$A:$M, 13, FALSE), 0) | G12: =IFERROR(VLOOKUP($B12&"", 'TiVA EXGR 2022'!$A:$M, 7, FALSE)/VLOOKUP($B12&"", 'TiVA EXGR 2022'!$A:$M, 13, FALSE), 0) | H12: =IFERROR(VLOOKUP($B12&"", 'TiVA EXGR 2022'!$A:$M, 8, FALSE)/VLOOKUP($B12&"", 'TiVA EXGR 2022'!$A:$M, 13, FALSE), 0) | I12: =IFERROR(VLOOKUP($B12&"", 'TiVA EXGR 2022'!$A:$M, 9, FALSE)/VLOOKUP($B12&"", 'TiVA EXGR 2022'!$A:$M, 13, FALSE), 0) | J12: =IFERROR(VLOOKUP($B12&"", 'TiVA EXGR 2022'!$A:$M, 10, FALSE)/VLOOKUP($B12&"", 'TiVA EXGR 2022'!$A:$M, 13, FALSE), 0) | K12: =IFERROR(VLOOKUP($B12&"", 'TiVA EXGR 2022'!$A:$M, 11, FALSE)/VLOOKUP($B12&"", 'TiVA EXGR 2022'!$A:$M, 13, FALSE), 0) | L12: =IFERROR(VLOOKUP($B12&"", 'TiVA EXGR 2022'!$A:$M, 12, FALSE)/VLOOKUP($B12&"", 'TiVA EXGR 2022'!$A:$M, 13, FALSE), 0)
A13: glass and glass products 231 | B13: C23 | C13: =IFERROR(VLOOKUP($B13&"", 'TiVA EXGR 2022'!$A:$M, 3, FALSE)/VLOOKUP($B13&"", 'TiVA EXGR 2022'!$A:$M, 13, FALSE), 0) | D13: =IFERROR(VLOOKUP($B13&"", 'TiVA EXGR 2022'!$A:$M, 4, FALSE)/VLOOKUP($B13&"", 'TiVA EXGR 2022'!$A:$M, 13, FALSE), 0) | E13: =IFERROR(VLOOKUP($B13&"", 'TiVA EXGR 2022'!$A:$M, 5, FALSE)/VLOOKUP($B13&"", 'TiVA EXGR 2022'!$A:$M, 13, FALSE), 0) | F13: =IFERROR(VLOOKUP($B13&"", 'TiVA EXGR 2022'!$A:$M, 6, FALSE)/VLOOKUP($B13&"", 'TiVA EXGR 2022'!$A:$M, 13, FALSE), 0) | G13: =IFERROR(VLOOKUP($B13&"", 'TiVA EXGR 2022'!$A:$M, 7, FALSE)/VLOOKUP($B13&"", 'TiVA EXGR 2022'!$A:$M, 13, FALSE), 0) | H13: =IFERROR(VLOOKUP($B13&"", 'TiVA EXGR 2022'!$A:$M, 8, FALSE)/VLOOKUP($B13&"", 'TiVA EXGR 2022'!$A:$M, 13, FALSE), 0) | I13: =IFERROR(VLOOKUP($B13&"", 'TiVA EXGR 2022'!$A:$M, 9, FALSE)/VLOOKUP($B13&"", 'TiVA EXGR 2022'!$A:$M, 13, FALSE), 0) | J13: =IFERROR(VLOOKUP($B13&"", 'TiVA EXGR 2022'!$A:$M, 10, FALSE)/VLOOKUP($B13&"", 'TiVA EXGR 2022'!$A:$M, 13, FALSE), 0) | K13: =IFERROR(VLOOKUP($B13&"", 'TiVA EXGR 2022'!$A:$M, 11, FALSE)/VLOOKUP($B13&"", 'TiVA EXGR 2022'!$A:$M, 13, FALSE), 0) | L13: =IFERROR(VLOOKUP($B13&"", 'TiVA EXGR 2022'!$A:$M, 12, FALSE)/VLOOKUP($B13&"", 'TiVA EXGR 2022'!$A:$M, 13, FALSE), 0)
... A23: other manufacturing 31T33 | B23: C31T33 | C23: =IFERROR(VLOOKUP($B23&"", 'TiVA EXGR 2022'!$A:$M, 3, FALSE)/VLOOKUP($B23&"", 'TiVA EXGR 2022'!$A:$M, 13, FALSE), 0) | D23: =IFERROR(VLOOKUP($B23&"", 'TiVA EXGR 2022'!$A:$M, 4, FALSE)/VLOOKUP($B23&"", 'TiVA EXGR 2022'!$A:$M, 13, FALSE), 0) | E23: =IFERROR(VLOOKUP($B23&"", 'TiVA EXGR 2022'!$A:$M, 5, FALSE)/VLOOKUP($B23&"", 'TiVA EXGR 2022'!$A:$M, 13, FALSE), 0) | F23: =IFERROR(VLOOKUP($B23&"", 'TiVA EXGR 2022'!$A:$M, 6, FALSE)/VLOOKUP($B23&"", 'TiVA EXGR 2022'!$A:$M, 13, FALSE), 0) | G23: =IFERROR(VLOOKUP($B23&"", 'TiVA EXGR 2022'!$A:$M, 7, FALSE)/VLOOKUP($B23&"", 'TiVA EXGR 2022'!$A:$M, 13, FALSE), 0) | H23: =IFERROR(VLOOKUP($B23&"", 'TiVA EXGR 2022'!$A:$M, 8, FALSE)/VLOOKUP($B23&"", 'TiVA EXGR 2022'!$A:$M, 13, FALSE), 0) | I23: =IFERROR(VLOOKUP($B23&"", 'TiVA EXGR 2022'!$A:$M, 9, FALSE)/VLOOKUP($B23&"", 'TiVA EXGR 2022'!$A:$M, 13, FALSE), 0) | J23: =IFERROR(VLOOKUP($B23&"", 'TiVA EXGR 2022'!$A:$M, 10, FALSE)/VLOOKUP($B23&"", 'TiVA EXGR 2022'!$A:$M, 13, FALSE), 0) | K23: =IFERROR(VLOOKUP($B23&"", 'TiVA EXGR 2022'!$A:$M, 11, FALSE)/VLOOKUP($B23&"", 'TiVA EXGR 2022'!$A:$M, 13, FALSE), 0) | L23: =IFERROR(VLOOKUP($B23&"", 'TiVA EXGR 2022'!$A:$M, 12, FALSE)/VLOOKUP($B23&"", 'TiVA EXGR 2022'!$A:$M, 13, FALSE), 0)
A24: energy pipelines and gas processing 352T353 | C24: =IFERROR(VLOOKUP($B24&"", 'TiVA EXGR 2022'!$A:$M, 3, FALSE)/VLOOKUP($B24&"", 'TiVA EXGR 2022'!$A:$M, 13, FALSE), 0) | D24: =IFERROR(VLOOKUP($B24&"", 'TiVA EXGR 2022'!$A:$M, 4, FALSE)/VLOOKUP($B24&"", 'TiVA EXGR 2022'!$A:$M, 13, FALSE), 0) | E24: =IFERROR(VLOOKUP($B24&"", 'TiVA EXGR 2022'!$A:$M, 5, FALSE)/VLOOKUP($B24&"", 'TiVA EXGR 2022'!$A:$M, 13, FALSE), 0) | F24: =IFERROR(VLOOKUP($B24&"", 'TiVA EXGR 2022'!$A:$M, 6, FALSE)/VLOOKUP($B24&"", 'TiVA EXGR 2022'!$A:$M, 13, FALSE), 0) | G24: =IFERROR(VLOOKUP($B24&"", 'TiVA EXGR 2022'!$A:$M, 7, FALSE)/VLOOKUP($B24&"", 'TiVA EXGR 2022'!$A:$M, 13, FALSE), 0) | H24: =IFERROR(VLOOKUP($B24&"", 'TiVA EXGR 2022'!$A:$M, 8, FALSE)/VLOOKUP($B24&"", 'TiVA EXGR 2022'!$A:$M, 13, FALSE), 0) | I24: =IFERROR(VLOOKUP($B24&"", 'TiVA EXGR 2022'!$A:$M, 9, FALSE)/VLOOKUP($B24&"", 'TiVA EXGR 2022'!$A:$M, 13, FALSE), 0) | J24: =IFERROR(VLOOKUP($B24&"", 'TiVA EXGR 2022'!$A:$M, 10, FALSE)/VLOOKUP($B24&"", 'TiVA EXGR 2022'!$A:$M, 13, FALSE), 0) | K24: =IFERROR(VLOOKUP($B24&"", 'TiVA EXGR 2022'!$A:$M, 11, FALSE)/VLOOKUP($B24&"", 'TiVA EXGR 2022'!$A:$M, 13, FALSE), 0) | L24: =IFERROR(VLOOKUP($B24&"", 'TiVA EXGR 2022'!$A:$M, 12, FALSE)/VLOOKUP($B24&"", 'TiVA EXGR 2022'!$A:$M, 13, FALSE), 0)
A25: water and waste 36T39 | B25: E | C25: =IFERROR(VLOOKUP($B25&"", 'TiVA EXGR 2022'!$A:$M, 3, FALSE)/VLOOKUP($B25&"", 'TiVA EXGR 2022'!$A:$M, 13, FALSE), 0) | D25: =IFERROR(VLOOKUP($B25&"", 'TiVA EXGR 2022'!$A:$M, 4, FALSE)/VLOOKUP($B25&"", 'TiVA EXGR 2022'!$A:$M, 13, FALSE), 0) | E25: =IFERROR(VLOOKUP($B25&"", 'TiVA EXGR 2022'!$A:$M, 5, FALSE)/VLOOKUP($B25&"", 'TiVA EXGR 2022'!$A:$M, 13, FALSE), 0) | F25: =IFERROR(VLOOKUP($B25&"", 'TiVA EXGR 2022'!$A:$M, 6, FALSE)/VLOOKUP($B25&"", 'TiVA EXGR 2022'!$A:$M, 13, FALSE), 0) | G25: =IFERROR(VLOOKUP($B25&"", 'TiVA EXGR 2022'!$A:$M, 7, FALSE)/VLOOKUP($B25&"", 'TiVA EXGR 2022'!$A:$M, 13, FALSE), 0) | H25: =IFERROR(VLOOKUP($B25&"", 'TiVA EXGR 2022'!$A:$M, 8, FALSE)/VLOOKUP($B25&"", 'TiVA EXGR 2022'!$A:$M, 13, FALSE), 0) | I25: =IFERROR(VLOOKUP($B25&"", 'TiVA EXGR 2022'!$A:$M, 9, FALSE)/VLOOKUP($B25&"", 'TiVA EXGR 2022'!$A:$M, 13, FALSE), 0) | J25: =IFERROR(VLOOKUP($B25&"", 'TiVA EXGR 2022'!$A:$M, 10, FALSE)/VLOOKUP($B25&"", 'TiVA EXGR 2022'!$A:$M, 13, FALSE), 0) | K25: =IFERROR(VLOOKUP($B25&"", 'TiVA EXGR 2022'!$A:$M, 11, FALSE)/VLOOKUP($B25&"", 'TiVA EXGR 2022'!$A:$M, 13, FALSE), 0) | L25: =IFERROR(VLOOKUP($B25&"", 'TiVA EXGR 2022'!$A:$M, 12, FALSE)/VLOOKUP($B25&"", 'TiVA EXGR 2022'!$A:$M, 13, FALSE), 0)
A26: construction 41T43 | B26: F | C26: =IFERROR(VLOOKUP($B26&"", 'TiVA EXGR 2022'!$A:$M, 3, FALSE)/VLOOKUP($B26&"", 'TiVA EXGR 2022'!$A:$M, 13, FALSE), 0) | D26: =IFERROR(VLOOKUP($B26&"", 'TiVA EXGR 2022'!$A:$M, 4, FALSE)/VLOOKUP($B26&"", 'TiVA EXGR 2022'!$A:$M, 13, FALSE), 0) | E26: =IFERROR(VLOOKUP($B26&"", 'TiVA EXGR 2022'!$A:$M, 5, FALSE)/VLOOKUP($B26&"", 'TiVA EXGR 2022'!$A:$M, 13, FALSE), 0) | F26: =IFERROR(VLOOKUP($B26&"", 'TiVA EXGR 2022'!$A:$M, 6, FALSE)/VLOOKUP($B26&"", 'TiVA EXGR 2022'!$A:$M, 13, FALSE), 0) | G26: =IFERROR(VLOOKUP($B26&"", 'TiVA EXGR 2022'!$A:$M, 7, FALSE)/VLOOKUP($B26&"", 'TiVA EXGR 2022'!$A:$M, 13, FALSE), 0) | H26: =IFERROR(VLOOKUP($B26&"", 'TiVA EXGR 2022'!$A:$M, 8, FALSE)/VLOOKUP($B26&"", 'TiVA EXGR 2022'!$A:$M, 13, FALSE), 0) | I26: =IFERROR(VLOOKUP($B26&"", 'TiVA EXGR 2022'!$A:$M, 9, FALSE)/VLOOKUP($B26&"", 'TiVA EXGR 2022'!$A:$M, 13, FALSE), 0) | J26: =IFERROR(VLOOKUP($B26&"", 'TiVA EXGR 2022'!$A:$M, 10, FALSE)/VLOOKUP($B26&"", 'TiVA EXGR 2022'!$A:$M, 13, FALSE), 0) | K26: =IFERROR(VLOOKUP($B26&"", 'TiVA EXGR 2022'!$A:$M, 11, FALSE)/VLOOKUP($B26&"", 'TiVA EXGR 2022'!$A:$M, 13, FALSE), 0) | L26: =IFERROR(VLOOKUP($B26&"", 'TiVA EXGR 2022'!$A:$M, 12, FALSE)/VLOOKUP($B26&"", 'TiVA EXGR 2022'!$A:$M, 13, FALSE), 0)

Sheet Checks
A1: Check | B1: Result | D1: helper: out-of-range flags (1=bad)
A2: All calc shares within [0,1] | B2: =IF(SUM(D2:M26)=0,"PASS","FAIL") | D2: =IF(AND(calcs!C2>=0,calcs!C2<=1),0,1) | E2: =IF(AND(calcs!D2>=0,calcs!D2<=1),0,1) | F2: =IF(AND(calcs!E2>=0,calcs!E2<=1),0,1) | G2: =IF(AND(calcs!F2>=0,calcs!F2<=1),0,1) | H2: =IF(AND(calcs!G2>=0,calcs!G2<=1),0,1) | I2: =IF(AND(calcs!H2>=0,calcs!H2<=1),0,1) | J2: =IF(AND(calcs!I2>=0,calcs!I2<=1),0,1) | K2: =IF(AND(calcs!J2>=0,calcs!J2<=1),0,1) | ... M2: =IF(AND(calcs!L2>=0,calcs!L2<=1),0,1)
A3: Selected region exists on source tab header | B3: =IF(ISNUMBER(MATCH(Region!$B$2, calcs!$C$1:$L$1, 0)),"PASS","FAIL") | D3: =IF(AND(calcs!C3>=0,calcs!C3<=1),0,1) | E3: =IF(AND(calcs!D3>=0,calcs!D3<=1),0,1) | F3: =IF(AND(calcs!E3>=0,calcs!E3<=1),0,1) | G3: =IF(AND(calcs!F3>=0,calcs!F3<=1),0,1) | H3: =IF(AND(calcs!G3>=0,calcs!G3<=1),0,1) | I3: =IF(AND(calcs!H3>=0,calcs!H3<=1),0,1) | J3: =IF(AND(calcs!I3>=0,calcs!I3<=1),0,1) | K3: =IF(AND(calcs!J3>=0,calcs!J3<=1),0,1) | ... M3: =IF(AND(calcs!L3>=0,calcs!L3<=1),0,1)
A4: Output tab row count equals 25 industries | B4: =IF(COUNTA(EMSbIC!$A$2:$A$26)=25,"PASS","FAIL") | D4: =IF(AND(calcs!C4>=0,calcs!C4<=1),0,1) | E4: =IF(AND(calcs!D4>=0,calcs!D4<=1),0,1) | F4: =IF(AND(calcs!E4>=0,calcs!E4<=1),0,1) | G4: =IF(AND(calcs!F4>=0,calcs!F4<=1),0,1) | H4: =IF(AND(calcs!G4>=0,calcs!G4<=1),0,1) | I4: =IF(AND(calcs!H4>=0,calcs!H4<=1),0,1) | J4: =IF(AND(calcs!I4>=0,calcs!I4<=1),0,1) | K4: =IF(AND(calcs!J4>=0,calcs!J4<=1),0,1) | ... M4: =IF(AND(calcs!L4>=0,calcs!L4<=1),0,1)
D5: =IF(AND(calcs!C5>=0,calcs!C5<=1),0,1) | E5: =IF(AND(calcs!D5>=0,calcs!D5<=1),0,1) | F5: =IF(AND(calcs!E5>=0,calcs!E5<=1),0,1) | G5: =IF(AND(calcs!F5>=0,calcs!F5<=1),0,1) | H5: =IF(AND(calcs!G5>=0,calcs!G5<=1),0,1) | I5: =IF(AND(calcs!H5>=0,calcs!H5<=1),0,1) | J5: =IF(AND(calcs!I5>=0,calcs!I5<=1),0,1) | K5: =IF(AND(calcs!J5>=0,calcs!J5<=1),0,1) | ... M5: =IF(AND(calcs!L5>=0,calcs!L5<=1),0,1)
D6: =IF(AND(calcs!C6>=0,calcs!C6<=1),0,1) | E6: =IF(AND(calcs!D6>=0,calcs!D6<=1),0,1) | F6: =IF(AND(calcs!E6>=0,calcs!E6<=1),0,1) | G6: =IF(AND(calcs!F6>=0,calcs!F6<=1),0,1) | H6: =IF(AND(calcs!G6>=0,calcs!G6<=1),0,1) | I6: =IF(AND(calcs!H6>=0,calcs!H6<=1),0,1) | J6: =IF(AND(calcs!I6>=0,calcs!I6<=1),0,1) | K6: =IF(AND(calcs!J6>=0,calcs!J6<=1),0,1) | ... M6: =IF(AND(calcs!L6>=0,calcs!L6<=1),0,1)
D7: =IF(AND(calcs!C7>=0,calcs!C7<=1),0,1) | E7: =IF(AND(calcs!D7>=0,calcs!D7<=1),0,1) | F7: =IF(AND(calcs!E7>=0,calcs!E7<=1),0,1) | G7: =IF(AND(calcs!F7>=0,calcs!F7<=1),0,1) | H7: =IF(AND(calcs!G7>=0,calcs!G7<=1),0,1) | I7: =IF(AND(calcs!H7>=0,calcs!H7<=1),0,1) | J7: =IF(AND(calcs!I7>=0,calcs!I7<=1),0,1) | K7: =IF(AND(calcs!J7>=0,calcs!J7<=1),0,1) | ... M7: =IF(AND(calcs!L7>=0,calcs!L7<=1),0,1)
D8: =IF(AND(calcs!C8>=0,calcs!C8<=1),0,1) | E8: =IF(AND(calcs!D8>=0,calcs!D8<=1),0,1) | F8: =IF(AND(calcs!E8>=0,calcs!E8<=1),0,1) | G8: =IF(AND(calcs!F8>=0,calcs!F8<=1),0,1) | H8: =IF(AND(calcs!G8>=0,calcs!G8<=1),0,1) | I8: =IF(AND(calcs!H8>=0,calcs!H8<=1),0,1) | J8: =IF(AND(calcs!I8>=0,calcs!I8<=1),0,1) | K8: =IF(AND(calcs!J8>=0,calcs!J8<=1),0,1) | ... M8: =IF(AND(calcs!L8>=0,calcs!L8<=1),0,1)
D9: =IF(AND(calcs!C9>=0,calcs!C9<=1),0,1) | E9: =IF(AND(calcs!D9>=0,calcs!D9<=1),0,1) | F9: =IF(AND(calcs!E9>=0,calcs!E9<=1),0,1) | G9: =IF(AND(calcs!F9>=0,calcs!F9<=1),0,1) | H9: =IF(AND(calcs!G9>=0,calcs!G9<=1),0,1) | I9: =IF(AND(calcs!H9>=0,calcs!H9<=1),0,1) | J9: =IF(AND(calcs!I9>=0,calcs!I9<=1),0,1) | K9: =IF(AND(calcs!J9>=0,calcs!J9<=1),0,1) | ... M9: =IF(AND(calcs!L9>=0,calcs!L9<=1),0,1)
D10: =IF(AND(calcs!C10>=0,calcs!C10<=1),0,1) | E10: =IF(AND(calcs!D10>=0,calcs!D10<=1),0,1) | F10: =IF(AND(calcs!E10>=0,calcs!E10<=1),0,1) | G10: =IF(AND(calcs!F10>=0,calcs!F10<=1),0,1) | H10: =IF(AND(calcs!G10>=0,calcs!G10<=1),0,1) | I10: =IF(AND(calcs!H10>=0,calcs!H10<=1),0,1) | J10: =IF(AND(calcs!I10>=0,calcs!I10<=1),0,1) | K10: =IF(AND(calcs!J10>=0,calcs!J10<=1),0,1) | ... M10: =IF(AND(calcs!L10>=0,calcs!L10<=1),0,1)
D11: =IF(AND(calcs!C11>=0,calcs!C11<=1),0,1) | E11: =IF(AND(calcs!D11>=0,calcs!D11<=1),0,1) | F11: =IF(AND(calcs!E11>=0,calcs!E11<=1),0,1) | G11: =IF(AND(calcs!F11>=0,calcs!F11<=1),0,1) | H11: =IF(AND(calcs!G11>=0,calcs!G11<=1),0,1) | I11: =IF(AND(calcs!H11>=0,calcs!H11<=1),0,1) | J11: =IF(AND(calcs!I11>=0,calcs!I11<=1),0,1) | K11: =IF(AND(calcs!J11>=0,calcs!J11<=1),0,1) | ... M11: =IF(AND(calcs!L11>=0,calcs!L11<=1),0,1)
D12: =IF(AND(calcs!C12>=0,calcs!C12<=1),0,1) | E12: =IF(AND(calcs!D12>=0,calcs!D12<=1),0,1) | F12: =IF(AND(calcs!E12>=0,calcs!E12<=1),0,1) | G12: =IF(AND(calcs!F12>=0,calcs!F12<=1),0,1) | H12: =IF(AND(calcs!G12>=0,calcs!G12<=1),0,1) | I12: =IF(AND(calcs!H12>=0,calcs!H12<=1),0,1) | J12: =IF(AND(calcs!I12>=0,calcs!I12<=1),0,1) | K12: =IF(AND(calcs!J12>=0,calcs!J12<=1),0,1) | ... M12: =IF(AND(calcs!L12>=0,calcs!L12<=1),0,1)
D13: =IF(AND(calcs!C13>=0,calcs!C13<=1),0,1) | E13: =IF(AND(calcs!D13>=0,calcs!D13<=1),0,1) | F13: =IF(AND(calcs!E13>=0,calcs!E13<=1),0,1) | G13: =IF(AND(calcs!F13>=0,calcs!F13<=1),0,1) | H13: =IF(AND(calcs!G13>=0,calcs!G13<=1),0,1) | I13: =IF(AND(calcs!H13>=0,calcs!H13<=1),0,1) | J13: =IF(AND(calcs!I13>=0,calcs!I13<=1),0,1) | K13: =IF(AND(calcs!J13>=0,calcs!J13<=1),0,1) | ... M13: =IF(AND(calcs!L13>=0,calcs!L13<=1),0,1)
D14: =IF(AND(calcs!C14>=0,calcs!C14<=1),0,1) | E14: =IF(AND(calcs!D14>=0,calcs!D14<=1),0,1) | F14: =IF(AND(calcs!E14>=0,calcs!E14<=1),0,1) | G14: =IF(AND(calcs!F14>=0,calcs!F14<=1),0,1) | H14: =IF(AND(calcs!G14>=0,calcs!G14<=1),0,1) | I14: =IF(AND(calcs!H14>=0,calcs!H14<=1),0,1) | J14: =IF(AND(calcs!I14>=0,calcs!I14<=1),0,1) | K14: =IF(AND(calcs!J14>=0,calcs!J14<=1),0,1) | ... M14: =IF(AND(calcs!L14>=0,calcs!L14<=1),0,1)
D15: =IF(AND(calcs!C15>=0,calcs!C15<=1),0,1) | E15: =IF(AND(calcs!D15>=0,calcs!D15<=1),0,1) | F15: =IF(AND(calcs!E15>=0,calcs!E15<=1),0,1) | G15: =IF(AND(calcs!F15>=0,calcs!F15<=1),0,1) | H15: =IF(AND(calcs!G15>=0,calcs!G15<=1),0,1) | I15: =IF(AND(calcs!H15>=0,calcs!H15<=1),0,1) | J15: =IF(AND(calcs!I15>=0,calcs!I15<=1),0,1) | K15: =IF(AND(calcs!J15>=0,calcs!J15<=1),0,1) | ... M15: =IF(AND(calcs!L15>=0,calcs!L15<=1),0,1)
D16: =IF(AND(calcs!C16>=0,calcs!C16<=1),0,1) | E16: =IF(AND(calcs!D16>=0,calcs!D16<=1),0,1) | F16: =IF(AND(calcs!E16>=0,calcs!E16<=1),0,1) | G16: =IF(AND(calcs!F16>=0,calcs!F16<=1),0,1) | H16: =IF(AND(calcs!G16>=0,calcs!G16<=1),0,1) | I16: =IF(AND(calcs!H16>=0,calcs!H16<=1),0,1) | J16: =IF(AND(calcs!I16>=0,calcs!I16<=1),0,1) | K16: =IF(AND(calcs!J16>=0,calcs!J16<=1),0,1) | ... M16: =IF(AND(calcs!L16>=0,calcs!L16<=1),0,1)
... D26: =IF(AND(calcs!C26>=0,calcs!C26<=1),0,1) | E26: =IF(AND(calcs!D26>=0,calcs!D26<=1),0,1) | F26: =IF(AND(calcs!E26>=0,calcs!E26<=1),0,1) | G26: =IF(AND(calcs!F26>=0,calcs!F26<=1),0,1) | H26: =IF(AND(calcs!G26>=0,calcs!G26<=1),0,1) | I26: =IF(AND(calcs!H26>=0,calcs!H26<=1),0,1) | J26: =IF(AND(calcs!I26>=0,calcs!I26<=1),0,1) | K26: =IF(AND(calcs!J26>=0,calcs!J26<=1),0,1) | ... M26: =IF(AND(calcs!L26>=0,calcs!L26<=1),0,1)

Sheet EMSbIC
A1: Unit: dimensionless (share of world exports) | B1: Share
A2: agriculture and forestry 01T03 | B2: =ROUND(INDEX(calcs!$C2:$L2, MATCH(Region!$B$2, calcs!$C$1:$L$1, 0)), 4)
A3: coal mining 05 | B3: =ROUND(INDEX(calcs!$C3:$L3, MATCH(Region!$B$2, calcs!$C$1:$L$1, 0)), 4)
A4: oil and gas extraction 06 | B4: =ROUND(INDEX(calcs!$C4:$L4, MATCH(Region!$B$2, calcs!$C$1:$L$1, 0)), 4)
A5: other mining and quarrying 07T08 | B5: =ROUND(INDEX(calcs!$C5:$L5, MATCH(Region!$B$2, calcs!$C$1:$L$1, 0)), 4)
A6: food beverage and tobacco 10T12 | B6: =ROUND(INDEX(calcs!$C6:$L6, MATCH(Region!$B$2, calcs!$C$1:$L$1, 0)), 4)
A7: textiles apparel and leather 13T15 | B7: =ROUND(INDEX(calcs!$C7:$L7, MATCH(Region!$B$2, calcs!$C$1:$L$1, 0)), 4)
A8: wood products 16 | B8: =ROUND(INDEX(calcs!$C8:$L8, MATCH(Region!$B$2, calcs!$C$1:$L$1, 0)), 4)
A9: pulp paper and printing 17T18 | B9: =ROUND(INDEX(calcs!$C9:$L9, MATCH(Region!$B$2, calcs!$C$1:$L$1, 0)), 4)
A10: refined petroleum and coke 19 | B10: =ROUND(INDEX(calcs!$C10:$L10, MATCH(Region!$B$2, calcs!$C$1:$L$1, 0)), 4)
A11: chemicals 20 | B11: =ROUND(INDEX(calcs!$C11:$L11, MATCH(Region!$B$2, calcs!$C$1:$L$1, 0)), 4)
A12: rubber and plastic products 22 | B12: =ROUND(INDEX(calcs!$C12:$L12, MATCH(Region!$B$2, calcs!$C$1:$L$1, 0)), 4)
A13: glass and glass products 231 | B13: =ROUND(INDEX(calcs!$C13:$L13, MATCH(Region!$B$2, calcs!$C$1:$L$1, 0)), 4)
... A26: construction 41T43 | B26: =ROUND(INDEX(calcs!$C26:$L26, MATCH(Region!$B$2, calcs!$C$1:$L$1, 0)), 4)
