Workbook

Sheet About
A1: SoCPCbP Share of Chemicals Process CO2 by Pool
A2: Purpose and layout: splits the chemicals 20 BAU process CO2 (BPE) into the three pools the EPS chemicals levers act on. Source Data holds the GHGI rows; Calcs assigns each row to a pool and computes 2023 shares; the SoCPCbP tab (dark blue) is the export. CSV values computed in Python from the same formulas; recalc in Excel to verify.
A4: Pools
A5: syngas vent: reforming/gasification plus water-gas-shift CO2 from ammonia, methanol and coal-to-chemicals routes. In the US, after ammonia is excluded from BPE chemicals 20 (it is emitted by the EPS hydrogen sector when it makes the hydrogen chemicals demands), only methanol remains.
A6: other stack: cracker off-gas combustion and flares, carbon black, ethylene oxide, ethylene dichloride, acrylonitrile (GHGI petrochemical production less methanol), plus phosphoric acid, carbide and the small ODS CO2 line.
A7: diffuse feedstock oxidation: CO2 from non-energy use of fuels allocated to chemicals (GHGI Table 3-24): carbon in products released during use and disposal. Not capturable.
A9: Method
A10: Shares are the 2023 inventory shares and are held constant over 2020-2050 because the BPE workbook projects chemicals process CO2 with a single growth multiplier. The 2021 and 2022 columns are shown for reference only. Rows must sum to 1 each year (Checks).
A12: Sources
A13: U.S. EPA (2025). Inventory of U.S. Greenhouse Gas Emissions and Sinks: 1990-2023. EPA 430-R-25-003. Table 4-1 (IPPU by source), Table 4-55 (petrochemical production CO2 by product), section 4.13 text (methanol 2,130,000 t CO2 in 2023), Table 3-24 (CO2 from non-energy use of fuels). https://www.epa.gov/ghgemissions/inventory-us-greenhouse-gas-emissions-and-sinks
A14: Values for Tables 4-1 and 3-24 are taken from the tabs of the same name in InputData/indst/BPE/BAU Process Emissions.xlsx (chemicals 20 mapping), so this split reconciles to BPE by construction.
A16: Regional adaptation
A17: Replace Source Data with the national inventory rows (CRF 2.B.1 ammonia, 2.B.8 petrochemical and carbon black, 2.D non-energy products; for China the coal-chemicals process CO2 by product) and keep the pool assignments. If ammonia CO2 is in the chemicals process baseline rather than the hydrogen sector, assign it to syngas vent.

Sheet Source Data
A1: Row | B1: 2021 | C1: 2022 | D1: 2023 | E1: Pool assignment | F1: Source
A2: Petrochemical Production (Table 4-1) | B2: 30.656 | C2: 28.788 | D2: 30.54 | F2: GHGI Table 4-1
A3: of which Methanol (Table 4-55 / sec. 4.13) | B3: 1 | C3: 1 | D3: 2.13 | E3: syngas vent | F3: GHGI Table 4-55; sec. 4.13 text: 2,130,000 t CO2 in 2023
A4: Ammonia Production (Table 4-1) - EXCLUDED from BPE chemicals 20 | B4: 11.458 | C4: 11.945 | D4: 12.211 | E4: excluded | F4: GHGI Table 4-1; booked in the EPS hydrogen sector
A5: Urea Consumption for Non-Agricultural Purposes (Table 4-1) - EXCLUDED | B5: 6.724 | C5: 5.464 | D5: 5.424 | E5: excluded | F5: GHGI Table 4-1; re-release of CO2 captured into urea
A6: Phosphoric Acid Production (Table 4-1) | B6: 0.874 | C6: 0.804 | D6: 0.85 | E6: other stack | F6: GHGI Table 4-1
A7: Carbide Production and Consumption (Table 4-1) | B7: 0.172 | C7: 0.21 | D7: 0.183 | E7: other stack | F7: GHGI Table 4-1
A8: Substitution of Ozone Depleting Substances, CO2 (Table 4-1) | B8: 0.004 | C8: 0.004 | D8: 0.004 | E8: other stack | F8: GHGI Table 4-1
A9: Non-energy use of fuels allocated to chemicals: natural gas to chemical plants (Table 3-24) | D9: 11.935 | E9: diffuse feedstock oxidation | F9: GHGI Table 3-24 (2023 column, BPE workbook allocation)
A10: Non-energy use of fuels allocated to chemicals: HGL (Table 3-24) | D10: 62.157 | E10: diffuse feedstock oxidation | F10: GHGI Table 3-24
A11: Non-energy use of fuels allocated to chemicals: other (Table 3-24) | D11: 0.277 | E11: diffuse feedstock oxidation | F11: GHGI Table 3-24

Sheet Calcs
A1: Pool | B1: MMT CO2 2023 | C1: Share 2023
A2: syngas vent | B2: =SUMIF('Source Data'!E:E,A2,'Source Data'!D:D) | C2: =B2/$B$5
A3: other stack | B3: =SUMIF('Source Data'!E:E,A3,'Source Data'!D:D)+'Source Data'!D2-'Source Data'!D3 | C3: =B3/$B$5
A4: diffuse feedstock oxidation | B4: =SUMIF('Source Data'!E:E,A4,'Source Data'!D:D) | C4: =B4/$B$5
A5: total (= BPE chemicals 20 CO2 after ammonia exclusion) | B5: =SUM(B2:B4) | C5: =SUM(C2:C4)
A6: BPE workbook subtotal after exclusion (US specific multipliers G30) | B6: 105.94692 | C6: =B6-B5

Sheet Checks
A1: Check | B1: Value | C1: Pass?
A2: Shares sum to 1 | B2: =Calcs!C5 | C2: =IF(ABS(B2-1)<1e-9,"PASS","FAIL")
A3: Total reconciles to BPE subtotal (MMT) | B3: =Calcs!C6 | C3: =IF(ABS(B3)<0.01,"PASS","FAIL")

Sheet SoCPCbP
A1: Share of Chemicals Process CO2 by Pool | B1: Unit: dimensionless (shares sum to 1)
A2: To type (below) / From type (right) | B2: 2020 | C2: 2021 | D2: 2022 | E2: 2023 | F2: 2024 | G2: 2025 | H2: 2026 | I2: 2027 | J2: 2028 | K2: 2029 | L2: 2030 | M2: 2031 | N2: 2032 | O2: 2033 | P2: 2034 | Q2: 2035 | R2: 2036 | S2: 2037 | T2: 2038 | U2: 2039 | V2: 2040 | W2: 2041 | X2: 2042 | Y2: 2043 | Z2: 2044 | AA2: 2045 | AB2: 2046 | AC2: 2047 | AD2: 2048 | AE2: 2049 | AF2: 2050
A3: syngas vent | B3: =Calcs!$C$2 | C3: =Calcs!$C$2 | D3: =Calcs!$C$2 | E3: =Calcs!$C$2 | F3: =Calcs!$C$2 | G3: =Calcs!$C$2 | H3: =Calcs!$C$2 | I3: =Calcs!$C$2 | ... AF3: =Calcs!$C$2
A4: other stack | B4: =Calcs!$C$3 | C4: =Calcs!$C$3 | D4: =Calcs!$C$3 | E4: =Calcs!$C$3 | F4: =Calcs!$C$3 | G4: =Calcs!$C$3 | H4: =Calcs!$C$3 | I4: =Calcs!$C$3 | ... AF4: =Calcs!$C$3
A5: diffuse feedstock oxidation | B5: =Calcs!$C$4 | C5: =Calcs!$C$4 | D5: =Calcs!$C$4 | E5: =Calcs!$C$4 | F5: =Calcs!$C$4 | G5: =Calcs!$C$4 | H5: =Calcs!$C$4 | I5: =Calcs!$C$4 | ... AF5: =Calcs!$C$4
