Workbook
Name asdf: #REF!
Name cpi_2010to2012: [1]About!#REF!
Name cpi_2014to2012: [1]About!#REF!
Name cpi_2019to2012: [1]About!$A$111
Name cpi_2020to2012: [1]About!$A$112
Name H2_kg_to_MMBtu: #REF!
Name kWh_to_Btu: #REF!

Sheet About
A1: ANVCV Additional New Vehicles Calibration Variable
A3: Sources:
A9: Notes:
A10: This variable can adjust sales of new vehicles in historical years to aid in calibration.
A12: Rows need not sum to zero. ANVCV is stock-neutral only during the flat retirement window (it adds equally to sales and retirements); after the handoff it moves sales only.
A14: Calibration record (2026-09-22)
A15: LDV rows now come from the Calibration tab (calibration/steps/01-trans-turnover/solve.py, pinned mode, confirmed by run):
A16: ANVCV = benchmark sales target - SoCDTtiNTY x distance-driven demand, every year 2025-2050.
A17: Consequence recorded in calibration/calibration-log.md: sales sit on the benchmark; the LDV stock runs ~16% below
A18: AEO by 2050 and implied miles per vehicle ~27% above BAADTbVT, with no effect on fuel or emissions (cargo distance is exogenous).

Sheet Calibration
A1: ANVCV: additional new vehicles that put total LDV sales on the benchmark path (pinned mode)
A2: In the model, New Vehicles Demanded = SoCDTtiNTY x cargo distance / BAADTbVT + ANVCV. Column C is the distance-driven term D(t) (vehicles the share formula sells per unit share), taken from the final confirming run as (New Vehicles Demanded - ANVCV) / SoCDTtiNTY. Column B is the sales target: MarkLines light-vehicle sales through the start year, then the AEO 2026 Alternative Electricity and Transportation case's shape at the start-year level (calibration/benchmarks/vehicle-sales.csv, vehicle-sales-projection.csv). ANVCV = target - share x D. Rows no longer sum to zero: ANVCV is stock-neutral only while the flat retirement window lasts and is a sales-only lever after the handoff. Non-LDV rows stay zero (no public sales history in scope).
A4: LDVs / passenger
A5: Year | B5: Sales target (vehicles) | C5: Distance-driven demand per unit share D(t) (vehicles), from run r2_final | D5: SoCDTtiNTY share | E5: ANVCV = target - share x D (USED IN THE OUTPUT TAB) | F5: Modelled sales, run r2_final
A6: 2025 | B6: 14793201 | C6: 2.6662805e+08 | D6: 0.052610446 | E6: =B6-D6*C6 -> 765780 | F6: 14793201
A7: 2026 | B7: 14386353 | C7: 2.6932085e+08 | D7: 0.052610446 | E7: =B7-D7*C7 -> 217263 | F7: 14386353
A8: 2027 | B8: 14832541 | C8: 2.723392e+08 | D8: 0.052610446 | E8: =B8-D8*C8 -> 504654 | F8: 14832541
A9: 2028 | B9: 15006158 | C9: 2.7546963e+08 | D9: 0.052610446 | E9: =B9-D9*C9 -> 513578 | F9: 15006158
A10: 2029 | B10: 15310873 | C10: 2.7879653e+08 | D10: 0.052610446 | E10: =B10-D10*C10 -> 643263 | F10: 15310873
A11: 2030 | B11: 15769710 | C11: 2.8246447e+08 | D11: 0.052610446 | E11: =B11-D11*C11 -> 909128 | F11: 15769710
A12: 2031 | B12: 16000009 | C12: 2.8622374e+08 | D12: 0.052610446 | E12: =B12-D12*C12 -> 941650 | F12: 16000009
A13: 2032 | B13: 16117749 | C13: 2.8993084e+08 | D13: 0.052610446 | E13: =B13-D13*C13 -> 864358 | F13: 16117749
A14: 2033 | B14: 16282723 | C14: 2.9369089e+08 | D14: 0.052610446 | E14: =B14-D14*C14 -> 831514 | F14: 16282723
A15: 2034 | B15: 16320812 | C15: 2.9728069e+08 | D15: 0.052610446 | E15: =B15-D15*C15 -> 680742 | F15: 16320812
A16: 2035 | B16: 16367287 | C16: 3.0078063e+08 | D16: 0.052610446 | E16: =B16-D16*C16 -> 543084 | F16: 16367287
A17: 2036 | B17: 16136078 | C17: 3.0395735e+08 | D17: 0.052610446 | E17: =B17-D17*C17 -> 144746 | F17: 16136078
... A31: 2050 | B31: 14988471 | C31: 3.3314053e+08 | D31: 0.052610446 | E31: =B31-D31*C31 -> -2538201 | F31: 14988471
A34: LDVs / freight
A35: Year | B35: Sales target (vehicles) | C35: Distance-driven demand per unit share D(t) (vehicles), from run r2_final | D35: SoCDTtiNTY share | E35: ANVCV = target - share x D (USED IN THE OUTPUT TAB) | F35: Modelled sales, run r2_final
A36: 2025 | B36: 1724865 | C36: 23955430 | D36: 0.066346126 | E36: =B36-D36*C36 -> 135515 | F36: 1724865
A37: 2026 | B37: 1677426 | C37: 23924396 | D37: 0.066346126 | E37: =B37-D37*C37 -> 90135 | F37: 1677426
A38: 2027 | B38: 1729464 | C38: 23997482 | D38: 0.066346126 | E38: =B38-D38*C38 -> 137324 | F38: 1729464
A39: 2028 | B39: 1749700 | C39: 24120730 | D39: 0.066346126 | E39: =B39-D39*C39 -> 149383 | F39: 1749700
A40: 2029 | B40: 1785235 | C40: 24283166 | D40: 0.066346126 | E40: =B40-D40*C40 -> 174141 | F40: 1785235
A41: 2030 | B41: 1838731 | C41: 24492372 | D41: 0.066346126 | E41: =B41-D41*C41 -> 213757 | F41: 1838731
A42: 2031 | B42: 1865591 | C42: 24717720 | D42: 0.066346126 | E42: =B42-D42*C42 -> 225666 | F42: 1865591
A43: 2032 | B43: 1879310 | C43: 24986267 | D43: 0.066346126 | E43: =B43-D43*C43 -> 221568 | F43: 1879310
A44: 2033 | B44: 1898535 | C44: 25232732 | D44: 0.066346126 | E44: =B44-D44*C44 -> 224441 | F44: 1898535
A45: 2034 | B45: 1902978 | C45: 25460507 | D45: 0.066346126 | E45: =B45-D45*C45 -> 213772 | F45: 1902978
A46: 2035 | B46: 1908404 | C46: 25674777 | D46: 0.066346126 | E46: =B46-D46*C46 -> 204982 | F46: 1908404
A47: 2036 | B47: 1881430 | C47: 25871352 | D47: 0.066346126 | E47: =B47-D47*C47 -> 164966 | F47: 1881430
... A61: 2050 | B61: 1747638 | C61: 28366976 | D61: 0.066346126 | E61: =B61-D61*C61 -> -134401 | F61: 1747638

Sheet ANVCV-psgr
A1: vehicles | B1: 2024 | C1: 2025 | D1: 2026 | E1: 2027 | F1: 2028 | G1: 2029 | H1: 2030 | I1: 2031 | J1: 2032 | K1: 2033 | L1: 2034 | M1: 2035 | N1: 2036 | O1: 2037 | P1: 2038 | Q1: 2039 | R1: 2040 | S1: 2041 | T1: 2042 | U1: 2043 | V1: 2044 | W1: 2045 | X1: 2046 | Y1: 2047 | Z1: 2048 | AA1: 2049 | AB1: 2050
A2: LDVs | B2: =Calibration!$E$6 -> 765780 | C2: =Calibration!$E$6 -> 765780 | D2: =Calibration!$E$7 -> 217263 | E2: =Calibration!$E$8 -> 504654 | F2: =Calibration!$E$9 -> 513578 | G2: =Calibration!$E$10 -> 643263 | H2: =Calibration!$E$11 -> 909128 | I2: =Calibration!$E$12 -> 941650 | J2: =Calibration!$E$13 -> 864358 | K2: =Calibration!$E$14 -> 831514 | L2: =Calibration!$E$15 -> 680742 | M2: =Calibration!$E$16 -> 543084 | N2: =Calibration!$E$17 -> 144746 | O2: =Calibration!$E$18 -> -8055 | P2: =Calibration!$E$19 -> -176497 | Q2: =Calibration!$E$20 -> -374255 | R2: =Calibration!$E$21 -> -566019 | S2: =Calibration!$E$22 -> -820701 | T2: =Calibration!$E$23 -> -1068463 | U2: =Calibration!$E$24 -> -1284675 | V2: =Calibration!$E$25 -> -1477128 | W2: =Calibration!$E$26 -> -1622277 | X2: =Calibration!$E$27 -> -1802096 | Y2: =Calibration!$E$28 -> -1936640 | Z2: =Calibration!$E$29 -> -2113692 | AA2: =Calibration!$E$30 -> -2291669 | AB2: =Calibration!$E$31 -> -2538201
A3: HDVs | B3: 0 | C3: 0 | D3: 0 | E3: 0 | F3: 0 | G3: 0 | H3: 0 | I3: 0 | J3: 0 | K3: 0 | L3: 0 | M3: 0 | N3: 0 | O3: 0 | P3: 0 | Q3: 0 | R3: 0 | S3: 0 | T3: 0 | U3: 0 | V3: 0 | W3: 0 | X3: 0 | Y3: 0 | Z3: 0 | AA3: 0 | AB3: 0
A4: aircraft | B4: 0 | C4: 0 | D4: 0 | E4: 0 | F4: 0 | G4: 0 | H4: 0 | I4: 0 | J4: 0 | K4: 0 | L4: 0 | M4: 0 | N4: 0 | O4: 0 | P4: 0 | Q4: 0 | R4: 0 | S4: 0 | T4: 0 | U4: 0 | V4: 0 | W4: 0 | X4: 0 | Y4: 0 | Z4: 0 | AA4: 0 | AB4: 0
A5: rail | B5: 0 | C5: 0 | D5: 0 | E5: 0 | F5: 0 | G5: 0 | H5: 0 | I5: 0 | J5: 0 | K5: 0 | L5: 0 | M5: 0 | N5: 0 | O5: 0 | P5: 0 | Q5: 0 | R5: 0 | S5: 0 | T5: 0 | U5: 0 | V5: 0 | W5: 0 | X5: 0 | Y5: 0 | Z5: 0 | AA5: 0 | AB5: 0
A6: ships | B6: 0 | C6: 0 | D6: 0 | E6: 0 | F6: 0 | G6: 0 | H6: 0 | I6: 0 | J6: 0 | K6: 0 | L6: 0 | M6: 0 | N6: 0 | O6: 0 | P6: 0 | Q6: 0 | R6: 0 | S6: 0 | T6: 0 | U6: 0 | V6: 0 | W6: 0 | X6: 0 | Y6: 0 | Z6: 0 | AA6: 0 | AB6: 0
A7: motorbikes | B7: 0 | C7: 0 | D7: 0 | E7: 0 | F7: 0 | G7: 0 | H7: 0 | I7: 0 | J7: 0 | K7: 0 | L7: 0 | M7: 0 | N7: 0 | O7: 0 | P7: 0 | Q7: 0 | R7: 0 | S7: 0 | T7: 0 | U7: 0 | V7: 0 | W7: 0 | X7: 0 | Y7: 0 | Z7: 0 | AA7: 0 | AB7: 0

Sheet ANVCV-frgt
A1: vehicles | B1: 2024 | C1: 2025 | D1: 2026 | E1: 2027 | F1: 2028 | G1: 2029 | H1: 2030 | I1: 2031 | J1: 2032 | K1: 2033 | L1: 2034 | M1: 2035 | N1: 2036 | O1: 2037 | P1: 2038 | Q1: 2039 | R1: 2040 | S1: 2041 | T1: 2042 | U1: 2043 | V1: 2044 | W1: 2045 | X1: 2046 | Y1: 2047 | Z1: 2048 | AA1: 2049 | AB1: 2050
A2: LDVs | B2: =Calibration!$E$36 -> 135515 | C2: =Calibration!$E$36 -> 135515 | D2: =Calibration!$E$37 -> 90135 | E2: =Calibration!$E$38 -> 137324 | F2: =Calibration!$E$39 -> 149383 | G2: =Calibration!$E$40 -> 174141 | H2: =Calibration!$E$41 -> 213757 | I2: =Calibration!$E$42 -> 225666 | J2: =Calibration!$E$43 -> 221568 | K2: =Calibration!$E$44 -> 224441 | L2: =Calibration!$E$45 -> 213772 | M2: =Calibration!$E$46 -> 204982 | N2: =Calibration!$E$47 -> 164966 | O2: =Calibration!$E$48 -> 154227 | P2: =Calibration!$E$49 -> 142271 | Q2: =Calibration!$E$50 -> 126957 | R2: =Calibration!$E$51 -> 112910 | S2: =Calibration!$E$52 -> 89327 | T2: =Calibration!$E$53 -> 65254 | U2: =Calibration!$E$54 -> 40393 | V2: =Calibration!$E$55 -> 14988 | W2: =Calibration!$E$56 -> -5691 | X2: =Calibration!$E$57 -> -30575 | Y2: =Calibration!$E$58 -> -51119 | Z2: =Calibration!$E$59 -> -77233 | AA2: =Calibration!$E$60 -> -101990 | AB2: =Calibration!$E$61 -> -134401
A3: HDVs | B3: 0 | C3: 0 | D3: 0 | E3: 0 | F3: 0 | G3: 0 | H3: 0 | I3: 0 | J3: 0 | K3: 0 | L3: 0 | M3: 0 | N3: 0 | O3: 0 | P3: 0 | Q3: 0 | R3: 0 | S3: 0 | T3: 0 | U3: 0 | V3: 0 | W3: 0 | X3: 0 | Y3: 0 | Z3: 0 | AA3: 0 | AB3: 0
A4: aircraft | B4: 0 | C4: 0 | D4: 0 | E4: 0 | F4: 0 | G4: 0 | H4: 0 | I4: 0 | J4: 0 | K4: 0 | L4: 0 | M4: 0 | N4: 0 | O4: 0 | P4: 0 | Q4: 0 | R4: 0 | S4: 0 | T4: 0 | U4: 0 | V4: 0 | W4: 0 | X4: 0 | Y4: 0 | Z4: 0 | AA4: 0 | AB4: 0
A5: rail | B5: 0 | C5: 0 | D5: 0 | E5: 0 | F5: 0 | G5: 0 | H5: 0 | I5: 0 | J5: 0 | K5: 0 | L5: 0 | M5: 0 | N5: 0 | O5: 0 | P5: 0 | Q5: 0 | R5: 0 | S5: 0 | T5: 0 | U5: 0 | V5: 0 | W5: 0 | X5: 0 | Y5: 0 | Z5: 0 | AA5: 0 | AB5: 0
A6: ships | B6: 0 | C6: 0 | D6: 0 | E6: 0 | F6: 0 | G6: 0 | H6: 0 | I6: 0 | J6: 0 | K6: 0 | L6: 0 | M6: 0 | N6: 0 | O6: 0 | P6: 0 | Q6: 0 | R6: 0 | S6: 0 | T6: 0 | U6: 0 | V6: 0 | W6: 0 | X6: 0 | Y6: 0 | Z6: 0 | AA6: 0 | AB6: 0
A7: motorbikes | B7: 0 | C7: 0 | D7: 0 | E7: 0 | F7: 0 | G7: 0 | H7: 0 | I7: 0 | J7: 0 | K7: 0 | L7: 0 | M7: 0 | N7: 0 | O7: 0 | P7: 0 | Q7: 0 | R7: 0 | S7: 0 | T7: 0 | U7: 0 | V7: 0 | W7: 0 | X7: 0 | Y7: 0 | Z7: 0 | AA7: 0 | AB7: 0
